WKT,Name,OBJECTID,UKATEGORIE,UTYP1,UART,UMONAT,USTUNDE,UWOCHENTAG,STRZUSTAND,ULICHTVERH,ISTRAD,ISTPKW,ISTFUSS,ISTKRAD,ISTGKFZ,ISTSONSTIG
"POINT (7.508484480000050 51.476814142000080)",Unfall 95578 (2019) Kat:2, Licht: 2,95578,2,6,9,01,00,3,1,2,0,1,0,0,0,0
"POINT (7.402530145000071 51.482163414000070)",Unfall 95797 (2019) Kat:2, Licht: 2,95797,2,4,6,01,00,3,1,2,0,1,1,0,0,0
"POINT (7.364846671000066 51.576313342000049)",Unfall 95929 (2019) Kat:2, Licht: 0,95929,2,6,2,01,15,3,0,0,0,1,0,0,0,0
"POINT (7.448524523000060 51.547092162000069)",Unfall 96008 (2019) Kat:3, Licht: 0,96008,3,6,4,01,11,4,1,0,0,1,0,0,0,0
"POINT (7.487561242000027 51.524038501000064)",Unfall 96011 (2019) Kat:2, Licht: 0,96011,2,7,5,01,14,4,0,0,1,1,0,0,0,0
"POINT (7.324984491000066 51.502381454000044)",Unfall 96049 (2019) Kat:3, Licht: 0,96049,3,6,2,01,15,1,0,0,0,1,0,0,0,0
"POINT (7.404680359000054 51.477896454000074)",Unfall 96115 (2019) Kat:3, Licht: 0,96115,3,2,1,01,10,7,1,0,0,1,0,0,0,0
"POINT (7.504763939000043 51.487457609000046)",Unfall 96116 (2019) Kat:3, Licht: 0,96116,3,6,2,01,15,7,1,0,0,1,0,0,0,0
"POINT (7.482575744000030 51.559047319000058)",Unfall 96119 (2019) Kat:3, Licht: 2,96119,3,2,6,01,17,7,1,2,0,1,1,0,0,0
"POINT (7.475083709000046 51.525389686000040)",Unfall 96120 (2019) Kat:3, Licht: 2,96120,3,2,6,01,16,7,1,2,0,1,1,0,0,0
"POINT (7.365667620000068 51.525528961000077)",Unfall 96195 (2019) Kat:3, Licht: 2,96195,3,3,5,01,05,6,1,2,0,1,0,0,0,0
"POINT (7.449171608000029 51.546907335000071)",Unfall 96196 (2019) Kat:3, Licht: 1,96196,3,2,5,01,16,6,1,1,0,1,0,0,0,0
"POINT (7.463043595000045 51.517376971000033)",Unfall 96197 (2019) Kat:3, Licht: 2,96197,3,2,6,01,07,6,1,2,0,1,1,0,0,0
"POINT (7.325676366000039 51.498957248000067)",Unfall 96212 (2019) Kat:3, Licht: 2,96212,3,2,5,01,16,6,1,2,0,1,0,0,0,0
"POINT (7.498212575000025 51.494130407000057)",Unfall 96277 (2019) Kat:3, Licht: 0,96277,3,6,3,01,14,5,1,0,0,1,0,0,0,0
"POINT (7.537636369000040 51.546636461000048)",Unfall 96278 (2019) Kat:3, Licht: 0,96278,3,1,9,01,10,5,1,0,0,1,0,0,0,0
"POINT (7.467997678000074 51.507823647000066)",Unfall 96280 (2019) Kat:3, Licht: 0,96280,3,6,3,01,11,5,1,0,0,1,0,0,0,0
"POINT (7.507033255000067 51.515850743000044)",Unfall 96334 (2019) Kat:3, Licht: 2,96334,3,2,6,01,07,4,1,2,0,1,1,0,0,0
"POINT (7.452721336000025 51.523839380000027)",Unfall 96335 (2019) Kat:3, Licht: 0,96335,3,2,5,01,09,4,1,0,0,1,0,0,0,0
"POINT (7.470096896000030 51.521875720000025)",Unfall 96336 (2019) Kat:3, Licht: 0,96336,3,5,5,01,13,4,0,0,0,1,0,1,0,0
"POINT (7.451264420000030 51.500036887000078)",Unfall 96337 (2019) Kat:3, Licht: 0,96337,3,6,2,01,12,4,0,0,0,1,0,0,0,0
"POINT (7.463379551000060 51.520055663000051)",Unfall 96438 (2019) Kat:3, Licht: 2,96438,3,6,2,01,19,3,1,2,0,1,0,0,0,0
"POINT (7.470859311000027 51.525636085000031)",Unfall 96554 (2019) Kat:3, Licht: 1,96554,3,2,5,01,19,2,1,1,0,1,0,0,0,0
"POINT (7.471551673000022 51.526925952000056)",Unfall 96555 (2019) Kat:2, Licht: 0,96555,2,4,6,01,15,2,1,0,0,1,1,0,0,0
"POINT (7.473687391000055 51.484460008000042)",Unfall 96556 (2019) Kat:3, Licht: 2,96556,3,2,4,01,22,2,1,2,0,1,0,0,0,0
"POINT (7.504243113000030 51.569815635000054)",Unfall 96717 (2019) Kat:3, Licht: 2,96717,3,2,4,01,21,6,1,2,0,1,0,0,0,0
"POINT (7.576769278000029 51.558313207000026)",Unfall 96718 (2019) Kat:3, Licht: 2,96718,3,6,9,01,07,6,1,2,0,1,0,0,0,0
"POINT (7.381071215000077 51.547690282000076)",Unfall 96802 (2019) Kat:3, Licht: 2,96802,3,4,6,01,07,5,0,2,0,1,1,0,0,0
"POINT (7.497495997000044 51.488629273000072)",Unfall 96803 (2019) Kat:3, Licht: 2,96803,3,6,2,01,07,5,0,2,0,1,0,0,0,0
"POINT (7.581259646000035 51.505651985000043)",Unfall 96878 (2019) Kat:3, Licht: 0,96878,3,1,0,01,10,7,1,0,0,1,0,0,0,0
"POINT (7.469883781000021 51.510369988000036)",Unfall 97000 (2019) Kat:3, Licht: 2,97000,3,3,5,01,06,2,1,2,0,1,0,1,0,0
"POINT (7.462305380000032 51.498508005000076)",Unfall 97001 (2019) Kat:3, Licht: 2,97001,3,3,0,01,06,2,1,2,1,1,0,0,0,0
"POINT (7.444578475000071 51.524142377000032)",Unfall 97055 (2019) Kat:3, Licht: 2,97055,3,2,3,01,00,1,1,2,0,1,0,1,0,0
"POINT (7.484094458000072 51.425610694000056)",Unfall 97138 (2019) Kat:3, Licht: 0,97138,3,1,9,01,08,3,0,0,0,1,0,0,0,0
"POINT (7.507134314000041 51.556360868000070)",Unfall 97141 (2019) Kat:2, Licht: 0,97141,2,3,5,01,16,3,1,0,0,1,0,0,0,0
"POINT (7.455392454000048 51.515134832000058)",Unfall 97142 (2019) Kat:3, Licht: 0,97142,3,2,3,01,15,3,1,0,1,1,0,0,0,0
"POINT (7.447997578000070 51.496964878000028)",Unfall 97145 (2019) Kat:3, Licht: 2,97145,3,3,5,01,17,3,0,2,1,1,0,0,0,0
"POINT (7.371034301000066 51.492089377000070)",Unfall 97158 (2019) Kat:3, Licht: 0,97158,3,1,0,01,10,7,1,0,0,0,0,1,0,0
"POINT (7.634247280000068 51.523170312000047)",Unfall 97162 (2019) Kat:3, Licht: 0,97162,3,1,4,01,13,7,1,0,0,1,0,0,0,0
"POINT (7.510296794000055 51.516956775000040)",Unfall 97163 (2019) Kat:3, Licht: 2,97163,3,3,5,01,19,7,1,2,0,1,0,0,0,0
"POINT (7.475144139000065 51.525377361000039)",Unfall 97165 (2019) Kat:3, Licht: 2,97165,3,3,5,01,20,7,1,2,1,1,0,0,0,0
"POINT (7.516299039000046 51.578258382000058)",Unfall 97166 (2019) Kat:3, Licht: 0,97166,3,6,0,01,16,3,0,0,0,1,0,0,0,0
"POINT (7.464506665000044 51.517842345000076)",Unfall 97168 (2019) Kat:3, Licht: 2,97168,3,6,2,01,01,7,1,2,0,1,1,0,0,0
"POINT (7.494267179000076 51.503006385000049)",Unfall 97170 (2019) Kat:3, Licht: 2,97170,3,6,1,01,20,7,1,2,0,1,0,0,0,0
"POINT (7.376217975000031 51.572458377000032)",Unfall 97196 (2019) Kat:3, Licht: 2,97196,3,4,6,01,07,6,2,2,0,1,1,0,0,0
"POINT (7.381453230000034 51.547895519000065)",Unfall 97255 (2019) Kat:3, Licht: 0,97255,3,4,6,01,14,5,1,0,1,0,1,0,0,0
"POINT (7.537886809000042 51.555700195000043)",Unfall 97256 (2019) Kat:3, Licht: 2,97256,3,7,0,01,05,5,1,2,0,1,0,1,0,0
"POINT (7.538516125000058 51.552755223000077)",Unfall 97257 (2019) Kat:3, Licht: 2,97257,3,2,5,01,17,5,1,2,0,1,0,0,0,0
"POINT (7.365707792000023 51.578943525000057)",Unfall 97277 (2019) Kat:3, Licht: 2,97277,3,6,2,01,23,5,1,2,0,1,0,0,0,0
"POINT (7.417852815000060 51.481525601000044)",Unfall 97344 (2019) Kat:3, Licht: 0,97344,3,7,8,01,15,4,0,0,0,1,0,0,0,0
"POINT (7.372168690000024 51.491759571000046)",Unfall 97345 (2019) Kat:3, Licht: 2,97345,3,2,2,01,17,4,0,2,0,1,0,0,0,0
"POINT (7.498562065000044 51.503843725000081)",Unfall 97346 (2019) Kat:3, Licht: 2,97346,3,6,2,01,05,4,1,2,0,1,0,0,1,0
"POINT (7.525502634000077 51.521368344000052)",Unfall 97347 (2019) Kat:2, Licht: 0,97347,2,4,6,01,12,4,0,0,0,1,1,0,0,0
"POINT (7.393467839000039 51.496860302000073)",Unfall 97439 (2019) Kat:2, Licht: 0,97439,2,6,2,01,15,6,0,0,0,1,0,0,0,0
"POINT (7.503341885000054 51.565658341000074)",Unfall 97478 (2019) Kat:3, Licht: 2,97478,3,6,2,01,17,3,0,2,0,1,0,0,0,0
"POINT (7.516841193000062 51.538603080000030)",Unfall 97479 (2019) Kat:3, Licht: 0,97479,3,6,2,01,07,3,0,0,0,1,0,0,0,0
"POINT (7.467289508000022 51.501484204000064)",Unfall 97559 (2019) Kat:2, Licht: 0,97559,2,3,5,01,15,2,0,0,1,1,0,0,0,0
"POINT (7.455975184000067 51.532895116000077)",Unfall 97607 (2019) Kat:3, Licht: 0,97607,3,6,2,01,13,1,0,0,0,1,0,0,0,0
"POINT (7.587893780000059 51.498013188000073)",Unfall 97663 (2019) Kat:3, Licht: 0,97663,3,6,4,01,14,7,0,0,0,1,0,0,0,0
"POINT (7.475536432000070 51.437200423000036)",Unfall 97664 (2019) Kat:2, Licht: 2,97664,2,1,8,01,01,7,1,2,0,1,0,0,0,0
"POINT (7.456437438000023 51.516282588000081)",Unfall 97665 (2019) Kat:3, Licht: 2,97665,3,6,1,01,21,7,0,2,0,1,0,0,0,0
"POINT (7.448490754000034 51.513212863000035)",Unfall 97666 (2019) Kat:3, Licht: 2,97666,3,3,5,01,05,7,1,2,0,1,0,0,0,0
"POINT (7.455240061000040 51.472222761000069)",Unfall 97859 (2019) Kat:2, Licht: 0,97859,2,7,4,01,09,6,0,0,0,1,0,0,1,0
"POINT (7.574993750000033 51.558426820000079)",Unfall 97860 (2019) Kat:3, Licht: 2,97860,3,1,9,01,21,6,1,2,0,1,0,0,0,0
"POINT (7.464521631000025 51.517844399000069)",Unfall 97862 (2019) Kat:3, Licht: 2,97862,3,3,5,01,21,6,1,2,0,1,0,0,0,0
"POINT (7.365372073000060 51.539733468000065)",Unfall 97867 (2019) Kat:2, Licht: 1,97867,2,6,1,01,17,6,1,1,0,1,0,0,0,0
"POINT (7.430203911000035 51.511551858000075)",Unfall 97924 (2019) Kat:3, Licht: 0,97924,3,3,0,01,13,5,1,0,0,1,0,1,0,0
"POINT (7.470698795000033 51.524673500000063)",Unfall 97988 (2019) Kat:3, Licht: 1,97988,3,6,1,01,18,1,0,1,0,1,0,0,0,0
"POINT (7.530415140000059 51.522362617000056)",Unfall 98057 (2019) Kat:3, Licht: 0,98057,3,6,1,01,15,4,0,0,0,1,0,0,0,1
"POINT (7.459890073000054 51.505947164000077)",Unfall 98058 (2019) Kat:3, Licht: 0,98058,3,6,4,01,11,4,0,0,0,1,0,0,0,1
"POINT (7.365703312000051 51.525516723000067)",Unfall 98082 (2019) Kat:3, Licht: 2,98082,3,4,6,01,20,7,1,2,0,1,1,0,0,0
"POINT (7.475797345000046 51.525242436000042)",Unfall 98083 (2019) Kat:3, Licht: 2,98083,3,6,2,01,19,7,1,2,0,1,0,0,0,0
"POINT (7.467366826000045 51.492759146000026)",Unfall 98086 (2019) Kat:3, Licht: 2,98086,3,6,2,01,17,7,1,2,0,1,0,0,0,1
"POINT (7.468300315000022 51.509905952000054)",Unfall 98088 (2019) Kat:3, Licht: 0,98088,3,2,4,01,16,7,1,0,0,1,0,0,0,0
"POINT (7.505414997000059 51.481036978000077)",Unfall 98260 (2019) Kat:3, Licht: 0,98260,3,7,0,01,10,4,2,0,0,0,0,1,0,0
"POINT (7.595192759000042 51.482034470000031)",Unfall 98261 (2019) Kat:3, Licht: 2,98261,3,1,1,01,19,4,1,2,0,1,0,0,0,0
"POINT (7.472226902000045 51.558582640000054)",Unfall 98262 (2019) Kat:3, Licht: 0,98262,3,3,5,01,14,4,1,0,0,1,0,0,0,0
"POINT (7.443938780000053 51.495340068000075)",Unfall 98263 (2019) Kat:3, Licht: 1,98263,3,6,1,01,17,4,2,1,0,1,0,0,0,0
"POINT (7.488385055000038 51.513688665000075)",Unfall 98398 (2019) Kat:2, Licht: 0,98398,2,4,6,01,11,3,1,0,0,0,1,0,0,1
"POINT (7.528390569000067 51.566814783000041)",Unfall 98401 (2019) Kat:3, Licht: 2,98401,3,6,4,01,05,3,2,2,0,1,0,0,0,1
"POINT (7.548083887000075 51.473199562000048)",Unfall 98423 (2019) Kat:3, Licht: 1,98423,3,6,1,01,17,3,0,1,0,1,0,0,0,0
"POINT (7.459107442000061 51.500927919000048)",Unfall 98530 (2019) Kat:3, Licht: 0,98530,3,6,2,01,09,5,1,0,0,1,0,0,0,0
"POINT (7.361614561000067 51.560505936000027)",Unfall 98571 (2019) Kat:3, Licht: 2,98571,3,1,8,01,00,5,2,2,0,1,0,0,0,0
"POINT (7.481605211000044 51.470381121000059)",Unfall 98587 (2019) Kat:3, Licht: 2,98587,3,2,1,01,19,2,1,2,0,1,0,0,0,0
"POINT (7.463851435000038 51.519213793000063)",Unfall 98588 (2019) Kat:3, Licht: 2,98588,3,6,3,01,20,2,1,2,0,1,0,0,0,0
"POINT (7.518072737000068 51.533893890000058)",Unfall 98618 (2019) Kat:3, Licht: 1,98618,3,6,0,02,06,3,0,1,0,1,0,0,1,0
"POINT (7.503520461000051 51.489017274000048)",Unfall 98680 (2019) Kat:3, Licht: 0,98680,3,7,8,02,13,5,0,0,0,1,0,0,0,0
"POINT (7.524269521000065 51.465320519000045)",Unfall 98682 (2019) Kat:2, Licht: 0,98682,2,7,6,02,12,5,0,0,0,1,1,0,0,0
"POINT (7.509787077000055 51.475148074000060)",Unfall 98697 (2019) Kat:3, Licht: 1,98697,3,7,0,02,18,2,1,1,0,1,1,0,0,0
"POINT (7.541946817000053 51.536212873000068)",Unfall 98698 (2019) Kat:3, Licht: 0,98698,3,6,2,02,12,2,0,0,0,1,0,0,0,1
"POINT (7.537516947000029 51.565658055000029)",Unfall 98701 (2019) Kat:3, Licht: 0,98701,3,6,2,02,09,2,1,0,0,1,0,0,0,0
"POINT (7.498106488000076 51.554229949000046)",Unfall 98703 (2019) Kat:3, Licht: 0,98703,3,6,2,02,09,2,1,0,0,0,0,0,1,0
"POINT (7.521656653000036 51.511678610000047)",Unfall 98707 (2019) Kat:3, Licht: 0,98707,3,6,2,02,15,5,0,0,0,1,0,0,0,0
"POINT (7.519994596000061 51.516900848000034)",Unfall 98737 (2019) Kat:3, Licht: 0,98737,3,7,0,02,10,2,1,0,0,1,0,0,1,0
"POINT (7.505771706000076 51.486152813000047)",Unfall 98881 (2019) Kat:2, Licht: 0,98881,2,2,5,02,12,4,0,0,1,1,0,0,0,0
"POINT (7.519149229000050 51.504778990000034)",Unfall 98882 (2019) Kat:3, Licht: 2,98882,3,6,1,02,18,4,0,2,0,1,0,0,0,0
"POINT (7.452716452000061 51.523930043000064)",Unfall 98895 (2019) Kat:2, Licht: 2,98895,2,2,6,02,17,7,1,2,0,1,1,0,0,0
"POINT (7.459251718000076 51.490766442000051)",Unfall 98896 (2019) Kat:3, Licht: 0,98896,3,6,5,02,11,7,1,0,0,1,0,0,0,0
"POINT (7.462798330000055 51.517316694000044)",Unfall 99064 (2019) Kat:3, Licht: 2,99064,3,3,5,02,18,3,0,2,1,1,0,0,0,0
"POINT (7.575917308000044 51.504810414000076)",Unfall 99067 (2019) Kat:3, Licht: 0,99067,3,3,5,02,13,6,1,0,0,1,0,0,0,0
"POINT (7.462270457000045 51.548634413000059)",Unfall 99071 (2019) Kat:3, Licht: 1,99071,3,2,6,02,18,6,0,1,0,1,1,0,0,0
"POINT (7.546864877000076 51.523630042000036)",Unfall 99163 (2019) Kat:3, Licht: 0,99163,3,4,6,02,13,4,0,0,0,1,1,0,0,0
"POINT (7.562012930000037 51.524744293000026)",Unfall 99165 (2019) Kat:3, Licht: 0,99165,3,3,5,02,11,4,0,0,0,1,0,0,0,1
"POINT (7.456488107000041 51.538590202000080)",Unfall 99168 (2019) Kat:3, Licht: 0,99168,3,3,0,02,12,4,0,0,0,0,0,1,0,1
"POINT (7.467394475000049 51.491857231000040)",Unfall 99170 (2019) Kat:3, Licht: 2,99170,3,6,2,02,18,4,0,2,0,1,0,0,0,1
"POINT (7.466793809000023 51.503694880000069)",Unfall 99171 (2019) Kat:3, Licht: 0,99171,3,3,5,02,16,4,0,0,1,1,0,0,0,0
"POINT (7.481411134000041 51.522777947000066)",Unfall 99214 (2019) Kat:3, Licht: 2,99214,3,4,6,02,18,7,1,2,0,1,1,0,0,0
"POINT (7.489234707000037 51.577477249000026)",Unfall 99245 (2019) Kat:3, Licht: 2,99245,3,6,3,02,19,7,0,2,0,1,0,0,0,0
"POINT (7.482342420000066 51.500752273000046)",Unfall 99326 (2019) Kat:3, Licht: 0,99326,3,3,5,02,10,3,1,0,0,1,0,0,0,0
"POINT (7.500741312000059 51.568945719000055)",Unfall 99355 (2019) Kat:3, Licht: 2,99355,3,6,2,02,18,3,0,2,0,1,0,0,0,1
"POINT (7.510391814000059 51.578496016000031)",Unfall 99358 (2019) Kat:3, Licht: 0,99358,3,7,0,02,13,3,0,0,0,0,0,0,0,1
"POINT (7.561412173000065 51.574034055000027)",Unfall 99400 (2019) Kat:3, Licht: 2,99400,3,3,5,02,18,6,0,2,1,1,0,0,0,0
"POINT (7.487739994000037 51.576832059000026)",Unfall 99416 (2019) Kat:3, Licht: 1,99416,3,6,2,02,07,6,0,1,0,1,0,0,0,0
"POINT (7.381078445000071 51.551157053000054)",Unfall 99483 (2019) Kat:3, Licht: 0,99483,3,2,2,02,17,2,0,0,0,1,0,0,0,0
"POINT (7.479050111000049 51.524351005000028)",Unfall 99485 (2019) Kat:3, Licht: 0,99485,3,6,2,02,15,2,1,0,0,1,0,0,0,0
"POINT (7.392433961000052 51.585036716000047)",Unfall 99523 (2019) Kat:3, Licht: 2,99523,3,6,2,02,18,2,1,2,0,1,0,0,0,0
"POINT (7.474557622000020 51.511817648000033)",Unfall 99611 (2019) Kat:2, Licht: 0,99611,2,7,6,02,13,2,0,0,0,1,1,0,0,0
"POINT (7.463894420000031 51.509991014000036)",Unfall 99612 (2019) Kat:3, Licht: 0,99612,3,6,3,02,08,2,0,0,0,1,0,0,0,0
"POINT (7.460283392000065 51.526497218000031)",Unfall 99731 (2019) Kat:3, Licht: 0,99731,3,6,3,02,16,6,0,0,0,1,0,1,0,0
"POINT (7.472455125000067 51.529286841000044)",Unfall 99732 (2019) Kat:3, Licht: 0,99732,3,3,5,02,14,6,0,0,1,1,0,0,0,0
"POINT (7.436873491000029 51.481949886000052)",Unfall 99806 (2019) Kat:3, Licht: 0,99806,3,2,1,02,12,1,0,0,0,1,0,0,0,0
"POINT (7.555564718000028 51.509246826000037)",Unfall 99810 (2019) Kat:3, Licht: 0,99810,3,2,4,02,12,1,0,0,0,1,0,0,0,0
"POINT (7.474133001000041 51.514834037000071)",Unfall 99812 (2019) Kat:2, Licht: 2,99812,2,4,6,02,20,1,0,2,0,1,1,0,0,0
"POINT (7.447025538000048 51.496818259000065)",Unfall 99814 (2019) Kat:3, Licht: 0,99814,3,3,5,02,17,1,0,0,1,1,0,0,0,0
"POINT (7.372738193000032 51.518211380000082)",Unfall 99952 (2019) Kat:3, Licht: 0,99952,3,6,2,02,11,5,0,0,0,1,0,0,0,0
"POINT (7.553431287000024 51.509931836000078)",Unfall 99954 (2019) Kat:3, Licht: 0,99954,3,1,9,02,13,5,0,0,0,0,0,1,0,0
"POINT (7.468154256000048 51.509893934000047)",Unfall 99957 (2019) Kat:3, Licht: 1,99957,3,6,5,02,07,5,0,1,0,1,0,0,0,0
"POINT (7.404447589000029 51.497036951000041)",Unfall 100008 (2019) Kat:2, Licht: 0,100008,2,6,1,02,08,7,0,0,0,0,0,1,1,0
"POINT (7.495643667000024 51.476798882000026)",Unfall 100009 (2019) Kat:3, Licht: 0,100009,3,2,1,02,13,7,0,0,0,1,0,0,0,0
"POINT (7.486762519000024 51.523939943000073)",Unfall 100146 (2019) Kat:3, Licht: 0,100146,3,6,2,02,09,4,0,0,0,1,0,0,0,1
"POINT (7.428546006000033 51.498149097000066)",Unfall 100156 (2019) Kat:3, Licht: 2,100156,3,1,9,02,05,4,0,2,0,0,0,1,0,0
"POINT (7.615000559000066 51.532759598000041)",Unfall 100246 (2019) Kat:2, Licht: 0,100246,2,2,3,02,17,3,0,0,0,1,0,0,0,1
"POINT (7.551866294000035 51.470418272000074)",Unfall 100247 (2019) Kat:3, Licht: 0,100247,3,6,2,02,16,3,0,0,0,1,0,0,0,0
"POINT (7.460184359000039 51.506631674000062)",Unfall 100299 (2019) Kat:3, Licht: 0,100299,3,2,5,02,08,5,0,0,1,1,0,0,0,0
"POINT (7.385971520000055 51.495606688000066)",Unfall 100347 (2019) Kat:3, Licht: 1,100347,3,1,8,02,05,1,0,1,0,1,0,0,0,0
"POINT (7.575917308000044 51.504810414000076)",Unfall 100370 (2019) Kat:3, Licht: 1,100370,3,2,5,02,18,1,0,1,0,1,0,0,0,0
"POINT (7.597769822000032 51.478358039000057)",Unfall 100425 (2019) Kat:3, Licht: 0,100425,3,7,1,02,11,7,0,0,0,1,0,0,0,0
"POINT (7.479259142000046 51.543374532000030)",Unfall 100427 (2019) Kat:3, Licht: 0,100427,3,6,3,02,14,7,0,0,0,1,0,0,1,0
"POINT (7.461267531000033 51.546923254000035)",Unfall 100428 (2019) Kat:3, Licht: 0,100428,3,2,5,02,13,7,0,0,0,1,0,0,0,1
"POINT (7.362752509000075 51.571068501000070)",Unfall 100435 (2019) Kat:3, Licht: 0,100435,3,6,3,02,15,7,0,0,0,1,0,1,0,0
"POINT (7.492184964000046 51.549931040000047)",Unfall 100520 (2019) Kat:3, Licht: 2,100520,3,3,5,02,23,6,0,2,0,1,0,0,0,0
"POINT (7.542615715000068 51.535306597000044)",Unfall 100552 (2019) Kat:3, Licht: 0,100552,3,7,0,02,15,1,0,0,1,0,0,0,0,0
"POINT (7.448751285000071 51.523896016000037)",Unfall 100716 (2019) Kat:3, Licht: 0,100716,3,6,2,02,14,3,0,0,0,1,0,0,0,0
"POINT (7.356683661000034 51.562851086000080)",Unfall 100749 (2019) Kat:3, Licht: 0,100749,3,6,2,02,15,4,0,0,0,0,0,0,1,0
"POINT (7.465258277000032 51.555781824000064)",Unfall 100841 (2019) Kat:3, Licht: 0,100841,3,4,6,02,15,4,0,0,0,1,1,0,0,0
"POINT (7.362746394000055 51.561397246000070)",Unfall 100884 (2019) Kat:3, Licht: 0,100884,3,6,2,02,15,2,0,0,0,0,0,1,1,0
"POINT (7.457760264000058 51.478549185000077)",Unfall 100885 (2019) Kat:3, Licht: 0,100885,3,3,5,02,15,2,0,0,0,1,0,0,0,1
"POINT (7.507052794000060 51.515851556000030)",Unfall 100887 (2019) Kat:3, Licht: 0,100887,3,2,4,02,11,2,0,0,0,1,0,0,0,0
"POINT (7.528614467000068 51.486174688000062)",Unfall 101038 (2019) Kat:3, Licht: 0,101038,3,6,4,03,13,6,1,0,0,1,0,0,0,0
"POINT (7.519699741000068 51.520902702000058)",Unfall 101039 (2019) Kat:2, Licht: 0,101039,2,4,1,03,14,6,1,0,0,0,1,0,0,1
"POINT (7.570436306000033 51.536501848000057)",Unfall 101041 (2019) Kat:2, Licht: 0,101041,2,1,8,03,13,6,1,0,0,1,0,0,0,0
"POINT (7.381012447000046 51.498049925000032)",Unfall 101177 (2019) Kat:3, Licht: 0,101177,3,6,2,03,16,2,0,0,0,1,0,0,1,0
"POINT (7.504791820000037 51.563882766000063)",Unfall 101275 (2019) Kat:3, Licht: 2,101275,3,6,2,03,05,2,0,2,0,1,0,0,0,0
"POINT (7.404707555000073 51.477911748000054)",Unfall 101365 (2019) Kat:3, Licht: 0,101365,3,3,5,03,11,5,0,0,0,1,0,0,0,0
"POINT (7.499635648000037 51.488318020000065)",Unfall 101367 (2019) Kat:3, Licht: 0,101367,3,6,6,03,15,5,0,0,0,0,1,0,0,1
"POINT (7.506298918000027 51.576438161000056)",Unfall 101368 (2019) Kat:3, Licht: 2,101368,3,1,0,03,23,5,0,2,0,1,0,0,0,0
"POINT (7.450789021000048 51.544821179000053)",Unfall 101374 (2019) Kat:3, Licht: 0,101374,3,7,0,03,16,5,0,0,0,0,0,1,0,1
"POINT (7.379609841000047 51.510271749000026)",Unfall 101489 (2019) Kat:3, Licht: 0,101489,3,6,1,03,14,6,0,0,0,1,0,0,0,0
"POINT (7.367757222000023 51.528495419000080)",Unfall 101490 (2019) Kat:3, Licht: 0,101490,3,3,0,03,10,4,0,0,1,1,0,0,0,0
"POINT (7.582984733000046 51.527976579000040)",Unfall 101491 (2019) Kat:3, Licht: 0,101491,3,7,6,03,12,4,0,0,0,1,1,0,0,0
"POINT (7.556273948000069 51.559109826000054)",Unfall 101492 (2019) Kat:3, Licht: 0,101492,3,3,5,03,09,6,1,0,0,1,0,1,0,0
"POINT (7.505283361000068 51.515945217000080)",Unfall 101493 (2019) Kat:2, Licht: 2,101493,2,1,0,03,19,4,1,2,0,0,0,1,0,0
"POINT (7.498224589000074 51.553900319000036)",Unfall 101494 (2019) Kat:3, Licht: 0,101494,3,6,5,03,11,4,0,0,0,0,0,0,0,1
"POINT (7.458784577000074 51.502465518000065)",Unfall 101496 (2019) Kat:2, Licht: 0,101496,2,2,5,03,16,4,1,0,0,1,0,1,0,0
"POINT (7.389756261000059 51.508472289000053)",Unfall 101524 (2019) Kat:3, Licht: 0,101524,3,6,2,03,14,6,0,0,0,1,0,0,0,0
"POINT (7.427112176000037 51.497837738000044)",Unfall 101646 (2019) Kat:3, Licht: 2,101646,3,6,2,03,23,3,0,2,0,1,0,0,0,0
"POINT (7.459838488000059 51.470949874000041)",Unfall 101705 (2019) Kat:2, Licht: 0,101705,2,2,6,03,12,2,1,0,0,1,1,0,0,0
"POINT (7.502988971000036 51.490257013000075)",Unfall 101706 (2019) Kat:3, Licht: 0,101706,3,6,2,03,13,2,1,0,0,1,0,0,0,1
"POINT (7.596237247000033 51.495446309000044)",Unfall 101708 (2019) Kat:2, Licht: 0,101708,2,1,8,03,06,2,0,0,0,1,0,0,0,0
"POINT (7.462270457000045 51.548634413000059)",Unfall 101712 (2019) Kat:3, Licht: 0,101712,3,4,6,03,13,2,0,0,0,1,1,0,0,0
"POINT (7.450429863000068 51.499282024000081)",Unfall 101719 (2019) Kat:3, Licht: 0,101719,3,1,7,03,07,4,0,0,1,0,0,0,0,0
"POINT (7.327955497000062 51.521073147000038)",Unfall 101823 (2019) Kat:3, Licht: 2,101823,3,3,5,03,19,2,1,2,0,1,0,0,0,0
"POINT (7.457240398000067 51.451625508000063)",Unfall 101825 (2019) Kat:3, Licht: 2,101825,3,7,8,03,23,2,1,2,0,1,0,0,0,0
"POINT (7.462288778000072 51.521470298000054)",Unfall 101826 (2019) Kat:3, Licht: 0,101826,3,6,2,03,16,2,1,0,0,1,0,0,0,0
"POINT (7.397443257000020 51.473108876000026)",Unfall 101845 (2019) Kat:3, Licht: 0,101845,3,6,2,03,10,2,1,0,0,1,0,0,0,0
"POINT (7.422009100000025 51.508143961000030)",Unfall 101883 (2019) Kat:3, Licht: 0,101883,3,2,6,03,16,4,1,0,0,1,1,0,0,0
"POINT (7.456743858000039 51.539385756000058)",Unfall 101909 (2019) Kat:3, Licht: 2,101909,3,3,0,03,22,1,1,2,0,1,0,0,0,0