WKT,Name,OBJECTID,UKATEGORIE,UTYP1,UART,UMONAT,USTUNDE,UWOCHENTAG,STRZUSTAND,ULICHTVERH,ISTRAD,ISTPKW,ISTFUSS,ISTKRAD,ISTGKFZ,ISTSONSTIG
"POINT (7.480624821000049 51.481773849000035)",Unfall 107906 (2019) Kat:3, Licht: 2,107906,3,1,9,05,01,1,0,2,0,1,0,0,0,0
"POINT (7.454608477000022 51.443994274000033)",Unfall 108008 (2019) Kat:3, Licht: 0,108008,3,6,2,05,16,5,0,0,0,1,0,0,0,0
"POINT (7.459604299000034 51.505273261000070)",Unfall 108011 (2019) Kat:3, Licht: 0,108011,3,3,5,05,08,5,0,0,0,1,0,0,0,0
"POINT (7.458967109000071 51.500232136000079)",Unfall 108012 (2019) Kat:3, Licht: 0,108012,3,7,1,05,18,5,0,0,1,1,0,0,0,0
"POINT (7.362884783000027 51.496908673000064)",Unfall 108031 (2019) Kat:3, Licht: 0,108031,3,6,2,05,17,7,0,0,0,1,0,0,0,0
"POINT (7.460396864000074 51.507046580000065)",Unfall 108207 (2019) Kat:3, Licht: 0,108207,3,2,4,05,10,6,0,0,1,1,0,0,0,0
"POINT (7.423396419000028 51.482031435000067)",Unfall 108380 (2019) Kat:2, Licht: 1,108380,2,3,6,05,05,3,1,1,0,1,1,0,0,0
"POINT (7.508540578000066 51.516162158000043)",Unfall 108381 (2019) Kat:3, Licht: 0,108381,3,1,0,05,15,3,1,0,0,0,0,1,0,0
"POINT (7.502668272000051 51.564812315000040)",Unfall 108403 (2019) Kat:3, Licht: 0,108403,3,6,2,05,08,3,1,0,0,1,0,0,1,0
"POINT (7.478233618000047 51.519867437000073)",Unfall 108496 (2019) Kat:3, Licht: 2,108496,3,1,1,05,22,2,0,2,0,1,0,0,0,0
"POINT (7.454489333000026 51.524059795000028)",Unfall 108500 (2019) Kat:3, Licht: 0,108500,3,7,2,05,05,2,0,0,0,1,0,0,1,0
"POINT (7.459966739000038 51.511272529000053)",Unfall 108503 (2019) Kat:3, Licht: 0,108503,3,6,0,05,13,2,0,0,0,1,0,0,0,0
"POINT (7.358180593000043 51.563420151000059)",Unfall 108514 (2019) Kat:2, Licht: 0,108514,2,1,9,05,15,2,0,0,0,0,0,0,0,1
"POINT (7.418624171000033 51.558074870000041)",Unfall 108611 (2019) Kat:3, Licht: 0,108611,3,3,5,05,13,4,0,0,1,1,0,0,0,0
"POINT (7.324308102000032 51.506416378000040)",Unfall 108613 (2019) Kat:3, Licht: 0,108613,3,6,1,05,13,4,0,0,0,1,0,0,0,0
"POINT (7.501715489000048 51.494429991000061)",Unfall 108614 (2019) Kat:3, Licht: 0,108614,3,1,0,05,15,4,0,0,1,0,0,0,0,0
"POINT (7.598309018000066 51.529855216000044)",Unfall 108617 (2019) Kat:3, Licht: 0,108617,3,1,0,05,09,4,1,0,0,0,0,1,0,1
"POINT (7.456954210000049 51.497903410000049)",Unfall 108623 (2019) Kat:3, Licht: 0,108623,3,6,1,05,17,4,0,0,0,1,0,1,0,0
"POINT (7.460371029000044 51.506997211000055)",Unfall 108624 (2019) Kat:3, Licht: 0,108624,3,3,5,05,13,4,0,0,0,1,0,0,0,0
"POINT (7.472750971000039 51.530783880000058)",Unfall 108633 (2019) Kat:3, Licht: 0,108633,3,4,6,05,15,1,1,0,0,1,1,0,0,0
"POINT (7.450826936000055 51.508795611000039)",Unfall 108634 (2019) Kat:3, Licht: 0,108634,3,2,6,05,15,1,1,0,0,1,1,0,0,0
"POINT (7.386625629000037 51.492390205000049)",Unfall 108652 (2019) Kat:3, Licht: 0,108652,3,6,3,05,08,1,0,0,0,1,0,0,0,0
"POINT (7.401621815000055 51.585395369000082)",Unfall 108703 (2019) Kat:3, Licht: 0,108703,3,6,1,05,20,7,0,0,0,1,0,0,0,0
"POINT (7.486949777000064 51.523828589000061)",Unfall 108704 (2019) Kat:3, Licht: 0,108704,3,5,1,05,18,7,0,0,0,1,0,1,0,0
"POINT (7.474285858000030 51.514969961000077)",Unfall 108705 (2019) Kat:3, Licht: 0,108705,3,6,2,05,14,7,0,0,0,1,0,1,0,0
"POINT (7.455127204000064 51.515152811000064)",Unfall 108706 (2019) Kat:3, Licht: 2,108706,3,6,2,05,01,7,0,2,0,1,0,0,0,0
"POINT (7.416253851000022 51.502467034000063)",Unfall 108809 (2019) Kat:2, Licht: 0,108809,2,2,6,05,15,6,0,0,0,1,1,0,0,0
"POINT (7.360583313000063 51.560590419000050)",Unfall 108828 (2019) Kat:3, Licht: 0,108828,3,1,8,05,16,6,0,0,0,1,0,0,0,0
"POINT (7.387542952000047 51.550684837000063)",Unfall 108960 (2019) Kat:2, Licht: 0,108960,2,7,8,05,12,1,0,0,0,1,0,0,0,0
"POINT (7.508412027000077 51.450609958000030)",Unfall 108984 (2019) Kat:2, Licht: 0,108984,2,3,5,05,17,5,0,0,1,1,0,0,0,0
"POINT (7.504045161000022 51.487979813000038)",Unfall 108986 (2019) Kat:3, Licht: 0,108986,3,2,4,05,16,5,0,0,0,1,0,0,0,0
"POINT (7.461884075000057 51.509465005000038)",Unfall 108988 (2019) Kat:3, Licht: 0,108988,3,6,1,05,17,5,0,0,0,1,0,0,0,0
"POINT (7.451337124000077 51.578200827000046)",Unfall 109008 (2019) Kat:3, Licht: 0,109008,3,6,2,05,08,5,0,0,0,1,0,0,0,0
"POINT (7.586531901000058 51.505719884000030)",Unfall 109057 (2019) Kat:3, Licht: 0,109057,3,6,2,05,07,4,0,0,0,1,0,0,0,0
"POINT (7.532102143000031 51.507133537000072)",Unfall 109200 (2019) Kat:3, Licht: 0,109200,3,6,3,05,10,3,1,0,0,1,0,0,1,0
"POINT (7.586165243000039 51.542188327000076)",Unfall 109202 (2019) Kat:3, Licht: 0,109202,3,7,4,05,13,3,1,0,0,1,0,0,0,0
"POINT (7.420986674000062 51.529827091000072)",Unfall 109207 (2019) Kat:3, Licht: 0,109207,3,7,5,05,15,3,1,0,0,1,0,0,0,0
"POINT (7.476041357000042 51.499361285000077)",Unfall 109208 (2019) Kat:3, Licht: 0,109208,3,6,2,05,14,3,1,0,0,1,0,0,1,0
"POINT (7.520096061000061 51.465996807000067)",Unfall 109229 (2019) Kat:3, Licht: 2,109229,3,3,5,05,23,5,0,2,0,1,0,1,0,0
"POINT (7.420280492000074 51.530499845000065)",Unfall 109437 (2019) Kat:3, Licht: 0,109437,3,3,5,05,20,2,0,0,1,1,0,0,0,0
"POINT (7.474604986000031 51.507617927000069)",Unfall 109444 (2019) Kat:3, Licht: 0,109444,3,7,6,05,11,2,0,0,1,0,1,0,0,0
"POINT (7.450326045000054 51.497794745000078)",Unfall 109446 (2019) Kat:3, Licht: 0,109446,3,6,3,05,16,2,0,0,0,1,0,0,1,0
"POINT (7.396064376000027 51.525515659000064)",Unfall 109455 (2019) Kat:3, Licht: 0,109455,3,6,2,05,16,4,0,0,0,1,0,0,0,0
"POINT (7.406920073000038 51.498128324000049)",Unfall 109456 (2019) Kat:2, Licht: 0,109456,2,4,6,05,15,4,0,0,0,1,1,0,0,0
"POINT (7.375585974000046 51.515811547000055)",Unfall 109457 (2019) Kat:3, Licht: 0,109457,3,6,2,05,11,4,0,0,0,1,0,0,0,0
"POINT (7.495646701000055 51.476799974000073)",Unfall 109460 (2019) Kat:3, Licht: 0,109460,3,6,1,05,17,4,0,0,0,1,0,0,0,0
"POINT (7.482265971000061 51.500739018000047)",Unfall 109462 (2019) Kat:2, Licht: 0,109462,2,2,5,05,09,4,0,0,0,1,0,0,0,1
"POINT (7.514963271000056 51.548331325000049)",Unfall 109481 (2019) Kat:3, Licht: 0,109481,3,6,2,05,14,2,0,0,0,1,0,0,0,0
"POINT (7.387390266000068 51.491459394000060)",Unfall 109503 (2019) Kat:3, Licht: 0,109503,3,6,2,05,14,4,0,0,0,1,0,0,0,0
"POINT (7.450313926000035 51.523976253000058)",Unfall 109556 (2019) Kat:3, Licht: 0,109556,3,3,0,06,11,1,0,0,1,0,0,0,0,1
"POINT (7.468125272000066 51.483922531000076)",Unfall 109749 (2019) Kat:3, Licht: 0,109749,3,2,3,06,18,7,0,0,1,1,0,0,0,0
"POINT (7.372010269000043 51.520996553000032)",Unfall 109750 (2019) Kat:3, Licht: 0,109750,3,6,2,06,12,7,0,0,0,1,0,1,0,0
"POINT (7.472218730000066 51.506897075000040)",Unfall 109752 (2019) Kat:3, Licht: 0,109752,3,2,5,06,12,7,0,0,1,1,0,0,0,0
"POINT (7.464670998000031 51.518659132000039)",Unfall 109754 (2019) Kat:3, Licht: 0,109754,3,1,4,06,11,7,0,0,0,1,0,1,0,0
"POINT (7.450887690000059 51.473112391000029)",Unfall 109820 (2019) Kat:3, Licht: 2,109820,3,6,2,06,21,2,1,2,0,1,0,0,0,0
"POINT (7.471769410000036 51.528145590000065)",Unfall 109826 (2019) Kat:3, Licht: 0,109826,3,6,2,06,14,2,0,0,0,1,0,0,0,0
"POINT (7.413907845000040 51.530241377000038)",Unfall 109964 (2019) Kat:3, Licht: 2,109964,3,3,5,05,22,6,0,2,0,1,0,0,0,0
"POINT (7.483460159000060 51.559173058000056)",Unfall 109968 (2019) Kat:3, Licht: 0,109968,3,6,1,05,17,6,0,0,0,1,0,1,0,0
"POINT (7.459274678000043 51.543729678000034)",Unfall 109969 (2019) Kat:3, Licht: 0,109969,3,6,2,05,09,6,0,0,0,1,0,0,0,0
"POINT (7.462123182000028 51.510075621000055)",Unfall 109971 (2019) Kat:3, Licht: 0,109971,3,6,2,05,20,6,0,0,0,1,0,0,0,0
"POINT (7.538516518000051 51.552568156000063)",Unfall 110119 (2019) Kat:3, Licht: 2,110119,3,7,5,06,23,1,0,2,0,1,0,0,0,0
"POINT (7.605703310000024 51.531225552000080)",Unfall 110225 (2019) Kat:2, Licht: 0,110225,2,6,5,06,17,4,0,0,0,1,0,0,0,0
"POINT (7.447831235000024 51.513037685000029)",Unfall 110228 (2019) Kat:3, Licht: 0,110228,3,6,6,06,19,4,0,0,1,0,1,0,0,0
"POINT (7.323618353000029 51.508167978000074)",Unfall 110316 (2019) Kat:3, Licht: 0,110316,3,2,0,06,13,6,0,0,0,1,0,0,0,1
"POINT (7.555053520000058 51.493928391000054)",Unfall 110317 (2019) Kat:3, Licht: 0,110317,3,7,5,06,15,6,0,0,0,1,0,0,0,0
"POINT (7.459295790000056 51.543765255000039)",Unfall 110320 (2019) Kat:3, Licht: 0,110320,3,2,5,06,17,6,0,0,0,1,0,0,0,0
"POINT (7.507367065000040 51.421142337000049)",Unfall 110322 (2019) Kat:2, Licht: 0,110322,2,1,0,06,17,6,0,0,1,0,0,0,0,0
"POINT (7.458888115000036 51.504475851000052)",Unfall 110324 (2019) Kat:3, Licht: 0,110324,3,3,5,06,17,6,0,0,0,1,0,0,0,0
"POINT (7.477549079000028 51.514419886000042)",Unfall 110325 (2019) Kat:2, Licht: 0,110325,2,2,3,06,13,6,0,0,1,1,0,0,0,0
"POINT (7.393166780000058 51.496898121000072)",Unfall 110359 (2019) Kat:3, Licht: 0,110359,3,6,2,06,14,6,0,0,0,1,0,1,0,0
"POINT (7.455430546000059 51.537175120000029)",Unfall 110510 (2019) Kat:3, Licht: 0,110510,3,3,5,06,14,3,0,0,0,1,0,0,1,0
"POINT (7.446831995000025 51.478626797000061)",Unfall 110518 (2019) Kat:3, Licht: 0,110518,3,3,5,06,16,5,0,0,1,1,0,0,0,0
"POINT (7.524593968000033 51.521219222000070)",Unfall 110520 (2019) Kat:3, Licht: 0,110520,3,6,3,06,11,5,0,0,0,1,0,0,0,1
"POINT (7.510497341000075 51.504001029000051)",Unfall 110521 (2019) Kat:3, Licht: 0,110521,3,6,2,06,09,5,0,0,0,1,0,0,0,0
"POINT (7.446428545000060 51.496703179000065)",Unfall 110525 (2019) Kat:3, Licht: 0,110525,3,3,5,06,08,5,1,0,1,1,0,0,0,0
"POINT (7.364826928000070 51.576258011000050)",Unfall 110533 (2019) Kat:3, Licht: 0,110533,3,6,2,06,16,3,0,0,0,1,0,0,0,0
"POINT (7.323022691000062 51.494736109000030)",Unfall 110616 (2019) Kat:2, Licht: 0,110616,2,3,5,06,16,3,0,0,0,1,0,1,0,0
"POINT (7.516561845000069 51.504291565000074)",Unfall 110617 (2019) Kat:3, Licht: 0,110617,3,6,2,06,12,3,0,0,0,1,0,0,0,1
"POINT (7.458002675000046 51.541603520000081)",Unfall 110619 (2019) Kat:2, Licht: 0,110619,2,7,0,06,17,3,0,0,1,1,0,0,0,0
"POINT (7.459668377000071 51.516800692000061)",Unfall 110798 (2019) Kat:3, Licht: 2,110798,3,4,6,06,23,6,1,2,0,1,1,0,0,0
"POINT (7.324794049000047 51.518440329000043)",Unfall 110799 (2019) Kat:3, Licht: 0,110799,3,2,5,06,15,6,0,0,0,1,0,1,0,0
"POINT (7.486796906000052 51.447335025000029)",Unfall 110814 (2019) Kat:3, Licht: 0,110814,3,3,3,06,13,6,0,0,0,1,0,0,0,0
"POINT (7.493859502000021 51.578422428000067)",Unfall 110816 (2019) Kat:3, Licht: 0,110816,3,6,2,06,15,6,0,0,0,1,0,0,0,0
"POINT (7.436865637000039 51.485408363000033)",Unfall 110826 (2019) Kat:3, Licht: 0,110826,3,6,2,06,17,4,0,0,0,1,0,0,0,0
"POINT (7.363211638000053 51.561588864000043)",Unfall 110945 (2019) Kat:3, Licht: 0,110945,3,6,1,06,14,5,0,0,0,1,0,0,0,0
"POINT (7.415051839000057 51.538336516000072)",Unfall 110946 (2019) Kat:3, Licht: 0,110946,3,6,2,06,15,5,0,0,0,1,0,0,0,0
"POINT (7.524431848000063 51.466184473000055)",Unfall 110948 (2019) Kat:3, Licht: 0,110948,3,7,0,06,09,5,0,0,0,1,0,0,1,0
"POINT (7.460995405000062 51.524548622000054)",Unfall 110949 (2019) Kat:3, Licht: 0,110949,3,2,2,06,14,5,0,0,0,1,0,0,0,0
"POINT (7.481907188000037 51.500346119000028)",Unfall 110950 (2019) Kat:3, Licht: 0,110950,3,6,2,06,12,5,0,0,0,1,0,1,0,0
"POINT (7.467971582000075 51.508690835000039)",Unfall 110952 (2019) Kat:3, Licht: 0,110952,3,1,0,06,10,5,0,0,0,0,0,1,0,0
"POINT (7.459725471000070 51.516810535000047)",Unfall 110953 (2019) Kat:3, Licht: 0,110953,3,6,2,06,07,5,0,0,0,1,0,0,0,0
"POINT (7.437669663000065 51.481893274000072)",Unfall 110964 (2019) Kat:2, Licht: 0,110964,2,2,4,06,18,6,0,0,1,1,0,0,0,0
"POINT (7.375125369000045 51.522200112000064)",Unfall 111013 (2019) Kat:3, Licht: 0,111013,3,7,2,06,18,4,0,0,0,1,0,1,0,0
"POINT (7.416605410000045 51.461986985000067)",Unfall 111015 (2019) Kat:3, Licht: 0,111015,3,6,3,06,08,4,0,0,0,1,0,0,1,0
"POINT (7.501133960000061 51.479622835000043)",Unfall 111021 (2019) Kat:3, Licht: 0,111021,3,6,2,06,18,4,0,0,0,1,0,0,0,0
"POINT (7.474544254000023 51.516357689000074)",Unfall 111029 (2019) Kat:3, Licht: 0,111029,3,6,3,06,18,4,0,0,0,1,0,0,0,0
"POINT (7.352267435000044 51.518685501000050)",Unfall 111066 (2019) Kat:3, Licht: 0,111066,3,6,1,06,15,4,0,0,0,1,0,0,0,0
"POINT (7.373284645000069 51.522619617000032)",Unfall 111084 (2019) Kat:3, Licht: 0,111084,3,3,5,06,11,6,0,0,0,1,0,0,0,0
"POINT (7.475059893000037 51.505268528000045)",Unfall 111094 (2019) Kat:3, Licht: 2,111094,3,2,5,06,03,7,1,2,0,1,0,0,1,0
"POINT (7.493972838000047 51.578017158000080)",Unfall 111113 (2019) Kat:3, Licht: 0,111113,3,1,0,06,09,2,0,0,0,0,0,1,0,0
"POINT (7.513519668000072 51.558846626000047)",Unfall 111133 (2019) Kat:2, Licht: 0,111133,2,5,5,06,13,1,0,0,0,1,0,1,0,0
"POINT (7.459302551000064 51.543776649000051)",Unfall 111139 (2019) Kat:3, Licht: 0,111139,3,3,5,06,18,2,0,0,0,1,0,0,0,0
"POINT (7.498762040000031 51.503561126000079)",Unfall 111155 (2019) Kat:3, Licht: 0,111155,3,6,3,06,18,7,0,0,0,1,0,0,1,0
"POINT (7.385770350000030 51.498543857000072)",Unfall 111174 (2019) Kat:3, Licht: 0,111174,3,6,2,06,17,2,0,0,0,1,0,0,0,0
"POINT (7.455753944000037 51.513663610000037)",Unfall 111205 (2019) Kat:3, Licht: 0,111205,3,3,1,06,18,1,0,0,1,1,0,0,0,0
"POINT (7.461618570000042 51.509134000000074)",Unfall 111211 (2019) Kat:3, Licht: 0,111211,3,1,5,06,07,7,0,0,1,1,0,0,0,0
"POINT (7.328913454000031 51.496933126000044)",Unfall 111216 (2019) Kat:3, Licht: 0,111216,3,6,2,06,15,2,0,0,0,1,0,0,0,0
"POINT (7.532707368000047 51.472451082000077)",Unfall 111254 (2019) Kat:3, Licht: 2,111254,3,1,0,06,01,7,1,2,1,0,0,0,0,0
"POINT (7.465447615000073 51.583128844000044)",Unfall 111305 (2019) Kat:3, Licht: 0,111305,3,7,0,06,17,1,0,0,0,1,0,0,0,0
"POINT (7.460711558000071 51.546140101000049)",Unfall 111310 (2019) Kat:3, Licht: 0,111310,3,3,5,06,07,2,0,0,0,1,0,1,0,0
"POINT (7.478527908000046 51.514437466000061)",Unfall 111330 (2019) Kat:3, Licht: 0,111330,3,6,2,06,19,7,0,0,0,1,0,0,0,0
"POINT (7.409842440000034 51.481237750000048)",Unfall 111365 (2019) Kat:3, Licht: 0,111365,3,2,3,06,16,2,0,0,1,1,0,0,0,0
"POINT (7.336424782000051 51.519451813000046)",Unfall 111399 (2019) Kat:3, Licht: 0,111399,3,5,2,06,09,4,0,0,0,1,0,1,0,0
"POINT (7.409524866000027 51.528451753000070)",Unfall 111400 (2019) Kat:3, Licht: 0,111400,3,3,5,06,20,4,1,0,1,1,0,0,0,0
"POINT (7.596428180000032 51.479800202000035)",Unfall 111401 (2019) Kat:2, Licht: 0,111401,2,5,2,06,08,4,0,0,1,1,0,0,0,0
"POINT (7.462628548000055 51.581486070000039)",Unfall 111404 (2019) Kat:3, Licht: 0,111404,3,4,6,06,10,4,0,0,0,1,1,0,0,0
"POINT (7.481662928000048 51.523071282000046)",Unfall 111405 (2019) Kat:3, Licht: 0,111405,3,6,9,06,12,4,0,0,0,0,0,1,0,1
"POINT (7.482099458000050 51.523206887000072)",Unfall 111406 (2019) Kat:3, Licht: 0,111406,3,6,3,06,17,4,0,0,0,1,0,1,0,0
"POINT (7.470997839000063 51.434080206000033)",Unfall 111407 (2019) Kat:3, Licht: 1,111407,3,1,8,06,20,4,1,1,0,1,0,0,0,0
"POINT (7.451258742000050 51.505425137000032)",Unfall 111408 (2019) Kat:3, Licht: 0,111408,3,2,3,06,14,4,0,0,1,1,0,0,0,0
"POINT (7.470339963000072 51.507862253000042)",Unfall 111409 (2019) Kat:3, Licht: 0,111409,3,2,5,06,09,4,0,0,1,1,0,0,0,0
"POINT (7.580538847000071 51.559379001000082)",Unfall 111556 (2019) Kat:3, Licht: 0,111556,3,3,0,06,16,3,0,0,1,1,0,0,0,0
"POINT (7.467855698000051 51.507856041000082)",Unfall 111558 (2019) Kat:3, Licht: 0,111558,3,3,5,06,17,3,0,0,1,1,0,0,0,0
"POINT (7.461869008000065 51.510178592000045)",Unfall 111559 (2019) Kat:3, Licht: 0,111559,3,6,2,06,17,3,0,0,0,1,0,0,0,0
"POINT (7.365612940000062 51.495423923000033)",Unfall 111575 (2019) Kat:3, Licht: 0,111575,3,6,2,06,11,3,0,0,0,1,0,0,0,1
"POINT (7.366584579000062 51.525196022000046)",Unfall 111738 (2019) Kat:3, Licht: 0,111738,3,6,2,06,13,7,0,0,0,1,0,0,0,0
"POINT (7.492255699000054 51.475624527000036)",Unfall 111739 (2019) Kat:2, Licht: 0,111739,2,3,4,06,19,7,0,0,0,1,0,1,0,0
"POINT (7.580576355000062 51.559359889000064)",Unfall 111740 (2019) Kat:3, Licht: 0,111740,3,3,5,06,20,7,0,0,0,1,0,1,0,0
"POINT (7.494566915000064 51.503053638000040)",Unfall 111741 (2019) Kat:3, Licht: 0,111741,3,6,1,06,15,7,0,0,0,1,0,0,0,0
"POINT (7.456663895000077 51.531738315000041)",Unfall 111850 (2019) Kat:3, Licht: 0,111850,3,6,2,06,17,6,0,0,0,1,0,0,0,0
"POINT (7.428548059000036 51.511535406000064)",Unfall 111851 (2019) Kat:3, Licht: 0,111851,3,6,1,06,10,6,0,0,0,1,0,0,0,0
"POINT (7.480532850000031 51.521282642000074)",Unfall 111852 (2019) Kat:3, Licht: 0,111852,3,1,1,06,15,6,0,0,0,1,0,0,0,0
"POINT (7.498157526000057 51.553606921000039)",Unfall 111956 (2019) Kat:3, Licht: 0,111956,3,6,2,06,12,1,0,0,0,1,0,0,0,0
"POINT (7.554105483000058 51.486259954000047)",Unfall 111967 (2019) Kat:3, Licht: 0,111967,3,2,4,06,13,5,0,0,1,1,0,0,0,0
"POINT (7.474253625000074 51.513908859000026)",Unfall 111972 (2019) Kat:3, Licht: 0,111972,3,2,5,06,09,5,0,0,0,1,0,0,0,0
"POINT (7.414482888000066 51.539097194000078)",Unfall 112185 (2019) Kat:3, Licht: 0,112185,3,1,0,06,17,3,0,0,0,0,0,1,0,0
"POINT (7.440863524000065 51.492725153000038)",Unfall 112186 (2019) Kat:3, Licht: 0,112186,3,2,3,06,12,3,0,0,1,0,0,0,0,1
"POINT (7.462363358000062 51.510173561000045)",Unfall 112187 (2019) Kat:3, Licht: 0,112187,3,6,3,06,10,3,0,0,0,1,0,0,1,0
"POINT (7.459921190000046 51.468403162000072)",Unfall 112230 (2019) Kat:2, Licht: 0,112230,2,3,5,06,16,5,0,0,1,1,0,0,0,0
"POINT (7.476248186000021 51.504422102000035)",Unfall 112233 (2019) Kat:3, Licht: 0,112233,3,2,5,06,08,5,0,0,1,1,0,0,0,0
"POINT (7.371697540000071 51.522273741000049)",Unfall 112434 (2019) Kat:3, Licht: 2,112434,3,2,5,06,23,4,0,2,0,1,0,0,0,0
"POINT (7.463710391000063 51.551191355000071)",Unfall 112436 (2019) Kat:3, Licht: 0,112436,3,2,5,06,20,4,0,0,1,1,0,0,0,0
"POINT (7.450559630000043 51.513302366000062)",Unfall 112438 (2019) Kat:3, Licht: 0,112438,3,3,5,06,09,4,0,0,0,1,0,0,0,0
"POINT (7.497956056000021 51.494078251000076)",Unfall 112463 (2019) Kat:2, Licht: 0,112463,2,7,0,06,16,2,0,0,0,0,0,0,0,1
"POINT (7.451742015000036 51.497879610000041)",Unfall 112465 (2019) Kat:3, Licht: 0,112465,3,6,3,06,12,2,0,0,0,1,0,0,1,0
"POINT (7.474490841000034 51.509360291000064)",Unfall 112467 (2019) Kat:3, Licht: 0,112467,3,7,6,06,09,2,0,0,1,0,1,0,0,0
"POINT (7.417638824000051 51.512318099000026)",Unfall 112528 (2019) Kat:2, Licht: 2,112528,2,1,0,06,02,7,0,2,1,0,0,0,0,0
"POINT (7.461561584000037 51.523338402000036)",Unfall 112529 (2019) Kat:3, Licht: 0,112529,3,6,3,06,16,7,0,0,0,1,0,0,0,0
"POINT (7.468074779000062 51.509767044000057)",Unfall 112530 (2019) Kat:3, Licht: 0,112530,3,2,5,06,13,7,0,0,0,1,0,0,0,0
"POINT (7.548544785000047 51.523840128000074)",Unfall 112742 (2019) Kat:3, Licht: 1,112742,3,4,6,06,21,6,0,1,1,0,1,0,0,0
"POINT (7.499487869000063 51.503612269000030)",Unfall 112744 (2019) Kat:3, Licht: 0,112744,3,6,3,06,10,6,0,0,0,1,0,1,1,0
"POINT (7.456528711000033 51.535299075000069)",Unfall 112746 (2019) Kat:3, Licht: 0,112746,3,6,2,06,15,6,0,0,0,1,0,1,0,0
"POINT (7.452271752000058 51.500487490000069)",Unfall 112747 (2019) Kat:3, Licht: 0,112747,3,6,2,06,16,6,0,0,0,1,0,0,0,0
"POINT (7.477183599000057 51.504117148000034)",Unfall 112748 (2019) Kat:3, Licht: 0,112748,3,6,2,06,11,6,0,0,0,1,0,0,0,0
"POINT (7.473444546000053 51.483375743000067)",Unfall 112762 (2019) Kat:3, Licht: 0,112762,3,6,2,06,17,1,0,0,0,1,0,0,0,0
"POINT (7.611786784000060 51.532453918000044)",Unfall 112763 (2019) Kat:3, Licht: 0,112763,3,5,0,06,16,1,0,0,1,1,0,0,0,0
"POINT (7.451875916000063 51.513430338000035)",Unfall 112765 (2019) Kat:2, Licht: 2,112765,2,1,5,06,04,1,0,2,0,1,0,0,0,0
"POINT (7.388420920000044 51.497472578000043)",Unfall 112783 (2019) Kat:2, Licht: 0,112783,2,1,9,06,05,6,0,0,0,0,0,1,0,0
"POINT (7.468209879000028 51.483945793000032)",Unfall 112989 (2019) Kat:2, Licht: 0,112989,2,2,4,06,16,7,0,0,0,1,0,0,0,0
"POINT (7.366673356000035 51.537932933000036)",Unfall 113057 (2019) Kat:3, Licht: 0,113057,3,3,5,07,10,3,0,0,0,1,0,0,0,1
"POINT (7.384314623000023 51.509815251000077)",Unfall 113059 (2019) Kat:3, Licht: 0,113059,3,1,1,07,17,3,0,0,0,1,0,0,0,0
"POINT (7.523281741000062 51.505259932000058)",Unfall 113060 (2019) Kat:3, Licht: 0,113060,3,6,3,07,10,3,0,0,0,1,0,0,1,0
"POINT (7.474772628000039 51.507106165000039)",Unfall 113066 (2019) Kat:2, Licht: 0,113066,2,6,2,07,15,3,0,0,0,1,0,0,1,0
"POINT (7.474207700000022 51.514824322000038)",Unfall 113068 (2019) Kat:3, Licht: 0,113068,3,7,0,07,15,3,0,0,0,1,0,1,0,0
"POINT (7.457932646000074 51.512226222000038)",Unfall 113070 (2019) Kat:3, Licht: 0,113070,3,4,6,07,07,3,0,0,0,1,1,0,0,0
"POINT (7.499218438000071 51.488466737000067)",Unfall 113074 (2019) Kat:3, Licht: 0,113074,3,3,0,07,13,5,0,0,0,1,0,1,0,0
"POINT (7.451265067000065 51.578065304000063)",Unfall 113108 (2019) Kat:1, Licht: 0,113108,1,6,2,07,15,3,0,0,0,0,0,1,0,1
"POINT (7.390639469000064 51.579670794000037)",Unfall 113300 (2019) Kat:3, Licht: 0,113300,3,7,9,07,05,4,0,0,0,1,0,0,0,1
"POINT (7.402764225000055 51.527212987000041)",Unfall 113302 (2019) Kat:3, Licht: 0,113302,3,6,3,07,16,4,0,0,1,1,0,0,0,0
"POINT (7.459871928000041 51.494600950000063)",Unfall 113305 (2019) Kat:3, Licht: 0,113305,3,6,1,07,16,4,0,0,0,1,0,0,0,0
"POINT (7.378662408000025 51.487660448000042)",Unfall 113410 (2019) Kat:2, Licht: 0,113410,2,2,4,07,12,2,0,0,0,1,0,0,0,0
"POINT (7.343271161000075 51.496855336000067)",Unfall 113412 (2019) Kat:3, Licht: 0,113412,3,5,3,07,07,2,0,0,1,1,0,0,0,0
"POINT (7.420961804000058 51.529856417000076)",Unfall 113415 (2019) Kat:3, Licht: 0,113415,3,2,4,07,20,2,0,0,0,1,0,1,0,0
"POINT (7.365144753000038 51.577189395000062)",Unfall 113452 (2019) Kat:3, Licht: 0,113452,3,6,2,07,17,2,0,0,0,0,0,0,1,1
"POINT (7.462939889000040 51.579726246000064)",Unfall 113514 (2019) Kat:2, Licht: 0,113514,2,6,2,07,13,3,0,0,0,1,0,1,0,0