WKT,Name,OBJECTID,UKATEGORIE,UTYP1,UART,UMONAT,USTUNDE,UWOCHENTAG,STRZUSTAND,ULICHTVERH,ISTRAD,ISTPKW,ISTFUSS,ISTKRAD,ISTGKFZ,ISTSONSTIG
"POINT (7.504794931000049 51.487406919000080)",Unfall 113520 (2019) Kat:3, Licht: 0,113520,3,3,5,07,14,3,0,0,0,1,0,0,0,0
"POINT (7.459856818000048 51.529338982000070)",Unfall 113540 (2019) Kat:2, Licht: 0,113540,2,3,0,07,13,3,0,0,1,1,0,0,0,0
"POINT (7.469425888000046 51.525575078000031)",Unfall 113564 (2019) Kat:3, Licht: 0,113564,3,3,0,07,15,3,0,0,1,0,0,0,0,1
"POINT (7.462614918000043 51.510112987000070)",Unfall 113618 (2019) Kat:3, Licht: 0,113618,3,3,5,07,18,3,0,0,1,1,0,0,0,0
"POINT (7.460737223000024 51.480401584000049)",Unfall 113686 (2019) Kat:3, Licht: 0,113686,3,1,0,07,08,2,0,0,0,1,0,0,0,0
"POINT (7.468156855000075 51.485525119000044)",Unfall 113688 (2019) Kat:2, Licht: 0,113688,2,7,0,07,07,2,0,0,1,1,0,0,0,0
"POINT (7.458937555000034 51.511791898000070)",Unfall 113689 (2019) Kat:3, Licht: 0,113689,3,6,2,07,16,2,0,0,0,1,0,1,0,0
"POINT (7.383227122000051 51.548874420000061)",Unfall 113763 (2019) Kat:3, Licht: 0,113763,3,3,5,07,18,6,0,0,1,1,0,0,0,0
"POINT (7.465107742000043 51.524901801000055)",Unfall 113765 (2019) Kat:2, Licht: 0,113765,2,7,0,07,10,6,0,0,0,1,1,0,0,0
"POINT (7.445027856000024 51.524133485000050)",Unfall 113767 (2019) Kat:3, Licht: 0,113767,3,6,1,07,18,6,0,0,0,1,0,0,0,0
"POINT (7.455412767000041 51.513774134000073)",Unfall 113769 (2019) Kat:3, Licht: 0,113769,3,6,1,07,16,6,0,0,0,1,0,0,0,0
"POINT (7.506890807000048 51.503710587000057)",Unfall 113859 (2019) Kat:3, Licht: 0,113859,3,6,1,07,17,1,0,0,0,1,0,0,0,0
"POINT (7.476161731000047 51.539634895000063)",Unfall 113863 (2019) Kat:3, Licht: 0,113863,3,6,3,07,18,1,0,0,1,1,0,0,0,0
"POINT (7.446105366000040 51.496651708000059)",Unfall 113865 (2019) Kat:2, Licht: 0,113865,2,6,3,07,10,1,0,0,0,1,0,0,0,0
"POINT (7.593409279000071 51.529301254000075)",Unfall 113891 (2019) Kat:3, Licht: 0,113891,3,6,1,07,16,3,0,0,0,1,0,0,0,1
"POINT (7.511586096000031 51.517936604000056)",Unfall 113904 (2019) Kat:3, Licht: 0,113904,3,3,5,07,12,3,0,0,0,1,0,0,0,0
"POINT (7.555548018000025 51.509184236000067)",Unfall 113921 (2019) Kat:2, Licht: 0,113921,2,3,5,07,17,3,0,0,0,1,0,0,0,0
"POINT (7.410094525000034 51.562974647000033)",Unfall 114063 (2019) Kat:3, Licht: 1,114063,3,1,1,07,05,5,1,1,0,1,0,0,0,1
"POINT (7.606200835000038 51.478614576000041)",Unfall 114064 (2019) Kat:3, Licht: 0,114064,3,7,0,07,11,5,0,0,0,1,1,0,0,0
"POINT (7.393378800000050 51.509033566000028)",Unfall 114065 (2019) Kat:2, Licht: 0,114065,2,1,0,07,08,5,1,0,0,0,0,1,0,0
"POINT (7.492115893000062 51.514277933000074)",Unfall 114066 (2019) Kat:3, Licht: 0,114066,3,3,5,07,19,5,1,0,0,1,0,0,0,0
"POINT (7.325982015000022 51.495529219000048)",Unfall 114196 (2019) Kat:3, Licht: 0,114196,3,6,3,07,08,4,0,0,0,1,0,0,0,0
"POINT (7.447245184000053 51.475479919000065)",Unfall 114197 (2019) Kat:3, Licht: 0,114197,3,2,5,07,15,4,0,0,1,1,0,0,0,0
"POINT (7.583598899000037 51.527964846000032)",Unfall 114198 (2019) Kat:3, Licht: 2,114198,3,7,0,07,22,4,1,2,1,0,0,0,0,0
"POINT (7.454608477000022 51.443994274000033)",Unfall 114309 (2019) Kat:2, Licht: 0,114309,2,2,2,07,12,1,0,0,1,1,0,0,0,0
"POINT (7.501163582000061 51.559295277000047)",Unfall 114310 (2019) Kat:3, Licht: 2,114310,3,2,5,07,22,1,0,2,0,1,0,0,0,0
"POINT (7.457103838000023 51.524266985000054)",Unfall 114390 (2019) Kat:3, Licht: 0,114390,3,2,5,07,20,7,0,0,0,1,0,0,0,0
"POINT (7.455403812000043 51.515182859000049)",Unfall 114391 (2019) Kat:3, Licht: 0,114391,3,2,5,07,11,7,0,0,1,1,0,0,0,0
"POINT (7.581057865000048 51.502860293000026)",Unfall 114500 (2019) Kat:2, Licht: 0,114500,2,6,2,07,13,6,0,0,0,1,0,0,0,0
"POINT (7.456827800000042 51.454108007000059)",Unfall 114573 (2019) Kat:2, Licht: 0,114573,2,3,0,07,15,5,0,0,0,1,0,1,0,0
"POINT (7.498657987000058 51.503554404000056)",Unfall 114574 (2019) Kat:3, Licht: 0,114574,3,6,3,07,11,5,0,0,0,1,0,0,1,0
"POINT (7.523061294000058 51.521000533000063)",Unfall 114575 (2019) Kat:3, Licht: 0,114575,3,6,2,07,11,5,0,0,0,1,0,0,0,0
"POINT (7.593300897000063 51.506282775000045)",Unfall 114584 (2019) Kat:3, Licht: 0,114584,3,6,2,07,09,5,0,0,0,1,0,0,0,0
"POINT (7.490429799000026 51.514058938000062)",Unfall 114667 (2019) Kat:3, Licht: 0,114667,3,7,3,07,13,4,0,0,1,1,0,0,0,0
"POINT (7.522197609000045 51.506230647000052)",Unfall 114675 (2019) Kat:3, Licht: 0,114675,3,7,8,07,18,4,0,0,0,1,0,0,0,0
"POINT (7.476825208000037 51.525027663000060)",Unfall 114759 (2019) Kat:3, Licht: 0,114759,3,5,1,07,18,3,0,0,1,1,0,0,0,0
"POINT (7.536099124000032 51.536424011000065)",Unfall 114838 (2019) Kat:3, Licht: 2,114838,3,1,9,07,23,2,0,2,0,1,0,0,0,0
"POINT (7.332682636000072 51.520231180000053)",Unfall 114941 (2019) Kat:3, Licht: 2,114941,3,1,8,07,00,7,0,2,0,1,0,0,0,0
"POINT (7.363265375000026 51.526247253000065)",Unfall 114942 (2019) Kat:3, Licht: 0,114942,3,2,5,07,18,7,1,0,0,1,0,0,0,0
"POINT (7.367180428000040 51.530960034000032)",Unfall 114943 (2019) Kat:3, Licht: 0,114943,3,6,2,07,11,7,0,0,0,1,0,0,1,0
"POINT (7.554063926000026 51.486127046000036)",Unfall 114945 (2019) Kat:3, Licht: 0,114945,3,1,0,07,13,7,0,0,0,0,0,1,0,0
"POINT (7.527281297000059 51.566804024000078)",Unfall 114946 (2019) Kat:3, Licht: 0,114946,3,2,0,07,13,7,0,0,1,1,0,0,0,0
"POINT (7.469794744000069 51.519529160000047)",Unfall 114948 (2019) Kat:3, Licht: 0,114948,3,2,5,07,13,7,0,0,1,1,0,0,0,0
"POINT (7.569375779000040 51.558422600000029)",Unfall 115086 (2019) Kat:3, Licht: 0,115086,3,1,8,07,05,6,0,0,0,1,0,0,0,0
"POINT (7.472207016000027 51.511735848000058)",Unfall 115089 (2019) Kat:3, Licht: 0,115089,3,4,6,07,10,6,0,0,1,0,1,0,0,0
"POINT (7.367596204000051 51.494257135000055)",Unfall 115182 (2019) Kat:3, Licht: 2,115182,3,6,5,07,22,1,0,2,0,1,0,0,0,0
"POINT (7.481276477000051 51.522399294000081)",Unfall 115183 (2019) Kat:3, Licht: 1,115183,3,6,2,07,21,1,0,1,1,1,0,0,0,0
"POINT (7.398687611000071 51.482550235000076)",Unfall 115291 (2019) Kat:2, Licht: 0,115291,2,3,5,07,11,4,0,0,0,1,0,0,0,0
"POINT (7.516112428000042 51.439303081000048)",Unfall 115301 (2019) Kat:3, Licht: 0,115301,3,6,2,07,10,4,0,0,0,1,0,1,0,0
"POINT (7.593607998000039 51.485552475000077)",Unfall 115399 (2019) Kat:3, Licht: 2,115399,3,6,4,07,22,3,0,2,0,1,0,1,0,0
"POINT (7.465467864000061 51.498735203000081)",Unfall 115400 (2019) Kat:3, Licht: 0,115400,3,6,3,07,07,3,0,0,0,1,0,0,1,0
"POINT (7.478477940000062 51.500020137000035)",Unfall 115540 (2019) Kat:3, Licht: 0,115540,3,6,2,07,09,5,0,0,0,1,0,0,0,0
"POINT (7.386330395000073 51.502984499000036)",Unfall 115569 (2019) Kat:2, Licht: 1,115569,2,7,0,07,20,5,0,1,0,1,0,0,1,0
"POINT (7.355339286000060 51.576993842000036)",Unfall 115581 (2019) Kat:2, Licht: 0,115581,2,6,0,07,19,2,0,0,1,1,0,0,0,0
"POINT (7.551748820000057 51.523993558000029)",Unfall 115583 (2019) Kat:3, Licht: 0,115583,3,6,1,07,17,2,0,0,0,1,0,0,0,0
"POINT (7.541578343000026 51.522815766000065)",Unfall 115585 (2019) Kat:3, Licht: 0,115585,3,3,5,07,08,2,0,0,0,1,0,0,0,0
"POINT (7.475352997000073 51.537244803000078)",Unfall 115704 (2019) Kat:2, Licht: 0,115704,2,6,3,07,11,7,0,0,0,1,0,1,0,0
"POINT (7.366258124000069 51.520983452000053)",Unfall 115873 (2019) Kat:3, Licht: 0,115873,3,6,1,07,18,2,0,0,0,1,0,0,1,0
"POINT (7.370014754000067 51.521782779000034)",Unfall 115875 (2019) Kat:2, Licht: 0,115875,2,7,0,07,12,2,0,0,0,1,0,0,0,1
"POINT (7.326064325000061 51.496307085000069)",Unfall 115879 (2019) Kat:3, Licht: 0,115879,3,6,2,07,19,6,0,0,0,1,0,0,0,0
"POINT (7.464874750000035 51.561721853000051)",Unfall 115882 (2019) Kat:3, Licht: 0,115882,3,2,3,07,16,6,0,0,0,1,0,0,0,1
"POINT (7.455393912000034 51.515140998000049)",Unfall 115884 (2019) Kat:3, Licht: 0,115884,3,2,5,07,18,6,0,0,0,1,0,1,0,0
"POINT (7.385608534000028 51.494727269000066)",Unfall 115912 (2019) Kat:3, Licht: 0,115912,3,6,3,07,09,2,0,0,0,1,0,0,0,1
"POINT (7.387350773000037 51.524640189000081)",Unfall 115970 (2019) Kat:2, Licht: 2,115970,2,4,6,08,04,5,0,2,0,1,1,0,0,0
"POINT (7.325593523000066 51.499971538000068)",Unfall 115971 (2019) Kat:3, Licht: 0,115971,3,6,2,08,08,5,0,0,0,1,0,0,0,0
"POINT (7.514146249000021 51.469586121000077)",Unfall 115972 (2019) Kat:3, Licht: 0,115972,3,6,1,08,09,5,0,0,0,1,0,0,0,0
"POINT (7.378710000000069 51.487606340000070)",Unfall 116053 (2019) Kat:3, Licht: 2,116053,3,3,4,08,21,7,0,2,0,1,0,0,0,0
"POINT (7.469861802000025 51.499079720000054)",Unfall 116057 (2019) Kat:3, Licht: 0,116057,3,6,1,08,18,7,0,0,0,1,0,0,0,0
"POINT (7.462463202000038 51.510146408000026)",Unfall 116059 (2019) Kat:3, Licht: 0,116059,3,3,5,08,17,7,0,0,0,1,0,1,0,0
"POINT (7.470010978000062 51.510292496000034)",Unfall 116061 (2019) Kat:3, Licht: 2,116061,3,6,3,08,01,7,0,2,0,1,0,0,0,0
"POINT (7.420250379000038 51.497353499000042)",Unfall 116077 (2019) Kat:3, Licht: 2,116077,3,6,2,08,23,7,0,2,0,1,0,0,0,0
"POINT (7.625081030000047 51.536751966000054)",Unfall 116093 (2019) Kat:3, Licht: 0,116093,3,3,5,07,08,4,0,0,0,1,0,0,0,0
"POINT (7.494952378000050 51.551564963000033)",Unfall 116095 (2019) Kat:3, Licht: 2,116095,3,1,0,07,23,4,1,2,1,0,0,0,0,0
"POINT (7.469229848000055 51.516935295000053)",Unfall 116097 (2019) Kat:3, Licht: 0,116097,3,2,6,07,14,4,1,0,0,1,1,0,0,0
"POINT (7.478516765000052 51.514438555000027)",Unfall 116100 (2019) Kat:3, Licht: 0,116100,3,6,1,07,14,4,1,0,0,1,0,1,0,0
"POINT (7.439467091000040 51.512728779000042)",Unfall 116218 (2019) Kat:3, Licht: 0,116218,3,1,0,08,10,6,0,0,1,0,0,0,0,0
"POINT (7.550443731000030 51.492095201000041)",Unfall 116220 (2019) Kat:3, Licht: 0,116220,3,6,2,08,10,6,0,0,0,1,0,0,0,0
"POINT (7.460881331000053 51.524541055000043)",Unfall 116221 (2019) Kat:3, Licht: 0,116221,3,7,6,08,20,6,1,0,0,1,1,0,0,0
"POINT (7.450900593000029 51.506972609000059)",Unfall 116223 (2019) Kat:3, Licht: 2,116223,3,2,6,08,21,6,1,2,0,1,1,0,0,0
"POINT (7.447464253000021 51.475296060000062)",Unfall 116378 (2019) Kat:3, Licht: 0,116378,3,6,2,07,13,3,0,0,0,1,0,0,0,0
"POINT (7.495027819000029 51.514222613000072)",Unfall 116382 (2019) Kat:3, Licht: 0,116382,3,3,1,07,06,3,0,0,1,1,0,0,0,0
"POINT (7.498204491000024 51.553875530000028)",Unfall 116385 (2019) Kat:3, Licht: 0,116385,3,3,5,07,15,3,0,0,0,1,0,0,0,0
"POINT (7.371260378000045 51.566616648000036)",Unfall 116419 (2019) Kat:3, Licht: 0,116419,3,1,1,08,17,3,0,0,0,1,0,1,0,0
"POINT (7.552403293000054 51.469978766000054)",Unfall 116420 (2019) Kat:3, Licht: 0,116420,3,6,2,08,08,3,1,0,0,1,0,0,0,0
"POINT (7.549251257000037 51.523959866000041)",Unfall 116421 (2019) Kat:3, Licht: 0,116421,3,1,0,08,08,3,1,0,0,0,0,1,0,0
"POINT (7.365546737000045 51.578422352000075)",Unfall 116440 (2019) Kat:3, Licht: 0,116440,3,6,1,08,17,3,0,0,0,1,0,0,0,0
"POINT (7.464826413000026 51.553067411000029)",Unfall 116542 (2019) Kat:3, Licht: 0,116542,3,3,5,08,13,5,0,0,1,1,0,0,0,0
"POINT (7.505636796000033 51.528902431000063)",Unfall 116545 (2019) Kat:1, Licht: 0,116545,1,7,4,08,16,5,0,0,0,1,0,0,0,0
"POINT (7.474253625000074 51.513908859000026)",Unfall 116547 (2019) Kat:2, Licht: 0,116547,2,3,5,08,13,5,0,0,0,1,0,1,0,0
"POINT (7.392538910000042 51.585083251000071)",Unfall 116570 (2019) Kat:3, Licht: 0,116570,3,6,2,08,15,2,0,0,0,1,0,0,0,0
"POINT (7.533503647000032 51.507340729000077)",Unfall 116572 (2019) Kat:3, Licht: 0,116572,3,6,3,08,10,2,0,0,0,1,0,0,1,0
"POINT (7.498240573000032 51.553920034000043)",Unfall 116573 (2019) Kat:3, Licht: 0,116573,3,6,1,08,16,2,0,0,0,1,0,0,0,0
"POINT (7.432661470000028 51.482249016000026)",Unfall 116719 (2019) Kat:2, Licht: 0,116719,2,4,6,08,09,4,0,0,0,0,1,0,0,1
"POINT (7.510087103000046 51.474338171000056)",Unfall 116723 (2019) Kat:3, Licht: 0,116723,3,7,5,08,16,4,0,0,1,0,0,1,0,0
"POINT (7.555562672000065 51.509249670000031)",Unfall 116725 (2019) Kat:3, Licht: 0,116725,3,2,2,08,16,4,0,0,0,1,0,0,0,0
"POINT (7.482218243000034 51.468791682000074)",Unfall 116727 (2019) Kat:3, Licht: 0,116727,3,3,5,08,13,4,0,0,0,1,0,0,0,0
"POINT (7.320254752000039 51.496110562000069)",Unfall 116731 (2019) Kat:2, Licht: 0,116731,2,1,8,08,14,1,0,0,0,0,0,1,0,0
"POINT (7.459808506000059 51.470920613000033)",Unfall 116733 (2019) Kat:3, Licht: 0,116733,3,3,5,08,07,1,0,0,0,1,0,0,0,0
"POINT (7.373248429000057 51.522617754000066)",Unfall 116735 (2019) Kat:3, Licht: 0,116735,3,2,4,08,09,1,0,0,0,1,0,0,0,0
"POINT (7.599529988000029 51.529988932000037)",Unfall 116737 (2019) Kat:2, Licht: 0,116737,2,6,4,08,15,1,0,0,0,1,0,0,0,0
"POINT (7.455396776000043 51.537180108000030)",Unfall 116738 (2019) Kat:3, Licht: 0,116738,3,4,6,08,17,1,0,0,0,1,1,0,0,0
"POINT (7.505478102000041 51.480867897000053)",Unfall 116967 (2019) Kat:3, Licht: 2,116967,3,2,2,08,22,4,0,2,0,1,0,1,0,0
"POINT (7.487069496000061 51.523977354000067)",Unfall 116985 (2019) Kat:3, Licht: 2,116985,3,7,0,08,23,1,0,2,1,1,0,0,0,0
"POINT (7.601115000000050 51.530162756000038)",Unfall 117140 (2019) Kat:3, Licht: 1,117140,3,6,4,08,20,3,1,1,0,1,0,0,0,0
"POINT (7.438974001000076 51.481803148000040)",Unfall 117141 (2019) Kat:2, Licht: 2,117141,2,2,4,08,23,7,0,2,0,1,0,1,0,0
"POINT (7.457986824000045 51.524331714000027)",Unfall 117144 (2019) Kat:2, Licht: 0,117144,2,6,2,08,13,3,0,0,0,1,0,0,0,0
"POINT (7.478208344000052 51.514468424000029)",Unfall 117146 (2019) Kat:3, Licht: 0,117146,3,2,5,08,14,3,0,0,1,1,0,0,0,0
"POINT (7.558359927000026 51.509300572000029)",Unfall 117153 (2019) Kat:3, Licht: 1,117153,3,6,2,08,20,7,0,1,0,1,0,1,0,0
"POINT (7.486796906000052 51.447335025000029)",Unfall 117172 (2019) Kat:3, Licht: 0,117172,3,1,9,08,08,3,1,0,0,1,0,0,0,0
"POINT (7.401541049000059 51.585375712000030)",Unfall 117306 (2019) Kat:3, Licht: 0,117306,3,6,1,08,17,6,0,0,0,1,0,0,0,0
"POINT (7.457088554000052 51.524175672000069)",Unfall 117389 (2019) Kat:3, Licht: 1,117389,3,6,1,08,19,2,1,1,0,1,0,0,0,1
"POINT (7.460394702000031 51.525924101000044)",Unfall 117392 (2019) Kat:3, Licht: 0,117392,3,1,1,08,15,2,0,0,1,1,0,0,0,0
"POINT (7.468185733000041 51.509894893000080)",Unfall 117394 (2019) Kat:3, Licht: 2,117394,3,6,2,08,01,2,0,2,0,1,0,0,0,0
"POINT (7.498798572000055 51.503563486000075)",Unfall 117404 (2019) Kat:3, Licht: 2,117404,3,6,2,08,03,7,1,2,0,1,0,0,1,0
"POINT (7.498552807000067 51.514631786000052)",Unfall 117405 (2019) Kat:2, Licht: 0,117405,2,7,0,08,11,7,0,0,1,0,0,0,0,0
"POINT (7.476160722000032 51.540729091000060)",Unfall 117407 (2019) Kat:3, Licht: 0,117407,3,7,0,08,12,7,0,0,1,0,0,0,0,0
"POINT (7.451917260000073 51.513434357000051)",Unfall 117408 (2019) Kat:3, Licht: 0,117408,3,3,5,08,13,7,0,0,1,1,0,0,0,0
"POINT (7.324207928000021 51.506869275000042)",Unfall 117512 (2019) Kat:3, Licht: 0,117512,3,2,5,08,21,6,0,0,1,1,0,0,0,0
"POINT (7.474518401000069 51.535231630000055)",Unfall 117513 (2019) Kat:3, Licht: 0,117513,3,7,3,08,08,6,1,0,1,1,0,0,0,0
"POINT (7.474852772000077 51.507375933000048)",Unfall 117514 (2019) Kat:2, Licht: 0,117514,2,2,3,08,08,6,0,0,1,1,0,0,0,0
"POINT (7.490632267000024 51.514105929000038)",Unfall 117642 (2019) Kat:3, Licht: 2,117642,3,1,0,08,22,5,1,2,0,0,0,1,0,0
"POINT (7.455443216000049 51.513832593000075)",Unfall 117643 (2019) Kat:3, Licht: 0,117643,3,6,2,08,10,5,1,0,1,1,0,0,0,0
"POINT (7.461510526000041 51.517036098000062)",Unfall 117645 (2019) Kat:3, Licht: 2,117645,3,2,5,08,21,5,1,2,0,1,0,0,0,0
"POINT (7.477631095000049 51.575023925000039)",Unfall 117661 (2019) Kat:3, Licht: 0,117661,3,6,3,08,15,5,1,0,0,1,0,0,0,1
"POINT (7.474518401000069 51.535231630000055)",Unfall 117716 (2019) Kat:3, Licht: 0,117716,3,2,3,08,16,3,0,0,0,1,0,0,0,1
"POINT (7.483979106000049 51.499601558000052)",Unfall 117717 (2019) Kat:3, Licht: 2,117717,3,7,0,08,20,3,1,2,0,0,0,0,0,1
"POINT (7.357209408000074 51.558945401000074)",Unfall 117739 (2019) Kat:3, Licht: 0,117739,3,7,8,08,18,4,1,0,0,0,0,1,0,0
"POINT (7.460048731000029 51.529406328000050)",Unfall 117823 (2019) Kat:3, Licht: 0,117823,3,3,5,08,15,4,0,0,1,1,0,0,0,0
"POINT (7.472799924000071 51.512588697000069)",Unfall 117838 (2019) Kat:3, Licht: 0,117838,3,2,3,08,08,2,0,0,1,1,0,0,0,0
"POINT (7.471438741000043 51.499213924000060)",Unfall 117839 (2019) Kat:3, Licht: 0,117839,3,6,3,08,13,2,0,0,0,1,0,0,1,0
"POINT (7.451927888000057 51.502466071000072)",Unfall 117840 (2019) Kat:3, Licht: 0,117840,3,2,3,08,12,2,0,0,1,1,0,0,0,0
"POINT (7.389405479000061 51.507741762000080)",Unfall 117906 (2019) Kat:3, Licht: 2,117906,3,6,2,08,00,4,0,2,0,1,0,0,0,0
"POINT (7.464937599000052 51.482917794000059)",Unfall 117907 (2019) Kat:3, Licht: 0,117907,3,6,2,08,15,1,1,0,0,1,0,0,0,0
"POINT (7.465328562000025 51.553898305000075)",Unfall 117946 (2019) Kat:3, Licht: 0,117946,3,3,5,08,12,4,0,0,1,1,0,0,0,0
"POINT (7.487629959000060 51.474187889000063)",Unfall 117983 (2019) Kat:3, Licht: 0,117983,3,3,5,08,10,6,0,0,0,1,0,0,0,0
"POINT (7.520177866000040 51.504638117000070)",Unfall 117984 (2019) Kat:3, Licht: 0,117984,3,6,3,08,13,6,0,0,0,1,0,0,1,0
"POINT (7.437749569000062 51.512501366000038)",Unfall 117985 (2019) Kat:3, Licht: 2,117985,3,1,0,08,00,6,0,2,0,0,0,1,0,0
"POINT (7.469689969000058 51.498689598000055)",Unfall 117986 (2019) Kat:3, Licht: 0,117986,3,2,5,08,07,6,0,0,1,1,0,0,0,0
"POINT (7.425510418000044 51.583922133000044)",Unfall 118135 (2019) Kat:3, Licht: 0,118135,3,6,3,08,18,5,0,0,0,1,0,0,1,0
"POINT (7.587353664000034 51.528206544000057)",Unfall 118136 (2019) Kat:3, Licht: 0,118136,3,3,5,08,08,5,0,0,1,1,0,0,0,0
"POINT (7.531475116000024 51.488400012000056)",Unfall 118137 (2019) Kat:3, Licht: 0,118137,3,6,1,08,09,5,0,0,0,1,0,0,0,0
"POINT (7.365914766000060 51.525670047000062)",Unfall 118139 (2019) Kat:3, Licht: 0,118139,3,6,2,08,17,5,0,0,0,1,0,0,0,0
"POINT (7.474389546000055 51.514937442000075)",Unfall 118140 (2019) Kat:3, Licht: 0,118140,3,6,3,08,12,5,0,0,0,1,0,1,0,0
"POINT (7.402974260000065 51.564613623000071)",Unfall 118257 (2019) Kat:2, Licht: 0,118257,2,2,5,08,12,4,0,0,0,1,0,0,1,0
"POINT (7.468322207000028 51.499239006000039)",Unfall 118379 (2019) Kat:2, Licht: 2,118379,2,6,2,08,00,1,0,2,0,1,0,0,1,0
"POINT (7.512184752000053 51.452811151000049)",Unfall 118543 (2019) Kat:3, Licht: 0,118543,3,6,1,08,10,7,0,0,0,1,0,0,0,0
"POINT (7.465453529000058 51.554883183000072)",Unfall 118544 (2019) Kat:3, Licht: 0,118544,3,6,2,08,14,7,0,0,0,1,0,0,0,0
"POINT (7.451259848000063 51.505420941000068)",Unfall 118546 (2019) Kat:3, Licht: 0,118546,3,2,3,08,11,7,0,0,0,1,0,0,0,1
"POINT (7.474296138000057 51.499428429000034)",Unfall 118547 (2019) Kat:3, Licht: 0,118547,3,6,3,08,09,7,0,0,0,1,0,0,1,0
"POINT (7.467616593000059 51.442002280000054)",Unfall 118555 (2019) Kat:1, Licht: 0,118555,1,6,2,08,17,7,0,0,0,0,0,1,0,0
"POINT (7.374730113000055 51.550941738000063)",Unfall 118576 (2019) Kat:3, Licht: 0,118576,3,3,5,08,16,2,0,0,1,1,0,0,0,0
"POINT (7.424471195000024 51.482175653000070)",Unfall 118584 (2019) Kat:2, Licht: 0,118584,2,4,6,08,07,2,0,0,1,0,1,0,0,0
"POINT (7.472070583000061 51.506834083000058)",Unfall 118588 (2019) Kat:3, Licht: 0,118588,3,2,8,08,06,2,0,0,1,0,0,0,0,1
"POINT (7.463892420000036 51.469755174000056)",Unfall 118704 (2019) Kat:3, Licht: 1,118704,3,3,5,08,20,4,0,1,1,1,0,0,0,0
"POINT (7.517503727000076 51.534481085000039)",Unfall 118823 (2019) Kat:3, Licht: 2,118823,3,1,8,08,23,5,0,2,0,1,0,0,0,0
"POINT (7.325795286000073 51.498984390000032)",Unfall 118829 (2019) Kat:3, Licht: 2,118829,3,2,5,08,21,5,0,2,0,1,0,0,0,0
"POINT (7.367537771000059 51.524847403000081)",Unfall 118832 (2019) Kat:3, Licht: 0,118832,3,3,6,08,14,5,0,0,0,1,1,0,0,0
"POINT (7.494050250000043 51.514240858000051)",Unfall 118837 (2019) Kat:2, Licht: 0,118837,2,2,5,08,12,5,0,0,0,1,0,1,0,0
"POINT (7.465018303000022 51.553375719000030)",Unfall 118843 (2019) Kat:3, Licht: 0,118843,3,4,6,08,12,5,0,0,0,1,1,0,0,0
"POINT (7.518195066000033 51.504283294000061)",Unfall 118848 (2019) Kat:3, Licht: 0,118848,3,6,1,08,16,5,0,0,0,1,0,0,0,1
"POINT (7.453692074000060 51.513606894000077)",Unfall 118851 (2019) Kat:3, Licht: 0,118851,3,6,2,08,15,5,0,0,0,1,0,0,0,0
"POINT (7.549303225000074 51.581151304000059)",Unfall 118889 (2019) Kat:3, Licht: 0,118889,3,3,5,08,18,3,1,0,0,1,0,0,0,0
"POINT (7.464897180000037 51.562092288000031)",Unfall 118891 (2019) Kat:3, Licht: 0,118891,3,7,1,08,09,3,0,0,1,1,0,0,0,0
"POINT (7.324746591000064 51.504253285000061)",Unfall 118990 (2019) Kat:3, Licht: 0,118990,3,7,0,08,13,7,0,0,0,1,0,0,0,1
"POINT (7.469805003000033 51.508319261000054)",Unfall 119004 (2019) Kat:3, Licht: 0,119004,3,2,0,08,15,7,0,0,1,1,0,0,0,0
"POINT (7.479365266000059 51.469881648000069)",Unfall 119047 (2019) Kat:3, Licht: 0,119047,3,3,5,08,13,7,0,0,0,1,0,0,0,0
"POINT (7.366369301000020 51.495691498000042)",Unfall 119099 (2019) Kat:3, Licht: 0,119099,3,6,2,08,11,7,0,0,0,1,0,0,0,0
"POINT (7.476886555000021 51.504133316000036)",Unfall 119121 (2019) Kat:3, Licht: 0,119121,3,6,4,08,15,7,0,0,1,0,0,0,0,1
"POINT (7.443207933000053 51.580073901000048)",Unfall 119182 (2019) Kat:3, Licht: 0,119182,3,6,3,08,08,7,0,0,0,1,0,1,0,0
"POINT (7.365325800000051 51.525646162000044)",Unfall 119196 (2019) Kat:3, Licht: 0,119196,3,3,0,08,16,7,0,0,0,1,0,1,0,0
"POINT (7.432970182000076 51.511893598000029)",Unfall 119214 (2019) Kat:3, Licht: 0,119214,3,7,0,09,18,2,0,0,1,0,0,0,0,0
"POINT (7.449976806000052 51.578512679000028)",Unfall 119244 (2019) Kat:3, Licht: 0,119244,3,1,2,09,09,2,0,0,0,1,0,0,0,0
"POINT (7.367479503000027 51.494340088000058)",Unfall 119292 (2019) Kat:2, Licht: 0,119292,2,7,0,08,16,6,0,0,1,0,0,0,0,0
"POINT (7.432619568000064 51.482251984000072)",Unfall 119295 (2019) Kat:3, Licht: 0,119295,3,7,6,08,14,6,0,0,0,1,1,0,0,0
"POINT (7.498826740000027 51.488463860000081)",Unfall 119300 (2019) Kat:3, Licht: 0,119300,3,1,8,08,15,6,0,0,0,0,0,1,0,0