WKT,Name,OBJECTID,UKATEGORIE,UTYP1,UART,UMONAT,USTUNDE,UWOCHENTAG,STRZUSTAND,ULICHTVERH,ISTRAD,ISTPKW,ISTFUSS,ISTKRAD,ISTGKFZ,ISTSONSTIG
"POINT (7.471569877000036 51.526964466000038)",Unfall 119304 (2019) Kat:3, Licht: 2,119304,3,7,0,08,21,6,0,2,1,1,0,0,0,0
"POINT (7.542912705000049 51.523123501000043)",Unfall 119333 (2019) Kat:3, Licht: 0,119333,3,5,1,08,11,7,0,0,1,1,0,0,0,0
"POINT (7.515610353000056 51.531750819000081)",Unfall 119347 (2019) Kat:3, Licht: 0,119347,3,1,9,09,11,1,1,0,0,0,0,1,0,0
"POINT (7.486087497000028 51.450211599000056)",Unfall 119348 (2019) Kat:3, Licht: 2,119348,3,7,8,09,02,1,0,2,0,1,0,0,0,0
"POINT (7.516055095000070 51.504195419000041)",Unfall 119350 (2019) Kat:3, Licht: 0,119350,3,4,6,09,17,1,0,0,0,0,1,0,0,1
"POINT (7.457648514000027 51.512498594000078)",Unfall 119352 (2019) Kat:3, Licht: 0,119352,3,6,2,09,14,1,0,0,0,1,0,0,0,0
"POINT (7.451160774000073 51.497845610000070)",Unfall 119388 (2019) Kat:3, Licht: 0,119388,3,6,3,09,16,5,1,0,0,1,0,0,1,0
"POINT (7.468443901000057 51.508877080000047)",Unfall 119389 (2019) Kat:3, Licht: 0,119389,3,6,2,09,14,5,0,0,0,1,0,0,0,0
"POINT (7.398593866000056 51.496054401000038)",Unfall 119399 (2019) Kat:3, Licht: 0,119399,3,6,2,09,17,5,0,0,0,1,0,0,0,0
"POINT (7.371386153000060 51.551322082000070)",Unfall 119504 (2019) Kat:3, Licht: 0,119504,3,7,1,09,13,4,0,0,0,1,1,1,0,0
"POINT (7.513756781000041 51.519506575000037)",Unfall 119506 (2019) Kat:3, Licht: 0,119506,3,7,0,09,16,4,0,0,1,0,0,0,0,0
"POINT (7.456463021000047 51.539002125000081)",Unfall 119616 (2019) Kat:3, Licht: 0,119616,3,6,3,09,12,6,0,0,0,1,0,1,0,0
"POINT (7.323955616000035 51.517402955000080)",Unfall 119683 (2019) Kat:3, Licht: 0,119683,3,2,3,09,16,3,0,0,1,1,0,0,0,0
"POINT (7.602262208000070 51.530340711000065)",Unfall 119684 (2019) Kat:3, Licht: 2,119684,3,1,0,09,20,3,0,2,1,0,0,0,0,0
"POINT (7.485840583000027 51.523709626000027)",Unfall 119687 (2019) Kat:2, Licht: 0,119687,2,4,6,09,12,3,0,0,0,1,1,0,0,0
"POINT (7.510393225000030 51.482006387000069)",Unfall 119689 (2019) Kat:3, Licht: 0,119689,3,7,1,09,09,3,0,0,0,1,0,0,0,0
"POINT (7.602287040000022 51.530347076000055)",Unfall 119899 (2019) Kat:3, Licht: 0,119899,3,4,6,09,14,2,0,0,0,1,1,0,0,0
"POINT (7.587811091000049 51.496795049000070)",Unfall 119901 (2019) Kat:3, Licht: 0,119901,3,6,1,09,08,2,0,0,0,1,0,0,0,1
"POINT (7.504246278000039 51.569805163000069)",Unfall 119903 (2019) Kat:3, Licht: 0,119903,3,3,5,09,07,2,0,0,0,1,0,0,0,0
"POINT (7.398740438000061 51.482575672000053)",Unfall 119983 (2019) Kat:3, Licht: 0,119983,3,6,2,09,18,4,1,0,0,1,0,0,0,0
"POINT (7.497857110000041 51.494052665000027)",Unfall 119986 (2019) Kat:3, Licht: 0,119986,3,2,5,09,07,4,0,0,1,1,0,0,0,0
"POINT (7.450700837000056 51.510166774000027)",Unfall 119988 (2019) Kat:3, Licht: 0,119988,3,7,3,09,15,4,1,0,0,1,0,0,0,0
"POINT (7.472079659000031 51.506828864000056)",Unfall 119992 (2019) Kat:3, Licht: 0,119992,3,1,0,09,15,4,1,0,0,0,0,1,0,0
"POINT (7.555680728000027 51.509092445000078)",Unfall 120029 (2019) Kat:3, Licht: 0,120029,3,1,0,09,16,1,1,0,0,0,0,1,0,0
"POINT (7.459602422000046 51.505269881000061)",Unfall 120031 (2019) Kat:3, Licht: 0,120031,3,7,5,09,11,1,0,0,0,1,0,0,0,0
"POINT (7.458865427000035 51.478139034000037)",Unfall 120210 (2019) Kat:3, Licht: 0,120210,3,6,2,09,13,7,0,0,0,1,0,0,0,0
"POINT (7.520719676000056 51.456099652000034)",Unfall 120212 (2019) Kat:3, Licht: 2,120212,3,1,8,09,05,7,1,2,0,1,0,0,0,1
"POINT (7.371680874000049 51.522269421000033)",Unfall 120335 (2019) Kat:3, Licht: 0,120335,3,6,2,09,12,6,1,0,0,1,0,0,0,0
"POINT (7.465808799000058 51.524990117000073)",Unfall 120337 (2019) Kat:3, Licht: 0,120337,3,7,0,09,11,6,1,0,0,0,0,0,0,1
"POINT (7.463369302000046 51.519646235000039)",Unfall 120339 (2019) Kat:3, Licht: 0,120339,3,1,0,09,10,6,1,0,0,0,0,1,0,0
"POINT (7.468237645000045 51.505539871000053)",Unfall 120343 (2019) Kat:2, Licht: 0,120343,2,2,6,09,09,6,1,0,0,1,1,0,0,0
"POINT (7.493281869000043 51.502851049000071)",Unfall 120345 (2019) Kat:3, Licht: 0,120345,3,6,2,09,13,6,0,0,0,1,0,0,0,0
"POINT (7.460881331000053 51.524541055000043)",Unfall 120421 (2019) Kat:3, Licht: 0,120421,3,2,4,09,17,1,0,0,0,1,0,0,0,0
"POINT (7.459256607000043 51.490764858000034)",Unfall 120609 (2019) Kat:3, Licht: 0,120609,3,2,0,09,14,7,0,0,1,1,0,0,0,0
"POINT (7.461973290000060 51.524522905000026)",Unfall 120612 (2019) Kat:3, Licht: 0,120612,3,2,4,09,14,7,0,0,0,1,0,0,0,0
"POINT (7.458774784000070 51.542877846000067)",Unfall 120613 (2019) Kat:3, Licht: 0,120613,3,3,5,09,15,5,0,0,1,1,0,0,0,0
"POINT (7.475116510000021 51.525383041000055)",Unfall 120614 (2019) Kat:3, Licht: 0,120614,3,6,0,09,18,7,0,0,0,1,0,0,0,0
"POINT (7.458163215000070 51.524250607000056)",Unfall 120615 (2019) Kat:3, Licht: 0,120615,3,6,2,09,14,5,0,0,0,1,0,0,0,0
"POINT (7.474937551000039 51.505181977000063)",Unfall 120618 (2019) Kat:3, Licht: 0,120618,3,3,5,09,13,5,0,0,1,1,0,0,0,0
"POINT (7.418792637000024 51.460204133000047)",Unfall 120648 (2019) Kat:3, Licht: 0,120648,3,6,2,09,17,5,0,0,0,1,0,0,0,0
"POINT (7.446320503000038 51.512933997000061)",Unfall 120792 (2019) Kat:2, Licht: 2,120792,2,1,0,09,02,4,0,2,0,0,0,0,0,1
"POINT (7.474411448000069 51.514933709000047)",Unfall 120900 (2019) Kat:3, Licht: 0,120900,3,2,5,09,13,3,0,0,1,0,0,0,1,0
"POINT (7.467385243000024 51.491292113000043)",Unfall 120901 (2019) Kat:3, Licht: 2,120901,3,6,2,09,23,3,0,2,0,1,0,0,0,0
"POINT (7.520705711000062 51.456116370000075)",Unfall 121018 (2019) Kat:3, Licht: 0,121018,3,1,8,09,20,2,1,0,0,1,0,0,0,0
"POINT (7.474518401000069 51.535231630000055)",Unfall 121020 (2019) Kat:2, Licht: 0,121020,2,2,5,09,12,2,1,0,0,1,0,0,0,0
"POINT (7.511271154000042 51.470912626000029)",Unfall 121023 (2019) Kat:2, Licht: 1,121023,2,1,8,09,18,2,1,1,0,0,0,1,0,0
"POINT (7.472507015000076 51.499263096000050)",Unfall 121024 (2019) Kat:3, Licht: 0,121024,3,6,3,09,13,2,1,0,0,1,0,0,1,0
"POINT (7.461290680000047 51.546955513000057)",Unfall 121031 (2019) Kat:3, Licht: 0,121031,3,6,1,09,17,4,0,0,0,1,0,0,0,0
"POINT (7.358213641000020 51.561425710000037)",Unfall 121039 (2019) Kat:3, Licht: 0,121039,3,6,2,09,16,2,1,0,0,1,0,0,0,0
"POINT (7.315326737000021 51.496144663000052)",Unfall 121043 (2019) Kat:3, Licht: 0,121043,3,6,2,09,13,2,1,0,0,1,0,0,0,0
"POINT (7.494787391000045 51.503088394000031)",Unfall 121049 (2019) Kat:2, Licht: 0,121049,2,3,5,09,14,4,0,0,1,1,0,0,0,0
"POINT (7.462091661000045 51.509713387000033)",Unfall 121054 (2019) Kat:3, Licht: 0,121054,3,6,3,09,07,4,0,0,1,1,0,0,0,0
"POINT (7.322993179000036 51.494732057000078)",Unfall 121116 (2019) Kat:3, Licht: 0,121116,3,6,0,09,14,6,0,0,0,0,0,1,0,0
"POINT (7.389866697000059 51.479035773000078)",Unfall 121117 (2019) Kat:3, Licht: 0,121117,3,2,5,09,15,6,0,0,0,1,0,0,0,0
"POINT (7.448822055000051 51.497835294000026)",Unfall 121119 (2019) Kat:2, Licht: 0,121119,2,6,4,09,09,6,0,0,1,0,0,0,0,0
"POINT (7.483938800000033 51.576239770000029)",Unfall 121142 (2019) Kat:3, Licht: 0,121142,3,6,2,09,06,6,0,0,0,1,0,0,0,0
"POINT (7.453440193000063 51.577714675000038)",Unfall 121145 (2019) Kat:2, Licht: 0,121145,2,6,2,09,13,6,0,0,0,1,0,1,0,0
"POINT (7.487880533000066 51.513590016000080)",Unfall 121246 (2019) Kat:2, Licht: 0,121246,2,4,6,09,08,5,0,0,0,1,1,0,0,0
"POINT (7.454728162000038 51.577416771000060)",Unfall 121367 (2019) Kat:3, Licht: 0,121367,3,6,2,09,07,2,1,0,0,1,0,0,1,0
"POINT (7.517642561000059 51.521424745000047)",Unfall 121434 (2019) Kat:3, Licht: 2,121434,3,6,2,09,19,1,0,2,0,1,0,0,0,0
"POINT (7.549270581000030 51.480516371000078)",Unfall 121459 (2019) Kat:3, Licht: 0,121459,3,7,3,09,08,7,0,0,0,1,0,0,1,0
"POINT (7.358245077000049 51.561624681000069)",Unfall 121491 (2019) Kat:3, Licht: 0,121491,3,1,9,09,17,1,0,0,0,0,0,1,0,0
"POINT (7.445935298000052 51.497360109000056)",Unfall 121492 (2019) Kat:3, Licht: 0,121492,3,6,2,09,14,2,0,0,0,1,0,0,1,0
"POINT (7.541135224000072 51.537312524000072)",Unfall 121522 (2019) Kat:3, Licht: 2,121522,3,2,4,09,00,1,0,2,0,1,0,0,0,0
"POINT (7.555565935000061 51.509245135000072)",Unfall 121534 (2019) Kat:3, Licht: 2,121534,3,3,5,09,22,2,0,2,0,1,0,0,0,0
"POINT (7.397934465000049 51.526335041000038)",Unfall 121555 (2019) Kat:3, Licht: 0,121555,3,3,5,09,13,7,0,0,0,1,0,0,0,0
"POINT (7.524063668000053 51.521135870000080)",Unfall 121728 (2019) Kat:3, Licht: 0,121728,3,2,5,09,18,4,0,0,0,1,0,1,0,0
"POINT (7.451278766000030 51.505344730000047)",Unfall 121729 (2019) Kat:3, Licht: 0,121729,3,2,0,09,08,4,1,0,1,1,0,0,0,0
"POINT (7.502858850000052 51.565914930000076)",Unfall 121739 (2019) Kat:3, Licht: 2,121739,3,1,8,09,23,4,1,2,0,0,0,0,0,1
"POINT (7.516902869000035 51.537790070000028)",Unfall 121826 (2019) Kat:3, Licht: 2,121826,3,6,1,09,05,3,0,2,0,1,0,0,0,0
"POINT (7.458863816000076 51.478033819000075)",Unfall 121827 (2019) Kat:2, Licht: 1,121827,2,7,5,09,18,3,0,1,1,1,0,0,0,0
"POINT (7.470540818000075 51.522829046000027)",Unfall 121829 (2019) Kat:3, Licht: 0,121829,3,2,5,09,14,3,0,0,0,1,0,0,0,1
"POINT (7.421038423000027 51.529226911000080)",Unfall 121912 (2019) Kat:3, Licht: 1,121912,3,6,3,09,19,5,1,1,0,1,0,0,0,0
"POINT (7.543278605000069 51.508525980000059)",Unfall 121913 (2019) Kat:3, Licht: 1,121913,3,6,3,09,19,5,0,1,0,1,0,0,0,1
"POINT (7.464749183000038 51.518805572000076)",Unfall 121915 (2019) Kat:3, Licht: 0,121915,3,1,0,09,13,5,1,0,0,0,0,1,0,0
"POINT (7.394081086000028 51.580915451000067)",Unfall 122016 (2019) Kat:3, Licht: 2,122016,3,2,5,09,19,7,0,2,0,1,0,0,0,0
"POINT (7.437196177000033 51.481926942000030)",Unfall 122017 (2019) Kat:3, Licht: 2,122017,3,4,6,09,21,7,1,2,0,1,1,0,0,0
"POINT (7.456402214000036 51.531709578000061)",Unfall 122018 (2019) Kat:3, Licht: 0,122018,3,4,6,09,14,7,1,0,0,0,1,0,0,1
"POINT (7.459799724000050 51.505726512000081)",Unfall 122019 (2019) Kat:3, Licht: 2,122019,3,6,0,09,21,7,0,2,0,0,0,0,0,1
"POINT (7.456068528000060 51.458827580000047)",Unfall 122121 (2019) Kat:2, Licht: 0,122121,2,3,5,09,17,6,0,0,0,1,0,0,0,0
"POINT (7.497857110000041 51.494052665000027)",Unfall 122126 (2019) Kat:3, Licht: 2,122126,3,4,6,09,07,6,1,2,0,1,1,0,0,0
"POINT (7.471597461000044 51.484678604000067)",Unfall 122129 (2019) Kat:3, Licht: 1,122129,3,6,2,09,07,6,1,1,0,1,0,0,0,1
"POINT (7.468247523000059 51.505577930000072)",Unfall 122131 (2019) Kat:3, Licht: 0,122131,3,2,4,09,14,6,0,0,1,1,0,0,0,0
"POINT (7.479365266000059 51.469881648000069)",Unfall 122139 (2019) Kat:3, Licht: 0,122139,3,1,0,09,14,2,1,0,0,0,0,1,0,0
"POINT (7.400150499000063 51.470983894000028)",Unfall 122177 (2019) Kat:3, Licht: 0,122177,3,1,8,09,07,2,1,0,0,1,0,0,0,0
"POINT (7.522651861000043 51.507121428000062)",Unfall 122299 (2019) Kat:3, Licht: 1,122299,3,7,9,09,19,1,1,1,0,1,0,0,0,0
"POINT (7.587353086000064 51.528206481000041)",Unfall 122408 (2019) Kat:3, Licht: 0,122408,3,6,0,10,15,4,0,0,0,1,0,1,0,0
"POINT (7.463709152000035 51.551189520000037)",Unfall 122409 (2019) Kat:3, Licht: 2,122409,3,2,3,10,19,4,0,2,0,1,0,0,0,0
"POINT (7.372757586000034 51.518136848000040)",Unfall 122598 (2019) Kat:3, Licht: 0,122598,3,6,2,10,08,3,1,0,0,1,0,0,0,0
"POINT (7.512520664000022 51.518657650000080)",Unfall 122600 (2019) Kat:3, Licht: 0,122600,3,1,1,10,17,3,0,0,0,1,0,0,0,0
"POINT (7.507439840000075 51.488031520000050)",Unfall 122601 (2019) Kat:3, Licht: 0,122601,3,3,5,10,17,5,0,0,1,1,0,0,0,0
"POINT (7.498240573000032 51.553920034000043)",Unfall 122603 (2019) Kat:3, Licht: 0,122603,3,7,2,10,16,3,0,0,0,1,0,0,0,1
"POINT (7.452691508000044 51.523837429000082)",Unfall 122609 (2019) Kat:3, Licht: 0,122609,3,2,5,10,11,3,1,0,1,1,0,0,0,0
"POINT (7.460803337000073 51.524490789000026)",Unfall 122611 (2019) Kat:3, Licht: 2,122611,3,2,5,10,04,3,1,2,1,1,0,0,0,0
"POINT (7.481786686000021 51.501392470000042)",Unfall 122613 (2019) Kat:3, Licht: 1,122613,3,2,5,10,08,3,1,1,1,1,0,0,0,0
"POINT (7.546859971000060 51.523638649000077)",Unfall 122989 (2019) Kat:3, Licht: 1,122989,3,2,0,10,18,7,0,1,1,1,0,0,0,0
"POINT (7.509848240000054 51.474942435000060)",Unfall 123039 (2019) Kat:3, Licht: 2,123039,3,2,5,10,07,3,1,2,1,1,0,0,0,0
"POINT (7.455515599000023 51.513884705000066)",Unfall 123044 (2019) Kat:3, Licht: 2,123044,3,2,5,10,21,3,0,2,1,1,0,0,0,0
"POINT (7.403145670000072 51.469083444000034)",Unfall 123075 (2019) Kat:2, Licht: 1,123075,2,6,2,10,07,3,1,1,0,1,0,0,1,0
"POINT (7.543480606000060 51.534070528000029)",Unfall 123200 (2019) Kat:3, Licht: 0,123200,3,6,2,10,10,6,1,0,1,1,0,0,0,0
"POINT (7.505522793000068 51.480881702000033)",Unfall 123205 (2019) Kat:3, Licht: 2,123205,3,3,4,10,20,6,1,2,0,1,0,0,0,0
"POINT (7.462480857000060 51.510142518000066)",Unfall 123207 (2019) Kat:3, Licht: 2,123207,3,6,2,10,23,6,1,2,0,1,0,0,0,0
"POINT (7.455387303000066 51.515113055000029)",Unfall 123210 (2019) Kat:3, Licht: 0,123210,3,6,3,10,15,6,1,0,0,1,0,0,0,0
"POINT (7.526778614000023 51.506211002000043)",Unfall 123255 (2019) Kat:3, Licht: 2,123255,3,6,2,10,22,6,0,2,0,1,0,0,0,0
"POINT (7.489552725000067 51.513866793000034)",Unfall 123256 (2019) Kat:3, Licht: 0,123256,3,1,0,10,17,6,1,0,0,0,0,1,0,0
"POINT (7.461986294000042 51.557573964000028)",Unfall 123258 (2019) Kat:2, Licht: 1,123258,2,4,6,10,07,6,1,1,0,1,1,0,0,0
"POINT (7.474510173000056 51.535200171000042)",Unfall 123259 (2019) Kat:3, Licht: 0,123259,3,2,5,10,07,6,1,0,0,1,0,1,0,0
"POINT (7.466611669000031 51.498573083000053)",Unfall 123260 (2019) Kat:3, Licht: 1,123260,3,6,1,10,17,6,1,1,0,1,0,0,0,0
"POINT (7.516578398000036 51.520563381000045)",Unfall 123331 (2019) Kat:3, Licht: 0,123331,3,1,0,10,13,1,1,0,0,0,0,1,0,0
"POINT (7.459567148000076 51.516784949000055)",Unfall 123335 (2019) Kat:3, Licht: 2,123335,3,6,3,10,04,1,0,2,0,1,0,0,0,0
"POINT (7.501204332000043 51.559273474000065)",Unfall 123468 (2019) Kat:3, Licht: 0,123468,3,2,4,10,17,5,1,0,1,0,0,0,0,1
"POINT (7.478132838000022 51.437562990000060)",Unfall 123537 (2019) Kat:3, Licht: 0,123537,3,3,5,10,12,7,0,0,0,1,0,0,0,0
"POINT (7.461882973000058 51.509463636000078)",Unfall 123539 (2019) Kat:3, Licht: 0,123539,3,6,2,10,15,7,0,0,1,1,0,0,0,0
"POINT (7.496450935000041 51.576037138000061)",Unfall 123568 (2019) Kat:2, Licht: 2,123568,2,1,9,10,23,7,0,2,0,1,0,0,0,0
"POINT (7.371644527000058 51.522519408000051)",Unfall 123634 (2019) Kat:3, Licht: 0,123634,3,5,1,10,17,4,1,0,0,1,0,0,0,0
"POINT (7.412676886000043 51.500600647000056)",Unfall 123636 (2019) Kat:3, Licht: 0,123636,3,1,0,10,12,4,0,0,1,0,0,0,0,0
"POINT (7.463273105000042 51.550457591000054)",Unfall 123639 (2019) Kat:3, Licht: 0,123639,3,7,3,10,08,4,0,0,0,1,0,0,0,1
"POINT (7.468434406000029 51.508696421000082)",Unfall 123641 (2019) Kat:3, Licht: 0,123641,3,3,5,10,12,4,0,0,0,1,0,0,0,0
"POINT (7.431163760000061 51.482354487000066)",Unfall 123719 (2019) Kat:3, Licht: 0,123719,3,2,5,10,13,6,1,0,1,1,0,0,0,0
"POINT (7.570232342000054 51.568935663000047)",Unfall 123722 (2019) Kat:2, Licht: 2,123722,2,6,6,10,19,6,0,2,0,1,1,0,0,0
"POINT (7.475634504000027 51.590227777000052)",Unfall 123725 (2019) Kat:2, Licht: 0,123725,2,2,1,10,17,4,0,0,0,1,0,0,0,0
"POINT (7.485222671000031 51.443166837000035)",Unfall 123753 (2019) Kat:2, Licht: 0,123753,2,1,9,10,14,4,0,0,0,0,0,1,0,0
"POINT (7.500285109000060 51.569612310000082)",Unfall 123757 (2019) Kat:3, Licht: 0,123757,3,6,2,10,17,6,0,0,0,1,0,0,0,0
"POINT (7.391609596000023 51.508470390000070)",Unfall 123903 (2019) Kat:2, Licht: 2,123903,2,1,0,10,18,3,1,2,0,0,0,1,0,0
"POINT (7.480348685000024 51.471654073000082)",Unfall 123904 (2019) Kat:3, Licht: 0,123904,3,1,9,10,08,3,0,0,0,1,0,0,0,0
"POINT (7.506468993000055 51.488207584000065)",Unfall 123908 (2019) Kat:2, Licht: 2,123908,2,1,5,10,19,3,1,2,1,1,0,0,0,0
"POINT (7.468213118000051 51.509768914000063)",Unfall 123910 (2019) Kat:3, Licht: 2,123910,3,7,5,10,21,3,1,2,1,1,0,0,0,0
"POINT (7.325117830000067 51.502405150000072)",Unfall 123976 (2019) Kat:2, Licht: 2,123976,2,1,5,10,20,5,1,2,0,1,0,0,0,0
"POINT (7.364442479000047 51.496150895000028)",Unfall 123978 (2019) Kat:3, Licht: 2,123978,3,6,2,10,19,5,1,2,0,1,0,0,0,0
"POINT (7.409108406000030 51.541749383000081)",Unfall 123979 (2019) Kat:2, Licht: 2,123979,2,1,9,10,00,5,1,2,0,0,0,1,0,0
"POINT (7.365420196000059 51.578012857000033)",Unfall 124003 (2019) Kat:3, Licht: 0,124003,3,6,2,10,16,5,1,0,0,1,0,0,0,0
"POINT (7.459014872000068 51.576282935000052)",Unfall 124005 (2019) Kat:1, Licht: 2,124005,1,6,2,10,18,5,1,2,0,0,0,0,1,1
"POINT (7.468247523000059 51.505577930000072)",Unfall 124106 (2019) Kat:3, Licht: 0,124106,3,1,5,10,11,2,0,0,0,1,0,0,1,0
"POINT (7.443386632000056 51.494688122000071)",Unfall 124108 (2019) Kat:3, Licht: 0,124108,3,2,5,10,10,2,0,0,0,1,0,0,0,0
"POINT (7.401555038000026 51.495857602000058)",Unfall 124130 (2019) Kat:3, Licht: 2,124130,3,6,2,10,18,2,0,2,0,1,0,0,0,0
"POINT (7.555628241000022 51.509160414000064)",Unfall 124254 (2019) Kat:3, Licht: 0,124254,3,3,5,10,12,2,0,0,0,1,0,0,1,0
"POINT (7.472178015000054 51.506920801000035)",Unfall 124255 (2019) Kat:3, Licht: 0,124255,3,2,4,10,10,2,0,0,0,1,0,0,0,0
"POINT (7.431517443000075 51.482329518000029)",Unfall 124335 (2019) Kat:3, Licht: 2,124335,3,2,6,10,20,1,1,2,0,1,1,0,0,0
"POINT (7.377163063000069 51.497900668000057)",Unfall 124360 (2019) Kat:3, Licht: 0,124360,3,6,2,10,17,1,1,0,0,1,0,0,0,0
"POINT (7.387641625000072 51.497567761000028)",Unfall 124361 (2019) Kat:3, Licht: 0,124361,3,6,1,10,14,1,1,0,0,1,0,0,0,0
"POINT (7.393865313000049 51.509127755000065)",Unfall 124418 (2019) Kat:3, Licht: 0,124418,3,1,0,10,10,7,1,0,0,0,0,1,0,0
"POINT (7.456893130000026 51.512685899000076)",Unfall 124419 (2019) Kat:3, Licht: 2,124419,3,6,1,10,21,7,1,2,0,1,0,0,0,0
"POINT (7.386346264000054 51.503020967000054)",Unfall 124431 (2019) Kat:3, Licht: 2,124431,3,6,3,10,23,7,1,2,0,1,0,0,0,0
"POINT (7.520723776000068 51.456087021000030)",Unfall 124531 (2019) Kat:3, Licht: 0,124531,3,1,4,10,17,5,0,0,0,1,0,0,0,1
"POINT (7.388884115000053 51.515141237000080)",Unfall 124544 (2019) Kat:3, Licht: 0,124544,3,1,9,10,14,5,0,0,0,1,0,0,0,0
"POINT (7.389894675000051 51.583324771000036)",Unfall 124545 (2019) Kat:3, Licht: 0,124545,3,1,9,10,17,5,0,0,0,0,0,1,0,0
"POINT (7.324968092000063 51.522035117000030)",Unfall 124613 (2019) Kat:3, Licht: 2,124613,3,1,0,10,18,4,0,2,0,0,0,1,0,0
"POINT (7.555307011000025 51.490553135000027)",Unfall 124614 (2019) Kat:3, Licht: 0,124614,3,6,0,10,11,4,0,0,0,1,0,1,0,0
"POINT (7.412893397000062 51.464048577000028)",Unfall 124620 (2019) Kat:3, Licht: 0,124620,3,6,3,10,09,4,0,0,0,1,0,0,0,1
"POINT (7.494209387000069 51.482394352000028)",Unfall 124697 (2019) Kat:2, Licht: 0,124697,2,2,5,10,15,3,0,0,1,1,0,0,0,0
"POINT (7.580601420000050 51.559347118000062)",Unfall 124698 (2019) Kat:2, Licht: 0,124698,2,3,5,10,14,3,0,0,0,1,0,1,0,0
"POINT (7.476362606000066 51.540388733000043)",Unfall 124699 (2019) Kat:3, Licht: 0,124699,3,2,5,10,12,3,0,0,0,1,0,0,0,1
"POINT (7.324399296000024 51.505973025000060)",Unfall 124808 (2019) Kat:3, Licht: 0,124808,3,2,4,10,16,2,0,0,0,1,0,0,0,0
"POINT (7.536932840000077 51.543636217000028)",Unfall 124809 (2019) Kat:2, Licht: 2,124809,2,1,9,10,22,2,0,2,0,1,0,0,0,0
"POINT (7.458729280000057 51.542803890000073)",Unfall 124811 (2019) Kat:3, Licht: 2,124811,3,7,8,10,17,2,0,2,0,1,0,0,0,0
"POINT (7.464461432000064 51.517836136000028)",Unfall 124812 (2019) Kat:3, Licht: 0,124812,3,6,2,10,17,2,0,0,0,1,0,0,0,0
"POINT (7.463627373000065 51.575495035000074)",Unfall 124830 (2019) Kat:3, Licht: 0,124830,3,6,1,10,10,2,0,0,0,1,0,0,1,0
"POINT (7.372373554000035 51.519612340000037)",Unfall 124957 (2019) Kat:3, Licht: 0,124957,3,6,1,10,14,7,0,0,0,1,0,0,0,0
"POINT (7.456597006000038 51.538967138000032)",Unfall 125064 (2019) Kat:2, Licht: 1,125064,2,2,5,10,17,6,0,1,0,1,0,1,0,0
"POINT (7.482874367000022 51.464077697000050)",Unfall 125137 (2019) Kat:3, Licht: 2,125137,3,1,0,10,00,5,0,2,0,1,0,0,0,0
"POINT (7.385938404000058 51.496657084000049)",Unfall 125159 (2019) Kat:3, Licht: 0,125159,3,6,1,10,15,4,0,0,0,1,0,0,0,0
"POINT (7.515725270000075 51.524422954000045)",Unfall 125180 (2019) Kat:3, Licht: 2,125180,3,1,2,10,19,5,0,2,0,1,0,0,0,0
"POINT (7.448579458000040 51.497388654000076)",Unfall 125193 (2019) Kat:3, Licht: 0,125193,3,3,5,10,15,4,0,0,0,1,0,0,1,0
"POINT (7.532027166000034 51.507122460000062)",Unfall 125253 (2019) Kat:3, Licht: 0,125253,3,6,3,10,09,3,0,0,0,1,0,0,1,0
"POINT (7.462813636000021 51.520996641000067)",Unfall 125256 (2019) Kat:3, Licht: 2,125256,3,6,2,10,17,5,0,2,0,1,0,0,0,0
"POINT (7.576004537000074 51.537333067000077)",Unfall 125257 (2019) Kat:3, Licht: 2,125257,3,6,0,10,18,3,0,2,0,1,0,0,0,0
"POINT (7.458873169000071 51.478358947000061)",Unfall 125267 (2019) Kat:3, Licht: 1,125267,3,2,4,10,06,3,0,1,1,1,0,0,0,0
"POINT (7.523778143000072 51.445003351000082)",Unfall 125271 (2019) Kat:3, Licht: 0,125271,3,2,6,10,08,3,0,0,0,1,1,0,0,0
"POINT (7.467856767000058 51.431454315000053)",Unfall 125275 (2019) Kat:3, Licht: 0,125275,3,2,6,10,15,3,0,0,0,1,1,0,0,0
"POINT (7.474429489000045 51.514500140000052)",Unfall 125315 (2019) Kat:3, Licht: 0,125315,3,6,2,10,09,5,0,0,0,1,0,0,0,0
"POINT (7.375197790000073 51.545394906000070)",Unfall 125378 (2019) Kat:3, Licht: 0,125378,3,7,3,10,14,5,0,0,0,1,0,1,0,0
"POINT (7.610387511000056 51.532253896000043)",Unfall 125520 (2019) Kat:3, Licht: 0,125520,3,4,6,11,15,2,1,0,0,1,1,0,0,0
"POINT (7.465177648000065 51.567129217000058)",Unfall 125521 (2019) Kat:3, Licht: 0,125521,3,5,1,11,10,2,1,0,0,0,0,1,0,1
"POINT (7.482612350000068 51.500695218000033)",Unfall 125522 (2019) Kat:3, Licht: 0,125522,3,2,5,11,18,2,0,0,0,1,0,0,0,1
"POINT (7.454348724000056 51.513766319000069)",Unfall 125523 (2019) Kat:3, Licht: 0,125523,3,7,0,11,16,2,1,0,0,0,0,0,0,1
"POINT (7.487199038000028 51.498158672000045)",Unfall 125524 (2019) Kat:3, Licht: 2,125524,3,2,5,11,16,2,1,2,1,1,0,0,0,0