WKT,Name,OBJECTID,UKATEGORIE,UTYP1,UART,UMONAT,USTUNDE,UWOCHENTAG,STRZUSTAND,ULICHTVERH,ISTRAD,ISTPKW,ISTFUSS,ISTKRAD,ISTGKFZ,ISTSONSTIG
"POINT (7.392733158000056 51.585062295000057)",Unfall 125585 (2019) Kat:3, Licht: 2,125585,3,1,9,11,04,1,1,2,0,1,0,0,0,0
"POINT (7.325905176000049 51.496623599000031)",Unfall 125594 (2019) Kat:3, Licht: 1,125594,3,6,2,11,16,1,1,1,0,1,0,0,0,0
"POINT (7.379999146000046 51.584706348000054)",Unfall 125595 (2019) Kat:3, Licht: 2,125595,3,6,2,11,17,1,0,2,0,1,0,0,0,0
"POINT (7.546864877000076 51.523630042000036)",Unfall 125688 (2019) Kat:3, Licht: 0,125688,3,7,6,11,09,7,1,0,0,0,1,0,0,1
"POINT (7.503979992000041 51.515834616000063)",Unfall 125689 (2019) Kat:3, Licht: 0,125689,3,6,3,11,11,7,0,0,1,1,0,0,0,0
"POINT (7.488629364000076 51.524206165000066)",Unfall 125690 (2019) Kat:3, Licht: 2,125690,3,6,1,11,17,7,0,2,0,1,0,0,0,0
"POINT (7.467127674000039 51.517666499000029)",Unfall 125693 (2019) Kat:3, Licht: 2,125693,3,3,5,11,17,7,0,2,0,1,0,0,0,1
"POINT (7.467859496000074 51.507865902000049)",Unfall 125694 (2019) Kat:2, Licht: 0,125694,2,1,0,11,13,7,0,0,0,0,0,0,0,1
"POINT (7.392538132000027 51.585100996000051)",Unfall 125730 (2019) Kat:2, Licht: 0,125730,2,2,5,11,15,3,1,0,0,1,0,0,1,0
"POINT (7.325633654000058 51.499766443000055)",Unfall 125731 (2019) Kat:3, Licht: 2,125731,3,6,2,11,06,3,1,2,0,1,0,0,0,0
"POINT (7.404665206000061 51.477890345000048)",Unfall 125733 (2019) Kat:3, Licht: 2,125733,3,6,2,11,18,3,0,2,0,1,0,0,0,0
"POINT (7.425291736000077 51.555344236000053)",Unfall 125734 (2019) Kat:3, Licht: 2,125734,3,2,5,11,19,3,1,2,0,1,0,0,0,0
"POINT (7.451936666000051 51.502427880000027)",Unfall 125738 (2019) Kat:3, Licht: 0,125738,3,6,2,11,14,3,0,0,0,1,0,1,0,0
"POINT (7.392783868000038 51.496771380000041)",Unfall 125762 (2019) Kat:3, Licht: 2,125762,3,6,1,11,17,3,0,2,0,1,0,0,0,0
"POINT (7.595056014000022 51.529498655000054)",Unfall 125895 (2019) Kat:3, Licht: 0,125895,3,4,6,11,15,5,0,0,0,1,1,0,0,0
"POINT (7.536522097000045 51.563901362000081)",Unfall 125896 (2019) Kat:2, Licht: 0,125896,2,3,5,11,16,5,1,0,0,1,0,0,0,1
"POINT (7.471890322000036 51.434797256000081)",Unfall 125898 (2019) Kat:3, Licht: 0,125898,3,7,2,11,15,5,1,0,0,1,0,0,0,0
"POINT (7.450899949000075 51.506950704000076)",Unfall 125899 (2019) Kat:2, Licht: 2,125899,2,4,6,11,21,5,1,2,0,1,1,0,0,0
"POINT (7.600506993000067 51.474472396000067)",Unfall 126071 (2019) Kat:3, Licht: 2,126071,3,2,2,11,20,4,0,2,0,0,0,0,1,1
"POINT (7.507668806000027 51.503716038000050)",Unfall 126072 (2019) Kat:3, Licht: 0,126072,3,6,2,11,13,4,1,0,0,1,0,0,0,1
"POINT (7.485216130000026 51.443156530000067)",Unfall 126097 (2019) Kat:3, Licht: 0,126097,3,1,9,11,14,4,1,0,0,1,0,0,0,0
"POINT (7.509846542000048 51.503998765000063)",Unfall 126168 (2019) Kat:3, Licht: 0,126168,3,3,5,11,08,6,0,0,1,1,0,0,0,0
"POINT (7.494053922000035 51.514240790000031)",Unfall 126170 (2019) Kat:3, Licht: 0,126170,3,2,3,11,11,6,0,0,0,1,0,0,0,1
"POINT (7.502508795000040 51.564867713000069)",Unfall 126189 (2019) Kat:3, Licht: 2,126189,3,6,2,11,18,6,0,2,0,1,0,0,0,0
"POINT (7.307553002000077 51.504681138000080)",Unfall 126279 (2019) Kat:2, Licht: 0,126279,2,1,9,11,13,3,1,0,0,1,0,1,0,0
"POINT (7.481037867000055 51.476256180000064)",Unfall 126280 (2019) Kat:3, Licht: 0,126280,3,1,9,11,14,3,1,0,0,1,0,0,0,0
"POINT (7.513030332000028 51.504010540000081)",Unfall 126281 (2019) Kat:3, Licht: 2,126281,3,6,3,11,19,3,1,2,0,1,0,0,1,0
"POINT (7.414320860000032 51.481354385000031)",Unfall 126282 (2019) Kat:3, Licht: 2,126282,3,6,1,11,17,3,1,2,0,1,0,0,0,0
"POINT (7.433840457000031 51.582233405000068)",Unfall 126296 (2019) Kat:3, Licht: 0,126296,3,1,0,11,10,3,1,0,0,1,0,0,1,0
"POINT (7.336379859000033 51.496262680000029)",Unfall 126340 (2019) Kat:3, Licht: 2,126340,3,3,0,11,19,5,0,2,1,0,0,0,0,1
"POINT (7.455393282000046 51.537166270000057)",Unfall 126342 (2019) Kat:3, Licht: 2,126342,3,2,6,11,06,5,1,2,0,1,1,0,0,0
"POINT (7.489374615000031 51.497285772000055)",Unfall 126343 (2019) Kat:3, Licht: 0,126343,3,5,1,11,08,5,0,0,1,1,0,0,0,0
"POINT (7.451933261000022 51.502442694000081)",Unfall 126346 (2019) Kat:3, Licht: 0,126346,3,2,6,11,08,5,0,0,0,1,1,0,0,0
"POINT (7.365526250000073 51.578356054000039)",Unfall 126424 (2019) Kat:3, Licht: 2,126424,3,6,2,11,18,2,1,2,0,1,0,0,0,1
"POINT (7.370739646000061 51.523878047000039)",Unfall 126425 (2019) Kat:3, Licht: 0,126425,3,7,1,11,07,2,0,0,0,1,0,0,0,1
"POINT (7.588401898000029 51.528363575000071)",Unfall 126426 (2019) Kat:3, Licht: 0,126426,3,6,2,11,13,2,0,0,0,1,0,0,0,0
"POINT (7.436812192000048 51.487735990000033)",Unfall 126428 (2019) Kat:3, Licht: 0,126428,3,6,1,11,15,2,0,0,0,1,0,0,0,0
"POINT (7.367722862000051 51.495893421000062)",Unfall 126455 (2019) Kat:3, Licht: 2,126455,3,1,9,11,19,2,1,2,0,1,0,0,0,0
"POINT (7.516265067000063 51.539569866000079)",Unfall 126456 (2019) Kat:3, Licht: 0,126456,3,3,3,11,15,2,0,0,0,1,0,0,1,0
"POINT (7.393108771000073 51.480200985000067)",Unfall 126554 (2019) Kat:3, Licht: 2,126554,3,3,5,11,18,4,1,2,0,1,0,0,0,0
"POINT (7.560407773000065 51.524617845000080)",Unfall 126556 (2019) Kat:3, Licht: 0,126556,3,6,3,11,15,4,1,0,0,1,0,0,0,1
"POINT (7.472799924000071 51.512588697000069)",Unfall 126559 (2019) Kat:3, Licht: 0,126559,3,2,6,11,10,4,1,0,0,1,1,0,0,0
"POINT (7.451099845000044 51.499945575000027)",Unfall 126561 (2019) Kat:3, Licht: 0,126561,3,7,0,11,09,4,0,0,1,1,0,0,0,0
"POINT (7.324531601000047 51.505319164000070)",Unfall 126562 (2019) Kat:3, Licht: 0,126562,3,6,1,11,13,1,0,0,0,1,0,0,0,0
"POINT (7.462725669000065 51.481653728000026)",Unfall 126564 (2019) Kat:3, Licht: 0,126564,3,7,6,11,15,1,0,0,0,1,1,0,0,0
"POINT (7.363825486000053 51.494829600000060)",Unfall 126587 (2019) Kat:3, Licht: 2,126587,3,1,9,11,02,4,0,2,0,1,0,0,0,0
"POINT (7.485525235000068 51.443731056000047)",Unfall 126595 (2019) Kat:2, Licht: 2,126595,2,1,8,11,00,4,2,2,0,1,0,0,0,0
"POINT (7.503543504000049 51.565093889000082)",Unfall 126599 (2019) Kat:3, Licht: 2,126599,3,6,2,11,17,4,0,2,0,1,0,0,0,0
"POINT (7.459286018000057 51.543748788000073)",Unfall 126667 (2019) Kat:3, Licht: 0,126667,3,2,4,11,12,7,0,0,1,1,0,0,0,0
"POINT (7.583545784000023 51.554253668000058)",Unfall 126729 (2019) Kat:3, Licht: 0,126729,3,5,3,11,13,3,1,0,0,1,0,0,0,1
"POINT (7.463017167000032 51.580886769000074)",Unfall 126731 (2019) Kat:3, Licht: 2,126731,3,6,2,11,18,3,0,2,0,1,0,0,0,0
"POINT (7.470983293000074 51.525727113000073)",Unfall 126754 (2019) Kat:3, Licht: 0,126754,3,2,5,11,14,7,0,0,0,1,0,0,0,0
"POINT (7.447937681000042 51.474898715000052)",Unfall 126970 (2019) Kat:3, Licht: 2,126970,3,6,1,11,18,6,0,2,0,1,0,0,0,0
"POINT (7.470177408000041 51.520998778000035)",Unfall 126972 (2019) Kat:3, Licht: 0,126972,3,6,2,11,14,6,0,0,0,1,0,0,0,0
"POINT (7.472903537000036 51.530349324000042)",Unfall 126976 (2019) Kat:3, Licht: 0,126976,3,3,5,11,12,6,0,0,1,1,0,0,0,0
"POINT (7.364821042000074 51.576241512000081)",Unfall 127009 (2019) Kat:3, Licht: 0,127009,3,6,2,11,13,6,0,0,0,1,0,0,1,0
"POINT (7.363120838000043 51.561553215000060)",Unfall 127037 (2019) Kat:3, Licht: 1,127037,3,2,5,11,16,2,1,1,0,1,0,0,0,0
"POINT (7.461871117000044 51.557513235000044)",Unfall 127041 (2019) Kat:3, Licht: 2,127041,3,6,2,11,22,2,1,2,0,1,0,0,0,0
"POINT (7.491967159000069 51.549798907000081)",Unfall 127043 (2019) Kat:3, Licht: 0,127043,3,6,2,11,12,2,0,0,0,1,0,0,0,0
"POINT (7.450824383000054 51.508839949000048)",Unfall 127044 (2019) Kat:3, Licht: 0,127044,3,2,4,11,08,2,1,0,0,1,0,0,0,0
"POINT (7.474253625000074 51.513908859000026)",Unfall 127046 (2019) Kat:3, Licht: 0,127046,3,6,1,11,07,2,1,0,0,1,0,0,0,0
"POINT (7.468945743000063 51.517001136000033)",Unfall 127048 (2019) Kat:3, Licht: 2,127048,3,2,6,11,16,2,1,2,0,1,1,0,0,0
"POINT (7.456581700000072 51.498146338000026)",Unfall 127050 (2019) Kat:3, Licht: 2,127050,3,6,1,11,15,2,1,2,0,1,0,0,0,0
"POINT (7.431722995000030 51.497756942000080)",Unfall 127076 (2019) Kat:3, Licht: 1,127076,3,6,0,11,07,2,1,1,0,1,0,1,0,0
"POINT (7.372108680000054 51.520614283000043)",Unfall 127143 (2019) Kat:3, Licht: 2,127143,3,6,1,11,20,1,1,2,0,1,0,0,0,0
"POINT (7.538034770000024 51.490657584000076)",Unfall 127359 (2019) Kat:3, Licht: 0,127359,3,7,1,11,15,5,0,0,1,1,0,0,0,0
"POINT (7.509311570000023 51.503996902000040)",Unfall 127360 (2019) Kat:3, Licht: 0,127360,3,6,2,11,14,5,0,0,0,1,0,0,1,0
"POINT (7.531152968000072 51.522470835000036)",Unfall 127376 (2019) Kat:2, Licht: 2,127376,2,1,8,11,18,7,0,2,0,1,0,0,0,0
"POINT (7.415600439000059 51.462841093000065)",Unfall 127389 (2019) Kat:3, Licht: 2,127389,3,6,2,11,17,7,0,2,0,1,0,0,0,1
"POINT (7.457760264000058 51.478549185000077)",Unfall 127531 (2019) Kat:3, Licht: 1,127531,3,3,5,11,16,4,0,1,0,1,0,0,0,0
"POINT (7.392258156000025 51.467158916000074)",Unfall 127534 (2019) Kat:3, Licht: 0,127534,3,2,5,11,11,4,0,0,0,1,0,0,0,0
"POINT (7.610856651000063 51.532325654000033)",Unfall 127535 (2019) Kat:3, Licht: 0,127535,3,4,6,11,14,4,0,0,0,1,1,0,0,0
"POINT (7.509217294000052 51.503996573000052)",Unfall 127537 (2019) Kat:3, Licht: 0,127537,3,6,3,11,11,4,0,0,0,1,0,0,1,0
"POINT (7.491167263000023 51.514226279000070)",Unfall 127539 (2019) Kat:3, Licht: 0,127539,3,5,8,11,12,4,0,0,0,1,0,0,0,0
"POINT (7.506304320000027 51.576364475000048)",Unfall 127541 (2019) Kat:3, Licht: 1,127541,3,7,9,11,16,4,1,1,0,1,0,0,0,0
"POINT (7.480341376000069 51.523893223000073)",Unfall 127543 (2019) Kat:3, Licht: 2,127543,3,7,6,11,18,4,0,2,0,1,1,0,0,0
"POINT (7.522753566000063 51.535161148000043)",Unfall 127566 (2019) Kat:3, Licht: 2,127566,3,1,9,11,02,4,2,2,0,1,0,0,0,0
"POINT (7.459291760000042 51.490719699000067)",Unfall 127653 (2019) Kat:2, Licht: 0,127653,2,4,6,11,15,6,0,0,0,1,1,0,0,0
"POINT (7.462225588000024 51.521935977000055)",Unfall 127691 (2019) Kat:3, Licht: 0,127691,3,6,1,11,10,1,0,0,0,1,0,0,0,0
"POINT (7.469001297000034 51.516987258000029)",Unfall 127698 (2019) Kat:2, Licht: 2,127698,2,4,0,11,00,1,0,2,0,1,1,0,0,0
"POINT (7.325848815000029 51.494441433000077)",Unfall 127782 (2019) Kat:3, Licht: 1,127782,3,6,3,11,07,4,0,1,0,0,0,0,1,1
"POINT (7.505478102000041 51.480867897000053)",Unfall 127880 (2019) Kat:3, Licht: 0,127880,3,6,2,11,15,3,0,0,0,1,0,0,0,0
"POINT (7.536104041000044 51.522606287000031)",Unfall 127881 (2019) Kat:3, Licht: 0,127881,3,5,2,11,13,3,0,0,0,1,0,1,0,0
"POINT (7.471588589000021 51.527252857000065)",Unfall 127882 (2019) Kat:3, Licht: 2,127882,3,3,4,11,18,3,0,2,0,1,0,0,0,0
"POINT (7.417792945000031 51.496887817000072)",Unfall 127998 (2019) Kat:3, Licht: 2,127998,3,3,2,11,18,2,0,2,0,1,0,0,0,0
"POINT (7.501665907000074 51.488082194000071)",Unfall 128018 (2019) Kat:3, Licht: 0,128018,3,7,6,11,13,6,0,0,0,0,1,0,0,1
"POINT (7.465922876000036 51.517876677000061)",Unfall 128019 (2019) Kat:3, Licht: 0,128019,3,2,5,11,11,6,0,0,0,1,0,0,0,1
"POINT (7.513437349000071 51.503739583000026)",Unfall 128170 (2019) Kat:3, Licht: 0,128170,3,6,3,11,08,5,0,0,0,1,0,0,1,0
"POINT (7.505478102000041 51.480867897000053)",Unfall 128171 (2019) Kat:3, Licht: 2,128171,3,4,6,11,19,5,1,2,0,1,1,0,0,0
"POINT (7.470539843000040 51.522824012000058)",Unfall 128172 (2019) Kat:3, Licht: 0,128172,3,4,6,11,08,5,1,0,0,1,1,0,0,0
"POINT (7.467518098000028 51.486545859000046)",Unfall 128173 (2019) Kat:2, Licht: 2,128173,2,6,3,11,22,5,1,2,0,1,0,0,0,0
"POINT (7.522063185000036 51.510877091000054)",Unfall 128192 (2019) Kat:3, Licht: 0,128192,3,6,2,11,14,5,1,0,0,0,0,0,1,0
"POINT (7.357874798000069 51.560946006000052)",Unfall 128289 (2019) Kat:3, Licht: 2,128289,3,6,2,11,06,6,1,2,0,1,0,0,0,0
"POINT (7.436254508000047 51.487610794000034)",Unfall 128292 (2019) Kat:3, Licht: 2,128292,3,6,2,11,17,6,0,2,0,1,0,0,0,0
"POINT (7.459213481000063 51.479455863000055)",Unfall 128293 (2019) Kat:3, Licht: 1,128293,3,4,6,11,16,6,0,1,0,1,1,0,0,0
"POINT (7.574893093000071 51.501165595000032)",Unfall 128397 (2019) Kat:3, Licht: 0,128397,3,2,0,12,15,2,0,0,0,1,0,0,0,1
"POINT (7.467301678000069 51.501438538000059)",Unfall 128401 (2019) Kat:3, Licht: 0,128401,3,2,6,12,13,2,1,0,0,1,1,0,0,0
"POINT (7.450604836000025 51.499626471000056)",Unfall 128402 (2019) Kat:3, Licht: 0,128402,3,6,2,12,12,2,0,0,0,1,0,0,0,0
"POINT (7.435603246000028 51.581827114000077)",Unfall 128416 (2019) Kat:3, Licht: 2,128416,3,6,0,12,03,2,0,2,0,1,0,0,0,0
"POINT (7.391578481000067 51.524772861000031)",Unfall 128453 (2019) Kat:3, Licht: 2,128453,3,7,6,12,17,1,0,2,0,1,1,0,0,0
"POINT (7.422918792000075 51.454406096000071)",Unfall 128459 (2019) Kat:3, Licht: 2,128459,3,6,2,12,17,1,1,2,0,1,0,0,0,0
"POINT (7.461748876000058 51.509296886000072)",Unfall 128534 (2019) Kat:3, Licht: 0,128534,3,6,0,11,14,7,0,0,1,1,0,0,0,0
"POINT (7.415922399000067 51.462643704000072)",Unfall 128578 (2019) Kat:3, Licht: 2,128578,3,6,2,12,18,3,1,2,0,1,0,0,0,1
"POINT (7.397934465000049 51.526335041000038)",Unfall 128580 (2019) Kat:3, Licht: 2,128580,3,3,5,12,17,3,0,2,1,1,0,0,0,0
"POINT (7.394838122000067 51.503250669000067)",Unfall 128585 (2019) Kat:3, Licht: 0,128585,3,2,4,12,08,3,1,0,0,1,0,0,0,0
"POINT (7.516080431000034 51.520451887000036)",Unfall 128663 (2019) Kat:3, Licht: 0,128663,3,1,0,12,16,5,0,0,1,0,0,0,0,0
"POINT (7.374561827000036 51.522314145000053)",Unfall 128793 (2019) Kat:3, Licht: 0,128793,3,2,5,12,15,4,0,0,1,1,0,0,0,0
"POINT (7.560151882000071 51.494628889000069)",Unfall 128794 (2019) Kat:2, Licht: 0,128794,2,4,6,12,13,4,0,0,0,1,1,0,0,0
"POINT (7.446796953000046 51.442239460000053)",Unfall 128815 (2019) Kat:3, Licht: 1,128815,3,6,2,12,07,6,1,1,0,1,0,0,0,0
"POINT (7.362638640000057 51.561349405000044)",Unfall 128817 (2019) Kat:3, Licht: 2,128817,3,6,2,12,17,6,1,2,0,1,0,0,0,1
"POINT (7.385620158000052 51.480841581000050)",Unfall 128818 (2019) Kat:3, Licht: 0,128818,3,3,5,12,14,6,1,0,1,1,0,0,0,0
"POINT (7.542088306000039 51.536181539000040)",Unfall 128819 (2019) Kat:3, Licht: 0,128819,3,5,2,12,12,6,1,0,0,1,0,0,0,0
"POINT (7.594200784000066 51.484206521000033)",Unfall 128822 (2019) Kat:3, Licht: 0,128822,3,1,0,12,15,6,1,0,0,0,0,0,0,1
"POINT (7.462924486000077 51.581576005000045)",Unfall 129017 (2019) Kat:3, Licht: 1,129017,3,3,5,12,16,2,1,1,0,1,0,0,0,0
"POINT (7.450315111000066 51.545672751000041)",Unfall 129018 (2019) Kat:3, Licht: 1,129018,3,2,4,12,16,2,1,1,1,0,0,0,0,1
"POINT (7.469946391000065 51.521036175000063)",Unfall 129019 (2019) Kat:3, Licht: 0,129019,3,2,6,12,08,2,1,0,0,0,1,0,0,1
"POINT (7.458852535000062 51.516693391000047)",Unfall 129076 (2019) Kat:3, Licht: 2,129076,3,2,6,12,17,1,1,2,0,1,1,0,0,0
"POINT (7.435432136000031 51.486808300000064)",Unfall 129140 (2019) Kat:3, Licht: 2,129140,3,6,3,12,18,7,1,2,0,1,0,0,0,0
"POINT (7.443475354000043 51.494751822000069)",Unfall 129141 (2019) Kat:3, Licht: 2,129141,3,6,0,12,17,7,1,2,0,1,0,0,0,0
"POINT (7.472799924000071 51.512588697000069)",Unfall 129142 (2019) Kat:3, Licht: 0,129142,3,2,6,12,09,7,1,0,0,1,1,0,0,0
"POINT (7.420308292000073 51.497360989000072)",Unfall 129161 (2019) Kat:3, Licht: 2,129161,3,6,1,12,18,7,0,2,0,1,0,0,0,0
"POINT (7.368425317000060 51.538816867000037)",Unfall 129175 (2019) Kat:3, Licht: 0,129175,3,6,4,12,08,3,1,0,0,1,0,0,0,0
"POINT (7.390452646000028 51.493168684000068)",Unfall 129177 (2019) Kat:3, Licht: 1,129177,3,3,5,12,08,3,2,1,1,1,0,0,0,0
"POINT (7.522228476000066 51.452593345000082)",Unfall 129180 (2019) Kat:3, Licht: 0,129180,3,3,5,12,14,3,0,0,0,1,0,0,0,0
"POINT (7.460029283000040 51.529418195000062)",Unfall 129181 (2019) Kat:2, Licht: 1,129181,2,4,6,12,07,3,1,1,0,0,1,0,0,1
"POINT (7.467362449000063 51.492670173000079)",Unfall 129183 (2019) Kat:3, Licht: 0,129183,3,1,0,12,08,3,2,0,1,0,0,0,0,0
"POINT (7.516266476000055 51.523785593000071)",Unfall 129207 (2019) Kat:3, Licht: 2,129207,3,6,1,12,06,3,0,2,0,1,0,0,0,0
"POINT (7.611033284000030 51.537397655000063)",Unfall 129508 (2019) Kat:2, Licht: 2,129508,2,4,6,12,07,4,1,2,0,1,1,0,0,0
"POINT (7.555130997000049 51.489890987000081)",Unfall 129509 (2019) Kat:3, Licht: 0,129509,3,7,4,12,10,4,1,0,1,1,0,0,0,0
"POINT (7.502631543000064 51.515610417000062)",Unfall 129510 (2019) Kat:3, Licht: 1,129510,3,6,2,12,08,4,1,1,0,1,0,0,0,0
"POINT (7.470983293000074 51.525727113000073)",Unfall 129511 (2019) Kat:3, Licht: 0,129511,3,7,5,12,13,4,1,0,0,1,0,0,0,0
"POINT (7.368793104000076 51.524762462000069)",Unfall 129512 (2019) Kat:3, Licht: 1,129512,3,4,6,12,08,4,1,1,0,1,1,0,0,0
"POINT (7.468045004000032 51.505168723000054)",Unfall 129513 (2019) Kat:3, Licht: 2,129513,3,2,5,12,07,4,1,2,1,1,0,0,0,0
"POINT (7.612679893000063 51.532565228000067)",Unfall 129551 (2019) Kat:3, Licht: 0,129551,3,6,2,12,12,6,1,0,0,1,0,0,0,0
"POINT (7.472619835000046 51.512588267000069)",Unfall 129554 (2019) Kat:3, Licht: 2,129554,3,4,6,12,18,6,1,2,0,1,1,0,0,0
"POINT (7.559824832000061 51.501551494000068)",Unfall 129767 (2019) Kat:3, Licht: 0,129767,3,1,3,12,12,5,0,0,1,0,0,0,1,0
"POINT (7.423738933000038 51.525384424000038)",Unfall 129820 (2019) Kat:2, Licht: 2,129820,2,4,6,12,00,1,1,2,0,1,1,0,0,0
"POINT (7.548481091000042 51.472990739000068)",Unfall 129831 (2019) Kat:2, Licht: 2,129831,2,2,5,12,00,1,1,2,0,1,0,0,0,0
"POINT (7.479365266000059 51.469881648000069)",Unfall 129998 (2019) Kat:3, Licht: 2,129998,3,2,5,12,16,7,1,2,0,1,0,0,0,0
"POINT (7.498240573000032 51.553920034000043)",Unfall 130002 (2019) Kat:3, Licht: 2,130002,3,3,5,12,23,7,1,2,0,1,0,0,0,0
"POINT (7.432575259000032 51.511837724000031)",Unfall 130007 (2019) Kat:3, Licht: 2,130007,3,2,6,12,23,3,1,2,0,1,1,0,0,0
"POINT (7.535138950000032 51.522582464000038)",Unfall 130008 (2019) Kat:3, Licht: 2,130008,3,2,5,12,22,3,1,2,0,1,0,0,0,1
"POINT (7.470868404000044 51.525650640000038)",Unfall 130012 (2019) Kat:3, Licht: 1,130012,3,6,2,12,07,3,0,1,0,1,0,0,0,0
"POINT (7.447349437000071 51.435560222000049)",Unfall 130013 (2019) Kat:3, Licht: 2,130013,3,6,2,12,22,3,1,2,0,1,0,0,0,0
"POINT (7.459212421000075 51.490486526000041)",Unfall 130015 (2019) Kat:3, Licht: 0,130015,3,7,3,12,07,3,0,0,1,1,0,0,0,0
"POINT (7.472806634000051 51.515000544000031)",Unfall 130017 (2019) Kat:3, Licht: 1,130017,3,2,0,12,17,3,0,1,0,1,0,0,0,1
"POINT (7.366791456000044 51.495667175000051)",Unfall 130034 (2019) Kat:2, Licht: 2,130034,2,1,9,12,02,7,1,2,0,1,0,0,0,0
"POINT (7.357129372000031 51.556621187000076)",Unfall 130042 (2019) Kat:3, Licht: 0,130042,3,6,2,12,14,3,0,0,0,1,0,0,1,0
"POINT (7.416204322000056 51.502437631000078)",Unfall 130193 (2019) Kat:2, Licht: 0,130193,2,7,2,12,11,2,1,0,0,1,0,0,0,0
"POINT (7.482185088000051 51.514121171000056)",Unfall 130198 (2019) Kat:3, Licht: 0,130198,3,4,6,12,13,2,1,0,0,0,1,0,0,1
"POINT (7.467858431000025 51.506917988000055)",Unfall 130199 (2019) Kat:3, Licht: 0,130199,3,4,6,12,08,2,0,0,1,0,1,0,0,0
"POINT (7.304831315000058 51.496517176000054)",Unfall 130219 (2019) Kat:3, Licht: 0,130219,3,6,1,12,08,2,0,0,0,1,0,0,0,0
"POINT (7.461904868000033 51.510162352000066)",Unfall 130436 (2019) Kat:3, Licht: 2,130436,3,6,1,12,22,5,0,2,0,1,0,0,0,0
"POINT (7.472624495000048 51.512510115000055)",Unfall 130440 (2019) Kat:3, Licht: 2,130440,3,2,5,12,07,5,0,2,1,1,0,0,0,0
"POINT (7.555245698000022 51.509717441000078)",Unfall 130463 (2019) Kat:3, Licht: 0,130463,3,3,5,12,15,7,0,0,0,1,0,0,0,1
"POINT (7.454449196000041 51.538196632000052)",Unfall 130464 (2019) Kat:3, Licht: 1,130464,3,6,2,12,16,7,0,1,0,1,0,0,0,0
"POINT (7.548201422000034 51.473141747000057)",Unfall 130477 (2019) Kat:3, Licht: 0,130477,3,7,0,12,12,7,0,0,0,0,0,0,0,1
"POINT (7.393017149000059 51.582653810000068)",Unfall 130680 (2019) Kat:3, Licht: 2,130680,3,6,0,12,17,4,0,2,0,1,0,0,0,0
"POINT (7.455403879000073 51.515044824000029)",Unfall 130682 (2019) Kat:2, Licht: 0,130682,2,6,2,12,11,4,0,0,0,1,0,1,0,0
"POINT (7.457833584000071 51.448649110000076)",Unfall 130689 (2019) Kat:3, Licht: 0,130689,3,2,5,12,11,6,1,0,0,1,0,0,0,0
"POINT (7.474552629000073 51.507800546000055)",Unfall 130694 (2019) Kat:2, Licht: 2,130694,2,2,6,12,17,6,1,2,0,1,1,0,0,0
"POINT (7.372990463000065 51.534108125000046)",Unfall 130710 (2019) Kat:3, Licht: 2,130710,3,6,8,12,22,6,1,2,0,1,0,0,0,0
"POINT (7.418453322000062 51.584656235000068)",Unfall 130721 (2019) Kat:2, Licht: 0,130721,2,1,9,12,13,4,0,0,0,1,0,0,0,0
"POINT (7.500985268000022 51.568596358000036)",Unfall 130725 (2019) Kat:3, Licht: 2,130725,3,6,2,12,18,4,0,2,0,1,0,0,0,0
"POINT (7.440634651000039 51.564990450000039)",Unfall 130907 (2019) Kat:3, Licht: 2,130907,3,1,8,12,17,5,0,2,0,0,0,1,0,0
"POINT (7.460087448000024 51.526296264000052)",Unfall 130908 (2019) Kat:3, Licht: 0,130908,3,3,5,12,13,5,0,0,0,1,0,0,0,0
"POINT (7.472957976000032 51.514505576000033)",Unfall 130910 (2019) Kat:3, Licht: 2,130910,3,6,1,12,21,5,0,2,0,1,0,0,0,0
"POINT (7.550544976000026 51.524029998000060)",Unfall 130911 (2019) Kat:3, Licht: 0,130911,3,7,3,12,13,3,1,0,0,1,0,1,0,0
"POINT (7.378624338000066 51.546504284000036)",Unfall 130991 (2019) Kat:3, Licht: 0,130991,3,5,1,12,15,4,0,0,0,1,0,0,0,0
"POINT (7.499132215000032 51.488618943000063)",Unfall 130992 (2019) Kat:3, Licht: 2,130992,3,2,4,12,21,4,1,2,0,1,0,0,0,0
"POINT (7.455619477000028 51.513794227000062)",Unfall 130994 (2019) Kat:3, Licht: 2,130994,3,3,5,12,17,4,1,2,0,1,0,0,0,0
"POINT (7.546864877000076 51.523630042000036)",Unfall 131062 (2019) Kat:2, Licht: 2,131062,2,2,6,12,18,2,0,2,0,1,1,0,0,0
"POINT (7.480964315000051 51.476550370000041)",Unfall 131083 (2019) Kat:3, Licht: 2,131083,3,1,0,12,23,3,1,2,0,1,0,0,0,1
"POINT (7.458620052000072 51.542626365000046)",Unfall 131087 (2019) Kat:3, Licht: 0,131087,3,1,8,12,14,3,1,0,0,1,0,0,0,0
"POINT (7.422695887000032 51.511019571000077)",Unfall 131216 (2019) Kat:3, Licht: 2,131216,3,2,5,12,16,2,1,2,0,1,0,0,0,0