WKT,Name,OBJECTID,UKATEGORIE,UTYP1,UART,UMONAT,USTUNDE,UWOCHENTAG,STRZUSTAND,ULICHTVERH,ISTRAD,ISTPKW,ISTFUSS,ISTKRAD,ISTGKFZ,ISTSONSTIG
"POINT (7.507037065000077 51.515850901000078)",Unfall 131219 (2019) Kat:3, Licht: 2,131219,3,2,6,12,17,2,1,2,0,1,1,0,0,0
"POINT (7.474937551000039 51.505181977000063)",Unfall 131222 (2019) Kat:3, Licht: 1,131222,3,6,2,12,16,2,1,1,0,1,0,0,0,0
"POINT (7.474269426000035 51.514896754000063)",Unfall 131223 (2019) Kat:3, Licht: 0,131223,3,6,2,12,14,7,0,0,0,1,0,0,0,0
"POINT (7.432719176000035 51.482224196000061)",Unfall 232790 (2019) Kat:3, Licht: 0,232790,3,6,1,01,14,7,1,0,0,1,0,1,0,0
"POINT (7.378851924000060 51.481160256000067)",Unfall 232840 (2019) Kat:3, Licht: 0,232840,3,3,5,01,10,6,1,0,0,1,0,1,0,0
"POINT (7.380613606000054 51.511101150000059)",Unfall 232841 (2019) Kat:3, Licht: 2,232841,3,2,4,01,19,6,1,2,1,1,0,0,0,0
"POINT (7.487146087000042 51.525711624000053)",Unfall 232843 (2019) Kat:3, Licht: 2,232843,3,2,6,01,17,6,1,2,0,1,1,0,0,0
"POINT (7.407689794000021 51.463168596000060)",Unfall 232883 (2019) Kat:2, Licht: 2,232883,2,1,3,01,18,5,0,2,0,1,0,0,0,0
"POINT (7.420979222000028 51.529836698000054)",Unfall 233079 (2019) Kat:3, Licht: 0,233079,3,2,5,01,13,3,1,0,0,1,0,0,0,1
"POINT (7.360857871000064 51.499913214000060)",Unfall 233082 (2019) Kat:3, Licht: 2,233082,3,6,4,01,21,4,0,2,0,1,0,0,0,0
"POINT (7.454846824000072 51.503046480000080)",Unfall 233133 (2019) Kat:3, Licht: 2,233133,3,4,0,01,17,2,1,2,0,0,1,0,0,1
"POINT (7.448091412000053 51.514379966000035)",Unfall 233143 (2019) Kat:3, Licht: 0,233143,3,6,2,01,11,4,0,0,0,1,0,0,0,0
"POINT (7.373865048000027 51.495926054000051)",Unfall 233177 (2019) Kat:3, Licht: 0,233177,3,6,0,01,12,3,1,0,0,1,0,0,0,0
"POINT (7.536064322000073 51.506204091000029)",Unfall 233228 (2019) Kat:3, Licht: 2,233228,3,3,5,01,05,3,1,2,0,1,0,0,0,0
"POINT (7.418413750000070 51.501861665000035)",Unfall 233231 (2019) Kat:3, Licht: 2,233231,3,3,5,01,22,4,0,2,0,1,0,0,0,0
"POINT (7.443416771000045 51.475704602000064)",Unfall 233323 (2019) Kat:3, Licht: 0,233323,3,4,6,01,13,3,1,0,1,0,1,0,0,0
"POINT (7.518042462000039 51.525892412000076)",Unfall 233393 (2019) Kat:3, Licht: 2,233393,3,3,5,01,06,2,1,2,0,1,0,0,0,0
"POINT (7.488555001000066 51.519831951000072)",Unfall 233529 (2019) Kat:3, Licht: 0,233529,3,5,5,01,12,6,1,0,0,1,0,0,0,0
"POINT (7.406037971000046 51.499172936000036)",Unfall 233551 (2019) Kat:3, Licht: 0,233551,3,1,0,01,08,2,2,0,1,1,0,0,0,0
"POINT (7.473724128000072 51.484457708000036)",Unfall 233552 (2019) Kat:3, Licht: 2,233552,3,2,5,01,06,2,2,2,0,1,0,0,0,0
"POINT (7.536327549000021 51.477888874000030)",Unfall 233553 (2019) Kat:2, Licht: 0,233553,2,3,5,01,14,2,0,0,1,1,0,0,0,0
"POINT (7.474158320000072 51.543828698000027)",Unfall 233554 (2019) Kat:3, Licht: 0,233554,3,1,0,01,12,2,0,0,0,0,0,0,0,1
"POINT (7.463561412000047 51.522202182000058)",Unfall 233555 (2019) Kat:3, Licht: 2,233555,3,4,6,01,18,2,0,2,0,1,1,0,0,0
"POINT (7.420356197000046 51.529480803000069)",Unfall 233671 (2019) Kat:3, Licht: 2,233671,3,1,0,01,05,6,1,2,1,0,0,0,0,0
"POINT (7.453441275000046 51.519380744000046)",Unfall 233672 (2019) Kat:3, Licht: 2,233672,3,4,6,01,21,6,1,2,0,1,1,0,0,0
"POINT (7.577735380000036 51.527635320000059)",Unfall 233731 (2019) Kat:3, Licht: 0,233731,3,6,2,01,13,5,1,0,0,1,0,0,0,0
"POINT (7.391051943000036 51.559869122000066)",Unfall 233850 (2019) Kat:3, Licht: 0,233850,3,2,5,01,10,6,2,0,0,1,0,1,0,0
"POINT (7.522661829000072 51.568921938000074)",Unfall 233852 (2019) Kat:3, Licht: 0,233852,3,7,0,01,13,6,0,0,0,0,0,0,0,1
"POINT (7.504707070000052 51.558042171000068)",Unfall 233854 (2019) Kat:2, Licht: 2,233854,2,1,0,01,18,6,1,2,1,1,0,0,0,0
"POINT (7.446130820000064 51.507893877000072)",Unfall 233855 (2019) Kat:3, Licht: 2,233855,3,4,6,01,07,6,0,2,0,1,1,0,0,0
"POINT (7.418475341000033 51.501832461000049)",Unfall 233904 (2019) Kat:3, Licht: 2,233904,3,6,1,01,17,5,0,2,0,1,0,0,0,0
"POINT (7.513688157000047 51.572641230000045)",Unfall 233905 (2019) Kat:3, Licht: 0,233905,3,3,5,01,16,5,0,0,0,1,0,0,0,0
"POINT (7.457670498000027 51.519972399000039)",Unfall 233906 (2019) Kat:3, Licht: 2,233906,3,6,1,01,22,5,0,2,0,1,0,0,0,1
"POINT (7.379697433000047 51.583859156000074)",Unfall 233944 (2019) Kat:3, Licht: 0,233944,3,7,6,01,08,4,2,0,0,1,1,0,0,0
"POINT (7.453527191000035 51.519263936000073)",Unfall 233984 (2019) Kat:3, Licht: 0,233984,3,6,6,01,10,3,0,0,0,1,1,0,0,0
"POINT (7.477147810000076 51.486650364000070)",Unfall 234059 (2019) Kat:3, Licht: 0,234059,3,7,8,01,11,5,1,0,0,1,0,0,0,0
"POINT (7.554810063000048 51.528366951000066)",Unfall 234108 (2019) Kat:2, Licht: 0,234108,2,1,0,01,10,4,2,0,1,0,0,0,0,0
"POINT (7.504368987000021 51.521721101000026)",Unfall 234109 (2019) Kat:3, Licht: 2,234109,3,1,0,01,17,4,1,2,0,0,0,1,0,0
"POINT (7.508624637000025 51.512026250000076)",Unfall 234177 (2019) Kat:2, Licht: 0,234177,2,3,1,01,08,3,1,0,1,1,0,0,0,0
"POINT (7.446068192000041 51.517014731000074)",Unfall 234178 (2019) Kat:2, Licht: 0,234178,2,2,5,01,15,3,0,0,1,1,0,0,0,0
"POINT (7.583582936000028 51.522071015000051)",Unfall 234242 (2019) Kat:3, Licht: 0,234242,3,3,5,01,10,2,1,0,0,1,0,0,0,0
"POINT (7.553534070000069 51.493671786000050)",Unfall 234243 (2019) Kat:3, Licht: 2,234243,3,2,6,01,19,2,0,2,0,1,1,0,0,0
"POINT (7.375315026000067 51.493064590000074)",Unfall 234298 (2019) Kat:3, Licht: 2,234298,3,6,2,01,18,7,1,2,0,1,0,0,0,0
"POINT (7.480897738000067 51.488841135000030)",Unfall 234299 (2019) Kat:3, Licht: 2,234299,3,1,7,01,19,7,1,2,0,1,0,0,0,0
"POINT (7.366076979000070 51.554058754000039)",Unfall 234326 (2019) Kat:3, Licht: 2,234326,3,1,1,02,18,3,1,2,0,1,0,0,0,0
"POINT (7.507068534000041 51.515791318000026)",Unfall 234327 (2019) Kat:2, Licht: 1,234327,2,2,6,02,07,3,0,1,0,1,1,0,0,0
"POINT (7.452189103000023 51.526114074000077)",Unfall 234328 (2019) Kat:2, Licht: 0,234328,2,4,6,02,13,3,0,0,0,1,1,0,0,0
"POINT (7.366554145000066 51.504852188000029)",Unfall 234445 (2019) Kat:3, Licht: 2,234445,3,2,6,02,06,7,1,2,0,1,1,0,0,0
"POINT (7.531549154000061 51.548265931000060)",Unfall 234446 (2019) Kat:3, Licht: 0,234446,3,1,9,02,11,7,1,0,0,1,0,0,0,0
"POINT (7.442784687000028 51.471979526000041)",Unfall 234511 (2019) Kat:3, Licht: 2,234511,3,3,5,02,22,6,1,2,0,1,0,0,0,0
"POINT (7.359790177000036 51.503394050000054)",Unfall 234512 (2019) Kat:3, Licht: 1,234512,3,6,2,02,07,6,2,1,0,1,0,0,0,0
"POINT (7.508757686000024 51.495994530000075)",Unfall 234513 (2019) Kat:3, Licht: 0,234513,3,7,6,02,15,6,1,0,0,1,1,0,0,0
"POINT (7.549486730000069 51.538774331000070)",Unfall 234514 (2019) Kat:3, Licht: 2,234514,3,7,6,02,06,6,2,2,0,1,1,0,0,0
"POINT (7.488644296000075 51.519982768000034)",Unfall 234515 (2019) Kat:3, Licht: 2,234515,3,2,5,02,19,6,1,2,1,1,0,0,0,0
"POINT (7.563287660000071 51.478212171000052)",Unfall 234592 (2019) Kat:2, Licht: 0,234592,2,6,3,02,17,2,1,0,1,1,0,0,0,0
"POINT (7.586190199000043 51.578545461000033)",Unfall 234593 (2019) Kat:3, Licht: 2,234593,3,6,4,02,18,2,1,2,0,1,0,0,0,1
"POINT (7.481665058000033 51.513239490000046)",Unfall 234594 (2019) Kat:3, Licht: 0,234594,3,7,0,02,13,2,1,0,0,1,0,0,0,0
"POINT (7.403822786000035 51.536078954000061)",Unfall 234609 (2019) Kat:2, Licht: 0,234609,2,7,1,02,16,1,1,0,0,1,0,0,0,0
"POINT (7.465226520000044 51.508096469000066)",Unfall 234622 (2019) Kat:3, Licht: 0,234622,3,5,0,02,08,3,0,0,1,1,0,0,0,0
"POINT (7.480162414000063 51.522846897000079)",Unfall 234647 (2019) Kat:3, Licht: 2,234647,3,4,6,02,03,7,1,2,0,1,1,0,0,0
"POINT (7.452011607000031 51.512932529000068)",Unfall 234648 (2019) Kat:3, Licht: 2,234648,3,2,5,02,18,7,1,2,1,1,0,0,0,0
"POINT (7.457015556000044 51.524141573000065)",Unfall 234698 (2019) Kat:3, Licht: 0,234698,3,2,6,02,12,6,0,0,0,1,1,0,0,0
"POINT (7.483827202000043 51.555450396000026)",Unfall 234752 (2019) Kat:3, Licht: 2,234752,3,3,5,02,18,5,1,2,0,1,0,0,0,0
"POINT (7.374185867000051 51.494471085000043)",Unfall 234798 (2019) Kat:3, Licht: 0,234798,3,6,2,02,16,4,0,0,0,1,0,0,0,0
"POINT (7.464915123000026 51.515667857000039)",Unfall 234799 (2019) Kat:3, Licht: 2,234799,3,7,6,02,21,4,0,2,0,1,1,0,0,0
"POINT (7.537478782000051 51.531494590000079)",Unfall 234971 (2019) Kat:3, Licht: 0,234971,3,6,2,02,11,5,0,0,0,1,0,0,0,0
"POINT (7.488199489000067 51.512594861000082)",Unfall 234972 (2019) Kat:3, Licht: 0,234972,3,7,0,02,10,5,0,0,0,0,0,0,0,1
"POINT (7.529754921000063 51.491485055000055)",Unfall 235028 (2019) Kat:3, Licht: 0,235028,3,2,5,02,14,4,0,0,0,1,0,0,0,1
"POINT (7.474033213000041 51.543811420000054)",Unfall 235029 (2019) Kat:2, Licht: 0,235029,2,3,3,02,16,4,0,0,1,1,0,0,0,0
"POINT (7.453298891000031 51.520400650000056)",Unfall 235030 (2019) Kat:2, Licht: 0,235030,2,7,0,02,14,4,0,0,0,0,1,0,0,1
"POINT (7.484618526000077 51.495636153000078)",Unfall 235031 (2019) Kat:3, Licht: 0,235031,3,5,1,02,08,4,0,0,1,1,0,0,0,0
"POINT (7.344348034000063 51.499049947000060)",Unfall 235088 (2019) Kat:3, Licht: 0,235088,3,7,6,02,11,4,0,0,0,1,1,0,0,0
"POINT (7.424197731000049 51.518443665000063)",Unfall 235089 (2019) Kat:3, Licht: 0,235089,3,6,2,02,08,4,0,0,0,1,0,0,0,0
"POINT (7.508884974000068 51.510403555000039)",Unfall 235147 (2019) Kat:3, Licht: 0,235147,3,4,6,02,07,3,0,0,0,0,1,0,0,1
"POINT (7.537636666000026 51.531569472000058)",Unfall 235148 (2019) Kat:3, Licht: 0,235148,3,6,2,02,08,3,0,0,0,1,0,0,0,0
"POINT (7.508967169000073 51.523488772000064)",Unfall 235226 (2019) Kat:2, Licht: 0,235226,2,6,5,02,16,2,0,0,0,1,0,1,0,0
"POINT (7.488683105000064 51.519929987000069)",Unfall 235227 (2019) Kat:3, Licht: 2,235227,3,3,5,02,18,2,0,2,1,1,0,0,0,0
"POINT (7.464672862000043 51.553005281000026)",Unfall 235228 (2019) Kat:3, Licht: 0,235228,3,4,6,02,09,2,0,0,0,1,1,0,0,0
"POINT (7.465523256000040 51.495686743000078)",Unfall 235229 (2019) Kat:3, Licht: 0,235229,3,7,5,02,12,2,0,0,1,0,0,0,0,0
"POINT (7.351356826000028 51.493775985000070)",Unfall 235259 (2019) Kat:3, Licht: 0,235259,3,5,1,02,14,1,0,0,0,1,0,0,0,0
"POINT (7.491298051000058 51.557204714000079)",Unfall 235260 (2019) Kat:3, Licht: 0,235260,3,7,6,02,16,1,0,0,0,1,1,0,0,0
"POINT (7.382008265000025 51.579526949000069)",Unfall 235319 (2019) Kat:3, Licht: 2,235319,3,7,6,02,18,7,0,2,0,1,1,0,0,0
"POINT (7.382576619000076 51.570302276000064)",Unfall 235320 (2019) Kat:3, Licht: 1,235320,3,2,4,02,17,7,0,1,0,1,0,1,0,0
"POINT (7.492261772000063 51.464195853000035)",Unfall 235321 (2019) Kat:3, Licht: 0,235321,3,3,5,02,12,7,0,0,0,1,0,0,0,0
"POINT (7.467517676000057 51.519278519000068)",Unfall 235322 (2019) Kat:3, Licht: 0,235322,3,4,6,02,16,7,0,0,0,1,1,0,0,0
"POINT (7.532829852000020 51.510270780000042)",Unfall 235378 (2019) Kat:2, Licht: 0,235378,2,7,4,02,16,1,0,0,1,1,0,0,0,0
"POINT (7.575540251000064 51.504859947000057)",Unfall 235427 (2019) Kat:3, Licht: 2,235427,3,6,2,02,18,7,0,2,0,1,0,0,0,0
"POINT (7.456230413000071 51.529152017000058)",Unfall 235428 (2019) Kat:3, Licht: 0,235428,3,7,0,02,13,7,0,0,0,1,0,0,0,1
"POINT (7.332412688000034 51.499040026000046)",Unfall 235479 (2019) Kat:3, Licht: 2,235479,3,2,6,02,18,6,0,2,0,1,1,0,0,0
"POINT (7.399253655000052 51.482522212000049)",Unfall 235480 (2019) Kat:3, Licht: 0,235480,3,2,2,02,12,6,1,0,0,1,0,0,0,0
"POINT (7.440860937000025 51.475695534000067)",Unfall 235481 (2019) Kat:3, Licht: 0,235481,3,7,0,02,12,6,0,0,0,1,0,0,0,0
"POINT (7.475805657000024 51.546743894000031)",Unfall 235506 (2019) Kat:3, Licht: 0,235506,3,3,5,02,11,2,0,0,0,1,0,0,1,0
"POINT (7.433308671000020 51.474439180000047)",Unfall 235541 (2019) Kat:3, Licht: 0,235541,3,5,1,02,14,5,0,0,1,1,0,0,0,0
"POINT (7.456810899000061 51.532945225000049)",Unfall 235542 (2019) Kat:2, Licht: 0,235542,2,6,2,02,16,5,0,0,0,1,0,0,0,0
"POINT (7.384668720000036 51.552927323000063)",Unfall 235625 (2019) Kat:3, Licht: 0,235625,3,6,0,02,15,5,0,0,0,0,0,0,0,1
"POINT (7.447220632000040 51.516271853000035)",Unfall 235708 (2019) Kat:3, Licht: 0,235708,3,3,5,02,17,4,0,0,0,1,0,0,0,0
"POINT (7.407378321000067 51.498341721000031)",Unfall 235709 (2019) Kat:2, Licht: 0,235709,2,3,5,02,16,4,0,0,1,0,0,1,0,0
"POINT (7.486486417000037 51.452525689000026)",Unfall 235710 (2019) Kat:3, Licht: 2,235710,3,6,3,02,18,4,0,2,0,0,0,1,0,1
"POINT (7.456081331000064 51.501713480000035)",Unfall 235711 (2019) Kat:3, Licht: 0,235711,3,5,0,02,09,4,0,0,0,1,0,1,0,0
"POINT (7.403701931000057 51.461872978000031)",Unfall 235713 (2019) Kat:3, Licht: 0,235713,3,6,2,02,16,4,0,0,0,1,0,1,0,0
"POINT (7.432232417000023 51.467709076000062)",Unfall 235790 (2019) Kat:3, Licht: 0,235790,3,5,0,02,15,3,0,0,1,1,0,0,0,0
"POINT (7.469721801000048 51.505820311000036)",Unfall 235791 (2019) Kat:3, Licht: 0,235791,3,6,3,02,07,3,0,0,0,1,0,0,0,0
"POINT (7.463200284000038 51.462625027000058)",Unfall 235874 (2019) Kat:3, Licht: 0,235874,3,6,2,03,14,5,1,0,0,1,0,0,0,0
"POINT (7.386465813000029 51.526375538000082)",Unfall 235928 (2019) Kat:2, Licht: 0,235928,2,3,5,03,10,4,0,0,0,1,0,0,0,0
"POINT (7.491198944000075 51.506849524000074)",Unfall 235929 (2019) Kat:3, Licht: 0,235929,3,2,5,03,15,4,0,0,0,1,0,0,0,0
"POINT (7.502869365000038 51.515202711000029)",Unfall 235962 (2019) Kat:2, Licht: 0,235962,2,4,6,03,17,3,0,0,0,1,1,0,0,0
"POINT (7.557124742000042 51.493210910000073)",Unfall 235988 (2019) Kat:3, Licht: 0,235988,3,2,6,03,10,2,1,0,0,1,1,0,0,0
"POINT (7.504670684000075 51.496688417000030)",Unfall 236047 (2019) Kat:3, Licht: 2,236047,3,1,1,03,03,7,0,2,0,1,0,0,0,0
"POINT (7.469955788000050 51.520957870000075)",Unfall 236048 (2019) Kat:3, Licht: 2,236048,3,2,5,03,19,7,1,2,0,1,0,0,0,0
"POINT (7.385545923000052 51.570472979000044)",Unfall 236094 (2019) Kat:3, Licht: 0,236094,3,3,5,03,07,6,1,0,0,1,0,0,0,0
"POINT (7.462183308000022 51.504744087000063)",Unfall 236096 (2019) Kat:3, Licht: 0,236096,3,4,6,03,12,6,0,0,0,1,1,0,0,0
"POINT (7.384448018000057 51.569228722000048)",Unfall 236194 (2019) Kat:3, Licht: 0,236194,3,2,6,03,13,3,0,0,0,1,1,0,0,0
"POINT (7.420130725000036 51.453547475000050)",Unfall 236195 (2019) Kat:3, Licht: 0,236195,3,1,9,03,12,3,0,0,0,1,0,0,0,0
"POINT (7.542160538000076 51.557333326000048)",Unfall 236196 (2019) Kat:3, Licht: 1,236196,3,4,0,03,18,3,0,1,0,0,1,0,0,1
"POINT (7.568563937000022 51.514566200000047)",Unfall 236253 (2019) Kat:3, Licht: 0,236253,3,2,4,03,17,2,1,0,0,1,0,0,0,0
"POINT (7.469425885000021 51.531755239000063)",Unfall 236254 (2019) Kat:3, Licht: 1,236254,3,3,5,03,18,2,1,1,1,1,0,0,0,0
"POINT (7.537161142000059 51.524148009000044)",Unfall 236257 (2019) Kat:3, Licht: 0,236257,3,5,0,03,08,6,1,0,1,1,0,0,0,0
"POINT (7.456142422000028 51.458820762000073)",Unfall 236282 (2019) Kat:3, Licht: 0,236282,3,2,5,03,13,6,0,0,1,1,0,0,0,0
"POINT (7.344939400000044 51.495717302000060)",Unfall 236341 (2019) Kat:3, Licht: 0,236341,3,2,5,03,19,6,0,0,0,1,0,0,0,0
"POINT (7.486692061000042 51.483863397000050)",Unfall 236387 (2019) Kat:3, Licht: 0,236387,3,3,5,03,12,2,0,0,0,1,0,0,0,0
"POINT (7.480652883000062 51.500079220000032)",Unfall 236389 (2019) Kat:3, Licht: 0,236389,3,6,1,03,11,2,0,0,0,1,0,0,0,0
"POINT (7.488277941000035 51.519396148000055)",Unfall 236412 (2019) Kat:2, Licht: 0,236412,2,6,3,03,15,1,0,0,0,1,0,0,0,0
"POINT (7.457880772000067 51.519960774000026)",Unfall 236413 (2019) Kat:3, Licht: 2,236413,3,4,6,03,20,1,1,2,0,1,1,0,0,0
"POINT (7.488587803000030 51.520941555000036)",Unfall 236443 (2019) Kat:3, Licht: 2,236443,3,5,6,03,23,7,0,2,0,1,1,0,0,0
"POINT (7.559996620000050 51.494518426000070)",Unfall 236508 (2019) Kat:3, Licht: 0,236508,3,5,6,03,07,6,1,0,0,1,1,0,0,0
"POINT (7.464819272000057 51.520652721000033)",Unfall 236509 (2019) Kat:3, Licht: 0,236509,3,7,1,03,08,6,1,0,0,1,0,0,0,0
"POINT (7.460980845000051 51.509170604000076)",Unfall 236565 (2019) Kat:3, Licht: 0,236565,3,5,0,03,16,5,1,0,1,1,0,0,0,0
"POINT (7.459478659000070 51.511593954000034)",Unfall 236618 (2019) Kat:3, Licht: 0,236618,3,7,4,03,14,4,1,0,0,1,0,0,0,0
"POINT (7.375223838000068 51.515871937000043)",Unfall 236649 (2019) Kat:3, Licht: 0,236649,3,2,5,03,14,6,0,0,0,1,0,0,0,0
"POINT (7.499381099000061 51.480623957000034)",Unfall 236650 (2019) Kat:3, Licht: 2,236650,3,5,9,03,22,6,0,2,0,1,0,0,0,0
"POINT (7.452728672000035 51.523626671000045)",Unfall 236651 (2019) Kat:3, Licht: 1,236651,3,7,0,03,18,6,0,1,1,0,1,0,0,0
"POINT (7.464759317000073 51.504995111000028)",Unfall 236652 (2019) Kat:3, Licht: 0,236652,3,4,0,03,17,6,0,0,0,1,1,0,0,0
"POINT (7.378727210000022 51.487632867000059)",Unfall 236722 (2019) Kat:3, Licht: 0,236722,3,4,6,03,07,5,0,0,0,1,1,0,0,0
"POINT (7.429890461000070 51.491201599000078)",Unfall 236723 (2019) Kat:2, Licht: 2,236723,2,7,0,03,21,5,0,2,1,1,0,0,0,0
"POINT (7.456607752000025 51.468074007000041)",Unfall 236791 (2019) Kat:3, Licht: 2,236791,3,1,1,03,20,4,0,2,0,1,0,0,0,1
"POINT (7.440515790000063 51.531423320000044)",Unfall 236852 (2019) Kat:3, Licht: 0,236852,3,3,5,03,14,3,0,0,0,1,0,0,1,0
"POINT (7.452109640000060 51.526561948000051)",Unfall 236853 (2019) Kat:3, Licht: 0,236853,3,2,5,03,08,3,0,0,1,0,0,0,0,1
"POINT (7.453837265000061 51.516070300000081)",Unfall 236854 (2019) Kat:3, Licht: 0,236854,3,3,5,03,15,3,0,0,1,1,0,0,0,0
"POINT (7.415829250000058 51.493452122000065)",Unfall 236896 (2019) Kat:3, Licht: 0,236896,3,5,3,03,16,4,0,0,1,1,0,0,0,0
"POINT (7.362913215000049 51.496940143000074)",Unfall 236897 (2019) Kat:3, Licht: 0,236897,3,2,5,03,16,4,0,0,1,0,0,0,0,1
"POINT (7.453541534000067 51.518988913000044)",Unfall 236900 (2019) Kat:3, Licht: 0,236900,3,4,6,03,18,4,0,0,1,0,1,0,0,0
"POINT (7.451445717000070 51.530284775000041)",Unfall 236901 (2019) Kat:3, Licht: 2,236901,3,7,4,03,20,4,0,2,0,1,0,1,0,0
"POINT (7.481744591000052 51.465315779000036)",Unfall 237009 (2019) Kat:3, Licht: 0,237009,3,6,2,03,11,2,1,0,0,1,0,0,0,0
"POINT (7.512210368000069 51.492187823000052)",Unfall 237043 (2019) Kat:2, Licht: 0,237043,2,7,4,03,16,1,0,0,1,0,0,0,0,0
"POINT (7.605023599000049 51.511523965000038)",Unfall 237044 (2019) Kat:3, Licht: 2,237044,3,7,0,03,21,1,0,2,0,0,0,0,0,1
"POINT (7.344612306000045 51.486852300000066)",Unfall 237076 (2019) Kat:3, Licht: 2,237076,3,1,4,03,21,7,0,2,0,1,0,0,0,0
"POINT (7.507332720000022 51.485677799000030)",Unfall 237077 (2019) Kat:2, Licht: 2,237077,2,5,3,03,20,7,0,2,0,1,0,0,0,0
"POINT (7.470872132000068 51.580976529000054)",Unfall 237145 (2019) Kat:3, Licht: 2,237145,3,4,6,04,22,2,0,2,0,1,1,0,0,0
"POINT (7.477365119000069 51.485951269000054)",Unfall 237162 (2019) Kat:3, Licht: 0,237162,3,2,5,03,14,1,0,0,1,1,0,0,0,0
"POINT (7.523131644000046 51.543264572000055)",Unfall 237163 (2019) Kat:3, Licht: 2,237163,3,7,0,03,20,1,0,2,0,1,0,0,0,1
"POINT (7.518042462000039 51.525892412000076)",Unfall 237227 (2019) Kat:3, Licht: 2,237227,3,6,2,03,21,7,0,2,0,1,0,0,0,1
"POINT (7.479050111000049 51.524351005000028)",Unfall 237228 (2019) Kat:3, Licht: 2,237228,3,6,3,03,19,7,0,2,0,1,0,0,0,1
"POINT (7.361643158000049 51.498306532000072)",Unfall 237313 (2019) Kat:3, Licht: 0,237313,3,2,5,03,15,6,0,0,1,1,0,0,0,0
"POINT (7.567251874000021 51.494219502000078)",Unfall 237314 (2019) Kat:3, Licht: 0,237314,3,1,8,03,11,6,0,0,0,1,0,1,0,0
"POINT (7.619773673000054 51.541714918000082)",Unfall 237363 (2019) Kat:3, Licht: 2,237363,3,7,1,03,21,5,0,2,0,1,1,0,0,0
"POINT (7.464902033000044 51.547265195000080)",Unfall 237364 (2019) Kat:3, Licht: 0,237364,3,3,0,03,13,5,0,0,0,1,0,1,0,0
"POINT (7.545705239000029 51.529140195000082)",Unfall 237459 (2019) Kat:3, Licht: 0,237459,3,6,2,04,14,5,1,0,0,1,0,0,0,0
"POINT (7.380984873000045 51.496336348000057)",Unfall 237525 (2019) Kat:3, Licht: 0,237525,3,4,6,04,08,4,1,0,0,1,1,0,0,0
"POINT (7.553139561000023 51.483098756000061)",Unfall 237526 (2019) Kat:2, Licht: 0,237526,2,1,0,04,12,4,1,0,0,0,0,0,0,1
"POINT (7.542811545000063 51.477790858000049)",Unfall 237574 (2019) Kat:3, Licht: 2,237574,3,2,5,04,20,3,0,2,1,1,0,0,0,0
"POINT (7.470580360000042 51.515875683000047)",Unfall 237575 (2019) Kat:3, Licht: 0,237575,3,3,1,04,08,3,0,0,1,1,0,0,0,0
"POINT (7.382719596000072 51.557365048000065)",Unfall 237686 (2019) Kat:3, Licht: 0,237686,3,7,0,04,16,3,0,0,0,0,0,0,0,1
"POINT (7.367845407000061 51.523682751000081)",Unfall 237687 (2019) Kat:3, Licht: 0,237687,3,4,6,04,08,3,0,0,0,1,1,0,0,0
"POINT (7.457669207000038 51.515413418000037)",Unfall 237804 (2019) Kat:3, Licht: 0,237804,3,4,6,04,16,1,1,0,0,1,1,0,0,0
"POINT (7.337662347000048 51.501971437000066)",Unfall 237848 (2019) Kat:3, Licht: 0,237848,3,2,4,04,13,7,0,0,0,1,0,0,0,0
"POINT (7.547773608000057 51.554969102000030)",Unfall 237849 (2019) Kat:3, Licht: 0,237849,3,7,5,04,16,7,0,0,1,1,0,0,0,0
"POINT (7.509393342000067 51.476696136000044)",Unfall 237906 (2019) Kat:3, Licht: 2,237906,3,7,6,04,20,6,0,2,0,1,1,0,0,0
"POINT (7.433493240000075 51.532744870000045)",Unfall 237907 (2019) Kat:3, Licht: 0,237907,3,3,5,04,07,6,1,0,0,1,0,0,0,0
"POINT (7.532220363000022 51.529335323000055)",Unfall 237946 (2019) Kat:3, Licht: 0,237946,3,2,0,04,11,7,1,0,0,1,0,0,0,0
"POINT (7.580719079000062 51.490887637000071)",Unfall 237994 (2019) Kat:3, Licht: 0,237994,3,1,0,04,10,6,0,0,0,0,0,1,0,0
"POINT (7.455858151000030 51.530403601000046)",Unfall 237996 (2019) Kat:3, Licht: 0,237996,3,2,6,04,11,6,0,0,0,1,1,0,0,0
"POINT (7.384714464000069 51.571395801000051)",Unfall 238052 (2019) Kat:3, Licht: 0,238052,3,3,5,04,09,5,0,0,1,1,0,0,0,0
"POINT (7.488761142000044 51.520252012000071)",Unfall 238053 (2019) Kat:3, Licht: 0,238053,3,2,3,04,07,5,0,0,0,1,0,0,0,0
"POINT (7.455500659000052 51.525996894000059)",Unfall 238055 (2019) Kat:3, Licht: 0,238055,3,3,5,04,13,5,0,0,0,1,0,0,0,0
"POINT (7.470650911000064 51.506015658000081)",Unfall 238056 (2019) Kat:3, Licht: 0,238056,3,4,6,04,16,5,0,0,1,0,1,0,0,0
"POINT (7.500017319000051 51.514232370000059)",Unfall 238123 (2019) Kat:3, Licht: 0,238123,3,3,2,04,16,4,0,0,1,1,0,0,0,0