WKT,Name,OBJECTID,UKATEGORIE,UTYP1,UART,UMONAT,USTUNDE,UWOCHENTAG,STRZUSTAND,ULICHTVERH,ISTRAD,ISTPKW,ISTFUSS,ISTKRAD,ISTGKFZ,ISTSONSTIG
"POINT (7.458665381000060 51.501738513000078)",Unfall 238124 (2019) Kat:3, Licht: 0,238124,3,6,4,04,07,4,0,0,1,0,1,0,0,0
"POINT (7.417137112000034 51.490583114000060)",Unfall 238201 (2019) Kat:3, Licht: 0,238201,3,2,4,04,13,5,0,0,0,1,0,1,0,0
"POINT (7.606876118000059 51.531541636000043)",Unfall 238202 (2019) Kat:3, Licht: 0,238202,3,3,5,04,10,5,0,0,0,1,0,1,0,0
"POINT (7.556559388000039 51.490738329000067)",Unfall 238203 (2019) Kat:3, Licht: 0,238203,3,7,0,04,15,5,0,0,0,1,0,0,0,0
"POINT (7.467969015000051 51.531698097000060)",Unfall 238204 (2019) Kat:3, Licht: 0,238204,3,6,2,04,14,5,0,0,0,1,0,0,0,0
"POINT (7.470671777000064 51.487265591000039)",Unfall 238257 (2019) Kat:3, Licht: 0,238257,3,3,0,04,17,4,0,0,1,1,0,0,0,0
"POINT (7.491943198000058 51.549802346000035)",Unfall 238258 (2019) Kat:3, Licht: 2,238258,3,3,5,04,22,4,0,2,1,1,0,0,0,0
"POINT (7.457858059000046 51.466664234000064)",Unfall 238315 (2019) Kat:3, Licht: 0,238315,3,3,5,04,07,3,0,0,1,1,0,0,0,0
"POINT (7.487758717000077 51.515976073000047)",Unfall 238316 (2019) Kat:3, Licht: 0,238316,3,3,0,04,06,3,0,0,1,1,0,0,0,0
"POINT (7.540692815000057 51.552727295000068)",Unfall 238374 (2019) Kat:3, Licht: 0,238374,3,3,5,04,19,2,0,0,1,1,0,0,0,0
"POINT (7.453837265000061 51.516070300000081)",Unfall 238376 (2019) Kat:3, Licht: 0,238376,3,4,6,04,10,2,0,0,0,1,1,0,0,0
"POINT (7.423456931000033 51.523755104000031)",Unfall 238433 (2019) Kat:3, Licht: 2,238433,3,7,0,04,05,1,1,2,1,0,0,0,0,0
"POINT (7.508463890000030 51.485448550000058)",Unfall 238436 (2019) Kat:2, Licht: 0,238436,2,5,1,04,13,1,0,0,1,0,0,0,1,0
"POINT (7.386538168000072 51.575353576000055)",Unfall 238489 (2019) Kat:2, Licht: 2,238489,2,3,5,04,22,3,0,2,0,1,0,0,0,0
"POINT (7.418608241000072 51.563781442000050)",Unfall 238490 (2019) Kat:3, Licht: 0,238490,3,1,8,04,14,3,0,0,0,1,0,0,0,0
"POINT (7.391527394000036 51.570859393000035)",Unfall 238527 (2019) Kat:3, Licht: 0,238527,3,7,2,04,10,2,0,0,1,1,0,0,0,0
"POINT (7.453756067000029 51.530246746000046)",Unfall 238528 (2019) Kat:3, Licht: 0,238528,3,2,5,04,15,2,0,0,0,1,1,0,0,0
"POINT (7.431032581000068 51.477133482000056)",Unfall 238686 (2019) Kat:3, Licht: 2,238686,3,6,1,04,00,6,0,2,0,1,0,0,0,0
"POINT (7.493885910000074 51.504815515000075)",Unfall 238688 (2019) Kat:2, Licht: 2,238688,2,6,3,04,03,6,0,2,1,0,0,0,0,1
"POINT (7.383445468000048 51.569719146000068)",Unfall 238802 (2019) Kat:3, Licht: 0,238802,3,6,2,04,11,6,0,0,1,1,0,0,0,0
"POINT (7.498764589000075 51.510804937000046)",Unfall 238851 (2019) Kat:3, Licht: 0,238851,3,3,1,04,11,5,0,0,0,1,0,0,0,1
"POINT (7.458740845000023 51.519972491000033)",Unfall 238852 (2019) Kat:3, Licht: 0,238852,3,7,0,04,18,5,0,0,0,0,0,0,0,1
"POINT (7.501123109000048 51.491690622000078)",Unfall 238960 (2019) Kat:3, Licht: 1,238960,3,7,6,05,20,5,1,1,0,1,1,0,0,0
"POINT (7.375307841000051 51.487902413000029)",Unfall 239008 (2019) Kat:3, Licht: 2,239008,3,1,0,05,02,4,0,2,0,1,0,0,0,1
"POINT (7.381666239000026 51.569804639000040)",Unfall 239095 (2019) Kat:3, Licht: 0,239095,3,3,0,04,11,3,0,0,0,1,0,0,0,1
"POINT (7.578810631000067 51.534579829000052)",Unfall 239096 (2019) Kat:2, Licht: 0,239096,2,2,4,04,16,3,0,0,1,1,0,0,0,0
"POINT (7.622885963000044 51.528776895000078)",Unfall 239097 (2019) Kat:3, Licht: 0,239097,3,2,0,04,07,3,0,0,0,1,0,1,0,0
"POINT (7.339173822000021 51.499364815000035)",Unfall 239180 (2019) Kat:3, Licht: 0,239180,3,6,2,04,15,2,0,0,0,1,0,1,0,0
"POINT (7.453837265000061 51.516070300000081)",Unfall 239181 (2019) Kat:3, Licht: 0,239181,3,1,0,04,14,2,0,0,1,1,0,0,0,0
"POINT (7.377625858000044 51.572302399000080)",Unfall 239211 (2019) Kat:2, Licht: 0,239211,2,7,6,05,10,3,0,0,0,1,1,0,0,0
"POINT (7.454347830000074 51.532762546000072)",Unfall 239212 (2019) Kat:3, Licht: 0,239212,3,3,5,05,10,3,0,0,0,1,0,0,0,0
"POINT (7.380465075000075 51.506198136000080)",Unfall 239275 (2019) Kat:3, Licht: 0,239275,3,7,0,05,11,2,0,0,0,1,0,0,0,0
"POINT (7.539880565000033 51.529312610000034)",Unfall 239276 (2019) Kat:3, Licht: 0,239276,3,3,3,05,13,2,0,0,1,1,0,0,0,0
"POINT (7.470541236000031 51.523855368000056)",Unfall 239279 (2019) Kat:3, Licht: 0,239279,3,7,2,05,13,2,0,0,0,1,0,0,0,0
"POINT (7.546305415000063 51.554356388000031)",Unfall 239346 (2019) Kat:3, Licht: 0,239346,3,1,1,05,11,7,0,0,1,1,0,0,0,0
"POINT (7.399017942000057 51.507351397000036)",Unfall 239413 (2019) Kat:3, Licht: 0,239413,3,7,9,05,08,6,1,0,0,1,0,0,0,0
"POINT (7.537280977000023 51.565733991000059)",Unfall 239469 (2019) Kat:3, Licht: 0,239469,3,2,4,05,20,7,0,0,0,1,0,0,0,0
"POINT (7.463579762000052 51.511775262000072)",Unfall 239470 (2019) Kat:3, Licht: 0,239470,3,4,6,05,19,7,0,0,0,1,1,0,0,0
"POINT (7.384477432000040 51.569218079000052)",Unfall 239544 (2019) Kat:3, Licht: 0,239544,3,6,2,05,12,6,0,0,0,1,0,0,0,0
"POINT (7.336322434000067 51.499146570000050)",Unfall 239545 (2019) Kat:3, Licht: 0,239545,3,3,5,05,09,6,0,0,0,1,0,0,0,0
"POINT (7.404680359000054 51.477896454000074)",Unfall 239546 (2019) Kat:3, Licht: 0,239546,3,2,6,05,07,6,1,0,0,1,1,0,0,0
"POINT (7.410532346000025 51.502501788000075)",Unfall 239547 (2019) Kat:3, Licht: 0,239547,3,7,0,05,16,6,1,0,0,0,1,0,0,1
"POINT (7.484156316000053 51.553362163000031)",Unfall 239548 (2019) Kat:2, Licht: 0,239548,2,2,4,05,10,6,0,0,0,1,0,0,0,1
"POINT (7.497209246000068 51.497154032000026)",Unfall 239549 (2019) Kat:3, Licht: 2,239549,3,1,9,05,03,6,1,2,0,1,0,0,0,0
"POINT (7.490058056000066 51.506846944000074)",Unfall 239611 (2019) Kat:2, Licht: 0,239611,2,4,6,05,12,5,0,0,0,1,1,0,0,0
"POINT (7.487583309000058 51.518109867000078)",Unfall 239683 (2019) Kat:3, Licht: 1,239683,3,2,2,05,05,4,0,1,0,1,0,1,0,0
"POINT (7.535229593000054 51.521583507000059)",Unfall 239684 (2019) Kat:3, Licht: 0,239684,3,3,5,05,10,4,0,0,0,1,0,0,0,0
"POINT (7.464847631000055 51.520032213000036)",Unfall 239685 (2019) Kat:3, Licht: 0,239685,3,3,5,05,19,4,1,0,1,1,0,0,0,0
"POINT (7.447090429000070 51.553828584000030)",Unfall 239686 (2019) Kat:3, Licht: 0,239686,3,3,5,05,13,4,0,0,0,1,0,1,0,0
"POINT (7.438989918000061 51.480582834000074)",Unfall 239743 (2019) Kat:3, Licht: 0,239743,3,3,5,05,19,4,0,0,0,1,0,0,0,0
"POINT (7.517248190000032 51.510423038000056)",Unfall 239745 (2019) Kat:2, Licht: 0,239745,2,2,4,05,14,4,0,0,1,1,0,0,0,0
"POINT (7.491486900000041 51.506919684000081)",Unfall 239746 (2019) Kat:3, Licht: 0,239746,3,1,0,05,07,4,0,0,1,0,0,0,0,1
"POINT (7.463698587000067 51.551173878000043)",Unfall 239747 (2019) Kat:3, Licht: 0,239747,3,6,1,05,14,4,0,0,0,1,0,0,0,0
"POINT (7.442890333000037 51.474055564000082)",Unfall 239849 (2019) Kat:2, Licht: 0,239849,2,3,0,05,08,3,0,0,0,1,0,0,0,1
"POINT (7.418123597000033 51.501892149000071)",Unfall 239851 (2019) Kat:3, Licht: 0,239851,3,4,6,05,16,3,0,0,0,1,1,0,0,0
"POINT (7.384002683000063 51.553926939000064)",Unfall 239925 (2019) Kat:2, Licht: 0,239925,2,7,0,05,16,2,0,0,0,0,0,1,0,0
"POINT (7.355130992000056 51.515860104000069)",Unfall 239926 (2019) Kat:3, Licht: 0,239926,3,2,3,05,19,2,0,0,0,1,0,1,0,0
"POINT (7.537863312000070 51.531677360000060)",Unfall 239928 (2019) Kat:3, Licht: 0,239928,3,2,6,05,10,2,0,0,0,1,1,0,0,0
"POINT (7.540403874000049 51.528501967000068)",Unfall 239929 (2019) Kat:3, Licht: 0,239929,3,6,2,05,08,2,0,0,0,1,0,0,0,0
"POINT (7.447252477000063 51.516306662000034)",Unfall 239968 (2019) Kat:3, Licht: 0,239968,3,3,5,05,06,1,0,0,0,1,0,0,0,0
"POINT (7.535229593000054 51.521583507000059)",Unfall 240024 (2019) Kat:3, Licht: 0,240024,3,3,5,05,13,7,0,0,0,1,0,0,0,0
"POINT (7.537467650000053 51.532173705000048)",Unfall 240025 (2019) Kat:3, Licht: 0,240025,3,7,1,05,11,7,0,0,0,1,0,1,0,0
"POINT (7.422064488000046 51.518724687000031)",Unfall 240100 (2019) Kat:3, Licht: 0,240100,3,6,2,05,11,6,0,0,0,1,0,0,0,0
"POINT (7.383267034000028 51.569838659000027)",Unfall 240192 (2019) Kat:3, Licht: 0,240192,3,2,6,05,16,5,0,0,0,1,1,0,0,0
"POINT (7.460059319000038 51.571419693000053)",Unfall 240193 (2019) Kat:3, Licht: 0,240193,3,7,0,05,17,5,0,0,0,1,0,0,0,0
"POINT (7.482324064000068 51.525275228000055)",Unfall 240194 (2019) Kat:3, Licht: 0,240194,3,4,6,05,16,5,0,0,0,1,1,0,0,0
"POINT (7.547647043000040 51.551604788000077)",Unfall 240293 (2019) Kat:3, Licht: 0,240293,3,3,0,05,17,4,0,0,1,1,0,0,0,0
"POINT (7.524881838000056 51.547493711000072)",Unfall 240294 (2019) Kat:3, Licht: 0,240294,3,4,6,05,14,4,0,0,0,1,1,0,0,0
"POINT (7.486633317000042 51.552361326000039)",Unfall 240295 (2019) Kat:3, Licht: 0,240295,3,3,5,05,11,4,0,0,0,1,0,0,0,0
"POINT (7.378297595000049 51.562265717000059)",Unfall 240371 (2019) Kat:2, Licht: 0,240371,2,3,5,05,11,3,1,0,0,1,0,0,0,0
"POINT (7.519469062000042 51.517367696000065)",Unfall 240441 (2019) Kat:3, Licht: 0,240441,3,2,5,05,15,2,0,0,1,1,0,0,0,0
"POINT (7.512144271000068 51.537375712000028)",Unfall 240442 (2019) Kat:3, Licht: 0,240442,3,2,4,05,13,2,0,0,0,1,0,1,0,0
"POINT (7.476714276000053 51.497768969000049)",Unfall 240443 (2019) Kat:3, Licht: 0,240443,3,1,8,05,13,2,0,0,0,1,0,0,0,0
"POINT (7.350179684000068 51.498580609000044)",Unfall 240496 (2019) Kat:3, Licht: 0,240496,3,1,0,05,13,1,0,0,0,0,0,1,0,0
"POINT (7.386640997000029 51.573815631000059)",Unfall 240656 (2019) Kat:3, Licht: 0,240656,3,6,2,05,09,1,0,0,0,1,0,0,0,0
"POINT (7.531237732000022 51.488221524000039)",Unfall 240665 (2019) Kat:3, Licht: 0,240665,3,4,0,05,16,1,0,0,1,0,1,0,0,0
"POINT (7.482968530000051 51.468994234000036)",Unfall 240672 (2019) Kat:3, Licht: 0,240672,3,6,4,05,15,6,0,0,0,1,0,0,0,0
"POINT (7.446614148000037 51.504010012000037)",Unfall 240754 (2019) Kat:3, Licht: 0,240754,3,3,1,05,17,5,0,0,1,0,0,0,0,0
"POINT (7.532352441000057 51.529382639000062)",Unfall 240874 (2019) Kat:2, Licht: 0,240874,2,2,5,05,11,4,0,0,1,1,0,0,0,0
"POINT (7.494827977000057 51.518128362000027)",Unfall 240875 (2019) Kat:2, Licht: 0,240875,2,1,8,05,06,4,0,0,0,1,1,0,0,0
"POINT (7.491127603000052 51.550253889000032)",Unfall 240876 (2019) Kat:3, Licht: 0,240876,3,2,5,05,18,4,0,0,0,1,0,1,0,0
"POINT (7.479832875000056 51.520806716000038)",Unfall 240877 (2019) Kat:3, Licht: 0,240877,3,2,5,05,16,4,0,0,0,1,0,1,0,0
"POINT (7.423589134000054 51.513088184000026)",Unfall 240939 (2019) Kat:3, Licht: 2,240939,3,3,5,05,03,3,0,2,0,1,0,0,0,0
"POINT (7.424083044000042 51.516093663000049)",Unfall 241000 (2019) Kat:3, Licht: 0,241000,3,2,5,05,15,2,0,0,0,1,0,1,0,0
"POINT (7.378848667000057 51.481137169000078)",Unfall 241036 (2019) Kat:3, Licht: 0,241036,3,3,5,06,17,2,0,0,0,1,0,0,0,0
"POINT (7.380401178000057 51.506475279000028)",Unfall 241037 (2019) Kat:3, Licht: 0,241037,3,6,2,06,17,2,0,0,0,1,0,0,0,0
"POINT (7.482313149000049 51.525244732000033)",Unfall 241038 (2019) Kat:3, Licht: 0,241038,3,4,6,06,08,2,1,0,0,1,1,0,0,0
"POINT (7.464661304000060 51.523257524000030)",Unfall 241039 (2019) Kat:3, Licht: 0,241039,3,4,6,06,19,2,0,0,0,1,1,0,0,0
"POINT (7.472772076000069 51.554256512000052)",Unfall 241089 (2019) Kat:3, Licht: 0,241089,3,1,8,06,12,1,0,0,0,1,0,0,0,0
"POINT (7.519061473000022 51.497817838000060)",Unfall 241161 (2019) Kat:3, Licht: 0,241161,3,6,3,06,11,7,0,0,1,1,0,0,0,0
"POINT (7.516606349000028 51.505882777000068)",Unfall 241162 (2019) Kat:3, Licht: 0,241162,3,3,5,06,18,7,0,0,1,1,0,0,0,0
"POINT (7.584735664000050 51.550813697000081)",Unfall 241163 (2019) Kat:3, Licht: 0,241163,3,4,6,06,18,7,0,0,0,1,1,0,0,0
"POINT (7.410718638000049 51.533105183000032)",Unfall 241164 (2019) Kat:3, Licht: 0,241164,3,7,0,06,14,7,0,0,1,1,0,0,0,0
"POINT (7.444531054000038 51.524162004000061)",Unfall 241165 (2019) Kat:3, Licht: 0,241165,3,6,2,06,12,7,0,0,0,1,0,1,0,0
"POINT (7.453516392000040 51.519352375000040)",Unfall 241166 (2019) Kat:3, Licht: 0,241166,3,2,4,06,10,7,0,0,0,1,0,0,0,0
"POINT (7.336087490000068 51.499104562000070)",Unfall 241234 (2019) Kat:1, Licht: 0,241234,1,4,6,05,11,6,0,0,0,1,1,0,0,0
"POINT (7.496102366000059 51.482050455000035)",Unfall 241235 (2019) Kat:3, Licht: 0,241235,3,6,0,05,10,6,0,0,0,1,1,0,0,0
"POINT (7.481223668000041 51.551312050000035)",Unfall 241236 (2019) Kat:3, Licht: 2,241236,3,7,1,05,23,5,0,2,1,0,0,0,0,1
"POINT (7.482216454000024 51.487624893000032)",Unfall 241285 (2019) Kat:3, Licht: 0,241285,3,3,5,06,17,5,0,0,1,1,0,0,0,0
"POINT (7.479659466000044 51.513401294000062)",Unfall 241286 (2019) Kat:3, Licht: 0,241286,3,7,0,06,17,5,0,0,1,0,1,0,0,0
"POINT (7.412962236000055 51.532108810000068)",Unfall 241376 (2019) Kat:3, Licht: 0,241376,3,4,6,06,12,4,0,0,0,1,1,0,0,0
"POINT (7.509969960000035 51.523864878000040)",Unfall 241377 (2019) Kat:3, Licht: 0,241377,3,3,5,06,06,4,1,0,1,1,0,0,0,0
"POINT (7.458502763000070 51.466422084000044)",Unfall 241453 (2019) Kat:3, Licht: 0,241453,3,1,0,06,12,3,0,0,1,0,0,0,0,0
"POINT (7.394797061000077 51.503287072000035)",Unfall 241454 (2019) Kat:3, Licht: 0,241454,3,7,0,06,16,3,0,0,0,0,0,0,0,1
"POINT (7.474675131000026 51.476222046000032)",Unfall 241455 (2019) Kat:3, Licht: 0,241455,3,6,2,06,07,3,0,0,0,1,0,1,0,0
"POINT (7.491486036000026 51.469687566000061)",Unfall 241456 (2019) Kat:3, Licht: 0,241456,3,1,0,06,10,3,0,0,0,0,0,1,0,0
"POINT (7.534693473000061 51.509407413000076)",Unfall 241457 (2019) Kat:3, Licht: 0,241457,3,6,2,06,07,3,0,0,0,1,0,0,0,0
"POINT (7.466249927000035 51.526562603000059)",Unfall 241458 (2019) Kat:3, Licht: 0,241458,3,5,0,06,10,3,0,0,1,1,0,0,0,0
"POINT (7.487650951000035 51.474174488000074)",Unfall 241557 (2019) Kat:3, Licht: 0,241557,3,7,0,06,17,1,0,0,0,0,0,0,0,1
"POINT (7.528719038000077 51.444745232000059)",Unfall 241614 (2019) Kat:3, Licht: 0,241614,3,6,4,06,15,7,0,0,0,1,0,1,0,0
"POINT (7.503507701000046 51.485574484000040)",Unfall 241615 (2019) Kat:3, Licht: 0,241615,3,3,5,06,13,7,0,0,0,1,0,0,0,0
"POINT (7.514386907000073 51.533856802000059)",Unfall 241725 (2019) Kat:3, Licht: 0,241725,3,7,0,06,18,6,0,0,1,0,0,0,0,1
"POINT (7.461863576000042 51.493257927000059)",Unfall 241726 (2019) Kat:2, Licht: 0,241726,2,7,0,06,17,6,0,0,1,0,0,0,0,0
"POINT (7.449329403000036 51.505455771000072)",Unfall 241727 (2019) Kat:3, Licht: 0,241727,3,5,1,06,15,6,0,0,1,1,0,0,0,0
"POINT (7.503526590000035 51.485557698000036)",Unfall 241825 (2019) Kat:3, Licht: 0,241825,3,2,1,06,19,5,1,0,1,1,0,0,0,0
"POINT (7.329483507000020 51.505414312000028)",Unfall 241913 (2019) Kat:3, Licht: 0,241913,3,3,5,06,07,4,0,0,0,1,0,0,0,0
"POINT (7.528553718000069 51.444005732000051)",Unfall 241914 (2019) Kat:2, Licht: 0,241914,2,3,1,06,15,4,0,0,0,1,0,1,0,0
"POINT (7.442992754000045 51.494955230000073)",Unfall 241915 (2019) Kat:3, Licht: 0,241915,3,7,1,06,10,4,1,0,0,1,0,0,0,0
"POINT (7.384701158000041 51.571410822000075)",Unfall 241990 (2019) Kat:2, Licht: 0,241990,2,3,0,06,16,3,0,0,1,0,0,0,0,0
"POINT (7.474114322000048 51.543898405000050)",Unfall 241994 (2019) Kat:3, Licht: 1,241994,3,1,0,06,21,3,0,1,0,1,0,1,0,0
"POINT (7.425223115000051 51.521994245000030)",Unfall 242038 (2019) Kat:3, Licht: 0,242038,3,7,0,06,16,2,0,0,0,1,0,0,0,0
"POINT (7.491127603000052 51.550253889000032)",Unfall 242039 (2019) Kat:3, Licht: 0,242039,3,3,5,06,17,2,1,0,0,1,0,0,0,0
"POINT (7.534017810000023 51.506749121000041)",Unfall 242081 (2019) Kat:3, Licht: 0,242081,3,2,5,06,10,1,0,0,0,1,0,0,0,0
"POINT (7.486633317000042 51.552361326000039)",Unfall 242082 (2019) Kat:3, Licht: 0,242082,3,7,4,06,17,1,0,0,0,1,0,0,0,0
"POINT (7.456027372000051 51.532364389000065)",Unfall 242083 (2019) Kat:3, Licht: 2,242083,3,1,0,06,02,1,0,2,1,0,0,0,0,0
"POINT (7.364347719000023 51.541226204000054)",Unfall 242155 (2019) Kat:2, Licht: 0,242155,2,3,5,06,14,7,0,0,0,1,0,0,0,0
"POINT (7.369321621000040 51.521751460000075)",Unfall 242157 (2019) Kat:3, Licht: 0,242157,3,4,6,06,15,7,0,0,0,1,1,0,0,0
"POINT (7.513861116000044 51.487891534000028)",Unfall 242158 (2019) Kat:3, Licht: 0,242158,3,6,0,06,13,7,0,0,1,0,1,0,0,0
"POINT (7.548726336000073 51.558118243000081)",Unfall 242159 (2019) Kat:2, Licht: 0,242159,2,7,6,06,17,7,0,0,0,1,1,0,0,0
"POINT (7.541636007000022 51.557240060000026)",Unfall 242160 (2019) Kat:3, Licht: 0,242160,3,2,0,06,12,7,0,0,1,1,0,0,0,0
"POINT (7.483058371000027 51.543082506000076)",Unfall 242161 (2019) Kat:3, Licht: 2,242161,3,7,6,06,23,7,0,2,0,1,1,0,0,0
"POINT (7.464656802000036 51.530004578000046)",Unfall 242162 (2019) Kat:3, Licht: 0,242162,3,6,3,06,09,7,1,0,1,1,0,0,0,0
"POINT (7.466472249000049 51.528109456000038)",Unfall 242163 (2019) Kat:3, Licht: 2,242163,3,3,5,06,02,7,1,2,0,1,0,0,0,0
"POINT (7.549418064000065 51.530896702000064)",Unfall 242420 (2019) Kat:3, Licht: 0,242420,3,2,4,06,13,3,0,0,1,1,0,0,0,0
"POINT (7.429272903000026 51.532832460000066)",Unfall 242421 (2019) Kat:3, Licht: 0,242421,3,1,0,06,13,3,0,0,0,0,0,1,0,0
"POINT (7.447819882000033 51.515297059000034)",Unfall 242423 (2019) Kat:3, Licht: 0,242423,3,4,6,06,11,3,0,0,1,0,1,0,0,0
"POINT (7.539700920000030 51.529508732000068)",Unfall 242544 (2019) Kat:3, Licht: 0,242544,3,3,5,06,17,4,0,0,1,1,0,0,0,0
"POINT (7.384658447000049 51.552942762000043)",Unfall 242554 (2019) Kat:3, Licht: 0,242554,3,2,2,06,09,2,0,0,0,1,0,1,0,0
"POINT (7.465335538000034 51.531728498000064)",Unfall 242555 (2019) Kat:3, Licht: 2,242555,3,3,5,06,23,4,1,2,0,1,0,0,0,0
"POINT (7.498652902000060 51.467666169000040)",Unfall 242556 (2019) Kat:3, Licht: 1,242556,3,1,0,06,22,2,0,1,0,0,0,1,0,0
"POINT (7.587369122000041 51.528208228000040)",Unfall 242557 (2019) Kat:2, Licht: 0,242557,2,6,1,06,14,2,0,0,0,1,0,0,0,1
"POINT (7.519460586000037 51.523903292000057)",Unfall 242558 (2019) Kat:3, Licht: 0,242558,3,6,2,06,16,2,0,0,0,1,0,0,0,0
"POINT (7.491226247000043 51.506855519000055)",Unfall 242560 (2019) Kat:3, Licht: 0,242560,3,2,5,06,11,2,0,0,0,1,0,0,0,0
"POINT (7.467100618000075 51.512480846000074)",Unfall 242566 (2019) Kat:3, Licht: 0,242566,3,7,6,06,19,4,0,0,0,1,1,0,0,0
"POINT (7.540944979000074 51.482145017000050)",Unfall 242580 (2019) Kat:2, Licht: 1,242580,2,1,8,06,21,7,0,1,0,0,0,1,0,0
"POINT (7.465293616000054 51.531713678000074)",Unfall 242581 (2019) Kat:3, Licht: 2,242581,3,3,5,06,23,7,0,2,0,1,0,0,0,0
"POINT (7.614848791000043 51.515701133000050)",Unfall 242683 (2019) Kat:3, Licht: 0,242683,3,7,1,06,08,6,0,0,0,1,0,0,0,1
"POINT (7.495368139000050 51.504671926000071)",Unfall 242742 (2019) Kat:3, Licht: 0,242742,3,1,0,06,17,5,1,0,0,0,0,1,0,0
"POINT (7.396560083000054 51.558700694000038)",Unfall 242883 (2019) Kat:3, Licht: 0,242883,3,6,0,06,15,3,0,0,0,1,0,0,0,1
"POINT (7.586277726000049 51.482993398000076)",Unfall 242884 (2019) Kat:3, Licht: 0,242884,3,6,2,06,09,3,0,0,0,1,0,1,0,0
"POINT (7.521626919000028 51.511203269000077)",Unfall 242886 (2019) Kat:2, Licht: 0,242886,2,1,7,06,19,3,0,0,0,0,0,1,0,0
"POINT (7.504243113000030 51.569815635000054)",Unfall 242887 (2019) Kat:3, Licht: 0,242887,3,3,5,06,16,3,0,0,0,1,0,0,0,0
"POINT (7.455351131000043 51.492517937000059)",Unfall 242888 (2019) Kat:3, Licht: 0,242888,3,2,5,06,14,3,0,0,1,1,0,0,0,0
"POINT (7.493153883000048 51.495231682000053)",Unfall 242889 (2019) Kat:3, Licht: 0,242889,3,6,2,06,15,3,0,0,0,1,0,1,0,0
"POINT (7.460692471000073 51.504643940000051)",Unfall 242890 (2019) Kat:3, Licht: 0,242890,3,3,5,06,15,3,0,0,0,0,0,1,0,1
"POINT (7.452841651000028 51.515332245000081)",Unfall 242891 (2019) Kat:3, Licht: 0,242891,3,7,0,06,11,3,0,0,0,1,0,0,0,0
"POINT (7.429468012000029 51.474775206000061)",Unfall 243001 (2019) Kat:3, Licht: 0,243001,3,6,4,06,18,2,0,0,1,1,0,0,0,0
"POINT (7.615913403000036 51.539153735000070)",Unfall 243002 (2019) Kat:3, Licht: 0,243002,3,1,9,06,15,2,0,0,0,1,0,0,0,0
"POINT (7.349230367000075 51.570732068000041)",Unfall 243058 (2019) Kat:3, Licht: 0,243058,3,6,4,06,14,1,0,0,0,1,0,0,0,1
"POINT (7.553916834000063 51.527824526000074)",Unfall 243059 (2019) Kat:3, Licht: 0,243059,3,3,0,06,10,1,0,0,0,1,0,1,0,0
"POINT (7.487986800000044 51.513608223000062)",Unfall 243062 (2019) Kat:3, Licht: 2,243062,3,1,0,06,02,1,0,2,1,0,0,0,0,0
"POINT (7.480854231000023 51.431654528000081)",Unfall 243171 (2019) Kat:3, Licht: 0,243171,3,1,0,06,19,6,0,0,0,0,0,0,0,1
"POINT (7.527217207000035 51.566861236000079)",Unfall 243172 (2019) Kat:3, Licht: 0,243172,3,6,2,06,19,6,0,0,0,1,0,0,0,0
"POINT (7.465987744000074 51.512887647000071)",Unfall 243173 (2019) Kat:3, Licht: 0,243173,3,6,6,06,12,6,0,0,0,1,1,0,0,0
"POINT (7.521747433000030 51.502111204000073)",Unfall 243257 (2019) Kat:3, Licht: 0,243257,3,3,5,06,12,5,0,0,0,1,0,0,0,0
"POINT (7.534697367000035 51.508253166000031)",Unfall 243258 (2019) Kat:2, Licht: 0,243258,2,3,5,06,14,5,0,0,0,1,0,0,0,0
"POINT (7.461831922000044 51.515245062000076)",Unfall 243261 (2019) Kat:3, Licht: 2,243261,3,1,0,06,00,5,0,2,1,0,0,0,0,0
"POINT (7.441268697000055 51.474096051000060)",Unfall 243288 (2019) Kat:3, Licht: 0,243288,3,1,0,06,20,4,0,0,1,0,0,0,0,0
"POINT (7.491186191000054 51.470242109000026)",Unfall 243296 (2019) Kat:3, Licht: 0,243296,3,4,6,06,09,4,0,0,0,1,1,0,0,0
"POINT (7.461016431000076 51.526310466000041)",Unfall 243302 (2019) Kat:3, Licht: 0,243302,3,6,4,06,19,4,0,0,1,1,0,0,0,0
"POINT (7.484208855000077 51.476583943000037)",Unfall 243306 (2019) Kat:3, Licht: 1,243306,3,4,6,06,20,4,0,1,0,1,1,0,0,0
"POINT (7.517790763000050 51.501964309000073)",Unfall 243310 (2019) Kat:3, Licht: 0,243310,3,7,9,06,09,4,0,0,0,1,0,0,0,0
"POINT (7.506543000000022 51.522574567000049)",Unfall 243313 (2019) Kat:3, Licht: 0,243313,3,7,4,06,07,4,0,0,0,1,0,0,0,1
"POINT (7.443623371000058 51.521674542000028)",Unfall 243320 (2019) Kat:3, Licht: 0,243320,3,2,5,06,14,4,0,0,1,0,0,0,0,0
"POINT (7.405741624000029 51.491494010000054)",Unfall 243404 (2019) Kat:3, Licht: 0,243404,3,7,5,07,08,2,0,0,1,1,0,0,0,0