WKT,Name,OBJECTID,UKATEGORIE,UTYP1,UART,UMONAT,USTUNDE,UWOCHENTAG,STRZUSTAND,ULICHTVERH,ISTRAD,ISTPKW,ISTFUSS,ISTKRAD,ISTGKFZ,ISTSONSTIG
"POINT (7.456850410000072 51.550581621000049)",Unfall 243406 (2019) Kat:3, Licht: 0,243406,3,2,5,07,16,2,0,0,1,1,0,0,0,0
"POINT (7.446108070000037 51.523941036000053)",Unfall 243407 (2019) Kat:3, Licht: 0,243407,3,7,6,07,16,2,0,0,0,1,1,0,0,0
"POINT (7.470305315000076 51.535142488000076)",Unfall 243408 (2019) Kat:2, Licht: 0,243408,2,1,8,07,09,2,0,0,0,0,0,0,0,1
"POINT (7.491192712000043 51.486190945000033)",Unfall 243549 (2019) Kat:3, Licht: 0,243549,3,3,5,06,10,7,0,0,1,1,0,0,0,0
"POINT (7.452129449000040 51.526450301000068)",Unfall 243553 (2019) Kat:3, Licht: 0,243553,3,6,1,06,14,7,0,0,0,1,0,0,0,0
"POINT (7.463847809000072 51.469744106000064)",Unfall 243704 (2019) Kat:3, Licht: 0,243704,3,2,5,07,17,4,0,0,1,1,0,0,0,0
"POINT (7.401777693000042 51.493017343000076)",Unfall 243705 (2019) Kat:3, Licht: 0,243705,3,6,1,07,17,4,0,0,0,1,0,1,0,0
"POINT (7.477251176000038 51.513602326000068)",Unfall 243707 (2019) Kat:3, Licht: 0,243707,3,3,0,07,17,4,0,0,1,1,0,0,0,0
"POINT (7.467036115000042 51.516135046000045)",Unfall 243708 (2019) Kat:3, Licht: 0,243708,3,6,4,07,12,4,0,0,1,0,0,0,0,1
"POINT (7.447854200000052 51.515301872000066)",Unfall 243733 (2019) Kat:2, Licht: 0,243733,2,2,5,07,17,5,0,0,1,1,0,0,0,0
"POINT (7.572038290000023 51.501456654000037)",Unfall 243736 (2019) Kat:3, Licht: 0,243736,3,3,5,07,15,5,0,0,1,1,0,0,0,0
"POINT (7.523480729000028 51.543845052000052)",Unfall 243775 (2019) Kat:3, Licht: 0,243775,3,7,0,07,15,5,0,0,0,1,0,1,0,0
"POINT (7.505165524000063 51.480743023000059)",Unfall 243786 (2019) Kat:3, Licht: 0,243786,3,2,1,07,10,5,0,0,0,1,0,0,0,0
"POINT (7.512571201000071 51.545062965000056)",Unfall 243805 (2019) Kat:3, Licht: 0,243805,3,6,8,07,17,3,0,0,0,0,0,1,0,0
"POINT (7.463134207000053 51.523643568000068)",Unfall 243807 (2019) Kat:3, Licht: 0,243807,3,7,6,07,21,3,0,0,0,1,1,0,0,0
"POINT (7.447850977000030 51.515301420000071)",Unfall 243808 (2019) Kat:3, Licht: 0,243808,3,2,5,07,13,3,0,0,1,1,0,0,0,0
"POINT (7.483234240000058 51.513082106000070)",Unfall 243809 (2019) Kat:3, Licht: 2,243809,3,7,1,07,00,3,0,2,1,1,0,0,0,0
"POINT (7.390533048000066 51.585855977000051)",Unfall 243899 (2019) Kat:3, Licht: 0,243899,3,1,0,07,18,1,0,0,1,0,0,0,0,0
"POINT (7.453445939000062 51.519660035000072)",Unfall 243910 (2019) Kat:3, Licht: 0,243910,3,7,6,07,18,7,0,0,1,0,1,0,0,0
"POINT (7.458138861000066 51.519336819000046)",Unfall 243911 (2019) Kat:3, Licht: 0,243911,3,7,6,07,17,7,0,0,0,1,1,0,0,0
"POINT (7.456200588000058 51.503527151000071)",Unfall 243912 (2019) Kat:3, Licht: 0,243912,3,2,5,07,15,7,0,0,1,1,0,0,0,0
"POINT (7.482839880000029 51.526712090000046)",Unfall 243926 (2019) Kat:2, Licht: 2,243926,2,4,6,07,21,1,0,2,0,1,1,0,0,0
"POINT (7.346792991000029 51.512721979000048)",Unfall 244005 (2019) Kat:2, Licht: 2,244005,2,1,0,07,22,6,0,2,1,0,0,0,0,0
"POINT (7.488382291000050 51.519560288000037)",Unfall 244006 (2019) Kat:3, Licht: 0,244006,3,3,5,07,17,6,0,0,0,1,0,1,0,0
"POINT (7.487561242000027 51.524038501000064)",Unfall 244007 (2019) Kat:3, Licht: 0,244007,3,3,0,07,15,6,0,0,1,1,0,0,0,0
"POINT (7.384494857000050 51.488498994000054)",Unfall 244140 (2019) Kat:3, Licht: 1,244140,3,6,1,07,05,4,0,1,0,0,0,0,0,1
"POINT (7.599056818000065 51.476916946000074)",Unfall 244141 (2019) Kat:3, Licht: 0,244141,3,6,1,07,16,4,0,0,1,0,0,0,0,1
"POINT (7.515557607000062 51.525358636000078)",Unfall 244142 (2019) Kat:3, Licht: 0,244142,3,6,2,07,08,4,0,0,0,1,0,0,0,0
"POINT (7.386613567000040 51.571454716000062)",Unfall 244233 (2019) Kat:3, Licht: 0,244233,3,1,1,07,15,3,0,0,1,1,0,0,0,0
"POINT (7.554088048000040 51.486204195000028)",Unfall 244234 (2019) Kat:3, Licht: 0,244234,3,6,2,07,19,3,0,0,0,1,0,0,0,0
"POINT (7.560490343000026 51.486426916000028)",Unfall 244235 (2019) Kat:3, Licht: 0,244235,3,3,5,07,18,3,0,0,0,1,0,0,0,0
"POINT (7.432719979000069 51.532722321000051)",Unfall 244236 (2019) Kat:3, Licht: 0,244236,3,2,2,07,16,3,0,0,0,1,0,0,0,0
"POINT (7.543531451000035 51.557432560000052)",Unfall 244417 (2019) Kat:3, Licht: 0,244417,3,6,1,07,16,7,0,0,0,1,0,0,0,0
"POINT (7.524378164000041 51.494000200000073)",Unfall 244500 (2019) Kat:3, Licht: 0,244500,3,3,5,07,09,6,0,0,0,1,0,0,0,0
"POINT (7.551850391000073 51.486317913000050)",Unfall 244501 (2019) Kat:3, Licht: 0,244501,3,2,5,07,15,6,0,0,1,1,0,0,0,0
"POINT (7.518816741000023 51.527152310000076)",Unfall 244502 (2019) Kat:2, Licht: 0,244502,2,4,6,07,14,6,0,0,0,1,1,0,0,0
"POINT (7.446010338000065 51.549078547000079)",Unfall 244585 (2019) Kat:3, Licht: 0,244585,3,2,5,07,14,5,0,0,0,1,0,0,0,1
"POINT (7.624968625000065 51.525833689000081)",Unfall 244702 (2019) Kat:2, Licht: 0,244702,2,3,5,07,16,5,0,0,1,1,0,0,0,0
"POINT (7.473513179000065 51.520788642000070)",Unfall 244704 (2019) Kat:3, Licht: 2,244704,3,1,0,07,01,5,0,2,1,0,0,0,0,0
"POINT (7.446548393000057 51.516952070000059)",Unfall 244705 (2019) Kat:3, Licht: 0,244705,3,6,2,07,07,5,0,0,0,1,0,0,0,0
"POINT (7.520921069000053 51.493531069000028)",Unfall 244771 (2019) Kat:3, Licht: 0,244771,3,6,9,07,20,4,0,0,0,1,0,0,0,0
"POINT (7.336714121000057 51.497724865000066)",Unfall 244796 (2019) Kat:3, Licht: 0,244796,3,4,6,07,15,6,0,0,0,1,1,0,0,0
"POINT (7.417931611000029 51.522325347000049)",Unfall 244801 (2019) Kat:3, Licht: 0,244801,3,6,2,07,16,6,0,0,0,1,0,0,0,0
"POINT (7.446422059000042 51.517010619000075)",Unfall 244808 (2019) Kat:3, Licht: 0,244808,3,6,1,07,10,6,0,0,0,1,0,0,0,0
"POINT (7.468212080000058 51.512244425000063)",Unfall 244826 (2019) Kat:3, Licht: 2,244826,3,4,1,07,22,6,0,2,0,1,1,0,0,0
"POINT (7.396512163000068 51.573582364000060)",Unfall 244829 (2019) Kat:3, Licht: 0,244829,3,7,6,07,12,3,0,0,0,1,1,0,0,0
"POINT (7.453505871000061 51.502557889000059)",Unfall 244830 (2019) Kat:3, Licht: 2,244830,3,7,2,07,22,3,0,2,0,1,0,1,0,0
"POINT (7.501901988000043 51.489118189000067)",Unfall 244885 (2019) Kat:3, Licht: 0,244885,3,4,6,07,10,2,0,0,0,1,1,0,0,0
"POINT (7.461928196000031 51.519774039000026)",Unfall 244904 (2019) Kat:3, Licht: 0,244904,3,7,0,07,09,3,0,0,0,1,0,1,0,0
"POINT (7.377584295000077 51.562789458000054)",Unfall 244993 (2019) Kat:2, Licht: 0,244993,2,2,5,07,17,2,0,0,1,1,0,0,0,0
"POINT (7.375221219000025 51.515866599000049)",Unfall 245095 (2019) Kat:3, Licht: 0,245095,3,3,0,07,17,7,1,0,0,1,0,0,0,0
"POINT (7.369398977000060 51.521612955000080)",Unfall 245096 (2019) Kat:3, Licht: 0,245096,3,3,5,07,11,7,0,0,0,1,0,0,0,0
"POINT (7.501282313000047 51.483334853000031)",Unfall 245097 (2019) Kat:2, Licht: 0,245097,2,1,8,07,20,7,1,0,0,1,0,0,0,0
"POINT (7.482904430000076 51.513095539000062)",Unfall 245098 (2019) Kat:3, Licht: 1,245098,3,5,1,07,20,7,1,1,1,1,0,0,0,0
"POINT (7.461770736000062 51.516103810000061)",Unfall 245099 (2019) Kat:3, Licht: 0,245099,3,1,6,07,18,7,1,0,0,1,1,0,0,0
"POINT (7.517153984000061 51.446304010000063)",Unfall 245218 (2019) Kat:3, Licht: 0,245218,3,5,1,07,08,6,0,0,1,1,0,0,0,0
"POINT (7.555104379000056 51.495972511000048)",Unfall 245219 (2019) Kat:2, Licht: 0,245219,2,3,0,07,11,6,0,0,0,1,0,0,0,1
"POINT (7.463274714000022 51.519724555000039)",Unfall 245220 (2019) Kat:3, Licht: 0,245220,3,6,2,07,17,6,0,0,0,1,0,0,0,0
"POINT (7.518060073000072 51.523421715000040)",Unfall 245299 (2019) Kat:3, Licht: 0,245299,3,4,6,07,14,5,0,0,0,1,1,0,0,0
"POINT (7.467531629000064 51.520699955000055)",Unfall 245300 (2019) Kat:3, Licht: 0,245300,3,2,5,07,14,5,0,0,0,1,0,0,0,0
"POINT (7.453837265000061 51.516070300000081)",Unfall 245301 (2019) Kat:3, Licht: 2,245301,3,6,4,07,00,5,0,2,0,1,0,1,0,0
"POINT (7.427381886000035 51.549774708000029)",Unfall 245381 (2019) Kat:3, Licht: 0,245381,3,4,6,07,19,4,0,0,0,1,1,0,0,0
"POINT (7.449566107000067 51.504243632000055)",Unfall 245383 (2019) Kat:3, Licht: 0,245383,3,2,5,07,15,4,0,0,0,1,0,1,0,0
"POINT (7.459315217000039 51.506501171000082)",Unfall 245384 (2019) Kat:3, Licht: 0,245384,3,3,4,07,12,4,0,0,1,1,0,0,0,0
"POINT (7.497814198000071 51.493508678000069)",Unfall 245435 (2019) Kat:2, Licht: 0,245435,2,3,5,07,10,1,0,0,1,1,0,0,0,0
"POINT (7.501183255000058 51.486353523000048)",Unfall 245554 (2019) Kat:3, Licht: 0,245554,3,5,0,07,10,3,0,0,1,1,0,0,0,0
"POINT (7.375203901000020 51.512886941000033)",Unfall 245619 (2019) Kat:3, Licht: 0,245619,3,3,5,07,18,2,0,0,0,1,0,1,0,0
"POINT (7.555402895000043 51.521461446000046)",Unfall 245620 (2019) Kat:3, Licht: 2,245620,3,1,0,07,23,2,0,2,1,0,0,0,0,0
"POINT (7.459258436000027 51.529672353000080)",Unfall 245622 (2019) Kat:3, Licht: 0,245622,3,3,5,07,16,2,0,0,1,1,0,0,0,0
"POINT (7.447897235000028 51.524950560000036)",Unfall 245629 (2019) Kat:3, Licht: 0,245629,3,3,0,08,18,5,0,0,0,1,0,1,0,0
"POINT (7.348043572000051 51.498910115000058)",Unfall 245668 (2019) Kat:2, Licht: 0,245668,2,7,0,07,13,1,0,0,1,1,0,0,0,0
"POINT (7.580827244000034 51.531800903000033)",Unfall 245669 (2019) Kat:3, Licht: 0,245669,3,5,1,07,12,1,0,0,1,1,0,0,0,0
"POINT (7.379787172000022 51.509058679000077)",Unfall 245675 (2019) Kat:3, Licht: 0,245675,3,7,1,08,08,5,0,0,1,1,0,0,0,0
"POINT (7.368280217000063 51.563860357000067)",Unfall 245691 (2019) Kat:3, Licht: 0,245691,3,7,5,08,08,2,0,0,1,0,0,0,0,1
"POINT (7.364594544000056 51.487888078000026)",Unfall 245692 (2019) Kat:3, Licht: 0,245692,3,3,5,08,17,2,0,0,0,1,0,0,0,0
"POINT (7.455799715000069 51.551574397000081)",Unfall 245693 (2019) Kat:3, Licht: 0,245693,3,6,4,08,13,2,0,0,1,1,0,0,0,0
"POINT (7.489328780000051 51.508378934000064)",Unfall 245694 (2019) Kat:3, Licht: 0,245694,3,3,5,08,15,2,0,0,1,1,0,0,0,0
"POINT (7.496470627000065 51.512158577000037)",Unfall 245858 (2019) Kat:3, Licht: 0,245858,3,7,0,08,17,6,0,0,0,1,1,0,0,0
"POINT (7.423304241000039 51.512714497000047)",Unfall 245950 (2019) Kat:3, Licht: 0,245950,3,7,6,08,14,6,1,0,0,0,1,0,0,1
"POINT (7.474532118000070 51.534259731000077)",Unfall 245951 (2019) Kat:2, Licht: 0,245951,2,7,5,08,12,6,0,0,1,1,0,0,0,0
"POINT (7.409691958000053 51.460722913000041)",Unfall 246021 (2019) Kat:3, Licht: 0,246021,3,1,2,08,15,5,0,0,1,1,0,0,0,0
"POINT (7.379751869000074 51.528206183000066)",Unfall 246022 (2019) Kat:3, Licht: 0,246022,3,7,6,08,08,5,0,0,0,1,1,0,0,0
"POINT (7.509226710000064 51.519129718000045)",Unfall 246023 (2019) Kat:3, Licht: 0,246023,3,7,3,08,17,5,0,0,0,1,0,1,0,0
"POINT (7.579506769000034 51.527878001000033)",Unfall 246083 (2019) Kat:2, Licht: 0,246083,2,3,4,08,12,4,0,0,0,1,0,1,0,0
"POINT (7.398528221000049 51.499304096000060)",Unfall 246134 (2019) Kat:2, Licht: 0,246134,2,2,5,08,16,3,0,0,1,1,0,0,0,0
"POINT (7.445081383000058 51.508803801000056)",Unfall 246135 (2019) Kat:3, Licht: 0,246135,3,5,1,08,18,3,0,0,1,1,0,0,0,0
"POINT (7.526981676000048 51.505840004000049)",Unfall 246236 (2019) Kat:3, Licht: 0,246236,3,3,5,08,16,3,0,0,0,1,0,0,0,0
"POINT (7.447799681000049 51.515294225000048)",Unfall 246237 (2019) Kat:3, Licht: 0,246237,3,2,5,08,14,3,0,0,1,1,0,0,0,0
"POINT (7.336209447000044 51.499359623000032)",Unfall 246297 (2019) Kat:2, Licht: 0,246297,2,7,6,08,16,2,0,0,0,0,1,0,0,1
"POINT (7.487956877000045 51.513744260000067)",Unfall 246336 (2019) Kat:3, Licht: 0,246336,3,2,1,08,14,1,0,0,0,1,0,0,0,0
"POINT (7.354853418000062 51.562184230000071)",Unfall 246337 (2019) Kat:3, Licht: 0,246337,3,1,9,08,15,1,0,0,0,0,0,1,0,0
"POINT (7.525922558000048 51.568555535000030)",Unfall 246394 (2019) Kat:3, Licht: 0,246394,3,7,1,08,08,7,0,0,0,1,0,0,0,0
"POINT (7.474249409000038 51.534411129000034)",Unfall 246395 (2019) Kat:3, Licht: 0,246395,3,3,5,08,09,7,0,0,0,1,0,0,0,0
"POINT (7.502125046000060 51.516779638000060)",Unfall 246412 (2019) Kat:3, Licht: 1,246412,3,7,0,08,05,4,0,1,1,0,0,0,0,0
"POINT (7.383714000000055 51.554360743000075)",Unfall 246457 (2019) Kat:3, Licht: 0,246457,3,6,2,08,19,1,0,0,1,0,0,1,0,0
"POINT (7.454156631000046 51.470108846000073)",Unfall 246506 (2019) Kat:3, Licht: 0,246506,3,6,0,08,17,7,0,0,0,1,0,0,0,1
"POINT (7.421016515000076 51.489275161000080)",Unfall 246507 (2019) Kat:3, Licht: 0,246507,3,3,5,08,15,7,0,0,0,0,0,1,0,1
"POINT (7.461261757000045 51.548950116000071)",Unfall 246508 (2019) Kat:3, Licht: 2,246508,3,7,6,08,23,7,0,2,0,1,1,0,0,0
"POINT (7.491366857000060 51.422015365000050)",Unfall 246555 (2019) Kat:3, Licht: 0,246555,3,1,0,08,19,6,0,0,1,0,0,0,0,0
"POINT (7.446471576000022 51.531617725000046)",Unfall 246556 (2019) Kat:3, Licht: 0,246556,3,3,5,08,15,6,0,0,0,0,0,1,0,1
"POINT (7.446869696000022 51.509990775000063)",Unfall 246557 (2019) Kat:3, Licht: 0,246557,3,7,1,08,19,6,0,0,1,1,0,0,0,0
"POINT (7.489413698000021 51.506360951000033)",Unfall 246558 (2019) Kat:3, Licht: 0,246558,3,1,0,08,10,6,1,0,1,0,0,0,0,0
"POINT (7.544764871000041 51.497885980000035)",Unfall 246573 (2019) Kat:3, Licht: 0,246573,3,2,1,08,14,2,0,0,0,1,0,1,0,0
"POINT (7.427971279000076 51.511623624000038)",Unfall 246707 (2019) Kat:3, Licht: 0,246707,3,7,0,08,12,6,0,0,1,1,0,0,0,0
"POINT (7.483926870000062 51.429353048000053)",Unfall 246708 (2019) Kat:3, Licht: 0,246708,3,6,4,08,11,6,0,0,1,1,0,0,0,0
"POINT (7.469986531000075 51.503197424000064)",Unfall 246709 (2019) Kat:3, Licht: 0,246709,3,6,4,08,15,6,0,0,0,1,0,1,0,0
"POINT (7.532188245000043 51.494280376000063)",Unfall 246798 (2019) Kat:3, Licht: 0,246798,3,2,5,08,15,5,0,0,1,1,0,0,0,0
"POINT (7.487452046000044 51.474293863000071)",Unfall 246799 (2019) Kat:3, Licht: 0,246799,3,7,0,08,15,5,0,0,0,0,1,0,1,0
"POINT (7.475789350000071 51.518341710000072)",Unfall 246801 (2019) Kat:3, Licht: 0,246801,3,6,2,08,09,5,0,0,0,0,0,1,0,0
"POINT (7.360715072000062 51.520455814000059)",Unfall 246865 (2019) Kat:3, Licht: 0,246865,3,3,5,08,16,4,0,0,1,1,0,0,0,0
"POINT (7.440097895000065 51.517942165000079)",Unfall 246866 (2019) Kat:3, Licht: 0,246866,3,3,1,08,10,4,0,0,1,0,0,0,1,0
"POINT (7.387021026000070 51.562443174000066)",Unfall 247032 (2019) Kat:2, Licht: 0,247032,2,3,5,08,17,2,0,0,0,1,0,0,0,0
"POINT (7.424583004000056 51.512469955000029)",Unfall 247033 (2019) Kat:3, Licht: 0,247033,3,3,5,08,15,2,0,0,0,1,0,0,0,1
"POINT (7.451964108000027 51.545735765000074)",Unfall 247037 (2019) Kat:3, Licht: 0,247037,3,4,6,08,16,2,0,0,0,1,1,0,0,0
"POINT (7.444109244000060 51.531529996000074)",Unfall 247038 (2019) Kat:3, Licht: 0,247038,3,3,0,08,08,2,0,0,1,1,0,0,0,0
"POINT (7.457697268000061 51.515435707000051)",Unfall 247039 (2019) Kat:3, Licht: 2,247039,3,1,0,08,22,2,0,2,0,1,0,0,0,0
"POINT (7.482834674000060 51.502066581000065)",Unfall 247040 (2019) Kat:3, Licht: 0,247040,3,3,5,08,18,2,0,0,1,1,0,0,0,0
"POINT (7.468193935000045 51.505584387000056)",Unfall 247041 (2019) Kat:2, Licht: 0,247041,2,1,8,08,10,2,0,0,0,1,0,0,0,0
"POINT (7.378935014000035 51.544487963000051)",Unfall 247097 (2019) Kat:3, Licht: 1,247097,3,7,6,08,20,1,0,1,0,1,1,0,0,0
"POINT (7.460925194000026 51.477805208000063)",Unfall 247098 (2019) Kat:3, Licht: 0,247098,3,7,0,08,18,1,0,0,1,1,0,0,0,0
"POINT (7.519443819000060 51.491923768000049)",Unfall 247121 (2019) Kat:2, Licht: 2,247121,2,7,0,08,21,3,0,2,1,0,0,0,0,0
"POINT (7.558372717000054 51.498537966000072)",Unfall 247147 (2019) Kat:2, Licht: 0,247147,2,4,6,08,16,3,0,0,0,1,1,0,0,0
"POINT (7.453957090000074 51.516074894000042)",Unfall 247159 (2019) Kat:2, Licht: 0,247159,2,3,5,08,12,3,0,0,1,1,0,0,0,0
"POINT (7.381088375000047 51.564542493000033)",Unfall 247174 (2019) Kat:2, Licht: 0,247174,2,1,8,08,17,7,0,0,0,0,0,1,0,0
"POINT (7.381553552000071 51.569679048000069)",Unfall 247175 (2019) Kat:3, Licht: 0,247175,3,2,5,08,12,7,0,0,0,1,0,0,0,0
"POINT (7.530930761000036 51.453368758000067)",Unfall 247176 (2019) Kat:2, Licht: 0,247176,2,2,4,08,15,7,0,0,0,1,0,1,0,0
"POINT (7.545864161000054 51.557675254000060)",Unfall 247177 (2019) Kat:3, Licht: 0,247177,3,6,2,08,18,7,0,0,1,1,0,0,0,0
"POINT (7.491354032000061 51.422019812000030)",Unfall 247178 (2019) Kat:2, Licht: 0,247178,2,5,0,08,14,7,0,0,1,1,0,0,0,0
"POINT (7.474626744000034 51.554863853000029)",Unfall 247255 (2019) Kat:3, Licht: 0,247255,3,6,2,08,15,6,0,0,0,1,0,1,0,0
"POINT (7.407372708000025 51.536999464000075)",Unfall 247256 (2019) Kat:3, Licht: 0,247256,3,3,5,08,17,6,0,0,1,1,0,0,0,0
"POINT (7.558428686000070 51.505084929000077)",Unfall 247257 (2019) Kat:3, Licht: 0,247257,3,7,8,08,14,6,0,0,1,1,0,0,0,0
"POINT (7.534884284000043 51.543821765000075)",Unfall 247258 (2019) Kat:3, Licht: 0,247258,3,7,2,08,14,6,0,0,0,1,0,1,0,0
"POINT (7.583805077000022 51.524377381000079)",Unfall 247354 (2019) Kat:2, Licht: 2,247354,2,3,5,08,05,5,0,2,1,0,0,1,0,0
"POINT (7.383057605000033 51.570654070000046)",Unfall 247431 (2019) Kat:3, Licht: 0,247431,3,4,0,08,07,4,0,0,0,1,0,0,0,1
"POINT (7.343505044000040 51.517586171000062)",Unfall 247432 (2019) Kat:3, Licht: 0,247432,3,3,5,08,13,4,0,0,0,1,0,0,0,0
"POINT (7.429577570000049 51.474773901000049)",Unfall 247571 (2019) Kat:3, Licht: 0,247571,3,1,9,09,11,2,0,0,0,1,0,0,0,0
"POINT (7.508520920000024 51.474818055000071)",Unfall 247572 (2019) Kat:3, Licht: 0,247572,3,6,2,09,08,2,0,0,0,1,0,0,0,0
"POINT (7.457521902000053 51.522134318000042)",Unfall 247573 (2019) Kat:3, Licht: 0,247573,3,6,2,09,19,2,0,0,1,1,0,0,0,0
"POINT (7.449880519000033 51.518348514000081)",Unfall 247574 (2019) Kat:3, Licht: 0,247574,3,3,5,09,13,2,0,0,0,1,0,0,0,0
"POINT (7.431293844000038 51.479025247000038)",Unfall 247621 (2019) Kat:3, Licht: 0,247621,3,6,2,09,11,1,1,0,0,1,0,0,0,0
"POINT (7.550727923000068 51.500985709000076)",Unfall 247622 (2019) Kat:3, Licht: 0,247622,3,1,6,09,18,1,0,0,0,1,1,0,0,0
"POINT (7.424437796000063 51.513031613000066)",Unfall 247624 (2019) Kat:3, Licht: 2,247624,3,7,0,09,06,3,0,2,1,0,0,0,0,0
"POINT (7.469053685000063 51.556111176000059)",Unfall 247627 (2019) Kat:3, Licht: 0,247627,3,7,1,09,08,3,0,0,0,1,1,0,0,0
"POINT (7.451935989000049 51.545735139000044)",Unfall 247637 (2019) Kat:3, Licht: 2,247637,3,3,6,09,21,3,0,2,0,1,1,0,0,0
"POINT (7.447799681000049 51.515294225000048)",Unfall 247640 (2019) Kat:3, Licht: 0,247640,3,6,2,09,10,3,0,0,0,1,0,0,0,0
"POINT (7.432331109000074 51.482819687000074)",Unfall 247723 (2019) Kat:3, Licht: 0,247723,3,6,6,08,14,7,0,0,1,0,1,0,0,0
"POINT (7.470086157000026 51.521074321000071)",Unfall 247724 (2019) Kat:2, Licht: 0,247724,2,2,6,08,10,7,0,0,0,1,1,0,0,0
"POINT (7.415336652000065 51.497434957000053)",Unfall 247794 (2019) Kat:3, Licht: 0,247794,3,7,1,09,16,6,0,0,0,1,0,0,0,0
"POINT (7.506652375000044 51.473939441000027)",Unfall 247795 (2019) Kat:3, Licht: 0,247795,3,6,2,09,13,6,0,0,0,1,0,0,0,0
"POINT (7.472672890000069 51.559333123000044)",Unfall 247796 (2019) Kat:3, Licht: 0,247796,3,7,2,09,14,6,0,0,0,1,0,0,0,0
"POINT (7.563842380000040 51.579359889000045)",Unfall 247943 (2019) Kat:3, Licht: 0,247943,3,5,3,09,17,4,0,0,1,1,0,0,0,0
"POINT (7.540504212000030 51.557111591000080)",Unfall 247944 (2019) Kat:3, Licht: 0,247944,3,3,5,09,11,4,0,0,0,1,0,0,0,0
"POINT (7.469422758000064 51.552066340000067)",Unfall 247947 (2019) Kat:2, Licht: 0,247947,2,4,6,09,10,4,0,0,0,1,1,0,0,0
"POINT (7.475020136000069 51.505291716000045)",Unfall 247948 (2019) Kat:3, Licht: 0,247948,3,2,2,09,14,4,0,0,0,1,0,0,0,0
"POINT (7.453279247000069 51.511193110000079)",Unfall 247949 (2019) Kat:3, Licht: 2,247949,3,7,1,09,22,4,1,2,0,1,0,0,0,1
"POINT (7.485812408000072 51.501468869000064)",Unfall 247950 (2019) Kat:3, Licht: 0,247950,3,3,5,09,17,4,1,0,1,1,0,0,0,0
"POINT (7.487777894000033 51.514997139000059)",Unfall 247951 (2019) Kat:3, Licht: 0,247951,3,3,5,09,11,4,0,0,1,1,0,0,0,0
"POINT (7.463202265000064 51.510828943000035)",Unfall 247953 (2019) Kat:3, Licht: 0,247953,3,5,0,09,09,4,0,0,1,0,0,0,0,1
"POINT (7.439865467000061 51.505932045000066)",Unfall 247954 (2019) Kat:3, Licht: 2,247954,3,5,1,09,01,4,0,2,1,1,0,0,0,0
"POINT (7.486633317000042 51.552361326000039)",Unfall 248136 (2019) Kat:3, Licht: 0,248136,3,3,5,09,14,2,0,0,0,1,0,0,0,0
"POINT (7.507517710000059 51.496193373000040)",Unfall 248137 (2019) Kat:2, Licht: 0,248137,2,2,0,09,12,2,0,0,0,1,0,1,0,0
"POINT (7.523602233000077 51.445841105000056)",Unfall 248164 (2019) Kat:3, Licht: 0,248164,3,4,6,09,10,1,0,0,0,1,1,0,0,0
"POINT (7.396006196000030 51.533138292000046)",Unfall 248240 (2019) Kat:3, Licht: 2,248240,3,7,9,09,20,7,0,2,0,1,0,0,0,0
"POINT (7.479987574000063 51.485613564000062)",Unfall 248241 (2019) Kat:3, Licht: 2,248241,3,6,2,09,05,7,1,2,0,1,0,0,0,1
"POINT (7.456943473000024 51.550503984000045)",Unfall 248244 (2019) Kat:3, Licht: 0,248244,3,3,5,09,13,7,0,0,0,1,0,0,0,0
"POINT (7.557811854000022 51.505966644000068)",Unfall 248313 (2019) Kat:3, Licht: 0,248313,3,5,1,09,09,6,1,0,0,1,0,1,0,0
"POINT (7.480627816000038 51.523035834000041)",Unfall 248314 (2019) Kat:3, Licht: 0,248314,3,5,8,09,11,6,1,0,0,1,0,1,0,0
"POINT (7.487982018000025 51.513639235000028)",Unfall 248315 (2019) Kat:3, Licht: 0,248315,3,6,1,09,13,6,1,0,0,1,0,0,0,0
"POINT (7.433188405000067 51.477736009000068)",Unfall 248411 (2019) Kat:3, Licht: 0,248411,3,3,5,09,16,5,0,0,1,1,0,0,0,0
"POINT (7.518042462000039 51.525892412000076)",Unfall 248412 (2019) Kat:3, Licht: 0,248412,3,2,5,09,16,5,0,0,0,1,0,0,0,0
"POINT (7.456173037000042 51.526045908000071)",Unfall 248413 (2019) Kat:3, Licht: 0,248413,3,4,6,09,16,5,0,0,0,1,1,0,0,0
"POINT (7.542188458000055 51.557295988000078)",Unfall 248499 (2019) Kat:3, Licht: 0,248499,3,6,3,09,09,4,0,0,0,1,0,0,0,1
"POINT (7.385814156000038 51.550832740000033)",Unfall 248576 (2019) Kat:3, Licht: 2,248576,3,2,4,09,05,3,0,2,0,1,0,0,0,0
"POINT (7.452687069000035 51.523860552000031)",Unfall 248577 (2019) Kat:3, Licht: 0,248577,3,2,5,09,18,3,0,0,0,1,0,0,0,0
"POINT (7.397244920000048 51.582810570000049)",Unfall 248644 (2019) Kat:3, Licht: 1,248644,3,3,5,09,18,2,1,1,1,1,0,0,0,0