WKT,Name,OBJECTID,UKATEGORIE,UTYP1,UART,UMONAT,USTUNDE,UWOCHENTAG,STRZUSTAND,ULICHTVERH,ISTRAD,ISTPKW,ISTFUSS,ISTKRAD,ISTGKFZ,ISTSONSTIG
"POINT (7.378416718000040 51.572205632000077)",Unfall 248645 (2019) Kat:3, Licht: 0,248645,3,6,3,09,14,2,1,0,1,1,0,0,0,0
"POINT (7.433659866000028 51.484778331000030)",Unfall 248646 (2019) Kat:3, Licht: 0,248646,3,1,0,09,16,2,1,0,1,0,0,0,0,0
"POINT (7.561797683000066 51.495078056000068)",Unfall 248647 (2019) Kat:3, Licht: 0,248647,3,3,5,09,15,2,1,0,0,1,0,0,0,0
"POINT (7.475055049000048 51.583220344000040)",Unfall 248648 (2019) Kat:2, Licht: 0,248648,2,3,5,09,08,2,1,0,0,1,0,0,0,1
"POINT (7.374048789000028 51.522526633000041)",Unfall 248649 (2019) Kat:3, Licht: 0,248649,3,3,5,09,14,2,1,0,1,1,0,0,0,0
"POINT (7.463043595000045 51.517376971000033)",Unfall 248745 (2019) Kat:3, Licht: 0,248745,3,7,6,09,14,4,0,0,1,0,1,0,0,0
"POINT (7.447407570000053 51.516069708000032)",Unfall 248770 (2019) Kat:3, Licht: 0,248770,3,4,0,09,17,7,0,0,1,0,1,0,0,0
"POINT (7.328641713000025 51.521486054000036)",Unfall 248868 (2019) Kat:3, Licht: 0,248868,3,6,1,09,15,6,0,0,0,1,0,0,0,0
"POINT (7.347116471000049 51.491007951000029)",Unfall 248869 (2019) Kat:3, Licht: 0,248869,3,2,4,09,15,6,0,0,1,1,0,0,0,0
"POINT (7.527217207000035 51.566861236000079)",Unfall 248870 (2019) Kat:3, Licht: 0,248870,3,3,5,09,10,6,0,0,1,1,0,0,0,0
"POINT (7.455647942000041 51.514419620000069)",Unfall 248916 (2019) Kat:3, Licht: 0,248916,3,1,5,09,16,7,0,0,0,1,0,0,0,1
"POINT (7.528108834000022 51.471554243000071)",Unfall 249024 (2019) Kat:3, Licht: 0,249024,3,4,0,09,11,7,0,0,0,1,1,0,0,0
"POINT (7.354231493000043 51.497620905000076)",Unfall 249081 (2019) Kat:3, Licht: 2,249081,3,1,8,09,23,3,1,2,0,1,0,0,0,0
"POINT (7.490826401000049 51.487323520000075)",Unfall 249082 (2019) Kat:3, Licht: 0,249082,3,3,0,09,07,3,0,0,0,1,0,0,0,0
"POINT (7.539705799000046 51.529503395000063)",Unfall 249083 (2019) Kat:2, Licht: 0,249083,2,4,6,09,16,3,0,0,0,1,1,0,0,0
"POINT (7.370922610000037 51.523379584000054)",Unfall 249084 (2019) Kat:3, Licht: 0,249084,3,2,6,09,12,3,0,0,0,1,1,0,0,0
"POINT (7.454316503000030 51.502851552000038)",Unfall 249085 (2019) Kat:3, Licht: 0,249085,3,6,2,09,16,3,0,0,1,1,0,0,0,0
"POINT (7.441293884000061 51.470013737000045)",Unfall 249164 (2019) Kat:3, Licht: 0,249164,3,7,1,09,14,2,0,0,1,1,0,0,0,0
"POINT (7.383598982000024 51.508975536000037)",Unfall 249166 (2019) Kat:3, Licht: 0,249166,3,4,6,09,14,2,0,0,1,0,1,0,0,0
"POINT (7.464969327000063 51.452794792000077)",Unfall 249167 (2019) Kat:3, Licht: 0,249167,3,3,5,09,08,2,1,0,0,1,0,0,1,0
"POINT (7.483962579000036 51.525065586000039)",Unfall 249223 (2019) Kat:3, Licht: 0,249223,3,4,6,09,11,1,0,0,0,1,1,0,0,0
"POINT (7.500578390000044 51.488223908000066)",Unfall 249348 (2019) Kat:3, Licht: 0,249348,3,4,6,09,16,7,1,0,0,1,1,0,0,0
"POINT (7.419428115000073 51.503953480000064)",Unfall 249372 (2019) Kat:3, Licht: 0,249372,3,3,5,09,07,6,1,0,0,1,0,0,0,0
"POINT (7.423610480000036 51.522486308000055)",Unfall 249467 (2019) Kat:3, Licht: 2,249467,3,6,2,09,06,5,1,2,0,1,0,0,0,0
"POINT (7.471891481000057 51.503805120000038)",Unfall 249468 (2019) Kat:3, Licht: 0,249468,3,1,0,09,17,5,1,0,0,0,0,1,0,0
"POINT (7.496525375000033 51.511735862000080)",Unfall 249601 (2019) Kat:3, Licht: 0,249601,3,2,0,10,17,4,0,0,1,1,0,0,0,0
"POINT (7.490025302000049 51.588590374000034)",Unfall 249603 (2019) Kat:3, Licht: 0,249603,3,3,5,10,17,4,1,0,0,1,0,0,0,0
"POINT (7.453541376000032 51.518991943000060)",Unfall 249604 (2019) Kat:3, Licht: 0,249604,3,3,0,10,07,4,1,0,0,1,0,0,0,1
"POINT (7.366073518000064 51.553370224000048)",Unfall 249695 (2019) Kat:2, Licht: 0,249695,2,3,5,10,15,3,1,0,0,1,0,1,0,0
"POINT (7.487724789000026 51.516513308000071)",Unfall 249696 (2019) Kat:3, Licht: 0,249696,3,6,1,10,09,3,1,0,0,1,0,0,0,0
"POINT (7.410391611000023 51.522969936000038)",Unfall 249697 (2019) Kat:3, Licht: 1,249697,3,6,2,10,18,3,1,1,0,1,0,0,0,0
"POINT (7.470685458000048 51.516756407000059)",Unfall 249698 (2019) Kat:3, Licht: 0,249698,3,6,1,10,11,3,1,0,0,1,0,0,0,0
"POINT (7.469112048000056 51.505719912000075)",Unfall 249699 (2019) Kat:3, Licht: 0,249699,3,2,6,10,18,3,0,0,0,1,1,0,0,0
"POINT (7.462468173000048 51.549017169000081)",Unfall 249793 (2019) Kat:3, Licht: 2,249793,3,6,2,09,01,1,0,2,0,0,0,1,0,0
"POINT (7.335459968000066 51.500778014000048)",Unfall 249823 (2019) Kat:3, Licht: 0,249823,3,7,6,10,15,3,0,0,0,1,1,0,0,0
"POINT (7.560242735000031 51.482504218000031)",Unfall 249825 (2019) Kat:3, Licht: 0,249825,3,4,6,10,14,3,0,0,0,1,1,0,0,0
"POINT (7.482576092000045 51.559058096000058)",Unfall 249833 (2019) Kat:3, Licht: 0,249833,3,6,2,10,11,3,1,0,0,1,0,0,0,0
"POINT (7.467766276000020 51.537634663000063)",Unfall 249847 (2019) Kat:3, Licht: 2,249847,3,1,9,10,20,3,0,2,0,1,0,0,0,0
"POINT (7.463876690000063 51.506894771000077)",Unfall 249903 (2019) Kat:2, Licht: 2,249903,2,4,6,10,18,1,1,2,0,1,1,0,0,0
"POINT (7.409375023000052 51.499334183000030)",Unfall 249960 (2019) Kat:3, Licht: 1,249960,3,3,5,10,17,7,0,1,0,1,0,0,0,0
"POINT (7.409284001000060 51.535359125000070)",Unfall 250038 (2019) Kat:3, Licht: 0,250038,3,3,5,10,14,6,1,0,1,1,0,0,0,0
"POINT (7.459780249000062 51.520038333000059)",Unfall 250068 (2019) Kat:3, Licht: 2,250068,3,3,5,10,20,5,0,2,1,1,0,0,0,0
"POINT (7.454672594000044 51.502982439000050)",Unfall 250069 (2019) Kat:3, Licht: 2,250069,3,5,2,10,03,5,0,2,1,1,0,0,0,1
"POINT (7.474622853000028 51.554835650000030)",Unfall 250146 (2019) Kat:3, Licht: 2,250146,3,3,5,10,23,6,0,2,0,1,0,0,0,0
"POINT (7.565922526000065 51.483840874000066)",Unfall 250275 (2019) Kat:3, Licht: 0,250275,3,3,5,10,12,4,0,0,0,1,0,1,0,0
"POINT (7.512144271000068 51.537375712000028)",Unfall 250360 (2019) Kat:3, Licht: 0,250360,3,2,4,10,12,4,0,0,0,1,0,0,0,0
"POINT (7.474602853000022 51.535188161000065)",Unfall 250361 (2019) Kat:3, Licht: 0,250361,3,2,1,10,14,4,0,0,0,1,0,0,1,0
"POINT (7.386566642000048 51.524722444000076)",Unfall 250433 (2019) Kat:3, Licht: 2,250433,3,3,5,10,05,3,0,2,0,1,0,0,0,0
"POINT (7.538315130000058 51.480087504000039)",Unfall 250502 (2019) Kat:3, Licht: 2,250502,3,1,0,10,02,2,0,2,0,0,0,1,0,0
"POINT (7.462274107000042 51.548698568000077)",Unfall 250503 (2019) Kat:3, Licht: 0,250503,3,2,3,10,13,2,0,0,0,1,0,0,0,0
"POINT (7.460982599000033 51.515064155000061)",Unfall 250504 (2019) Kat:3, Licht: 0,250504,3,5,1,10,16,2,0,0,0,1,0,0,0,1
"POINT (7.473961457000030 51.525617028000056)",Unfall 250578 (2019) Kat:3, Licht: 0,250578,3,3,4,10,18,7,0,0,1,1,0,0,0,0
"POINT (7.475632251000036 51.522254231000034)",Unfall 250612 (2019) Kat:3, Licht: 2,250612,3,1,0,10,01,1,1,2,0,1,0,0,0,0
"POINT (7.486875212000030 51.523870447000036)",Unfall 250613 (2019) Kat:3, Licht: 2,250613,3,6,2,10,22,1,1,2,0,1,0,0,0,0
"POINT (7.453518067000061 51.519342664000078)",Unfall 250658 (2019) Kat:2, Licht: 0,250658,2,2,5,10,12,7,1,0,0,1,0,0,0,0
"POINT (7.479388560000075 51.549918078000076)",Unfall 250659 (2019) Kat:3, Licht: 1,250659,3,3,5,10,17,7,1,1,0,1,0,0,0,0
"POINT (7.425296818000049 51.555327327000043)",Unfall 250724 (2019) Kat:3, Licht: 0,250724,3,7,5,10,11,6,0,0,0,1,0,0,0,1
"POINT (7.499699925000073 51.484758537000062)",Unfall 250725 (2019) Kat:3, Licht: 0,250725,3,6,3,10,15,6,0,0,1,1,0,0,0,0
"POINT (7.481788964000032 51.523780067000075)",Unfall 250726 (2019) Kat:3, Licht: 0,250726,3,3,5,10,11,6,0,0,1,0,0,0,0,1
"POINT (7.478212040000074 51.514406434000080)",Unfall 250727 (2019) Kat:3, Licht: 0,250727,3,2,5,10,13,6,1,0,1,1,0,0,0,0
"POINT (7.469501642000068 51.512500144000057)",Unfall 250781 (2019) Kat:3, Licht: 0,250781,3,3,5,10,16,5,1,0,1,1,0,0,0,0
"POINT (7.480871843000045 51.513307691000080)",Unfall 250783 (2019) Kat:3, Licht: 0,250783,3,6,0,10,14,5,0,0,1,0,1,0,0,0
"POINT (7.474435498000048 51.549553232000051)",Unfall 250817 (2019) Kat:3, Licht: 0,250817,3,7,0,10,07,2,1,0,1,0,0,0,0,0
"POINT (7.479148212000041 51.521736429000043)",Unfall 250846 (2019) Kat:3, Licht: 0,250846,3,1,8,10,16,2,0,0,1,0,0,0,0,0
"POINT (7.442737656000077 51.471969793000028)",Unfall 250884 (2019) Kat:3, Licht: 2,250884,3,3,0,10,22,6,0,2,1,1,0,0,0,0
"POINT (7.523766501000068 51.544356549000042)",Unfall 250885 (2019) Kat:3, Licht: 1,250885,3,1,8,10,18,6,0,1,0,1,0,0,0,0
"POINT (7.442960910000068 51.475082630000031)",Unfall 250942 (2019) Kat:3, Licht: 0,250942,3,6,1,10,10,5,0,0,0,1,0,0,0,1
"POINT (7.507882916000028 51.572661066000080)",Unfall 251002 (2019) Kat:3, Licht: 0,251002,3,3,0,10,11,4,0,0,0,1,0,0,0,0
"POINT (7.379339806000075 51.560890612000037)",Unfall 251003 (2019) Kat:2, Licht: 1,251003,2,5,6,10,08,4,1,1,1,0,1,0,0,0
"POINT (7.367645978000041 51.486232059000031)",Unfall 251183 (2019) Kat:2, Licht: 0,251183,2,3,5,10,15,3,0,0,0,1,0,0,0,1
"POINT (7.501816227000063 51.492177292000065)",Unfall 251185 (2019) Kat:3, Licht: 0,251185,3,6,1,10,15,3,0,0,0,1,0,0,0,0
"POINT (7.485580724000045 51.486396777000039)",Unfall 251186 (2019) Kat:2, Licht: 0,251186,2,1,8,10,13,3,0,0,0,1,0,0,0,0
"POINT (7.518690188000051 51.493671317000064)",Unfall 251187 (2019) Kat:3, Licht: 1,251187,3,6,2,10,16,3,0,1,0,1,0,0,0,0
"POINT (7.518616192000025 51.497387916000037)",Unfall 251189 (2019) Kat:3, Licht: 0,251189,3,6,0,10,14,3,0,0,0,0,0,1,0,0
"POINT (7.466682057000071 51.535098802000050)",Unfall 251190 (2019) Kat:3, Licht: 0,251190,3,6,2,10,14,3,0,0,0,1,0,0,0,0
"POINT (7.482199934000050 51.514056760000074)",Unfall 251191 (2019) Kat:3, Licht: 0,251191,3,3,5,10,16,3,0,0,0,1,0,0,0,1
"POINT (7.450271974000032 51.474949194000033)",Unfall 251258 (2019) Kat:3, Licht: 0,251258,3,7,0,10,10,2,0,0,0,0,1,0,0,1
"POINT (7.386632860000020 51.573945672000036)",Unfall 251282 (2019) Kat:3, Licht: 0,251282,3,2,4,10,09,1,1,0,0,1,0,0,0,0
"POINT (7.345956846000036 51.498973268000043)",Unfall 251319 (2019) Kat:3, Licht: 0,251319,3,6,2,10,13,4,0,0,0,1,0,0,0,0
"POINT (7.467450774000042 51.520706190000055)",Unfall 251348 (2019) Kat:3, Licht: 0,251348,3,7,4,10,15,7,0,0,0,1,0,0,0,0
"POINT (7.454955005000045 51.494363773000032)",Unfall 251349 (2019) Kat:3, Licht: 0,251349,3,7,0,10,13,7,0,0,0,0,1,0,0,1
"POINT (7.409110565000049 51.541732456000034)",Unfall 251370 (2019) Kat:3, Licht: 0,251370,3,6,2,11,09,2,1,0,0,1,0,0,0,0
"POINT (7.459688686000050 51.505246299000078)",Unfall 251371 (2019) Kat:3, Licht: 2,251371,3,2,5,11,18,2,1,2,0,1,0,0,0,0
"POINT (7.487209000000064 51.511800930000049)",Unfall 251397 (2019) Kat:2, Licht: 2,251397,2,2,6,11,17,1,0,2,0,1,1,0,0,0
"POINT (7.437153927000054 51.514432926000040)",Unfall 251480 (2019) Kat:3, Licht: 2,251480,3,1,8,11,01,6,0,2,0,1,0,0,0,0
"POINT (7.542766462000031 51.497581723000053)",Unfall 251572 (2019) Kat:3, Licht: 2,251572,3,2,6,10,18,5,0,2,0,1,1,0,0,0
"POINT (7.337669076000054 51.502003756000079)",Unfall 251573 (2019) Kat:3, Licht: 1,251573,3,6,2,10,06,5,2,1,0,1,0,0,0,0
"POINT (7.536519849000058 51.563894260000041)",Unfall 251628 (2019) Kat:3, Licht: 0,251628,3,7,4,11,16,5,1,0,0,1,0,1,0,0
"POINT (7.453468841000074 51.519382433000033)",Unfall 251629 (2019) Kat:2, Licht: 0,251629,2,1,8,11,14,5,1,0,0,1,0,0,0,1
"POINT (7.491214657000057 51.506852974000026)",Unfall 251630 (2019) Kat:3, Licht: 0,251630,3,2,5,11,16,5,0,0,1,1,0,0,0,0
"POINT (7.380358774000058 51.552873823000027)",Unfall 251722 (2019) Kat:3, Licht: 0,251722,3,7,5,11,08,4,1,0,0,1,0,0,0,0
"POINT (7.474619471000040 51.507775673000026)",Unfall 251723 (2019) Kat:3, Licht: 0,251723,3,6,3,11,07,4,1,0,0,1,0,0,0,0
"POINT (7.533652716000063 51.505189684000072)",Unfall 251829 (2019) Kat:3, Licht: 0,251829,3,7,8,11,12,3,1,0,0,1,0,0,0,0
"POINT (7.458862120000049 51.544036779000066)",Unfall 251830 (2019) Kat:3, Licht: 2,251830,3,3,4,11,06,3,1,2,0,1,0,0,1,0
"POINT (7.501779604000035 51.494454326000039)",Unfall 251831 (2019) Kat:3, Licht: 2,251831,3,7,6,11,18,3,0,2,0,1,1,0,0,0
"POINT (7.447908403000042 51.496142233000057)",Unfall 251832 (2019) Kat:3, Licht: 2,251832,3,4,6,11,18,3,0,2,0,1,1,0,0,0
"POINT (7.485973240000021 51.485671748000073)",Unfall 251922 (2019) Kat:3, Licht: 0,251922,3,3,2,11,12,2,0,0,0,1,0,0,0,0
"POINT (7.451995314000044 51.527200907000065)",Unfall 251923 (2019) Kat:3, Licht: 2,251923,3,2,1,11,21,2,1,2,1,1,0,0,0,0
"POINT (7.481792453000026 51.523789817000079)",Unfall 251924 (2019) Kat:3, Licht: 2,251924,3,6,2,11,18,2,0,2,0,1,0,0,0,0
"POINT (7.481401217000041 51.522535816000072)",Unfall 251925 (2019) Kat:3, Licht: 1,251925,3,6,2,11,18,2,0,1,0,1,0,0,0,0
"POINT (7.456921757000032 51.524892034000061)",Unfall 251926 (2019) Kat:3, Licht: 0,251926,3,3,5,11,12,2,0,0,0,1,0,1,0,0
"POINT (7.448135474000026 51.514385944000026)",Unfall 251927 (2019) Kat:3, Licht: 2,251927,3,3,5,11,23,2,1,2,1,1,0,0,0,0
"POINT (7.333394241000065 51.520116088000066)",Unfall 251976 (2019) Kat:2, Licht: 2,251976,2,3,5,11,18,1,0,2,0,1,0,0,0,0
"POINT (7.371106301000054 51.501392560000056)",Unfall 252119 (2019) Kat:3, Licht: 1,252119,3,3,5,11,07,6,1,1,0,1,0,0,0,0
"POINT (7.544738423000069 51.552670857000066)",Unfall 252120 (2019) Kat:3, Licht: 0,252120,3,3,6,11,08,6,0,0,0,1,1,0,0,0
"POINT (7.485257370000056 51.503494739000075)",Unfall 252121 (2019) Kat:3, Licht: 1,252121,3,3,5,11,16,6,0,1,1,1,0,0,0,0
"POINT (7.560150420000070 51.482434668000053)",Unfall 252225 (2019) Kat:2, Licht: 0,252225,2,2,5,11,11,5,0,0,1,1,0,0,0,0
"POINT (7.484454112000037 51.460376273000065)",Unfall 252320 (2019) Kat:2, Licht: 2,252320,2,7,6,11,17,4,1,2,1,0,1,0,0,0
"POINT (7.446350344000052 51.517098022000027)",Unfall 252322 (2019) Kat:3, Licht: 0,252322,3,2,6,11,15,4,1,0,0,1,1,0,0,0
"POINT (7.460473590000049 51.509155700000065)",Unfall 252323 (2019) Kat:3, Licht: 0,252323,3,7,1,11,11,4,1,0,1,0,0,0,0,1
"POINT (7.472177330000022 51.506868037000061)",Unfall 252325 (2019) Kat:3, Licht: 1,252325,3,3,5,11,07,4,0,1,1,1,0,0,0,0
"POINT (7.487219690000075 51.485837463000053)",Unfall 252398 (2019) Kat:3, Licht: 2,252398,3,6,4,11,21,3,1,2,0,1,0,0,0,0
"POINT (7.576265788000058 51.484357786000032)",Unfall 252399 (2019) Kat:3, Licht: 2,252399,3,3,5,11,16,3,1,2,0,1,0,0,0,0
"POINT (7.491214657000057 51.506852974000026)",Unfall 252400 (2019) Kat:3, Licht: 2,252400,3,6,2,11,21,3,1,2,0,1,0,0,0,0
"POINT (7.473512699000025 51.512625593000053)",Unfall 252402 (2019) Kat:3, Licht: 1,252402,3,5,0,11,16,3,1,1,1,1,0,0,0,0
"POINT (7.453941728000075 51.516161683000064)",Unfall 252415 (2019) Kat:3, Licht: 2,252415,3,7,3,11,20,6,0,2,0,1,0,0,0,0
"POINT (7.411313083000039 51.533336494000082)",Unfall 252478 (2019) Kat:3, Licht: 2,252478,3,3,5,11,06,3,1,2,0,1,0,1,0,0
"POINT (7.503507701000046 51.485574484000040)",Unfall 252479 (2019) Kat:2, Licht: 1,252479,2,2,4,11,07,3,1,1,1,1,0,0,0,0
"POINT (7.488599180000051 51.508418140000060)",Unfall 252480 (2019) Kat:3, Licht: 2,252480,3,6,4,11,17,3,1,2,1,1,0,0,0,0
"POINT (7.488639657000022 51.519972072000030)",Unfall 252571 (2019) Kat:3, Licht: 2,252571,3,3,5,11,17,2,1,2,0,1,0,0,0,0
"POINT (7.373187545000064 51.522837057000061)",Unfall 252572 (2019) Kat:3, Licht: 2,252572,3,4,6,11,17,2,1,2,0,1,1,0,0,0
"POINT (7.411075499000049 51.536223453000048)",Unfall 252573 (2019) Kat:3, Licht: 2,252573,3,4,0,11,07,2,1,2,0,1,1,0,0,0
"POINT (7.464894297000058 51.525742246000050)",Unfall 252574 (2019) Kat:3, Licht: 2,252574,3,4,6,11,21,2,1,2,0,0,1,0,1,0
"POINT (7.457878432000030 51.519975074000058)",Unfall 252575 (2019) Kat:3, Licht: 2,252575,3,4,6,11,16,2,1,2,0,1,1,0,0,0
"POINT (7.468768086000068 51.516331675000060)",Unfall 252576 (2019) Kat:3, Licht: 2,252576,3,3,5,11,16,2,1,2,1,1,0,0,0,0
"POINT (7.518690188000051 51.493671317000064)",Unfall 252604 (2019) Kat:3, Licht: 0,252604,3,6,1,11,13,1,0,0,0,1,0,0,0,0
"POINT (7.605168525000067 51.527112442000032)",Unfall 252644 (2019) Kat:3, Licht: 2,252644,3,3,5,11,18,7,0,2,0,1,0,0,0,0
"POINT (7.521550279000053 51.510860690000072)",Unfall 252704 (2019) Kat:3, Licht: 0,252704,3,2,0,11,09,7,0,0,0,1,0,0,0,0
"POINT (7.463774706000038 51.512989724000079)",Unfall 252705 (2019) Kat:3, Licht: 2,252705,3,1,0,11,21,7,0,2,0,0,0,0,0,1
"POINT (7.339406013000030 51.504090078000047)",Unfall 252770 (2019) Kat:3, Licht: 2,252770,3,4,6,11,18,6,0,2,0,0,1,1,0,0
"POINT (7.567421537000030 51.578371263000065)",Unfall 252771 (2019) Kat:2, Licht: 0,252771,2,4,6,11,15,6,0,0,0,1,1,0,0,0
"POINT (7.466779062000057 51.525170602000060)",Unfall 252772 (2019) Kat:3, Licht: 1,252772,3,1,0,11,16,6,1,1,0,0,0,0,0,1
"POINT (7.576346915000045 51.484309128000064)",Unfall 252843 (2019) Kat:3, Licht: 0,252843,3,3,5,11,13,5,0,0,0,1,0,0,0,0
"POINT (7.383874752000054 51.487865057000079)",Unfall 252897 (2019) Kat:3, Licht: 0,252897,3,5,1,11,07,1,0,0,0,1,0,0,0,0
"POINT (7.374326708000069 51.567998157000034)",Unfall 252928 (2019) Kat:3, Licht: 0,252928,3,6,2,11,15,4,0,0,0,1,0,0,0,0
"POINT (7.519344975000024 51.517345296000030)",Unfall 252946 (2019) Kat:3, Licht: 0,252946,3,7,0,11,15,5,1,0,0,1,1,0,0,0
"POINT (7.378835963000029 51.510099207000053)",Unfall 252947 (2019) Kat:3, Licht: 2,252947,3,2,4,11,17,5,1,2,0,1,0,0,0,0
"POINT (7.447341367000036 51.526473763000070)",Unfall 252948 (2019) Kat:2, Licht: 0,252948,2,4,0,11,10,5,1,0,0,0,1,0,0,1
"POINT (7.467503480000062 51.520761248000042)",Unfall 252949 (2019) Kat:3, Licht: 0,252949,3,2,5,11,10,5,1,0,0,1,0,0,0,0
"POINT (7.483084520000034 51.513079831000027)",Unfall 252950 (2019) Kat:3, Licht: 0,252950,3,4,6,11,13,5,1,0,0,1,1,0,0,0
"POINT (7.624976855000057 51.525844293000034)",Unfall 253023 (2019) Kat:3, Licht: 0,253023,3,3,5,11,15,4,0,0,0,1,0,0,1,0
"POINT (7.360505037000053 51.500709761000053)",Unfall 253024 (2019) Kat:3, Licht: 0,253024,3,4,7,11,08,4,1,0,0,1,1,0,0,0
"POINT (7.466472249000049 51.528109456000038)",Unfall 253025 (2019) Kat:3, Licht: 1,253025,3,3,5,11,16,4,1,1,1,1,0,0,0,0
"POINT (7.422668269000042 51.511010894000037)",Unfall 253026 (2019) Kat:3, Licht: 0,253026,3,2,5,11,08,4,1,0,0,1,0,0,0,0
"POINT (7.494392280000056 51.462402603000044)",Unfall 253027 (2019) Kat:3, Licht: 2,253027,3,7,1,11,18,4,1,2,0,1,0,0,0,1
"POINT (7.373920647000034 51.496156390000067)",Unfall 253093 (2019) Kat:3, Licht: 2,253093,3,6,2,11,19,3,0,2,0,1,0,0,0,0
"POINT (7.440437054000029 51.507020235000027)",Unfall 253094 (2019) Kat:3, Licht: 0,253094,3,3,5,11,09,3,1,0,1,0,0,0,0,0
"POINT (7.467052981000052 51.512898921000044)",Unfall 253168 (2019) Kat:3, Licht: 0,253168,3,4,6,11,11,2,0,0,1,0,1,0,0,0
"POINT (7.436423138000066 51.510510742000065)",Unfall 253194 (2019) Kat:3, Licht: 0,253194,3,3,5,12,14,2,1,0,0,1,0,0,0,0
"POINT (7.537280977000023 51.565733991000059)",Unfall 253195 (2019) Kat:2, Licht: 0,253195,2,3,5,12,13,2,1,0,0,1,0,0,0,0
"POINT (7.611563906000072 51.533483191000073)",Unfall 253196 (2019) Kat:3, Licht: 0,253196,3,7,0,12,09,2,1,0,0,1,1,0,0,0
"POINT (7.420979222000028 51.529836698000054)",Unfall 253197 (2019) Kat:3, Licht: 0,253197,3,2,5,12,08,2,0,0,1,1,0,0,0,0
"POINT (7.555901969000047 51.494059518000029)",Unfall 253286 (2019) Kat:3, Licht: 0,253286,3,2,6,11,14,7,0,0,0,1,1,0,0,0
"POINT (7.542600718000074 51.537545554000076)",Unfall 253366 (2019) Kat:3, Licht: 0,253366,3,6,4,11,14,6,0,0,0,1,0,0,0,0
"POINT (7.624106268000048 51.527172250000035)",Unfall 253367 (2019) Kat:2, Licht: 0,253367,2,3,5,11,13,6,0,0,1,1,0,0,0,0
"POINT (7.383849611000073 51.549215755000034)",Unfall 253455 (2019) Kat:3, Licht: 0,253455,3,2,1,12,14,5,0,0,1,1,0,0,0,0
"POINT (7.385450632000072 51.559906480000052)",Unfall 253456 (2019) Kat:3, Licht: 0,253456,3,6,4,12,12,5,1,0,1,1,0,0,0,0
"POINT (7.359663807000061 51.515883586000029)",Unfall 253457 (2019) Kat:3, Licht: 0,253457,3,6,2,12,08,5,1,0,0,1,0,0,0,0
"POINT (7.419060470000034 51.502681617000064)",Unfall 253458 (2019) Kat:3, Licht: 2,253458,3,6,1,12,16,5,0,2,0,1,0,0,0,0
"POINT (7.340387550000060 51.499366749000046)",Unfall 253579 (2019) Kat:2, Licht: 2,253579,2,7,0,12,07,4,1,2,0,1,0,1,0,0
"POINT (7.428355161000070 51.508371810000028)",Unfall 253580 (2019) Kat:2, Licht: 0,253580,2,1,0,12,15,4,2,0,1,0,0,0,0,0
"POINT (7.547710316000064 51.553353531000027)",Unfall 253581 (2019) Kat:3, Licht: 2,253581,3,7,6,12,06,4,2,2,0,0,1,1,0,0
"POINT (7.533543758000064 51.478103228000066)",Unfall 253582 (2019) Kat:3, Licht: 2,253582,3,2,0,12,18,4,0,2,0,1,1,0,0,0
"POINT (7.451935730000059 51.527533908000066)",Unfall 253583 (2019) Kat:3, Licht: 1,253583,3,2,4,12,16,4,0,1,0,1,0,1,0,0
"POINT (7.416566994000050 51.499141415000054)",Unfall 253585 (2019) Kat:3, Licht: 0,253585,3,1,0,12,08,4,2,0,1,0,0,0,0,0
"POINT (7.494661023000049 51.461808757000028)",Unfall 253586 (2019) Kat:3, Licht: 1,253586,3,4,6,12,07,4,0,1,0,1,1,0,0,0
"POINT (7.440666199000020 51.508909788000039)",Unfall 253587 (2019) Kat:3, Licht: 0,253587,3,7,0,12,09,4,2,0,1,0,0,0,0,0
"POINT (7.401713017000077 51.489419741000063)",Unfall 253649 (2019) Kat:3, Licht: 2,253649,3,2,6,12,06,3,1,2,0,1,1,0,0,0
"POINT (7.482216454000024 51.487624893000032)",Unfall 253727 (2019) Kat:3, Licht: 0,253727,3,3,5,12,11,2,1,0,0,1,0,0,0,0
"POINT (7.535229593000054 51.521583507000059)",Unfall 253728 (2019) Kat:3, Licht: 0,253728,3,3,5,12,14,2,1,0,0,1,0,0,0,0
"POINT (7.472624353000072 51.512512501000060)",Unfall 253729 (2019) Kat:2, Licht: 0,253729,2,2,6,12,11,2,1,0,0,1,1,0,0,0
"POINT (7.462042593000035 51.519839001000037)",Unfall 253753 (2019) Kat:3, Licht: 2,253753,3,6,1,12,19,1,0,2,0,1,0,0,0,0
"POINT (7.397560848000069 51.558923931000038)",Unfall 253800 (2019) Kat:3, Licht: 0,253800,3,4,6,12,10,7,1,0,0,1,1,0,0,0
"POINT (7.458336650000035 51.519946781000044)",Unfall 253801 (2019) Kat:3, Licht: 2,253801,3,3,0,12,05,7,1,2,0,0,0,1,0,1
"POINT (7.456925044000059 51.514596361000031)",Unfall 253802 (2019) Kat:3, Licht: 2,253802,3,1,0,12,01,7,1,2,0,0,0,0,0,1
"POINT (7.385814156000038 51.550832740000033)",Unfall 254042 (2019) Kat:2, Licht: 2,254042,2,2,4,12,19,4,1,2,0,1,0,0,0,0