WKT,Name,OBJECTID,UKATEGORIE,UTYP1,UART,UMONAT,USTUNDE,UWOCHENTAG,STRZUSTAND,ULICHTVERH,ISTRAD,ISTPKW,ISTFUSS,ISTKRAD,ISTGKFZ,ISTSONSTIG
"POINT (7.536182011000051 51.518974139000079)",Unfall 254043 (2019) Kat:3, Licht: 0,254043,3,2,3,12,14,4,1,0,0,1,0,0,0,0
"POINT (7.466701683000053 51.521635923000076)",Unfall 254044 (2019) Kat:3, Licht: 2,254044,3,2,6,12,18,4,1,2,0,1,1,0,0,0
"POINT (7.463639636000039 51.506858753000074)",Unfall 254045 (2019) Kat:3, Licht: 0,254045,3,3,5,12,10,4,1,0,1,1,0,0,0,0
"POINT (7.537733448000040 51.531615374000069)",Unfall 254165 (2019) Kat:3, Licht: 2,254165,3,2,4,12,07,5,1,2,1,1,0,0,0,0
"POINT (7.460135054000034 51.506473434000043)",Unfall 254178 (2019) Kat:3, Licht: 1,254178,3,2,5,12,08,5,1,1,1,1,0,0,0,0
"POINT (7.380531966000035 51.579858310000077)",Unfall 254188 (2019) Kat:3, Licht: 2,254188,3,1,0,12,07,3,2,2,0,0,0,1,0,0
"POINT (7.473827244000063 51.548081301000082)",Unfall 254189 (2019) Kat:3, Licht: 2,254189,3,5,2,12,07,3,2,2,0,1,0,1,0,0
"POINT (7.476898246000076 51.485111706000055)",Unfall 254190 (2019) Kat:3, Licht: 1,254190,3,6,2,12,07,3,2,1,0,1,0,0,0,0
"POINT (7.442398461000039 51.475770864000026)",Unfall 254305 (2019) Kat:2, Licht: 2,254305,2,7,6,12,01,1,1,2,0,1,1,0,0,0
"POINT (7.439348466000070 51.477695133000054)",Unfall 254306 (2019) Kat:3, Licht: 2,254306,3,5,0,12,21,1,0,2,1,1,0,0,0,0
"POINT (7.502591145000054 51.564584810000042)",Unfall 254307 (2019) Kat:3, Licht: 2,254307,3,6,1,12,00,1,1,2,0,1,0,0,0,0
"POINT (7.464887868000062 51.501177624000036)",Unfall 254308 (2019) Kat:3, Licht: 2,254308,3,6,2,12,19,1,0,2,0,1,0,0,0,0
"POINT (7.439853011000025 51.469976312000028)",Unfall 254309 (2019) Kat:3, Licht: 0,254309,3,7,3,12,10,1,0,0,0,1,0,0,0,0
"POINT (7.415421371000036 51.494518371000026)",Unfall 254339 (2019) Kat:3, Licht: 2,254339,3,3,5,12,23,3,1,2,0,1,0,0,0,0
"POINT (7.551933205000069 51.486416821000034)",Unfall 254353 (2019) Kat:3, Licht: 2,254353,3,4,6,12,16,7,1,2,0,1,1,0,0,0
"POINT (7.457435562000057 51.521718826000040)",Unfall 254354 (2019) Kat:3, Licht: 0,254354,3,7,0,12,15,7,1,0,0,1,1,0,0,0
"POINT (7.529225494000059 51.549301312000068)",Unfall 254358 (2019) Kat:3, Licht: 2,254358,3,5,1,12,18,3,0,2,1,1,0,0,0,0
"POINT (7.547679711000058 51.552638682000065)",Unfall 254370 (2019) Kat:3, Licht: 0,254370,3,3,0,12,10,3,0,0,1,1,0,0,0,0
"POINT (7.362955322000062 51.561488230000066)",Unfall 254448 (2019) Kat:3, Licht: 2,254448,3,2,5,12,21,6,1,2,0,1,0,0,0,0
"POINT (7.474116513000070 51.543894897000030)",Unfall 254449 (2019) Kat:3, Licht: 0,254449,3,1,1,12,15,6,1,0,0,1,0,0,0,0
"POINT (7.455480368000053 51.519715171000030)",Unfall 254450 (2019) Kat:3, Licht: 0,254450,3,7,3,12,09,6,1,0,0,1,0,0,0,0
"POINT (7.499070357000051 51.507556428000044)",Unfall 254451 (2019) Kat:3, Licht: 0,254451,3,3,0,12,13,6,1,0,0,1,0,0,0,1
"POINT (7.457459673000074 51.509083592000081)",Unfall 254453 (2019) Kat:3, Licht: 2,254453,3,1,0,12,19,6,1,2,1,0,0,0,0,0
"POINT (7.453468841000074 51.519382433000033)",Unfall 254506 (2019) Kat:3, Licht: 2,254506,3,3,5,12,22,6,1,2,0,1,0,0,0,0
"POINT (7.468531670000061 51.539582248000045)",Unfall 254507 (2019) Kat:3, Licht: 2,254507,3,7,5,12,17,6,1,2,0,1,0,0,0,0
"POINT (7.432343219000074 51.470606888000077)",Unfall 254605 (2019) Kat:3, Licht: 0,254605,3,3,5,12,15,5,0,0,0,1,0,0,0,0
"POINT (7.494540996000069 51.487946666000028)",Unfall 254606 (2019) Kat:3, Licht: 1,254606,3,6,1,12,16,5,0,1,0,1,0,0,0,0
"POINT (7.602143122000030 51.519783305000033)",Unfall 254607 (2019) Kat:2, Licht: 0,254607,2,2,5,12,15,5,1,0,1,1,0,0,0,0
"POINT (7.520853210000041 51.521141715000056)",Unfall 254608 (2019) Kat:3, Licht: 0,254608,3,7,0,12,13,5,0,0,0,1,0,0,0,1
"POINT (7.447752309000066 51.517673817000059)",Unfall 254610 (2019) Kat:2, Licht: 0,254610,2,4,6,12,13,5,0,0,0,1,1,0,0,0
"POINT (7.491952884000057 51.550186024000027)",Unfall 254678 (2019) Kat:3, Licht: 1,254678,3,6,2,12,07,4,0,1,0,1,0,0,0,0
"POINT (7.452962728000045 51.513668505000055)",Unfall 254679 (2019) Kat:3, Licht: 2,254679,3,7,5,12,19,4,0,2,1,0,0,1,0,0
"POINT (7.467611884000064 51.524708583000063)",Unfall 254821 (2019) Kat:3, Licht: 0,254821,3,4,6,12,15,5,0,0,0,1,1,0,0,0
"POINT (7.554530147000037 51.497373091000043)",Unfall 254868 (2019) Kat:3, Licht: 0,254868,3,3,5,12,13,3,1,0,0,1,0,0,0,0
"POINT (7.365204704000064 51.495992308000041)",Unfall 254932 (2019) Kat:3, Licht: 0,254932,3,7,5,12,12,2,0,0,1,1,0,0,0,0
"POINT (7.555397228000061 51.495391577000078)",Unfall 254933 (2019) Kat:3, Licht: 2,254933,3,1,0,12,16,2,1,2,0,0,0,1,0,0
"POINT (7.540588050000054 51.552728578000028)",Unfall 254934 (2019) Kat:3, Licht: 2,254934,3,7,0,12,19,2,1,2,0,1,0,0,0,1
"POINT (7.455858151000030 51.530403601000046)",Unfall 254935 (2019) Kat:3, Licht: 2,254935,3,7,0,12,16,2,1,2,0,1,1,0,0,0
"POINT (7.386612837000030 51.474740475000033)",Unfall 254959 (2019) Kat:3, Licht: 2,254959,3,3,5,12,18,1,1,2,0,1,0,0,0,0
"POINT (7.451444799000058 51.530289661000040)",Unfall 254960 (2019) Kat:3, Licht: 2,254960,3,4,6,12,17,1,1,2,0,1,1,0,0,0
"POINT (7.406671269000071 51.456909258000053)",Unfall 254961 (2019) Kat:3, Licht: 0,254961,3,2,5,12,13,1,1,0,0,1,0,0,0,0
"POINT (7.574422420000076 51.505160132000071)",Unfall 255006 (2019) Kat:3, Licht: 2,255006,3,6,4,12,17,7,0,2,0,1,0,0,0,0
"POINT (7.446110324000074 51.517294485000036)",Unfall 255155 (2019) Kat:3, Licht: 2,255155,3,4,6,12,19,3,1,2,0,1,1,0,0,0
"POINT (7.458356900000069 51.519948069000066)",Unfall 255156 (2019) Kat:2, Licht: 2,255156,2,4,6,12,02,3,0,2,0,1,1,0,0,0
"POINT (7.444109244000060 51.531529996000074)",Unfall 255196 (2019) Kat:3, Licht: 0,255196,3,6,2,12,10,2,0,0,0,1,0,0,0,0
"POINT (7.464801614000066 51.520476198000040)",Unfall 255197 (2019) Kat:3, Licht: 2,255197,3,7,0,12,19,2,0,2,0,0,0,0,0,1
"POINT (7.462717450000071 51.519723578000026)",Unfall 255258 (2019) Kat:3, Licht: 2,255258,3,3,5,12,21,7,0,2,0,1,0,0,0,0
"POINT (7.455592265000064 51.514411878000033)",Unfall 255259 (2019) Kat:3, Licht: 2,255259,3,3,5,12,20,7,0,2,1,1,0,0,0,0
"POINT (7.448152584000070 51.514388266000026)",Unfall 255260 (2019) Kat:2, Licht: 0,255260,2,7,2,12,16,7,0,0,0,1,0,0,0,0
"POINT (7.460965612000052 51.510880404000034)",Unfall 73518 (2020) Kat:3, Licht: 2,73518,3,6,1,01,20,6,1,2,0,1,0,0,0,0
"POINT (7.469431892000046 51.517032225000037)",Unfall 73519 (2020) Kat:3, Licht: 2,73519,3,6,2,01,16,6,1,2,0,1,0,0,0,0
"POINT (7.469416027000023 51.517035479000072)",Unfall 73520 (2020) Kat:2, Licht: 2,73520,2,6,3,01,17,6,1,2,0,1,0,0,0,1
"POINT (7.474259425000071 51.525556668000036)",Unfall 73578 (2020) Kat:3, Licht: 2,73578,3,6,2,01,16,5,0,2,0,1,0,0,0,0
"POINT (7.468705776000036 51.585377323000046)",Unfall 73623 (2020) Kat:3, Licht: 2,73623,3,3,5,01,04,4,1,2,0,1,0,0,0,0
"POINT (7.524231474000032 51.535625759000027)",Unfall 73624 (2020) Kat:2, Licht: 2,73624,2,6,2,01,05,4,1,2,0,1,0,0,0,0
"POINT (7.385362085000054 51.518750600000033)",Unfall 73635 (2020) Kat:3, Licht: 2,73635,3,6,2,01,05,4,0,2,0,1,0,0,0,0
"POINT (7.546807191000028 51.535209325000039)",Unfall 73636 (2020) Kat:1, Licht: 2,73636,1,6,0,01,05,4,1,2,0,1,0,0,0,0
"POINT (7.510423011000057 51.578494551000063)",Unfall 73637 (2020) Kat:3, Licht: 2,73637,3,6,2,01,01,4,0,2,0,1,0,0,0,0
"POINT (7.514443779000033 51.578489347000072)",Unfall 73638 (2020) Kat:3, Licht: 2,73638,3,6,2,01,02,4,1,2,0,1,0,0,0,0
"POINT (7.497799236000049 51.573483573000033)",Unfall 73639 (2020) Kat:2, Licht: 2,73639,2,6,2,01,02,4,2,2,0,1,0,0,0,0
"POINT (7.685565365000059 51.642918365000071)",Unfall 73640 (2020) Kat:2, Licht: 2,73640,2,6,2,01,02,4,1,2,0,1,0,0,0,0
"POINT (7.538516125000058 51.552755223000077)",Unfall 73818 (2020) Kat:3, Licht: 2,73818,3,2,4,01,19,7,1,2,0,1,0,0,0,0
"POINT (7.481169684000065 51.523598406000076)",Unfall 73832 (2020) Kat:3, Licht: 0,73832,3,6,2,01,12,7,0,0,0,1,0,0,0,1
"POINT (7.484692459000030 51.501183022000077)",Unfall 73860 (2020) Kat:3, Licht: 2,73860,3,7,3,01,00,1,1,2,0,0,0,1,0,1
"POINT (7.467143289000035 51.441945718000056)",Unfall 73948 (2020) Kat:3, Licht: 0,73948,3,6,2,01,08,4,0,0,0,1,0,0,0,0
"POINT (7.476019227000052 51.437574235000056)",Unfall 73975 (2020) Kat:3, Licht: 2,73975,3,6,2,01,19,1,0,2,0,1,0,0,0,0
"POINT (7.478835072000038 51.543147479000027)",Unfall 74082 (2020) Kat:2, Licht: 0,74082,2,4,0,01,13,6,1,0,0,1,1,0,0,0
"POINT (7.525346215000070 51.493902042000059)",Unfall 74098 (2020) Kat:3, Licht: 2,74098,3,6,2,01,07,5,1,2,0,1,0,0,0,0
"POINT (7.420951924000065 51.529867603000071)",Unfall 74209 (2020) Kat:3, Licht: 1,74209,3,3,5,01,07,6,1,1,1,1,0,0,0,0
"POINT (7.405916869000066 51.495445754000059)",Unfall 74210 (2020) Kat:3, Licht: 2,74210,3,6,2,01,17,7,0,2,0,1,0,0,0,0
"POINT (7.462620386000026 51.581487517000028)",Unfall 74272 (2020) Kat:3, Licht: 1,74272,3,4,6,01,07,5,1,1,0,1,1,0,0,0
"POINT (7.522262513000044 51.452600343000029)",Unfall 74275 (2020) Kat:3, Licht: 2,74275,3,3,5,01,17,6,1,2,0,1,0,0,0,0
"POINT (7.487557539000022 51.474111561000029)",Unfall 74389 (2020) Kat:3, Licht: 2,74389,3,6,2,01,19,2,1,2,0,1,0,0,0,0
"POINT (7.500890091000031 51.568349084000033)",Unfall 74501 (2020) Kat:3, Licht: 2,74501,3,6,2,01,17,2,0,2,0,1,0,0,0,0
"POINT (7.510887860000025 51.503727317000028)",Unfall 74502 (2020) Kat:3, Licht: 0,74502,3,6,3,01,08,3,1,0,0,1,0,0,1,0
"POINT (7.459871878000058 51.494607196000061)",Unfall 74505 (2020) Kat:3, Licht: 2,74505,3,6,1,01,17,4,1,2,0,1,0,0,0,0
"POINT (7.479072069000040 51.524343221000038)",Unfall 74529 (2020) Kat:3, Licht: 0,74529,3,2,5,01,08,2,1,0,1,0,0,0,0,1
"POINT (7.550023191000037 51.492154292000066)",Unfall 74646 (2020) Kat:3, Licht: 2,74646,3,7,4,01,18,4,1,2,0,1,0,0,0,0
"POINT (7.554574317000061 51.511004296000067)",Unfall 74667 (2020) Kat:3, Licht: 0,74667,3,3,5,01,08,2,1,0,0,1,0,0,0,0
"POINT (7.371570816000030 51.522819184000070)",Unfall 74741 (2020) Kat:3, Licht: 2,74741,3,6,3,01,18,5,0,2,0,1,0,0,0,0
"POINT (7.321729822000066 51.512001439000073)",Unfall 74760 (2020) Kat:3, Licht: 2,74760,3,6,3,01,19,5,0,2,0,1,0,1,0,0
"POINT (7.450823279000076 51.508859122000047)",Unfall 74767 (2020) Kat:3, Licht: 2,74767,3,2,5,01,19,5,0,2,0,1,0,1,0,0
"POINT (7.467943807000040 51.499692189000029)",Unfall 74775 (2020) Kat:3, Licht: 2,74775,3,6,3,01,19,5,0,2,0,1,0,0,1,1
"POINT (7.532981015000075 51.522530124000070)",Unfall 74788 (2020) Kat:2, Licht: 2,74788,2,3,5,01,20,6,1,2,0,1,0,0,0,0
"POINT (7.467844028000059 51.507825745000048)",Unfall 74804 (2020) Kat:2, Licht: 2,74804,2,2,5,01,19,6,1,2,1,1,0,0,0,0
"POINT (7.513442117000068 51.519313443000044)",Unfall 74825 (2020) Kat:1, Licht: 0,74825,1,4,6,01,09,2,0,0,0,0,1,0,1,0
"POINT (7.460309773000063 51.526283357000068)",Unfall 74829 (2020) Kat:3, Licht: 0,74829,3,3,6,01,11,7,0,0,0,1,0,0,0,1
"POINT (7.392902476000074 51.497051927000030)",Unfall 74834 (2020) Kat:3, Licht: 2,74834,3,6,2,01,17,5,0,2,0,1,0,0,0,0
"POINT (7.424905364000040 51.521933752000052)",Unfall 74899 (2020) Kat:3, Licht: 0,74899,3,3,5,01,15,2,0,0,0,1,0,0,0,1
"POINT (7.478149354000038 51.437568282000029)",Unfall 74972 (2020) Kat:3, Licht: 2,74972,3,2,2,01,18,2,1,2,0,1,0,0,0,0
"POINT (7.481518068000071 51.523081951000052)",Unfall 75041 (2020) Kat:3, Licht: 2,75041,3,6,3,01,19,2,0,2,0,1,0,0,0,1
"POINT (7.599612201000070 51.476230747000045)",Unfall 75048 (2020) Kat:3, Licht: 2,75048,3,3,5,01,22,1,1,2,0,1,0,0,0,0
"POINT (7.530532904000040 51.506901656000082)",Unfall 75077 (2020) Kat:3, Licht: 1,75077,3,6,0,01,17,5,0,1,0,1,0,0,0,0
"POINT (7.517499882000038 51.537019505000046)",Unfall 75171 (2020) Kat:3, Licht: 1,75171,3,6,2,01,07,5,1,1,0,1,0,0,0,0
"POINT (7.505456901000059 51.565067177000060)",Unfall 75193 (2020) Kat:3, Licht: 2,75193,3,6,2,01,21,4,1,2,0,1,0,0,0,0
"POINT (7.338605626000060 51.495169290000035)",Unfall 75207 (2020) Kat:3, Licht: 0,75207,3,6,1,01,07,3,0,0,0,1,0,0,0,0
"POINT (7.543837640000049 51.533589005000067)",Unfall 75209 (2020) Kat:3, Licht: 2,75209,3,3,0,01,17,6,0,2,0,1,0,0,0,1
"POINT (7.479177253000046 51.575371809000046)",Unfall 75336 (2020) Kat:3, Licht: 1,75336,3,6,2,01,07,5,1,1,0,1,0,0,0,1
"POINT (7.522216735000029 51.452611452000042)",Unfall 75397 (2020) Kat:3, Licht: 2,75397,3,3,5,01,07,3,0,2,0,1,0,0,0,1
"POINT (7.520958168000050 51.520939390000080)",Unfall 75400 (2020) Kat:3, Licht: 0,75400,3,2,5,01,13,3,0,0,1,1,0,0,0,0
"POINT (7.438877962000049 51.512641005000035)",Unfall 75412 (2020) Kat:3, Licht: 0,75412,3,3,4,01,16,3,0,0,1,0,0,0,0,0
"POINT (7.463002086000074 51.517366769000034)",Unfall 75417 (2020) Kat:3, Licht: 2,75417,3,6,1,01,18,3,0,2,0,1,0,1,0,0
"POINT (7.610183174000042 51.532223351000027)",Unfall 75434 (2020) Kat:3, Licht: 2,75434,3,2,5,01,20,4,1,2,0,1,0,0,0,1
"POINT (7.364521870000033 51.495003214000064)",Unfall 75446 (2020) Kat:2, Licht: 2,75446,2,6,2,01,18,3,0,2,0,1,0,0,0,0
"POINT (7.544203883000023 51.508690916000035)",Unfall 75486 (2020) Kat:3, Licht: 1,75486,3,6,2,01,16,4,1,1,0,1,0,0,0,0
"POINT (7.608325964000073 51.531991757000071)",Unfall 75523 (2020) Kat:3, Licht: 0,75523,3,3,5,01,09,3,1,0,0,1,0,0,0,1
"POINT (7.498658671000044 51.488504548000037)",Unfall 75562 (2020) Kat:3, Licht: 2,75562,3,4,6,01,07,2,1,2,0,1,1,0,0,0
"POINT (7.541120495000030 51.508204218000060)",Unfall 75601 (2020) Kat:3, Licht: 2,75601,3,3,8,01,23,3,0,2,0,1,0,0,0,0
"POINT (7.414813506000030 51.531815924000057)",Unfall 75651 (2020) Kat:3, Licht: 0,75651,3,7,5,01,11,4,0,0,0,1,0,0,0,0
"POINT (7.554011052000021 51.512522404000038)",Unfall 75670 (2020) Kat:3, Licht: 0,75670,3,7,8,01,14,2,1,0,0,1,0,0,0,0
"POINT (7.393694635000031 51.580758246000073)",Unfall 75730 (2020) Kat:3, Licht: 2,75730,3,6,2,01,17,2,1,2,0,1,0,0,0,0
"POINT (7.472939957000051 51.514234423000062)",Unfall 75732 (2020) Kat:3, Licht: 0,75732,3,4,6,01,16,4,1,0,0,1,1,0,0,0
"POINT (7.392536350000057 51.585141637000049)",Unfall 75768 (2020) Kat:3, Licht: 2,75768,3,6,1,01,06,3,1,2,0,1,0,0,0,0
"POINT (7.559097693000069 51.524519982000072)",Unfall 75834 (2020) Kat:3, Licht: 0,75834,3,5,0,01,10,2,1,0,0,1,0,1,0,0
"POINT (7.459486735000041 51.441576094000027)",Unfall 75888 (2020) Kat:3, Licht: 0,75888,3,6,2,02,07,3,1,0,0,1,0,0,0,0
"POINT (7.507270605000031 51.503713252000068)",Unfall 75978 (2020) Kat:3, Licht: 0,75978,3,6,1,02,10,2,0,0,0,1,0,0,0,0
"POINT (7.391890616000069 51.497177363000048)",Unfall 76048 (2020) Kat:3, Licht: 2,76048,3,6,2,02,18,7,1,2,0,1,0,0,0,0
"POINT (7.398488305000058 51.583405285000026)",Unfall 76064 (2020) Kat:3, Licht: 2,76064,3,1,8,02,18,7,1,2,0,1,0,0,0,0
"POINT (7.358379732000060 51.561341425000080)",Unfall 76080 (2020) Kat:3, Licht: 0,76080,3,6,2,02,14,3,1,0,0,1,0,0,0,1
"POINT (7.385544564000043 51.497565214000076)",Unfall 76081 (2020) Kat:3, Licht: 1,76081,3,6,2,01,17,6,0,1,0,1,0,0,0,0
"POINT (7.491737640000054 51.550059217000069)",Unfall 76084 (2020) Kat:3, Licht: 2,76084,3,2,5,01,19,6,0,2,0,1,0,0,0,0
"POINT (7.506771315000037 51.479551998000034)",Unfall 76088 (2020) Kat:3, Licht: 2,76088,3,7,0,01,07,6,0,2,0,0,0,0,0,1
"POINT (7.497464651000030 51.503769411000064)",Unfall 76091 (2020) Kat:2, Licht: 0,76091,2,4,6,01,15,6,0,0,0,0,1,0,1,0
"POINT (7.324235276000024 51.506769192000036)",Unfall 76092 (2020) Kat:3, Licht: 2,76092,3,2,5,02,18,7,1,2,0,1,0,0,0,1
"POINT (7.494303587000047 51.578367746000026)",Unfall 76109 (2020) Kat:3, Licht: 2,76109,3,6,2,01,06,5,0,2,0,1,0,0,0,0
"POINT (7.476345511000034 51.541140427000073)",Unfall 76114 (2020) Kat:3, Licht: 2,76114,3,6,2,02,18,7,1,2,0,1,0,1,0,1
"POINT (7.370017823000069 51.536281804000055)",Unfall 76127 (2020) Kat:3, Licht: 0,76127,3,6,2,01,17,6,0,0,0,1,0,0,0,0
"POINT (7.422009100000025 51.508143961000030)",Unfall 76147 (2020) Kat:3, Licht: 0,76147,3,2,5,02,13,7,0,0,0,1,0,0,0,0
"POINT (7.452975147000075 51.513626951000049)",Unfall 76152 (2020) Kat:3, Licht: 0,76152,3,3,5,02,16,7,1,0,1,1,0,0,0,0
"POINT (7.498552807000067 51.514631786000052)",Unfall 76263 (2020) Kat:3, Licht: 0,76263,3,3,5,02,11,2,0,0,1,1,0,0,0,0
"POINT (7.507019671000023 51.515850178000051)",Unfall 76394 (2020) Kat:3, Licht: 2,76394,3,2,4,02,18,5,0,2,0,1,0,0,0,0
"POINT (7.449365887000056 51.497306832000049)",Unfall 76406 (2020) Kat:3, Licht: 0,76406,3,2,2,02,13,5,0,0,0,1,0,0,0,0
"POINT (7.459533370000031 51.511638214000072)",Unfall 76412 (2020) Kat:3, Licht: 0,76412,3,3,5,02,14,5,0,0,0,1,0,0,0,0
"POINT (7.438683757000035 51.490236954000068)",Unfall 76415 (2020) Kat:2, Licht: 2,76415,2,3,5,02,20,5,0,2,0,1,0,0,0,0
"POINT (7.467414630000064 51.509787165000034)",Unfall 76417 (2020) Kat:3, Licht: 2,76417,3,6,1,02,22,6,0,2,0,1,0,0,0,0
"POINT (7.583851067000069 51.527963719000070)",Unfall 76418 (2020) Kat:3, Licht: 0,76418,3,2,3,02,16,3,1,0,1,1,0,0,0,0
"POINT (7.419428115000073 51.503953480000064)",Unfall 76498 (2020) Kat:3, Licht: 0,76498,3,2,5,02,15,6,0,0,1,1,0,0,0,0
"POINT (7.385811477000061 51.550816841000028)",Unfall 76609 (2020) Kat:3, Licht: 0,76609,3,2,5,02,16,6,0,0,0,1,0,0,0,0
"POINT (7.474460732000068 51.508378498000070)",Unfall 76668 (2020) Kat:3, Licht: 0,76668,3,7,0,02,09,4,2,0,0,0,0,0,0,1
"POINT (7.385709822000024 51.497876671000029)",Unfall 76686 (2020) Kat:3, Licht: 0,76686,3,6,3,02,16,4,0,0,0,1,0,0,0,0
"POINT (7.459847395000054 51.470909351000046)",Unfall 76762 (2020) Kat:3, Licht: 2,76762,3,2,6,02,18,2,1,2,0,1,1,0,0,0
"POINT (7.519714324000063 51.504885544000047)",Unfall 76831 (2020) Kat:3, Licht: 0,76831,3,6,2,02,14,6,0,0,0,1,0,0,0,1
"POINT (7.505793212000071 51.565026716000034)",Unfall 76881 (2020) Kat:3, Licht: 2,76881,3,1,0,02,18,3,1,2,0,1,0,0,0,0
"POINT (7.361973741000043 51.569360143000040)",Unfall 76905 (2020) Kat:3, Licht: 0,76905,3,6,2,02,10,6,1,0,0,1,0,0,0,0
"POINT (7.498455321000051 51.503837773000043)",Unfall 76934 (2020) Kat:3, Licht: 1,76934,3,6,2,02,18,5,1,1,0,1,0,0,0,1
"POINT (7.379687471000068 51.508135043000038)",Unfall 76976 (2020) Kat:3, Licht: 0,76976,3,6,2,02,08,6,1,0,0,1,0,0,0,0
"POINT (7.506041260000075 51.485930889000031)",Unfall 77043 (2020) Kat:2, Licht: 2,77043,2,1,8,02,22,6,0,2,0,1,0,0,0,0
"POINT (7.391401740000049 51.584047231000056)",Unfall 77047 (2020) Kat:3, Licht: 2,77047,3,6,2,02,06,4,1,2,0,1,0,0,1,0
"POINT (7.480977492000022 51.501711416000035)",Unfall 77050 (2020) Kat:3, Licht: 0,77050,3,6,2,02,08,4,1,0,0,1,0,0,0,0
"POINT (7.518211156000064 51.533164383000042)",Unfall 77084 (2020) Kat:3, Licht: 0,77084,3,1,9,02,13,6,1,0,0,1,0,0,0,0
"POINT (7.501237847000027 51.503675780000037)",Unfall 77134 (2020) Kat:3, Licht: 0,77134,3,6,3,02,07,6,1,0,0,1,0,0,1,0
"POINT (7.459055331000059 51.466419522000081)",Unfall 77201 (2020) Kat:3, Licht: 0,77201,3,3,5,02,14,2,0,0,0,1,0,0,0,0
"POINT (7.477104791000045 51.481670605000033)",Unfall 77208 (2020) Kat:3, Licht: 2,77208,3,1,2,02,23,3,1,2,0,1,0,0,0,0
"POINT (7.583486215000050 51.553827988000080)",Unfall 77291 (2020) Kat:2, Licht: 1,77291,2,6,2,02,17,7,0,1,0,1,0,0,0,0
"POINT (7.475353388000031 51.537245963000032)",Unfall 77302 (2020) Kat:2, Licht: 0,77302,2,1,0,02,12,7,0,0,0,0,0,1,0,0
"POINT (7.450399068000024 51.513329056000032)",Unfall 77387 (2020) Kat:3, Licht: 2,77387,3,2,3,02,23,3,1,2,0,1,1,0,0,0
"POINT (7.450811158000022 51.510287255000037)",Unfall 77401 (2020) Kat:2, Licht: 0,77401,2,6,6,02,08,2,0,0,1,0,1,0,0,0
"POINT (7.476361211000040 51.541166825000062)",Unfall 77538 (2020) Kat:3, Licht: 0,77538,3,2,5,02,15,4,0,0,0,1,0,0,0,0
"POINT (7.498552807000067 51.514631786000052)",Unfall 77558 (2020) Kat:3, Licht: 0,77558,3,1,0,02,10,5,0,0,1,0,0,0,0,0
"POINT (7.468183040000042 51.509894811000038)",Unfall 77598 (2020) Kat:3, Licht: 0,77598,3,1,0,02,14,6,0,0,0,0,0,1,0,0
"POINT (7.540709290000052 51.537875511000038)",Unfall 77692 (2020) Kat:3, Licht: 0,77692,3,2,5,02,11,5,0,0,0,1,0,1,0,0
"POINT (7.358626248000064 51.562520154000026)",Unfall 77767 (2020) Kat:2, Licht: 0,77767,2,6,2,02,14,5,0,0,0,1,0,0,0,1
"POINT (7.460072621000052 51.516872370000044)",Unfall 77768 (2020) Kat:3, Licht: 2,77768,3,6,3,02,20,7,1,2,0,1,0,0,0,0
"POINT (7.607461578000027 51.531761751000033)",Unfall 77794 (2020) Kat:3, Licht: 0,77794,3,2,5,02,11,4,1,0,0,1,0,0,0,0
"POINT (7.444358623000028 51.523990531000038)",Unfall 77860 (2020) Kat:3, Licht: 1,77860,3,6,2,02,07,4,1,1,0,1,0,0,0,0
"POINT (7.495328006000023 51.487276877000056)",Unfall 77909 (2020) Kat:3, Licht: 0,77909,3,3,5,02,16,2,0,0,0,1,0,0,0,0
"POINT (7.551889258000074 51.523991142000057)",Unfall 77911 (2020) Kat:3, Licht: 2,77911,3,2,5,02,18,2,1,2,0,1,0,0,0,0
"POINT (7.453002419000029 51.513629718000061)",Unfall 77913 (2020) Kat:3, Licht: 2,77913,3,4,6,02,21,2,1,2,0,1,1,0,0,0
"POINT (7.443236387000070 51.494828056000074)",Unfall 77916 (2020) Kat:3, Licht: 2,77916,3,7,0,02,19,2,1,2,0,1,0,0,0,1
"POINT (7.474269445000061 51.514896844000077)",Unfall 77920 (2020) Kat:3, Licht: 0,77920,3,3,5,02,17,2,1,0,0,1,0,0,0,0
"POINT (7.457088554000052 51.524175672000069)",Unfall 78001 (2020) Kat:3, Licht: 2,78001,3,2,6,02,20,4,1,2,0,1,1,0,0,0
"POINT (7.522228476000066 51.452593345000082)",Unfall 78030 (2020) Kat:3, Licht: 2,78030,3,3,5,02,18,3,1,2,0,1,0,0,0,0
"POINT (7.527337801000044 51.485100415000034)",Unfall 78031 (2020) Kat:3, Licht: 0,78031,3,1,8,02,16,1,1,0,0,1,0,0,0,0
"POINT (7.472621607000065 51.512558551000041)",Unfall 78032 (2020) Kat:3, Licht: 2,78032,3,2,6,02,18,3,1,2,0,1,1,0,0,0
"POINT (7.587344100000053 51.528205502000048)",Unfall 78033 (2020) Kat:3, Licht: 0,78033,3,6,1,02,17,1,1,0,0,1,0,0,0,0
"POINT (7.469938306000074 51.508116680000057)",Unfall 78036 (2020) Kat:3, Licht: 0,78036,3,3,5,02,10,3,1,0,1,1,0,0,0,0
"POINT (7.499385066000059 51.503886820000048)",Unfall 78080 (2020) Kat:3, Licht: 1,78080,3,2,0,02,06,5,0,1,1,1,0,0,0,0