WKT,Name,OBJECTID,UKATEGORIE,UTYP1,UART,UMONAT,USTUNDE,UWOCHENTAG,STRZUSTAND,ULICHTVERH,ISTRAD,ISTPKW,ISTFUSS,ISTKRAD,ISTGKFZ,ISTSONSTIG
"POINT (7.383009568000034 51.520425282000076)",Unfall 78085 (2020) Kat:3, Licht: 1,78085,3,6,2,02,17,3,1,1,0,1,0,0,0,0
"POINT (7.336248158000046 51.495918932000052)",Unfall 78088 (2020) Kat:3, Licht: 1,78088,3,6,2,02,15,3,0,1,0,1,0,0,0,0
"POINT (7.496192954000037 51.514199981000047)",Unfall 78278 (2020) Kat:3, Licht: 0,78278,3,2,5,02,13,7,0,0,0,1,0,0,0,0
"POINT (7.402770395000061 51.585674911000069)",Unfall 78341 (2020) Kat:3, Licht: 2,78341,3,3,0,02,20,6,1,2,0,1,0,0,0,0
"POINT (7.372892404000027 51.498644300000080)",Unfall 78347 (2020) Kat:3, Licht: 0,78347,3,2,2,02,14,6,0,0,0,1,0,0,0,0
"POINT (7.477370604000043 51.459426666000070)",Unfall 78356 (2020) Kat:3, Licht: 0,78356,3,6,2,02,15,6,0,0,0,1,0,0,0,0
"POINT (7.467301774000021 51.501438158000042)",Unfall 78361 (2020) Kat:3, Licht: 2,78361,3,2,5,02,03,7,1,2,0,1,0,0,0,0
"POINT (7.474366108000027 51.469625055000051)",Unfall 78369 (2020) Kat:3, Licht: 0,78369,3,6,0,03,13,2,0,0,0,1,0,0,1,0
"POINT (7.554287478000049 51.486859730000049)",Unfall 78539 (2020) Kat:3, Licht: 0,78539,3,7,6,03,12,7,0,0,0,1,1,0,0,0
"POINT (7.492143115000033 51.475598560000037)",Unfall 78604 (2020) Kat:3, Licht: 0,78604,3,2,5,03,08,4,1,0,0,1,0,0,0,0
"POINT (7.457481140000027 51.450235230000033)",Unfall 78622 (2020) Kat:2, Licht: 0,78622,2,3,1,03,12,6,1,0,0,1,0,0,0,0
"POINT (7.471399061000057 51.499209664000034)",Unfall 78625 (2020) Kat:3, Licht: 0,78625,3,6,3,03,16,7,0,0,0,1,0,0,1,0
"POINT (7.509534341000062 51.475972825000042)",Unfall 78690 (2020) Kat:3, Licht: 0,78690,3,3,0,03,10,7,0,0,0,1,0,0,0,1
"POINT (7.397821302000068 51.472600774000057)",Unfall 78753 (2020) Kat:2, Licht: 2,78753,2,1,9,03,21,5,1,2,0,1,0,0,0,0
"POINT (7.583909396000024 51.502768869000079)",Unfall 78782 (2020) Kat:3, Licht: 0,78782,3,7,4,03,16,4,0,0,0,1,0,0,0,0
"POINT (7.459381033000057 51.524336144000074)",Unfall 78802 (2020) Kat:3, Licht: 2,78802,3,4,6,03,19,5,1,2,1,0,1,0,0,0
"POINT (7.555527167000037 51.509299016000057)",Unfall 78803 (2020) Kat:3, Licht: 0,78803,3,3,5,03,16,7,0,0,0,1,0,0,0,0
"POINT (7.546864877000076 51.523630042000036)",Unfall 78870 (2020) Kat:3, Licht: 2,78870,3,3,5,03,21,5,1,2,0,1,0,0,0,0
"POINT (7.502450425000063 51.492280459000028)",Unfall 78887 (2020) Kat:3, Licht: 2,78887,3,4,6,03,20,6,1,2,0,1,1,0,0,0
"POINT (7.408955362000029 51.481275142000072)",Unfall 79133 (2020) Kat:3, Licht: 2,79133,3,7,3,03,22,4,1,2,0,1,0,1,0,0
"POINT (7.465109147000021 51.553521675000070)",Unfall 79157 (2020) Kat:3, Licht: 0,79157,3,3,5,03,07,4,1,0,1,1,0,0,0,0
"POINT (7.470539789000043 51.522823739000046)",Unfall 79168 (2020) Kat:3, Licht: 0,79168,3,4,6,03,12,6,0,0,0,1,1,0,0,0
"POINT (7.460225340000022 51.493369776000065)",Unfall 79211 (2020) Kat:3, Licht: 0,79211,3,3,5,03,08,4,1,0,1,1,0,0,0,0
"POINT (7.365675357000043 51.579658664000078)",Unfall 79231 (2020) Kat:3, Licht: 1,79231,3,6,2,03,06,2,1,1,0,1,0,0,0,1
"POINT (7.497261812000033 51.503411963000076)",Unfall 79237 (2020) Kat:3, Licht: 2,79237,3,6,3,03,20,3,1,2,0,1,0,0,0,0
"POINT (7.468300730000067 51.509906002000037)",Unfall 79242 (2020) Kat:3, Licht: 0,79242,3,6,2,03,16,3,1,0,0,1,0,0,1,0
"POINT (7.456399408000038 51.512916174000054)",Unfall 79247 (2020) Kat:3, Licht: 0,79247,3,6,0,03,08,3,1,0,0,1,0,1,0,0
"POINT (7.470685458000048 51.516756407000059)",Unfall 79265 (2020) Kat:3, Licht: 0,79265,3,2,5,03,10,2,0,0,0,1,0,0,0,0
"POINT (7.513468029000023 51.503739902000063)",Unfall 79467 (2020) Kat:3, Licht: 0,79467,3,6,3,03,10,3,0,0,0,1,0,0,1,0
"POINT (7.322076346000074 51.515070523000077)",Unfall 79484 (2020) Kat:3, Licht: 0,79484,3,6,2,03,14,5,0,0,0,1,0,0,0,0
"POINT (7.495511072000056 51.486777851000056)",Unfall 79586 (2020) Kat:2, Licht: 0,79586,2,6,0,03,15,6,0,0,0,0,0,0,0,1
"POINT (7.433218083000043 51.445115371000043)",Unfall 79624 (2020) Kat:2, Licht: 2,79624,2,1,8,03,22,7,0,2,0,1,0,0,0,0
"POINT (7.540261910000027 51.474674911000079)",Unfall 79640 (2020) Kat:3, Licht: 0,79640,3,6,2,03,12,7,0,0,0,1,0,0,0,0
"POINT (7.359751202000041 51.560656231000053)",Unfall 79667 (2020) Kat:3, Licht: 2,79667,3,1,8,03,23,7,1,2,0,1,0,0,0,0
"POINT (7.626368254000056 51.537333258000046)",Unfall 79680 (2020) Kat:3, Licht: 1,79680,3,1,1,03,18,5,0,1,0,1,0,0,0,0
"POINT (7.486912194000070 51.498286120000046)",Unfall 79711 (2020) Kat:3, Licht: 0,79711,3,7,4,03,16,4,0,0,1,1,0,0,0,1
"POINT (7.375287991000050 51.515891811000074)",Unfall 79774 (2020) Kat:3, Licht: 0,79774,3,6,1,03,15,5,0,0,0,1,0,0,0,0
"POINT (7.479365266000059 51.469881648000069)",Unfall 79775 (2020) Kat:3, Licht: 0,79775,3,2,4,03,15,1,0,0,0,1,0,0,0,0
"POINT (7.517949393000038 51.520780795000064)",Unfall 79785 (2020) Kat:3, Licht: 0,79785,3,6,2,03,12,6,0,0,0,1,0,0,0,0
"POINT (7.546864877000076 51.523630042000036)",Unfall 79812 (2020) Kat:3, Licht: 0,79812,3,7,0,03,17,4,0,0,1,0,0,0,0,0
"POINT (7.487588515000027 51.497985622000044)",Unfall 79863 (2020) Kat:3, Licht: 0,79863,3,2,5,03,14,2,0,0,1,1,0,0,0,0
"POINT (7.617494735000037 51.533031002000030)",Unfall 80001 (2020) Kat:3, Licht: 0,80001,3,7,6,03,16,5,0,0,0,1,1,0,0,0
"POINT (7.500727284000050 51.479511067000033)",Unfall 80030 (2020) Kat:3, Licht: 0,80030,3,2,2,03,18,3,0,0,0,1,0,0,0,0
"POINT (7.544615883000063 51.508787300000051)",Unfall 80118 (2020) Kat:3, Licht: 0,80118,3,1,6,03,14,6,0,0,0,1,1,0,0,0
"POINT (7.460980085000074 51.496063143000072)",Unfall 80131 (2020) Kat:3, Licht: 0,80131,3,3,5,03,15,6,0,0,1,0,0,1,0,0
"POINT (7.374048789000028 51.522526633000041)",Unfall 80248 (2020) Kat:3, Licht: 0,80248,3,6,1,03,18,2,1,0,0,1,0,0,0,0
"POINT (7.503627418000065 51.503688162000060)",Unfall 80298 (2020) Kat:3, Licht: 0,80298,3,6,3,04,14,4,0,0,0,1,0,0,1,0
"POINT (7.611812315000066 51.532457439000041)",Unfall 80342 (2020) Kat:3, Licht: 2,80342,3,6,0,03,20,3,0,2,1,1,0,0,0,0
"POINT (7.584108816000025 51.504289321000044)",Unfall 80350 (2020) Kat:2, Licht: 0,80350,2,3,5,03,17,3,0,0,0,1,0,1,0,0
"POINT (7.535908409000058 51.507432599000026)",Unfall 80428 (2020) Kat:2, Licht: 2,80428,2,1,8,03,22,7,0,2,0,1,0,0,0,0
"POINT (7.401229232000048 51.549244870000052)",Unfall 80478 (2020) Kat:3, Licht: 0,80478,3,6,2,04,11,2,0,0,0,1,0,0,1,0
"POINT (7.597187501000065 51.478970297000046)",Unfall 80494 (2020) Kat:3, Licht: 0,80494,3,5,0,04,10,7,0,0,1,1,0,0,0,0
"POINT (7.402794319000066 51.583591634000072)",Unfall 80517 (2020) Kat:3, Licht: 0,80517,3,6,2,04,10,2,0,0,0,1,0,0,1,0
"POINT (7.439985946000036 51.481748821000053)",Unfall 80586 (2020) Kat:2, Licht: 0,80586,2,6,4,04,18,2,0,0,0,1,0,0,0,0
"POINT (7.360473993000028 51.497737705000077)",Unfall 80676 (2020) Kat:3, Licht: 0,80676,3,2,6,04,11,2,0,0,0,1,1,0,0,0
"POINT (7.548832950000076 51.565285590000030)",Unfall 80759 (2020) Kat:3, Licht: 0,80759,3,2,5,04,17,6,0,0,0,1,0,1,0,0
"POINT (7.443318572000067 51.480579725000041)",Unfall 80837 (2020) Kat:2, Licht: 0,80837,2,6,0,04,07,5,0,0,0,1,0,0,0,1
"POINT (7.505052369000055 51.515940752000063)",Unfall 80889 (2020) Kat:2, Licht: 0,80889,2,5,1,04,12,3,0,0,1,1,0,0,0,0
"POINT (7.393099052000025 51.480197464000071)",Unfall 80953 (2020) Kat:2, Licht: 0,80953,2,2,4,04,12,5,0,0,0,1,0,0,0,0
"POINT (7.378943030000073 51.509572224000067)",Unfall 81204 (2020) Kat:3, Licht: 0,81204,3,2,0,04,14,7,0,0,0,1,0,0,0,0
"POINT (7.385897385000021 51.496711309000034)",Unfall 81316 (2020) Kat:3, Licht: 0,81316,3,1,8,04,12,7,0,0,0,0,0,1,0,0
"POINT (7.462221689000046 51.498501522000026)",Unfall 81352 (2020) Kat:2, Licht: 0,81352,2,6,3,04,16,6,0,0,0,1,0,0,1,0
"POINT (7.462606803000028 51.520963646000041)",Unfall 81465 (2020) Kat:3, Licht: 0,81465,3,1,8,04,14,6,0,0,0,1,0,0,0,0
"POINT (7.462435019000054 51.510153976000026)",Unfall 81485 (2020) Kat:3, Licht: 0,81485,3,6,1,04,12,2,0,0,0,1,0,0,0,0
"POINT (7.468377146000023 51.508510738000041)",Unfall 81494 (2020) Kat:3, Licht: 0,81494,3,3,5,04,18,7,1,0,0,1,0,0,0,0
"POINT (7.466784346000054 51.517750592000027)",Unfall 81551 (2020) Kat:3, Licht: 2,81551,3,6,3,04,20,5,0,2,0,1,0,0,0,0
"POINT (7.544570548000024 51.532548163000058)",Unfall 81593 (2020) Kat:3, Licht: 2,81593,3,4,0,04,21,6,0,2,0,1,1,0,0,0
"POINT (7.547197968000035 51.523648801000036)",Unfall 81817 (2020) Kat:3, Licht: 0,81817,3,1,0,04,18,4,0,0,1,0,0,0,0,0
"POINT (7.501625388000036 51.562982837000050)",Unfall 81819 (2020) Kat:3, Licht: 0,81819,3,7,5,04,10,4,0,0,0,0,0,1,1,0
"POINT (7.491967159000069 51.549798907000081)",Unfall 81821 (2020) Kat:3, Licht: 0,81821,3,6,2,04,17,5,0,0,0,1,0,0,0,0
"POINT (7.460716522000041 51.546148386000027)",Unfall 81824 (2020) Kat:2, Licht: 0,81824,2,2,3,04,14,4,0,0,0,1,0,1,0,0
"POINT (7.426826657000049 51.519084897000027)",Unfall 81826 (2020) Kat:3, Licht: 2,81826,3,6,2,04,21,4,0,2,0,1,0,0,0,0
"POINT (7.471600865000028 51.527030024000055)",Unfall 81844 (2020) Kat:3, Licht: 0,81844,3,3,5,04,15,5,0,0,1,1,0,0,0,0
"POINT (7.385835089000068 51.496822418000079)",Unfall 81845 (2020) Kat:3, Licht: 0,81845,3,1,9,04,16,4,0,0,0,0,0,1,0,0
"POINT (7.506851965000067 51.488153950000026)",Unfall 81876 (2020) Kat:3, Licht: 0,81876,3,7,6,04,11,5,0,0,0,1,1,0,0,0
"POINT (7.546859910000023 51.523638758000061)",Unfall 81919 (2020) Kat:3, Licht: 0,81919,3,3,5,04,16,6,0,0,0,1,0,0,0,0
"POINT (7.534702058000050 51.507254402000058)",Unfall 81956 (2020) Kat:3, Licht: 0,81956,3,6,2,04,14,5,0,0,0,1,0,0,0,0
"POINT (7.464731092000022 51.558324520000042)",Unfall 81968 (2020) Kat:3, Licht: 0,81968,3,6,3,04,19,7,0,0,0,1,0,0,0,0
"POINT (7.468738247000033 51.525359673000082)",Unfall 81969 (2020) Kat:3, Licht: 0,81969,3,5,0,04,14,4,1,0,1,1,0,0,0,1
"POINT (7.442138755000030 51.554430725000032)",Unfall 82032 (2020) Kat:3, Licht: 0,82032,3,1,8,04,18,1,0,0,0,0,0,1,0,0
"POINT (7.460562515000049 51.545891317000041)",Unfall 82050 (2020) Kat:3, Licht: 0,82050,3,3,5,04,19,2,0,0,0,1,0,0,0,0
"POINT (7.516502794000076 51.520548093000059)",Unfall 82103 (2020) Kat:3, Licht: 0,82103,3,1,0,04,12,4,0,0,1,0,0,0,0,0
"POINT (7.442265686000042 51.481167346000063)",Unfall 82212 (2020) Kat:1, Licht: 2,82212,1,7,6,04,02,2,0,2,0,1,1,0,0,0
"POINT (7.480475805000026 51.469753003000051)",Unfall 82270 (2020) Kat:2, Licht: 0,82270,2,1,8,04,06,1,0,0,0,1,0,0,0,0
"POINT (7.474497570000040 51.514882881000062)",Unfall 82289 (2020) Kat:3, Licht: 0,82289,3,7,0,04,08,2,0,0,0,0,1,0,0,1
"POINT (7.403323508000028 51.468984244000069)",Unfall 82433 (2020) Kat:3, Licht: 0,82433,3,7,8,05,08,4,0,0,0,1,0,0,0,0
"POINT (7.385811477000061 51.550816841000028)",Unfall 82501 (2020) Kat:3, Licht: 0,82501,3,2,5,05,06,4,0,0,0,1,0,0,0,0
"POINT (7.474552539000058 51.507800947000078)",Unfall 82576 (2020) Kat:3, Licht: 0,82576,3,2,5,05,17,7,1,0,1,1,0,0,0,0
"POINT (7.611791557000061 51.532454577000067)",Unfall 82588 (2020) Kat:3, Licht: 0,82588,3,7,1,05,11,4,0,0,0,1,0,0,0,0
"POINT (7.467038736000063 51.488255555000080)",Unfall 82613 (2020) Kat:2, Licht: 2,82613,2,7,6,05,01,2,1,2,0,0,1,0,0,1
"POINT (7.470685458000048 51.516756407000059)",Unfall 82618 (2020) Kat:3, Licht: 2,82618,3,6,3,05,02,2,1,2,0,1,0,0,0,0
"POINT (7.476208967000048 51.504442589000064)",Unfall 82624 (2020) Kat:3, Licht: 0,82624,3,2,5,04,14,5,0,0,1,1,0,0,0,0
"POINT (7.400993590000041 51.496856668000078)",Unfall 82658 (2020) Kat:3, Licht: 1,82658,3,6,1,05,20,6,1,1,0,1,0,0,0,0
"POINT (7.363471047000076 51.504351952000036)",Unfall 82661 (2020) Kat:3, Licht: 0,82661,3,1,9,05,16,6,0,0,0,0,0,1,0,0
"POINT (7.501978145000066 51.442359991000046)",Unfall 82673 (2020) Kat:3, Licht: 0,82673,3,1,9,04,19,5,1,0,0,0,0,0,0,1
"POINT (7.520934347000036 51.484632088000069)",Unfall 82765 (2020) Kat:2, Licht: 0,82765,2,6,1,05,16,4,0,0,0,1,0,1,0,0
"POINT (7.377001465000035 51.499329748000036)",Unfall 82838 (2020) Kat:3, Licht: 0,82838,3,1,1,05,16,6,0,0,0,1,0,0,0,0
"POINT (7.626192701000036 51.537253977000034)",Unfall 82870 (2020) Kat:3, Licht: 0,82870,3,5,1,05,15,4,0,0,1,1,0,0,0,0
"POINT (7.444536799000048 51.524143133000052)",Unfall 82880 (2020) Kat:3, Licht: 2,82880,3,6,3,05,22,7,0,2,1,1,0,0,0,0
"POINT (7.510963163000042 51.517457485000079)",Unfall 82881 (2020) Kat:3, Licht: 2,82881,3,2,2,05,22,3,0,2,0,1,0,0,0,0
"POINT (7.347560801000043 51.517839955000056)",Unfall 82913 (2020) Kat:2, Licht: 0,82913,2,2,4,05,13,2,0,0,1,1,0,0,0,0
"POINT (7.462406444000067 51.510083292000047)",Unfall 83004 (2020) Kat:3, Licht: 2,83004,3,2,0,05,03,3,0,2,1,1,0,0,0,0
"POINT (7.341699605000031 51.496845126000039)",Unfall 83083 (2020) Kat:3, Licht: 0,83083,3,6,1,05,06,3,0,0,0,1,0,0,0,0
"POINT (7.439237513000023 51.580990594000070)",Unfall 83089 (2020) Kat:1, Licht: 1,83089,1,6,2,05,04,4,0,1,0,1,0,0,1,0
"POINT (7.549272155000040 51.581170102000044)",Unfall 83095 (2020) Kat:3, Licht: 0,83095,3,3,5,05,16,5,0,0,0,1,0,0,0,0
"POINT (7.447328171000038 51.496725356000070)",Unfall 83106 (2020) Kat:3, Licht: 0,83106,3,2,5,05,13,5,0,0,0,1,0,0,0,0
"POINT (7.474817406000057 51.517592387000036)",Unfall 83109 (2020) Kat:3, Licht: 0,83109,3,5,1,05,18,5,0,0,1,1,0,0,0,0
"POINT (7.596196898000073 51.559240813000031)",Unfall 83115 (2020) Kat:3, Licht: 0,83115,3,7,5,05,13,2,0,0,0,1,0,0,0,1
"POINT (7.543835583000032 51.533591771000033)",Unfall 83138 (2020) Kat:3, Licht: 0,83138,3,4,6,05,07,6,0,0,0,1,1,0,0,0
"POINT (7.537903716000074 51.547719300000040)",Unfall 83167 (2020) Kat:3, Licht: 0,83167,3,2,4,05,12,4,0,0,1,1,0,0,0,0
"POINT (7.452290895000033 51.500512535000041)",Unfall 83178 (2020) Kat:3, Licht: 0,83178,3,2,5,05,09,3,0,0,1,1,0,0,0,0
"POINT (7.390448168000035 51.497087279000027)",Unfall 83204 (2020) Kat:3, Licht: 0,83204,3,6,2,05,15,5,0,0,0,1,0,0,0,1
"POINT (7.407636039000067 51.498485534000054)",Unfall 83278 (2020) Kat:3, Licht: 0,83278,3,1,8,05,19,7,0,0,1,1,0,0,0,0
"POINT (7.495204865000062 51.578330084000072)",Unfall 83279 (2020) Kat:2, Licht: 0,83279,2,6,3,05,12,3,0,0,0,1,0,0,0,0
"POINT (7.538517126000045 51.552278015000070)",Unfall 83344 (2020) Kat:3, Licht: 0,83344,3,7,3,05,16,3,0,0,0,1,0,0,0,0
"POINT (7.485205010000072 51.443139008000060)",Unfall 83369 (2020) Kat:2, Licht: 0,83369,2,1,9,05,16,1,0,0,0,0,0,1,0,0
"POINT (7.354263617000072 51.497609045000047)",Unfall 83372 (2020) Kat:3, Licht: 0,83372,3,6,2,05,14,2,0,0,0,1,0,0,0,0
"POINT (7.371042009000064 51.523536491000073)",Unfall 83473 (2020) Kat:3, Licht: 0,83473,3,7,2,05,15,2,0,0,0,1,0,0,0,1
"POINT (7.581752393000045 51.557996955000078)",Unfall 83590 (2020) Kat:3, Licht: 0,83590,3,2,5,05,10,2,0,0,1,1,0,0,0,0
"POINT (7.523666772000070 51.496661255000049)",Unfall 83610 (2020) Kat:3, Licht: 0,83610,3,1,0,05,11,6,0,0,0,0,0,1,0,0
"POINT (7.458000891000040 51.530656031000035)",Unfall 83670 (2020) Kat:3, Licht: 0,83670,3,2,3,05,13,3,0,0,0,1,0,0,0,1
"POINT (7.471619115000067 51.527068635000035)",Unfall 83696 (2020) Kat:2, Licht: 0,83696,2,2,5,05,16,2,0,0,0,1,0,0,0,0
"POINT (7.506520162000072 51.479854069000055)",Unfall 83805 (2020) Kat:2, Licht: 0,83805,2,2,3,05,16,2,0,0,0,1,0,1,0,0
"POINT (7.455553588000043 51.514428583000040)",Unfall 83884 (2020) Kat:3, Licht: 0,83884,3,3,5,05,14,6,0,0,1,1,0,0,0,0
"POINT (7.404665491000060 51.477890460000026)",Unfall 84060 (2020) Kat:3, Licht: 0,84060,3,7,1,05,09,4,0,0,0,1,0,0,0,0
"POINT (7.486429910000027 51.559652011000026)",Unfall 84063 (2020) Kat:3, Licht: 0,84063,3,2,2,05,15,4,0,0,0,1,0,0,0,0
"POINT (7.471845970000061 51.527512840000043)",Unfall 84067 (2020) Kat:3, Licht: 0,84067,3,2,5,05,19,4,0,0,0,1,0,0,0,0
"POINT (7.486010456000031 51.449982772000055)",Unfall 84112 (2020) Kat:2, Licht: 0,84112,2,6,2,05,11,3,0,0,0,1,0,0,0,0
"POINT (7.388524859000029 51.478551820000064)",Unfall 84115 (2020) Kat:1, Licht: 0,84115,1,1,8,05,07,3,0,0,0,1,0,0,0,0
"POINT (7.458730258000060 51.503167249000057)",Unfall 84116 (2020) Kat:3, Licht: 0,84116,3,2,3,05,13,3,0,0,1,1,0,0,0,0
"POINT (7.481598903000077 51.500271326000075)",Unfall 84119 (2020) Kat:3, Licht: 0,84119,3,2,5,05,08,3,0,0,1,1,0,0,0,0
"POINT (7.379280934000065 51.551270471000066)",Unfall 84271 (2020) Kat:3, Licht: 0,84271,3,6,9,05,14,2,0,0,0,1,0,0,0,0
"POINT (7.458784056000070 51.502472184000055)",Unfall 84273 (2020) Kat:3, Licht: 0,84273,3,2,5,05,18,2,0,0,1,0,0,0,0,0
"POINT (7.460837782000056 51.507887480000079)",Unfall 84276 (2020) Kat:3, Licht: 0,84276,3,2,0,05,11,2,0,0,1,1,0,0,0,0
"POINT (7.475605334000022 51.504912082000033)",Unfall 84277 (2020) Kat:3, Licht: 0,84277,3,3,0,05,10,2,0,0,1,1,0,0,0,0
"POINT (7.370429998000077 51.543219912000040)",Unfall 84293 (2020) Kat:3, Licht: 0,84293,3,2,2,05,18,7,0,0,0,1,0,0,0,0
"POINT (7.380545791000031 51.500235944000053)",Unfall 84298 (2020) Kat:2, Licht: 0,84298,2,3,5,05,20,7,0,0,0,1,0,0,0,0
"POINT (7.325848096000073 51.498790683000038)",Unfall 84302 (2020) Kat:3, Licht: 0,84302,3,3,3,05,16,7,0,0,0,1,0,0,0,0
"POINT (7.340489688000048 51.502534711000067)",Unfall 84330 (2020) Kat:3, Licht: 0,84330,3,2,4,05,09,7,0,0,0,1,0,1,0,0
"POINT (7.544587180000065 51.508980423000025)",Unfall 84392 (2020) Kat:3, Licht: 0,84392,3,6,2,05,15,6,0,0,0,1,0,0,1,0
"POINT (7.474714520000021 51.517881249000027)",Unfall 84396 (2020) Kat:3, Licht: 0,84396,3,3,5,05,06,5,0,0,0,1,0,0,0,0
"POINT (7.540276228000039 51.474678588000074)",Unfall 84460 (2020) Kat:3, Licht: 0,84460,3,3,5,05,11,5,0,0,1,1,0,0,0,0
"POINT (7.360846953000021 51.567042898000068)",Unfall 84462 (2020) Kat:3, Licht: 0,84462,3,6,2,05,15,4,0,0,0,1,0,0,0,0
"POINT (7.393855663000068 51.479370918000029)",Unfall 84466 (2020) Kat:3, Licht: 1,84466,3,1,8,05,21,4,0,1,0,0,0,1,0,0
"POINT (7.576858313000059 51.558321161000038)",Unfall 84472 (2020) Kat:2, Licht: 0,84472,2,1,8,05,20,4,0,0,0,1,0,0,0,0
"POINT (7.371739702000070 51.522043047000068)",Unfall 84476 (2020) Kat:3, Licht: 0,84476,3,6,2,05,16,4,0,0,0,1,0,0,0,0
"POINT (7.511908529000039 51.486925455000062)",Unfall 84482 (2020) Kat:2, Licht: 0,84482,2,2,6,05,11,4,0,0,0,1,1,0,0,0
"POINT (7.541082528000061 51.537382176000051)",Unfall 84512 (2020) Kat:3, Licht: 0,84512,3,2,5,05,18,6,0,0,0,1,0,0,0,0
"POINT (7.325229549000028 51.521141838000062)",Unfall 84573 (2020) Kat:3, Licht: 0,84573,3,1,0,05,13,6,0,0,0,1,0,0,0,0
"POINT (7.393363770000065 51.469975860000034)",Unfall 84582 (2020) Kat:2, Licht: 0,84582,2,2,2,05,15,5,0,0,0,1,0,1,0,0
"POINT (7.450399068000024 51.513329056000032)",Unfall 84595 (2020) Kat:3, Licht: 0,84595,3,2,5,05,10,5,0,0,0,1,0,0,0,1
"POINT (7.508578560000046 51.561124431000053)",Unfall 84619 (2020) Kat:3, Licht: 0,84619,3,6,2,05,15,5,0,0,0,0,0,0,1,0
"POINT (7.550213793000069 51.492100120000032)",Unfall 84635 (2020) Kat:3, Licht: 0,84635,3,6,2,05,10,6,0,0,0,1,0,0,0,0
"POINT (7.555521823000049 51.509306442000081)",Unfall 84639 (2020) Kat:2, Licht: 0,84639,2,3,5,05,11,5,0,0,0,1,0,0,0,0
"POINT (7.455771181000046 51.524070494000057)",Unfall 84733 (2020) Kat:3, Licht: 0,84733,3,2,5,06,19,2,0,0,1,1,0,0,0,0
"POINT (7.426574482000035 51.482454960000041)",Unfall 84974 (2020) Kat:2, Licht: 0,84974,2,3,5,05,06,7,0,0,1,1,0,0,0,0
"POINT (7.474209897000037 51.514376305000042)",Unfall 84976 (2020) Kat:3, Licht: 0,84976,3,7,1,05,14,7,0,0,1,1,0,0,0,0
"POINT (7.455859707000059 51.513473886000043)",Unfall 84978 (2020) Kat:3, Licht: 2,84978,3,4,6,05,01,7,0,2,0,0,1,1,0,0
"POINT (7.469021484000052 51.516982215000041)",Unfall 85125 (2020) Kat:3, Licht: 0,85125,3,2,5,06,17,4,0,0,0,1,0,0,0,0
"POINT (7.454377668000063 51.523960066000029)",Unfall 85188 (2020) Kat:3, Licht: 0,85188,3,2,5,06,14,6,1,0,1,1,0,0,0,0
"POINT (7.469620781000060 51.442248757000073)",Unfall 85263 (2020) Kat:2, Licht: 0,85263,2,4,0,06,20,3,0,0,0,1,1,0,0,0
"POINT (7.347813579000047 51.493205109000030)",Unfall 85267 (2020) Kat:3, Licht: 0,85267,3,6,2,06,08,3,0,0,0,1,0,0,0,0
"POINT (7.520984456000065 51.520787792000078)",Unfall 85277 (2020) Kat:3, Licht: 0,85277,3,1,0,06,15,3,0,0,1,0,0,0,0,0
"POINT (7.501241396000069 51.559720311000035)",Unfall 85285 (2020) Kat:3, Licht: 0,85285,3,6,2,06,06,3,0,0,0,1,0,0,0,0
"POINT (7.417006197000035 51.534341682000047)",Unfall 85294 (2020) Kat:3, Licht: 0,85294,3,6,0,06,14,3,0,0,1,1,0,0,0,0
"POINT (7.459602379000046 51.505269804000079)",Unfall 85303 (2020) Kat:3, Licht: 0,85303,3,6,2,06,09,3,0,0,0,1,0,0,0,0
"POINT (7.538457334000043 51.522664260000056)",Unfall 85318 (2020) Kat:3, Licht: 0,85318,3,6,2,06,07,5,1,0,0,1,0,0,0,0
"POINT (7.518092259000071 51.520480419000080)",Unfall 85397 (2020) Kat:3, Licht: 2,85397,3,6,0,06,12,3,0,2,0,1,0,0,0,0
"POINT (7.522296749000077 51.509607186000039)",Unfall 85454 (2020) Kat:3, Licht: 0,85454,3,6,9,06,14,4,0,0,0,1,0,0,0,0
"POINT (7.464777139000034 51.559985589000064)",Unfall 85469 (2020) Kat:2, Licht: 2,85469,2,1,0,06,22,3,1,2,1,0,0,0,0,0
"POINT (7.415066272000047 51.538317291000055)",Unfall 85502 (2020) Kat:2, Licht: 0,85502,2,2,3,06,11,2,0,0,1,0,0,0,1,0
"POINT (7.475083391000055 51.525389750000045)",Unfall 85505 (2020) Kat:3, Licht: 0,85505,3,2,5,06,19,2,0,0,1,1,0,0,0,0
"POINT (7.451672456000040 51.523918366000032)",Unfall 85506 (2020) Kat:3, Licht: 2,85506,3,7,0,06,03,2,0,2,0,1,0,1,0,0
"POINT (7.439024628000027 51.512659413000051)",Unfall 85509 (2020) Kat:3, Licht: 0,85509,3,1,0,06,18,2,0,0,0,0,0,1,0,0
"POINT (7.524549199000035 51.466808491000052)",Unfall 85610 (2020) Kat:3, Licht: 0,85610,3,6,2,06,17,4,0,0,0,1,0,0,0,0
"POINT (7.460130957000047 51.516882943000041)",Unfall 85612 (2020) Kat:3, Licht: 2,85612,3,3,5,06,01,1,0,2,0,1,0,0,0,0
"POINT (7.544866197000033 51.508847059000061)",Unfall 85624 (2020) Kat:3, Licht: 0,85624,3,6,3,06,07,3,0,0,0,1,0,0,1,0
"POINT (7.515681236000035 51.520352364000075)",Unfall 85758 (2020) Kat:3, Licht: 0,85758,3,7,0,06,17,4,0,0,1,0,0,0,0,0