WKT,Name,OBJECTID,UKATEGORIE,UTYP1,UART,UMONAT,USTUNDE,UWOCHENTAG,STRZUSTAND,ULICHTVERH,ISTRAD,ISTPKW,ISTFUSS,ISTKRAD,ISTGKFZ,ISTSONSTIG
"POINT (7.465127192000068 51.524904252000056)",Unfall 85769 (2020) Kat:3, Licht: 0,85769,3,3,5,06,13,6,0,0,1,0,0,1,0,0
"POINT (7.460782195000036 51.528430007000054)",Unfall 85852 (2020) Kat:3, Licht: 0,85852,3,3,1,06,11,7,0,0,1,1,0,0,0,0
"POINT (7.468982766000067 51.516991888000064)",Unfall 85858 (2020) Kat:3, Licht: 0,85858,3,2,5,06,20,6,0,0,0,1,0,1,0,0
"POINT (7.364129114000036 51.496169993000080)",Unfall 85916 (2020) Kat:3, Licht: 0,85916,3,6,3,06,19,2,0,0,1,0,0,0,0,0
"POINT (7.522755471000039 51.520974105000050)",Unfall 85940 (2020) Kat:3, Licht: 0,85940,3,6,2,06,09,3,1,0,0,1,0,0,0,0
"POINT (7.538517089000038 51.552295953000055)",Unfall 86013 (2020) Kat:3, Licht: 0,86013,3,6,2,06,11,7,0,0,0,1,0,0,0,0
"POINT (7.472753599000043 51.514144350000038)",Unfall 86032 (2020) Kat:3, Licht: 0,86032,3,3,1,06,16,3,1,0,1,1,0,0,0,0
"POINT (7.451482638000073 51.504479797000045)",Unfall 86045 (2020) Kat:3, Licht: 0,86045,3,5,1,06,08,6,0,0,1,1,0,0,0,0
"POINT (7.542678480000063 51.535220186000060)",Unfall 86139 (2020) Kat:3, Licht: 0,86139,3,3,5,06,19,5,0,0,0,1,0,0,0,0
"POINT (7.465515614000026 51.554406535000055)",Unfall 86148 (2020) Kat:3, Licht: 2,86148,3,1,8,06,00,5,0,2,0,1,0,0,0,0
"POINT (7.455355519000023 51.444642383000030)",Unfall 86194 (2020) Kat:3, Licht: 0,86194,3,7,0,06,13,7,0,0,0,0,0,0,0,1
"POINT (7.535819993000075 51.522599257000081)",Unfall 86212 (2020) Kat:3, Licht: 0,86212,3,3,0,06,15,3,0,0,0,1,0,0,0,1
"POINT (7.619602037000050 51.533294706000049)",Unfall 86222 (2020) Kat:3, Licht: 0,86222,3,2,4,06,14,6,0,0,0,1,0,0,0,0
"POINT (7.459584672000062 51.505237897000029)",Unfall 86314 (2020) Kat:3, Licht: 0,86314,3,6,5,06,10,6,0,0,1,1,0,0,0,0
"POINT (7.379465720000042 51.510536746000071)",Unfall 86340 (2020) Kat:3, Licht: 0,86340,3,3,5,06,18,5,0,0,0,1,0,0,0,0
"POINT (7.324804477000043 51.503965124000047)",Unfall 86344 (2020) Kat:3, Licht: 0,86344,3,5,1,06,10,5,0,0,1,1,0,0,0,0
"POINT (7.452218961000028 51.501198647000081)",Unfall 86345 (2020) Kat:3, Licht: 2,86345,3,2,4,06,21,5,0,2,0,1,0,1,0,0
"POINT (7.473786958000062 51.574726804000079)",Unfall 86365 (2020) Kat:2, Licht: 0,86365,2,6,0,06,17,7,0,0,0,1,0,0,0,0
"POINT (7.507865563000053 51.515964813000039)",Unfall 86625 (2020) Kat:3, Licht: 0,86625,3,7,0,06,19,4,1,0,0,0,0,1,0,0
"POINT (7.504246162000072 51.569805549000080)",Unfall 86630 (2020) Kat:3, Licht: 0,86630,3,2,4,06,17,4,0,0,0,1,0,0,0,0
"POINT (7.471927128000061 51.499261247000049)",Unfall 86631 (2020) Kat:3, Licht: 0,86631,3,6,3,06,09,4,0,0,0,1,0,0,1,0
"POINT (7.597354167000049 51.478790411000034)",Unfall 86714 (2020) Kat:3, Licht: 0,86714,3,7,0,06,12,6,0,0,1,1,0,0,0,0
"POINT (7.316472582000074 51.496154492000073)",Unfall 86719 (2020) Kat:3, Licht: 0,86719,3,6,2,06,07,3,0,0,0,1,0,0,0,0
"POINT (7.408519085000023 51.584152648000043)",Unfall 86778 (2020) Kat:3, Licht: 0,86778,3,6,3,06,08,2,0,0,0,1,0,0,0,0
"POINT (7.358422068000039 51.561417687000073)",Unfall 86786 (2020) Kat:3, Licht: 0,86786,3,6,2,06,13,4,0,0,0,1,0,0,0,0
"POINT (7.401550221000036 51.585377944000072)",Unfall 86806 (2020) Kat:3, Licht: 2,86806,3,1,8,06,23,5,0,2,0,1,0,0,0,0
"POINT (7.387015559000076 51.578220064000050)",Unfall 86813 (2020) Kat:3, Licht: 0,86813,3,6,2,06,16,6,0,0,0,1,0,0,0,1
"POINT (7.448284818000047 51.524036400000057)",Unfall 86826 (2020) Kat:3, Licht: 0,86826,3,4,6,06,08,3,0,0,0,1,1,0,0,0
"POINT (7.367900787000053 51.521306781000078)",Unfall 86922 (2020) Kat:3, Licht: 0,86922,3,5,3,06,16,6,0,0,1,1,0,0,0,0
"POINT (7.485505381000053 51.472360043000037)",Unfall 87004 (2020) Kat:3, Licht: 0,87004,3,6,1,06,13,3,0,0,0,1,0,0,0,0
"POINT (7.323914298000034 51.502648772000043)",Unfall 87009 (2020) Kat:3, Licht: 0,87009,3,7,0,06,08,5,0,0,0,1,0,0,0,0
"POINT (7.522424066000042 51.509143190000032)",Unfall 87016 (2020) Kat:3, Licht: 0,87016,3,6,9,06,12,5,0,0,0,1,0,0,0,1
"POINT (7.451489255000070 51.497865625000031)",Unfall 87018 (2020) Kat:3, Licht: 0,87018,3,1,0,06,17,4,0,0,1,0,0,0,0,0
"POINT (7.326094540000042 51.496643035000034)",Unfall 87098 (2020) Kat:3, Licht: 0,87098,3,7,0,06,13,6,0,0,1,0,1,0,0,0
"POINT (7.568586325000069 51.514593609000030)",Unfall 87115 (2020) Kat:3, Licht: 0,87115,3,2,5,06,20,5,0,0,1,1,0,0,0,0
"POINT (7.393170280000049 51.478351107000037)",Unfall 87205 (2020) Kat:1, Licht: 0,87205,1,7,8,06,14,2,0,0,0,0,0,0,1,0
"POINT (7.474390576000076 51.511803982000060)",Unfall 87272 (2020) Kat:3, Licht: 2,87272,3,3,5,06,02,1,0,2,0,1,0,0,0,0
"POINT (7.472931328000072 51.513994255000057)",Unfall 87395 (2020) Kat:3, Licht: 2,87395,3,4,6,06,01,7,1,2,0,1,1,0,0,0
"POINT (7.470980665000070 51.525598113000058)",Unfall 87475 (2020) Kat:3, Licht: 0,87475,3,3,5,07,17,6,0,0,1,1,0,0,0,0
"POINT (7.511034323000047 51.578625257000056)",Unfall 87528 (2020) Kat:3, Licht: 0,87528,3,6,3,07,15,5,0,0,0,1,0,0,1,0
"POINT (7.518068863000053 51.533851553000034)",Unfall 87575 (2020) Kat:3, Licht: 0,87575,3,1,8,07,20,4,1,0,0,1,0,0,0,1
"POINT (7.459533370000031 51.511638214000072)",Unfall 87576 (2020) Kat:3, Licht: 0,87576,3,2,5,07,15,5,0,0,1,1,0,0,0,0
"POINT (7.508812474000024 51.578715581000040)",Unfall 87604 (2020) Kat:3, Licht: 0,87604,3,6,7,06,12,3,0,0,0,1,0,0,1,0
"POINT (7.543449647000045 51.534113766000075)",Unfall 87610 (2020) Kat:2, Licht: 2,87610,2,2,4,06,22,3,1,2,0,1,0,1,0,0
"POINT (7.469775535000053 51.520100568000032)",Unfall 87634 (2020) Kat:2, Licht: 0,87634,2,6,3,06,07,3,0,0,0,1,0,0,1,0
"POINT (7.471819404000030 51.516421607000041)",Unfall 87635 (2020) Kat:3, Licht: 0,87635,3,4,6,06,14,3,0,0,0,1,1,0,0,0
"POINT (7.490332105000050 51.496772771000053)",Unfall 87637 (2020) Kat:3, Licht: 0,87637,3,6,2,06,09,3,0,0,0,1,0,0,0,0
"POINT (7.487104384000077 51.482468773000051)",Unfall 87654 (2020) Kat:3, Licht: 0,87654,3,6,2,07,15,6,0,0,0,1,0,0,0,0
"POINT (7.517844968000077 51.521436054000048)",Unfall 87694 (2020) Kat:3, Licht: 0,87694,3,6,2,07,19,5,1,0,0,1,0,0,0,0
"POINT (7.540954701000032 51.537551085000075)",Unfall 87768 (2020) Kat:3, Licht: 0,87768,3,6,2,07,10,1,0,0,0,1,0,0,0,0
"POINT (7.556935071000055 51.507618962000038)",Unfall 87825 (2020) Kat:3, Licht: 0,87825,3,1,0,07,06,2,0,0,1,0,0,0,0,0
"POINT (7.456384965000041 51.538125104000073)",Unfall 87827 (2020) Kat:3, Licht: 0,87827,3,6,0,07,13,2,0,0,0,1,0,0,0,0
"POINT (7.450757726000063 51.512698634000060)",Unfall 87837 (2020) Kat:2, Licht: 0,87837,2,2,6,07,11,2,0,0,1,0,1,0,0,0
"POINT (7.444922612000028 51.513071084000046)",Unfall 87858 (2020) Kat:3, Licht: 0,87858,3,4,6,07,11,3,0,0,1,0,1,0,0,0
"POINT (7.456833558000028 51.454072098000040)",Unfall 87898 (2020) Kat:2, Licht: 0,87898,2,3,0,07,11,7,0,0,0,1,0,0,0,1
"POINT (7.467718111000067 51.507402444000036)",Unfall 87902 (2020) Kat:3, Licht: 2,87902,3,1,0,07,03,7,0,2,0,0,0,0,0,1
"POINT (7.472044679000021 51.506848979000040)",Unfall 88047 (2020) Kat:2, Licht: 0,88047,2,2,5,07,10,3,0,0,0,1,0,0,0,0
"POINT (7.555898768000077 51.494107898000038)",Unfall 88090 (2020) Kat:3, Licht: 0,88090,3,2,5,07,08,5,1,0,0,1,0,0,0,0
"POINT (7.463846463000039 51.469764619000046)",Unfall 88115 (2020) Kat:3, Licht: 0,88115,3,2,5,07,11,7,0,0,0,1,0,0,0,0
"POINT (7.404458281000075 51.505612199000041)",Unfall 88160 (2020) Kat:3, Licht: 0,88160,3,3,5,07,14,6,0,0,0,1,0,0,0,0
"POINT (7.411015233000057 51.481204400000081)",Unfall 88174 (2020) Kat:3, Licht: 1,88174,3,3,0,07,21,5,0,1,1,1,0,0,0,0
"POINT (7.487629959000060 51.474187889000063)",Unfall 88226 (2020) Kat:3, Licht: 0,88226,3,2,4,07,16,5,0,0,1,1,0,0,0,0
"POINT (7.510837393000031 51.503727126000058)",Unfall 88228 (2020) Kat:3, Licht: 0,88228,3,6,3,07,11,6,1,0,0,1,0,0,1,0
"POINT (7.462273669000069 51.548640105000061)",Unfall 88233 (2020) Kat:3, Licht: 0,88233,3,4,6,07,14,7,0,0,0,1,1,0,0,0
"POINT (7.468914103000031 51.508683406000046)",Unfall 88242 (2020) Kat:3, Licht: 0,88242,3,6,1,07,13,4,1,0,0,1,0,0,0,0
"POINT (7.456104798000069 51.582717759000047)",Unfall 88291 (2020) Kat:3, Licht: 0,88291,3,4,6,07,19,5,0,0,0,1,1,0,0,0
"POINT (7.504666971000063 51.564054297000041)",Unfall 88309 (2020) Kat:3, Licht: 2,88309,3,1,2,07,23,6,0,2,0,1,0,0,0,0
"POINT (7.458857955000042 51.501607327000045)",Unfall 88317 (2020) Kat:3, Licht: 2,88317,3,6,3,07,04,7,0,2,0,0,0,0,0,1
"POINT (7.520722300000045 51.456091571000059)",Unfall 88362 (2020) Kat:3, Licht: 0,88362,3,1,8,07,19,6,0,0,0,1,0,0,0,0
"POINT (7.452340876000051 51.500577930000077)",Unfall 88374 (2020) Kat:3, Licht: 1,88374,3,2,3,07,21,5,0,1,1,1,0,0,0,0
"POINT (7.595987648000062 51.480547008000030)",Unfall 88419 (2020) Kat:2, Licht: 0,88419,2,2,4,07,16,4,0,0,1,1,0,0,0,0
"POINT (7.404295519000073 51.481861178000031)",Unfall 88451 (2020) Kat:3, Licht: 0,88451,3,2,5,07,07,5,0,0,1,1,0,0,0,0
"POINT (7.499993908000022 51.503916470000036)",Unfall 88504 (2020) Kat:3, Licht: 0,88504,3,6,2,07,16,5,1,0,0,1,0,0,0,0
"POINT (7.468418894000024 51.496658254000067)",Unfall 88578 (2020) Kat:3, Licht: 0,88578,3,7,0,07,14,5,1,0,1,1,0,0,0,0
"POINT (7.535141030000034 51.522582513000032)",Unfall 88635 (2020) Kat:2, Licht: 0,88635,2,6,2,07,14,4,0,0,1,1,0,0,0,0
"POINT (7.509112891000029 51.503721150000047)",Unfall 88651 (2020) Kat:3, Licht: 0,88651,3,6,2,07,15,5,1,0,0,1,0,0,0,0
"POINT (7.525211899000055 51.484610795000037)",Unfall 88701 (2020) Kat:3, Licht: 0,88701,3,6,3,07,20,1,0,0,0,1,0,0,0,0
"POINT (7.470772632000035 51.525029677000077)",Unfall 88719 (2020) Kat:3, Licht: 0,88719,3,2,5,07,11,5,1,0,1,1,0,0,0,0
"POINT (7.463009992000025 51.550007213000072)",Unfall 88876 (2020) Kat:3, Licht: 0,88876,3,5,0,07,18,3,0,0,1,1,0,0,0,0
"POINT (7.438375377000057 51.512578775000065)",Unfall 88895 (2020) Kat:3, Licht: 0,88895,3,1,0,07,19,2,0,0,1,0,0,0,0,0
"POINT (7.452297677000047 51.500521409000044)",Unfall 88922 (2020) Kat:2, Licht: 2,88922,2,2,4,07,22,1,0,2,1,1,0,0,0,0
"POINT (7.530445103000034 51.486881652000079)",Unfall 89052 (2020) Kat:3, Licht: 0,89052,3,5,1,07,18,3,0,0,1,1,0,0,0,0
"POINT (7.430089111000029 51.497974404000047)",Unfall 89055 (2020) Kat:3, Licht: 0,89055,3,3,3,07,15,7,0,0,0,1,0,0,1,0
"POINT (7.477057380000076 51.524975401000063)",Unfall 89095 (2020) Kat:3, Licht: 0,89095,3,6,2,07,20,1,0,0,0,1,0,0,0,0
"POINT (7.474253495000028 51.513909371000068)",Unfall 89276 (2020) Kat:3, Licht: 1,89276,3,7,5,07,05,6,0,1,0,1,0,0,0,0
"POINT (7.537319233000062 51.522636357000067)",Unfall 89327 (2020) Kat:3, Licht: 1,89327,3,1,0,07,21,5,0,1,1,0,0,0,0,0
"POINT (7.444608360000075 51.479860470000062)",Unfall 89340 (2020) Kat:3, Licht: 0,89340,3,2,5,07,15,4,0,0,1,1,0,0,0,0
"POINT (7.463793391000024 51.509866791000036)",Unfall 89344 (2020) Kat:3, Licht: 0,89344,3,7,0,07,08,4,0,0,1,0,0,0,0,1
"POINT (7.634259658000076 51.523192840000036)",Unfall 89454 (2020) Kat:3, Licht: 2,89454,3,1,4,07,22,6,0,2,0,1,0,0,0,0
"POINT (7.409120066000071 51.541741793000028)",Unfall 89603 (2020) Kat:3, Licht: 0,89603,3,6,2,07,20,3,0,0,0,1,0,0,0,0
"POINT (7.443359509000061 51.494668006000040)",Unfall 89652 (2020) Kat:3, Licht: 0,89652,3,6,2,07,13,6,0,0,0,1,0,0,0,0
"POINT (7.402906432000066 51.564618667000047)",Unfall 89660 (2020) Kat:3, Licht: 0,89660,3,2,5,07,11,6,0,0,0,1,0,0,0,0
"POINT (7.367479503000027 51.494340088000058)",Unfall 89663 (2020) Kat:3, Licht: 2,89663,3,1,0,07,00,2,1,2,0,1,0,0,0,0
"POINT (7.481655969000030 51.470396294000068)",Unfall 89746 (2020) Kat:3, Licht: 0,89746,3,6,2,07,17,6,0,0,0,1,0,1,0,0
"POINT (7.469167482000046 51.517086455000026)",Unfall 89764 (2020) Kat:3, Licht: 0,89764,3,6,2,07,14,6,0,0,0,1,0,0,0,0
"POINT (7.486585205000040 51.513429868000060)",Unfall 89770 (2020) Kat:3, Licht: 0,89770,3,6,2,07,09,3,0,0,0,0,0,0,0,1
"POINT (7.537891085000069 51.547666667000044)",Unfall 89834 (2020) Kat:3, Licht: 0,89834,3,2,5,07,15,6,0,0,1,1,0,0,0,0
"POINT (7.474253665000049 51.513908700000059)",Unfall 89921 (2020) Kat:3, Licht: 0,89921,3,2,5,07,16,6,0,0,0,1,0,0,0,0
"POINT (7.321730327000068 51.512000370000067)",Unfall 89929 (2020) Kat:3, Licht: 0,89929,3,6,2,07,16,6,0,0,0,1,0,0,0,0
"POINT (7.548301822000042 51.473092361000056)",Unfall 89999 (2020) Kat:3, Licht: 1,89999,3,6,1,07,21,1,0,1,0,1,0,0,0,0
"POINT (7.474254531000042 51.513905277000049)",Unfall 90011 (2020) Kat:3, Licht: 0,90011,3,2,5,07,14,1,0,0,0,1,0,0,0,0
"POINT (7.554290561000073 51.486869903000070)",Unfall 90012 (2020) Kat:2, Licht: 0,90012,2,3,5,07,11,6,0,0,1,1,0,0,0,0
"POINT (7.375225144000069 51.493148598000062)",Unfall 90054 (2020) Kat:3, Licht: 0,90054,3,6,0,08,12,2,0,0,1,1,0,0,0,0
"POINT (7.459871870000029 51.494608103000076)",Unfall 90096 (2020) Kat:3, Licht: 0,90096,3,3,5,08,08,3,0,0,1,1,0,0,0,0
"POINT (7.459871895000049 51.494605101000047)",Unfall 90128 (2020) Kat:3, Licht: 0,90128,3,3,1,08,19,5,0,0,1,1,0,0,0,0
"POINT (7.492188432000035 51.482493430000034)",Unfall 90131 (2020) Kat:3, Licht: 0,90131,3,3,5,08,07,4,0,0,0,1,0,0,0,0
"POINT (7.476338845000043 51.541125591000082)",Unfall 90233 (2020) Kat:3, Licht: 0,90233,3,6,2,08,16,4,0,0,0,1,0,0,0,0
"POINT (7.499310003000062 51.488355962000071)",Unfall 90274 (2020) Kat:3, Licht: 2,90274,3,3,0,08,00,1,1,2,1,0,0,0,0,0
"POINT (7.474254013000063 51.513907325000048)",Unfall 90279 (2020) Kat:3, Licht: 2,90279,3,2,5,08,23,1,0,2,0,1,0,0,0,0
"POINT (7.462918758000058 51.517346291000081)",Unfall 90284 (2020) Kat:3, Licht: 2,90284,3,6,2,08,00,1,0,2,0,1,0,0,0,1
"POINT (7.416543441000044 51.481462798000052)",Unfall 90314 (2020) Kat:3, Licht: 2,90314,3,3,5,08,23,3,0,2,0,1,0,0,0,0
"POINT (7.492256765000036 51.475624909000032)",Unfall 90345 (2020) Kat:3, Licht: 0,90345,3,6,2,08,12,5,0,0,0,1,0,0,0,0
"POINT (7.459057727000072 51.474469734000081)",Unfall 90348 (2020) Kat:3, Licht: 0,90348,3,6,1,08,14,4,0,0,0,1,0,0,0,0
"POINT (7.386410553000076 51.518184266000048)",Unfall 90482 (2020) Kat:3, Licht: 2,90482,3,6,2,08,22,2,0,2,0,1,0,1,0,0
"POINT (7.490613403000054 51.514101551000067)",Unfall 90522 (2020) Kat:3, Licht: 0,90522,3,7,0,08,14,7,0,0,0,0,0,0,0,1
"POINT (7.391810930000077 51.479635040000062)",Unfall 90537 (2020) Kat:3, Licht: 0,90537,3,3,5,08,11,7,0,0,0,1,0,1,0,0
"POINT (7.448593009000035 51.523900716000071)",Unfall 90562 (2020) Kat:1, Licht: 0,90562,1,4,6,08,17,5,0,0,0,0,1,0,0,1
"POINT (7.377683653000076 51.526371987000061)",Unfall 90565 (2020) Kat:3, Licht: 0,90565,3,6,2,08,14,4,0,0,0,1,0,0,0,0
"POINT (7.361231031000045 51.574415114000033)",Unfall 90624 (2020) Kat:3, Licht: 0,90624,3,5,1,08,13,6,0,0,0,1,0,1,0,0
"POINT (7.581752393000045 51.557996955000078)",Unfall 90631 (2020) Kat:3, Licht: 0,90631,3,3,5,08,15,7,0,0,0,1,0,0,0,0
"POINT (7.467856767000058 51.431454315000053)",Unfall 90741 (2020) Kat:3, Licht: 0,90741,3,3,5,08,18,7,0,0,0,1,0,0,0,0
"POINT (7.465586450000046 51.575211229000047)",Unfall 90752 (2020) Kat:2, Licht: 0,90752,2,7,8,08,10,7,0,0,0,1,0,0,0,0
"POINT (7.484333133000064 51.471516704000067)",Unfall 90784 (2020) Kat:3, Licht: 0,90784,3,3,5,08,14,6,0,0,1,1,0,0,0,0
"POINT (7.583697340000072 51.549263476000078)",Unfall 90833 (2020) Kat:3, Licht: 0,90833,3,6,2,08,15,5,0,0,0,1,0,1,0,0
"POINT (7.467303797000056 51.501430173000074)",Unfall 90834 (2020) Kat:3, Licht: 0,90834,3,6,2,08,19,6,0,0,0,1,0,0,0,0
"POINT (7.459888332000048 51.544762061000029)",Unfall 90840 (2020) Kat:3, Licht: 0,90840,3,3,0,08,16,5,0,0,1,1,0,0,0,0
"POINT (7.522005716000024 51.507063281000057)",Unfall 90843 (2020) Kat:3, Licht: 0,90843,3,6,3,08,17,7,0,0,0,1,0,0,0,0
"POINT (7.470759176000058 51.524964632000035)",Unfall 90850 (2020) Kat:3, Licht: 0,90850,3,6,1,08,17,5,0,0,0,1,0,0,0,0
"POINT (7.582857533000038 51.527980072000048)",Unfall 90918 (2020) Kat:3, Licht: 0,90918,3,3,5,08,09,2,0,0,0,1,0,1,0,0
"POINT (7.457477983000047 51.512426874000028)",Unfall 90920 (2020) Kat:3, Licht: 0,90920,3,5,0,08,18,2,0,0,1,1,0,0,0,0
"POINT (7.474253051000062 51.513911132000032)",Unfall 90923 (2020) Kat:3, Licht: 0,90923,3,2,5,08,17,2,0,0,0,1,0,0,0,0
"POINT (7.469020277000027 51.517124429000035)",Unfall 90925 (2020) Kat:3, Licht: 0,90925,3,6,2,08,15,2,0,0,0,1,0,0,0,0
"POINT (7.486585205000040 51.513429868000060)",Unfall 90927 (2020) Kat:3, Licht: 0,90927,3,2,5,08,15,2,0,0,1,1,0,0,0,0
"POINT (7.385876086000053 51.501789798000061)",Unfall 90943 (2020) Kat:3, Licht: 0,90943,3,6,2,08,15,2,0,0,0,1,0,0,0,0
"POINT (7.388357024000072 51.478491128000030)",Unfall 90969 (2020) Kat:3, Licht: 0,90969,3,2,5,08,09,3,0,0,0,1,0,0,0,1
"POINT (7.520129442000041 51.562378743000068)",Unfall 90999 (2020) Kat:3, Licht: 0,90999,3,5,0,08,17,3,0,0,0,1,0,0,0,0
"POINT (7.426102749000052 51.497812539000051)",Unfall 91072 (2020) Kat:3, Licht: 2,91072,3,6,2,08,04,1,0,2,0,1,0,0,0,0
"POINT (7.448734757000068 51.513119406000044)",Unfall 91074 (2020) Kat:3, Licht: 0,91074,3,4,6,08,11,1,0,0,0,0,1,0,0,1
"POINT (7.474316526000052 51.509592597000051)",Unfall 91189 (2020) Kat:3, Licht: 0,91189,3,3,5,08,18,5,0,0,0,1,0,0,0,0
"POINT (7.459295926000038 51.543765483000072)",Unfall 91208 (2020) Kat:3, Licht: 1,91208,3,6,2,08,19,6,1,1,0,1,0,0,0,0
"POINT (7.372834310000030 51.544932964000054)",Unfall 91210 (2020) Kat:3, Licht: 0,91210,3,6,6,08,13,4,0,0,0,1,1,0,0,0
"POINT (7.389087769000071 51.508840575000079)",Unfall 91212 (2020) Kat:3, Licht: 0,91212,3,3,0,08,17,4,0,0,0,1,0,0,0,1
"POINT (7.476625669000043 51.525071669000056)",Unfall 91216 (2020) Kat:3, Licht: 0,91216,3,7,0,08,14,4,0,0,1,0,0,0,0,0
"POINT (7.487588515000027 51.497985622000044)",Unfall 91218 (2020) Kat:2, Licht: 0,91218,2,2,5,08,08,4,0,0,1,1,0,0,0,0
"POINT (7.497109704000025 51.503728168000066)",Unfall 91222 (2020) Kat:3, Licht: 0,91222,3,6,3,08,13,4,0,0,0,1,0,0,0,1
"POINT (7.531476070000053 51.481774993000045)",Unfall 91234 (2020) Kat:3, Licht: 0,91234,3,1,8,08,19,6,1,0,0,1,0,0,0,0
"POINT (7.469847582000057 51.516817289000073)",Unfall 91270 (2020) Kat:3, Licht: 0,91270,3,1,0,08,19,6,1,0,0,1,0,1,0,0
"POINT (7.325697100000070 51.498961981000036)",Unfall 91327 (2020) Kat:3, Licht: 0,91327,3,3,5,08,11,5,0,0,0,1,0,0,1,0
"POINT (7.505478102000041 51.480867897000053)",Unfall 91398 (2020) Kat:2, Licht: 2,91398,2,2,5,08,20,6,1,2,0,1,0,0,0,0
"POINT (7.429153907000057 51.482498018000058)",Unfall 91581 (2020) Kat:3, Licht: 0,91581,3,6,2,08,15,1,0,0,0,1,0,0,0,0
"POINT (7.531717976000039 51.522507012000062)",Unfall 91582 (2020) Kat:3, Licht: 0,91582,3,7,3,08,14,1,0,0,0,1,0,0,0,0
"POINT (7.452297677000047 51.500521409000044)",Unfall 91586 (2020) Kat:3, Licht: 1,91586,3,3,5,08,20,1,1,1,0,1,0,0,1,0
"POINT (7.391771096000070 51.584021436000057)",Unfall 91769 (2020) Kat:3, Licht: 0,91769,3,2,0,08,18,7,1,0,0,0,0,1,0,0
"POINT (7.461183055000049 51.528600254000025)",Unfall 91773 (2020) Kat:3, Licht: 2,91773,3,1,0,08,01,7,1,2,0,1,0,0,0,0
"POINT (7.379988485000069 51.584865672000035)",Unfall 91780 (2020) Kat:3, Licht: 0,91780,3,6,3,08,08,2,0,0,0,1,0,0,1,0
"POINT (7.592476932000068 51.529187500000035)",Unfall 91782 (2020) Kat:3, Licht: 0,91782,3,6,2,08,15,2,0,0,0,1,0,0,0,0
"POINT (7.555580298000052 51.509225174000051)",Unfall 91850 (2020) Kat:3, Licht: 0,91850,3,3,5,08,09,4,0,0,0,0,0,0,0,1
"POINT (7.492205153000043 51.475676947000068)",Unfall 91904 (2020) Kat:3, Licht: 0,91904,3,2,5,08,07,5,0,0,1,1,0,0,0,0
"POINT (7.506528744000036 51.488193146000071)",Unfall 91940 (2020) Kat:3, Licht: 0,91940,3,2,4,08,12,4,0,0,1,1,0,0,0,0
"POINT (7.497201644000029 51.503405343000054)",Unfall 91975 (2020) Kat:3, Licht: 0,91975,3,3,0,08,15,5,0,0,1,1,0,0,0,0
"POINT (7.426727427000060 51.519251730000065)",Unfall 91994 (2020) Kat:3, Licht: 0,91994,3,2,5,08,12,4,0,0,1,1,0,0,0,0
"POINT (7.490862012000036 51.524481903000037)",Unfall 92082 (2020) Kat:3, Licht: 0,92082,3,6,3,08,07,4,0,0,0,1,0,0,0,1
"POINT (7.379555249000021 51.524477319000027)",Unfall 92114 (2020) Kat:3, Licht: 0,92114,3,2,5,08,15,3,0,0,0,1,0,0,0,0
"POINT (7.498069577000024 51.503816258000029)",Unfall 92116 (2020) Kat:3, Licht: 0,92116,3,3,0,08,07,5,0,0,1,1,0,0,0,0
"POINT (7.495602627000039 51.482370145000061)",Unfall 92117 (2020) Kat:3, Licht: 0,92117,3,6,2,08,14,3,0,0,0,1,0,0,0,0
"POINT (7.502603531000034 51.515604990000043)",Unfall 92127 (2020) Kat:3, Licht: 0,92127,3,1,0,08,07,3,0,0,1,0,0,0,0,0
"POINT (7.580595177000021 51.559350299000073)",Unfall 92139 (2020) Kat:3, Licht: 0,92139,3,3,5,08,12,3,0,0,0,1,0,0,0,0
"POINT (7.506513855000037 51.503707931000065)",Unfall 92160 (2020) Kat:3, Licht: 0,92160,3,6,3,08,12,2,0,0,0,1,0,0,1,0
"POINT (7.521439984000040 51.534178351000037)",Unfall 92165 (2020) Kat:3, Licht: 0,92165,3,1,8,08,17,1,1,0,0,1,0,0,0,0
"POINT (7.460715923000066 51.546147386000030)",Unfall 92169 (2020) Kat:3, Licht: 1,92169,3,2,3,08,20,1,0,1,1,1,0,0,0,0
"POINT (7.361053561000063 51.560052980000080)",Unfall 92179 (2020) Kat:3, Licht: 1,92179,3,6,1,08,20,1,0,1,0,1,0,0,0,0
"POINT (7.329030302000035 51.500159379000081)",Unfall 92242 (2020) Kat:3, Licht: 0,92242,3,6,1,08,13,3,0,0,0,1,0,0,0,0
"POINT (7.495299915000032 51.487325554000051)",Unfall 92258 (2020) Kat:3, Licht: 0,92258,3,3,5,08,16,2,0,0,1,1,0,0,0,0
"POINT (7.370064791000061 51.565627613000061)",Unfall 92315 (2020) Kat:3, Licht: 0,92315,3,2,3,08,13,2,0,0,1,1,0,0,0,0
"POINT (7.420291909000071 51.530491147000077)",Unfall 92389 (2020) Kat:3, Licht: 0,92389,3,3,5,08,13,2,0,0,1,1,0,0,0,0
"POINT (7.438411628000040 51.490325196000072)",Unfall 92399 (2020) Kat:2, Licht: 0,92399,2,2,5,08,11,3,0,0,0,1,0,0,0,0
"POINT (7.401138925000055 51.549196575000053)",Unfall 92404 (2020) Kat:3, Licht: 0,92404,3,6,2,08,05,7,0,0,0,0,0,0,1,0
"POINT (7.471690406000050 51.422970216000067)",Unfall 92408 (2020) Kat:2, Licht: 2,92408,2,1,9,08,00,7,0,2,0,1,0,0,0,0
"POINT (7.555212197000060 51.509729577000030)",Unfall 92410 (2020) Kat:3, Licht: 0,92410,3,6,2,08,14,7,0,0,0,1,0,1,0,0