WKT,Name,OBJECTID,UKATEGORIE,UTYP1,UART,UMONAT,USTUNDE,UWOCHENTAG,STRZUSTAND,ULICHTVERH,ISTRAD,ISTPKW,ISTFUSS,ISTKRAD,ISTGKFZ,ISTSONSTIG
"POINT (7.462965831000076 51.517357859000072)",Unfall 92412 (2020) Kat:3, Licht: 2,92412,3,6,3,08,21,7,0,2,0,1,0,0,0,0
"POINT (7.402906432000066 51.564618667000047)",Unfall 92470 (2020) Kat:3, Licht: 0,92470,3,6,2,08,16,2,0,0,0,1,0,0,0,0
"POINT (7.568603806000056 51.514587789000075)",Unfall 92525 (2020) Kat:3, Licht: 0,92525,3,2,3,08,17,6,0,0,1,1,0,0,0,0
"POINT (7.518371645000059 51.536926940000058)",Unfall 92609 (2020) Kat:3, Licht: 0,92609,3,1,9,08,16,7,0,0,0,0,0,1,0,0
"POINT (7.594087909000052 51.484511691000080)",Unfall 92710 (2020) Kat:3, Licht: 0,92710,3,1,5,08,09,5,0,0,0,1,0,0,0,0
"POINT (7.367174209000041 51.538259972000048)",Unfall 92739 (2020) Kat:3, Licht: 2,92739,3,7,8,08,05,1,0,2,0,1,0,0,0,0
"POINT (7.597305801000061 51.556677606000051)",Unfall 92781 (2020) Kat:3, Licht: 0,92781,3,4,6,08,07,6,0,0,0,1,1,0,0,0
"POINT (7.530207937000057 51.536587358000077)",Unfall 92800 (2020) Kat:3, Licht: 1,92800,3,7,0,08,05,4,0,1,0,1,0,0,0,0
"POINT (7.466971297000043 51.525135899000077)",Unfall 92866 (2020) Kat:3, Licht: 0,92866,3,2,6,08,15,7,0,0,0,1,1,0,0,0
"POINT (7.415456506000055 51.502021136000053)",Unfall 92883 (2020) Kat:3, Licht: 0,92883,3,7,1,08,11,5,0,0,0,1,0,0,0,0
"POINT (7.465186202000041 51.556172342000082)",Unfall 92995 (2020) Kat:3, Licht: 0,92995,3,6,3,09,13,5,1,0,0,1,0,0,0,1
"POINT (7.598229827000068 51.477891932000034)",Unfall 93025 (2020) Kat:3, Licht: 0,93025,3,4,0,09,07,3,0,0,0,1,1,0,0,0
"POINT (7.456157289000032 51.538479700000039)",Unfall 93032 (2020) Kat:3, Licht: 0,93032,3,6,3,09,16,3,0,0,0,1,0,0,1,0
"POINT (7.532995754000069 51.536727052000060)",Unfall 93090 (2020) Kat:3, Licht: 2,93090,3,1,0,09,01,5,0,2,0,1,0,0,0,0
"POINT (7.371156940000049 51.522116393000033)",Unfall 93113 (2020) Kat:3, Licht: 0,93113,3,6,2,09,11,4,0,0,0,1,0,0,0,0
"POINT (7.386707186000024 51.504028241000071)",Unfall 93220 (2020) Kat:3, Licht: 0,93220,3,6,2,09,12,5,1,0,0,1,0,0,0,1
"POINT (7.468211431000043 51.509895676000042)",Unfall 93269 (2020) Kat:3, Licht: 0,93269,3,3,3,09,07,5,0,0,1,1,0,0,0,0
"POINT (7.527216660000022 51.566955221000057)",Unfall 93274 (2020) Kat:3, Licht: 0,93274,3,2,0,09,15,4,0,0,1,1,0,0,0,0
"POINT (7.391264605000060 51.584513608000066)",Unfall 93317 (2020) Kat:3, Licht: 0,93317,3,7,9,08,19,2,0,0,0,0,0,0,0,1
"POINT (7.516218081000034 51.468489355000031)",Unfall 93318 (2020) Kat:3, Licht: 0,93318,3,6,0,08,11,2,0,0,0,0,0,0,0,1
"POINT (7.467555457000060 51.525209883000059)",Unfall 93321 (2020) Kat:3, Licht: 0,93321,3,4,6,08,15,2,0,0,0,1,1,0,0,0
"POINT (7.461650003000045 51.509173374000056)",Unfall 93325 (2020) Kat:3, Licht: 0,93325,3,6,2,08,10,2,0,0,0,1,0,0,0,0
"POINT (7.473037557000055 51.499315766000052)",Unfall 93329 (2020) Kat:3, Licht: 0,93329,3,6,3,08,12,2,0,0,0,1,0,0,1,0
"POINT (7.500655632000076 51.503939250000030)",Unfall 93362 (2020) Kat:3, Licht: 0,93362,3,2,5,09,07,5,0,0,1,1,0,0,0,0
"POINT (7.506283430000053 51.576361400000053)",Unfall 93365 (2020) Kat:3, Licht: 0,93365,3,7,1,08,15,1,0,0,0,1,0,0,0,0
"POINT (7.385291237000047 51.497599359000048)",Unfall 93425 (2020) Kat:3, Licht: 0,93425,3,6,2,09,13,7,0,0,0,1,0,0,0,0
"POINT (7.458247775000075 51.542021303000070)",Unfall 93427 (2020) Kat:3, Licht: 0,93427,3,1,0,09,12,6,1,0,1,0,0,0,0,0
"POINT (7.504788758000075 51.487417015000062)",Unfall 93451 (2020) Kat:3, Licht: 0,93451,3,3,5,09,11,2,0,0,1,1,0,0,0,0
"POINT (7.346278488000053 51.497121164000077)",Unfall 93459 (2020) Kat:3, Licht: 0,93459,3,7,1,09,18,3,0,0,1,1,0,0,0,0
"POINT (7.388080794000075 51.506042561000072)",Unfall 93495 (2020) Kat:3, Licht: 0,93495,3,6,2,09,06,2,0,0,0,1,0,0,0,0
"POINT (7.522130645000061 51.510581612000067)",Unfall 93529 (2020) Kat:3, Licht: 0,93529,3,6,2,09,10,6,0,0,0,1,0,0,0,0
"POINT (7.482039591000046 51.465790837000043)",Unfall 93547 (2020) Kat:3, Licht: 0,93547,3,6,2,09,12,2,0,0,0,1,0,0,0,0
"POINT (7.463672828000028 51.574083619000078)",Unfall 93584 (2020) Kat:3, Licht: 0,93584,3,4,6,09,08,3,0,0,1,0,1,0,0,0
"POINT (7.520940442000040 51.520938433000026)",Unfall 93627 (2020) Kat:3, Licht: 0,93627,3,6,1,09,14,6,1,0,0,1,0,0,0,0
"POINT (7.509551512000030 51.487469033000082)",Unfall 93652 (2020) Kat:3, Licht: 0,93652,3,3,5,09,16,2,0,0,1,1,0,0,0,0
"POINT (7.573555718000023 51.506975605000036)",Unfall 93660 (2020) Kat:3, Licht: 2,93660,3,6,8,09,21,3,0,2,0,1,0,0,0,0
"POINT (7.363242172000071 51.561367617000030)",Unfall 93731 (2020) Kat:3, Licht: 0,93731,3,6,2,09,14,6,1,0,0,1,0,0,0,0
"POINT (7.504263239000068 51.487990618000026)",Unfall 93743 (2020) Kat:3, Licht: 0,93743,3,2,5,09,12,1,0,0,0,1,0,0,0,0
"POINT (7.435856724000075 51.486505699000077)",Unfall 93749 (2020) Kat:3, Licht: 0,93749,3,6,1,09,07,2,0,0,0,1,0,0,0,0
"POINT (7.460104001000047 51.469701807000035)",Unfall 93785 (2020) Kat:3, Licht: 0,93785,3,7,6,09,08,3,0,0,0,1,1,0,0,0
"POINT (7.537173703000065 51.544865372000061)",Unfall 93827 (2020) Kat:2, Licht: 0,93827,2,7,0,09,15,6,1,0,0,0,0,0,0,1
"POINT (7.563600977000021 51.496083417000079)",Unfall 93928 (2020) Kat:3, Licht: 0,93928,3,5,0,09,15,4,0,0,1,1,0,0,0,0
"POINT (7.580574021000075 51.559361079000041)",Unfall 93932 (2020) Kat:3, Licht: 0,93932,3,3,5,09,12,4,0,0,1,1,0,0,0,0
"POINT (7.425083190000066 51.507103946000029)",Unfall 94255 (2020) Kat:2, Licht: 0,94255,2,1,8,09,17,7,0,0,1,0,0,0,0,0
"POINT (7.462977861000070 51.517360816000064)",Unfall 94256 (2020) Kat:3, Licht: 0,94256,3,6,3,09,16,7,0,0,0,1,0,0,0,0
"POINT (7.495677039000043 51.476810901000079)",Unfall 94351 (2020) Kat:3, Licht: 0,94351,3,2,2,09,18,1,0,0,0,1,0,0,0,0
"POINT (7.379401630000075 51.523048973000073)",Unfall 94382 (2020) Kat:3, Licht: 0,94382,3,6,2,09,14,6,0,0,0,1,0,0,0,0
"POINT (7.417788822000034 51.593376214000045)",Unfall 94385 (2020) Kat:2, Licht: 0,94385,2,1,9,09,09,6,0,0,0,1,0,0,0,1
"POINT (7.545397008000066 51.523556184000029)",Unfall 94386 (2020) Kat:2, Licht: 1,94386,2,1,0,09,19,6,0,1,1,0,0,0,0,0
"POINT (7.383071816000040 51.520184039000071)",Unfall 94396 (2020) Kat:3, Licht: 2,94396,3,7,9,09,04,6,0,2,0,0,0,0,1,0
"POINT (7.451927888000057 51.502466071000072)",Unfall 94445 (2020) Kat:3, Licht: 0,94445,3,2,5,09,12,1,0,0,0,1,0,0,0,0
"POINT (7.559824832000061 51.501551494000068)",Unfall 94512 (2020) Kat:3, Licht: 1,94512,3,3,0,09,19,3,0,1,1,1,0,0,0,0
"POINT (7.505892891000030 51.449414150000052)",Unfall 94657 (2020) Kat:2, Licht: 0,94657,2,2,5,09,16,2,0,0,0,1,0,1,0,0
"POINT (7.468183258000067 51.509894817000031)",Unfall 94658 (2020) Kat:3, Licht: 0,94658,3,6,2,09,19,2,0,0,0,1,0,1,0,0
"POINT (7.383420822000062 51.518489236000050)",Unfall 94797 (2020) Kat:2, Licht: 0,94797,2,1,9,09,12,6,0,0,0,1,0,0,0,0
"POINT (7.443137266000065 51.513083579000067)",Unfall 94801 (2020) Kat:3, Licht: 2,94801,3,1,0,09,00,6,0,2,0,0,0,0,0,1
"POINT (7.481062609000048 51.501656379000053)",Unfall 94802 (2020) Kat:3, Licht: 2,94802,3,4,6,09,06,6,0,2,0,1,1,0,0,0
"POINT (7.506028724000032 51.578828535000071)",Unfall 94926 (2020) Kat:3, Licht: 2,94926,3,6,3,09,22,5,0,2,0,1,0,0,0,0
"POINT (7.518257195000047 51.535743225000033)",Unfall 94927 (2020) Kat:2, Licht: 0,94927,2,3,2,09,10,5,0,0,0,0,0,1,1,0
"POINT (7.407351799000026 51.498344493000047)",Unfall 94928 (2020) Kat:3, Licht: 0,94928,3,4,6,09,15,5,0,0,0,1,1,0,0,0
"POINT (7.537270476000060 51.565710262000039)",Unfall 94930 (2020) Kat:3, Licht: 0,94930,3,6,3,09,18,5,0,0,0,1,0,1,0,0
"POINT (7.521728574000065 51.505264071000056)",Unfall 94931 (2020) Kat:3, Licht: 0,94931,3,6,0,09,08,5,0,0,0,1,0,0,0,0
"POINT (7.371124741000074 51.523443036000060)",Unfall 94932 (2020) Kat:3, Licht: 0,94932,3,6,2,09,07,5,0,0,0,1,0,0,0,1
"POINT (7.468984426000077 51.517094301000043)",Unfall 94934 (2020) Kat:3, Licht: 0,94934,3,1,2,09,10,5,0,0,0,1,0,0,0,0
"POINT (7.481706976000055 51.514170028000080)",Unfall 94935 (2020) Kat:3, Licht: 0,94935,3,3,6,09,09,5,0,0,1,0,1,0,0,0
"POINT (7.375902846000031 51.545552115000078)",Unfall 95113 (2020) Kat:3, Licht: 0,95113,3,4,6,09,18,2,0,0,1,0,1,0,0,0
"POINT (7.541543467000054 51.536759322000080)",Unfall 95115 (2020) Kat:3, Licht: 0,95115,3,2,3,09,12,2,0,0,1,1,0,0,0,0
"POINT (7.468667377000031 51.585350873000039)",Unfall 95116 (2020) Kat:3, Licht: 0,95116,3,2,4,09,06,2,0,0,0,0,0,1,0,1
"POINT (7.374503642000036 51.522338419000050)",Unfall 95117 (2020) Kat:3, Licht: 0,95117,3,5,0,09,10,2,0,0,0,1,0,1,0,0
"POINT (7.485215524000068 51.499137578000045)",Unfall 95119 (2020) Kat:3, Licht: 0,95119,3,7,9,09,19,2,0,0,0,1,0,0,0,0
"POINT (7.549495471000057 51.565426738000042)",Unfall 95244 (2020) Kat:3, Licht: 0,95244,3,3,5,09,14,1,0,0,1,1,0,0,0,0
"POINT (7.505941109000048 51.449433896000073)",Unfall 95246 (2020) Kat:2, Licht: 0,95246,2,6,0,09,12,1,0,0,0,1,0,1,0,1
"POINT (7.459316590000071 51.473262962000035)",Unfall 95397 (2020) Kat:3, Licht: 0,95397,3,6,3,09,15,7,0,0,1,1,0,0,0,0
"POINT (7.482089097000028 51.468651658000056)",Unfall 95399 (2020) Kat:3, Licht: 0,95399,3,6,1,09,14,7,0,0,0,1,0,0,0,0
"POINT (7.476031774000035 51.525194193000061)",Unfall 95401 (2020) Kat:2, Licht: 0,95401,2,6,2,09,16,7,0,0,1,1,0,0,0,0
"POINT (7.375277647000075 51.515894450000076)",Unfall 95597 (2020) Kat:3, Licht: 2,95597,3,2,5,09,20,4,0,2,0,1,0,0,0,0
"POINT (7.464200405000042 51.572310983000079)",Unfall 95600 (2020) Kat:3, Licht: 0,95600,3,2,5,09,08,4,0,0,1,1,0,0,0,0
"POINT (7.482185259000062 51.523303595000073)",Unfall 95601 (2020) Kat:3, Licht: 0,95601,3,2,5,09,08,4,0,0,1,1,0,0,0,0
"POINT (7.461583570000073 51.509090157000060)",Unfall 95602 (2020) Kat:3, Licht: 0,95602,3,6,1,09,14,4,0,0,0,1,0,0,0,0
"POINT (7.481605097000056 51.501291732000027)",Unfall 95603 (2020) Kat:3, Licht: 0,95603,3,3,5,09,12,4,0,0,0,1,0,1,0,0
"POINT (7.494951489000073 51.577797616000055)",Unfall 95763 (2020) Kat:3, Licht: 2,95763,3,1,0,09,05,3,0,2,0,0,0,0,0,1
"POINT (7.325444466000022 51.519393322000042)",Unfall 95764 (2020) Kat:3, Licht: 0,95764,3,2,3,09,13,3,0,0,1,1,0,0,0,0
"POINT (7.325925291000033 51.498507526000026)",Unfall 95766 (2020) Kat:2, Licht: 0,95766,2,7,4,09,06,3,0,0,0,1,0,0,0,0
"POINT (7.474352200000055 51.515243364000071)",Unfall 95768 (2020) Kat:3, Licht: 0,95768,3,7,4,09,15,3,0,0,1,0,0,0,0,1
"POINT (7.462666308000053 51.517395841000052)",Unfall 95822 (2020) Kat:3, Licht: 0,95822,3,3,5,09,12,5,0,0,0,1,0,0,0,1
"POINT (7.505947779000053 51.515882875000045)",Unfall 95855 (2020) Kat:3, Licht: 0,95855,3,6,0,09,13,3,1,0,1,1,0,0,0,0
"POINT (7.409136365000052 51.528326754000034)",Unfall 95883 (2020) Kat:3, Licht: 0,95883,3,7,5,09,09,2,1,0,1,1,0,0,0,0
"POINT (7.365170580000040 51.495253351000031)",Unfall 95890 (2020) Kat:3, Licht: 0,95890,3,6,0,09,15,2,1,0,0,1,0,0,0,0
"POINT (7.459595295000042 51.505257038000082)",Unfall 95895 (2020) Kat:3, Licht: 1,95895,3,6,2,09,18,3,1,1,0,1,0,0,0,0
"POINT (7.458669376000046 51.503930836000052)",Unfall 95914 (2020) Kat:3, Licht: 0,95914,3,2,5,09,16,3,1,0,1,1,0,0,0,0
"POINT (7.357549647000042 51.503326195000056)",Unfall 95935 (2020) Kat:3, Licht: 0,95935,3,1,1,09,12,1,0,0,0,1,0,0,0,0
"POINT (7.412494346000074 51.540114392000078)",Unfall 96061 (2020) Kat:3, Licht: 0,96061,3,6,0,09,12,7,0,0,1,1,0,0,0,0
"POINT (7.505478102000041 51.480867897000053)",Unfall 96063 (2020) Kat:3, Licht: 0,96063,3,7,0,09,11,7,0,0,0,0,0,0,0,1
"POINT (7.472930971000039 51.513969914000029)",Unfall 96064 (2020) Kat:3, Licht: 2,96064,3,6,2,09,00,7,0,2,0,1,0,0,0,0
"POINT (7.514323852000075 51.537036835000038)",Unfall 96193 (2020) Kat:3, Licht: 2,96193,3,1,9,09,23,6,0,2,0,1,0,0,0,0
"POINT (7.464794467000047 51.553016085000081)",Unfall 96194 (2020) Kat:3, Licht: 0,96194,3,6,2,09,12,6,0,0,0,1,0,0,0,0
"POINT (7.479251478000037 51.502823757000044)",Unfall 96195 (2020) Kat:3, Licht: 0,96195,3,6,1,09,13,6,0,0,0,1,0,0,0,0
"POINT (7.516477460000033 51.539247371000044)",Unfall 96202 (2020) Kat:3, Licht: 0,96202,3,6,3,09,06,6,0,0,0,1,0,0,0,0
"POINT (7.519906185000025 51.520749706000061)",Unfall 96276 (2020) Kat:3, Licht: 0,96276,3,7,0,10,15,6,0,0,0,0,0,0,0,1
"POINT (7.472238109000045 51.528734630000031)",Unfall 96296 (2020) Kat:3, Licht: 0,96296,3,7,3,10,12,6,0,0,1,1,0,0,0,0
"POINT (7.468125272000066 51.483922531000076)",Unfall 96376 (2020) Kat:3, Licht: 0,96376,3,2,5,10,14,6,0,0,0,1,0,1,0,0
"POINT (7.369779382000047 51.551503121000053)",Unfall 96396 (2020) Kat:3, Licht: 0,96396,3,2,5,10,15,6,0,0,0,0,0,1,0,0
"POINT (7.471673336000038 51.499178978000032)",Unfall 96425 (2020) Kat:3, Licht: 0,96425,3,6,3,10,13,5,0,0,0,1,0,0,1,0
"POINT (7.404474289000063 51.505613249000078)",Unfall 96470 (2020) Kat:3, Licht: 0,96470,3,3,5,10,12,6,0,0,0,1,0,0,0,0
"POINT (7.479581888000041 51.514213911000070)",Unfall 96490 (2020) Kat:2, Licht: 2,96490,2,1,1,10,02,7,0,2,0,1,0,0,0,1
"POINT (7.492788707000045 51.476567278000061)",Unfall 96492 (2020) Kat:3, Licht: 0,96492,3,3,5,10,07,6,0,0,0,1,0,0,0,1
"POINT (7.381911087000049 51.509934505000047)",Unfall 96499 (2020) Kat:3, Licht: 0,96499,3,6,1,10,16,5,1,0,1,1,0,0,0,0
"POINT (7.359810930000037 51.497790608000059)",Unfall 96567 (2020) Kat:2, Licht: 0,96567,2,2,0,10,07,6,0,0,0,1,1,0,0,0
"POINT (7.436811307000028 51.487734834000037)",Unfall 96574 (2020) Kat:3, Licht: 2,96574,3,1,0,10,20,6,0,2,0,0,0,0,0,1
"POINT (7.483579181000039 51.423719269000060)",Unfall 96626 (2020) Kat:2, Licht: 0,96626,2,1,0,10,16,5,1,0,0,0,0,1,0,0
"POINT (7.422671992000062 51.511025291000067)",Unfall 96667 (2020) Kat:3, Licht: 2,96667,3,2,5,10,19,6,0,2,0,1,0,0,0,0
"POINT (7.462939889000040 51.579726246000064)",Unfall 96675 (2020) Kat:3, Licht: 0,96675,3,6,4,09,16,4,0,0,1,0,0,0,0,1
"POINT (7.515956735000032 51.520423266000080)",Unfall 96689 (2020) Kat:2, Licht: 0,96689,2,1,0,10,12,7,0,0,1,0,0,0,0,0
"POINT (7.498064603000046 51.488573541000051)",Unfall 96690 (2020) Kat:3, Licht: 0,96690,3,7,6,10,16,6,0,0,0,1,1,0,0,0
"POINT (7.500373693000029 51.569484916000079)",Unfall 96705 (2020) Kat:3, Licht: 0,96705,3,6,2,10,12,6,0,0,0,1,0,0,1,0
"POINT (7.556655796000030 51.571918596000046)",Unfall 96759 (2020) Kat:3, Licht: 0,96759,3,6,4,10,16,3,1,0,0,1,0,0,0,0
"POINT (7.488927367000031 51.497485025000060)",Unfall 96780 (2020) Kat:3, Licht: 0,96780,3,2,5,10,16,3,1,0,1,1,0,0,0,0
"POINT (7.477915828000050 51.591226380000080)",Unfall 96790 (2020) Kat:3, Licht: 0,96790,3,7,2,10,09,6,0,0,0,1,0,0,1,0
"POINT (7.460425588000021 51.507101469000077)",Unfall 96815 (2020) Kat:3, Licht: 0,96815,3,2,3,10,09,6,0,0,1,1,0,0,0,0
"POINT (7.479113575000042 51.460792864000041)",Unfall 96847 (2020) Kat:3, Licht: 0,96847,3,6,2,10,07,4,1,0,1,1,0,0,0,0
"POINT (7.328859310000041 51.500169615000061)",Unfall 96862 (2020) Kat:3, Licht: 0,96862,3,3,5,10,12,2,0,0,0,1,0,0,1,0
"POINT (7.505478102000041 51.480867897000053)",Unfall 96865 (2020) Kat:2, Licht: 2,96865,2,2,5,10,20,2,0,2,0,1,0,0,0,0
"POINT (7.361460419000025 51.526650671000027)",Unfall 96869 (2020) Kat:3, Licht: 0,96869,3,5,3,10,10,2,0,0,0,1,0,0,0,0
"POINT (7.441439625000044 51.481598832000032)",Unfall 96873 (2020) Kat:3, Licht: 0,96873,3,7,0,10,16,2,0,0,0,1,1,0,0,0
"POINT (7.534919198000068 51.507286533000070)",Unfall 96884 (2020) Kat:2, Licht: 2,96884,2,1,8,10,01,2,1,2,0,1,0,0,0,0
"POINT (7.363006870000049 51.561508469000046)",Unfall 96889 (2020) Kat:3, Licht: 2,96889,3,6,2,10,23,3,1,2,0,1,0,0,0,0
"POINT (7.404062870000075 51.481905964000077)",Unfall 96922 (2020) Kat:3, Licht: 0,96922,3,6,2,10,08,6,0,0,0,1,0,0,0,1
"POINT (7.362573404000045 51.542712777000077)",Unfall 96943 (2020) Kat:3, Licht: 0,96943,3,6,2,10,16,5,0,0,0,1,0,0,0,0
"POINT (7.325795286000073 51.498984390000032)",Unfall 96947 (2020) Kat:3, Licht: 2,96947,3,2,4,10,20,5,1,2,0,1,0,0,0,0
"POINT (7.488878542000066 51.497412837000070)",Unfall 96948 (2020) Kat:3, Licht: 2,96948,3,3,5,10,19,4,1,2,1,1,0,0,0,0
"POINT (7.494993598000065 51.493917212000042)",Unfall 96955 (2020) Kat:3, Licht: 0,96955,3,2,5,10,11,5,1,0,0,1,0,0,0,1
"POINT (7.480566062000037 51.575591588000066)",Unfall 96957 (2020) Kat:3, Licht: 0,96957,3,6,2,10,07,3,1,0,0,1,0,0,0,0
"POINT (7.363107752000076 51.561548077000054)",Unfall 96973 (2020) Kat:3, Licht: 2,96973,3,2,5,10,06,5,1,2,0,1,0,0,0,0
"POINT (7.455396776000043 51.537180108000030)",Unfall 96992 (2020) Kat:3, Licht: 0,96992,3,3,5,10,18,3,0,0,0,1,0,0,0,0
"POINT (7.459599032000028 51.498310083000035)",Unfall 96995 (2020) Kat:3, Licht: 1,96995,3,6,2,10,18,5,1,1,0,1,0,0,1,0
"POINT (7.521051047000071 51.534100871000078)",Unfall 97003 (2020) Kat:3, Licht: 0,97003,3,1,0,10,17,6,0,0,0,0,0,1,0,0
"POINT (7.387188933000061 51.504650338000033)",Unfall 97005 (2020) Kat:3, Licht: 0,97005,3,6,1,10,08,5,1,0,0,1,0,0,0,0
"POINT (7.575935710000067 51.504857143000038)",Unfall 97028 (2020) Kat:3, Licht: 2,97028,3,2,5,10,21,6,1,2,0,1,0,0,0,0
"POINT (7.468756850000034 51.508759842000075)",Unfall 97035 (2020) Kat:3, Licht: 0,97035,3,3,0,10,07,5,1,0,1,1,0,0,0,0
"POINT (7.478198605000046 51.514347279000049)",Unfall 97040 (2020) Kat:3, Licht: 0,97040,3,3,5,10,09,5,1,0,1,1,0,0,0,0
"POINT (7.597880507000070 51.478244381000081)",Unfall 97062 (2020) Kat:3, Licht: 0,97062,3,6,1,10,13,4,1,0,0,1,0,0,0,0
"POINT (7.557970124000065 51.505740877000051)",Unfall 97076 (2020) Kat:3, Licht: 0,97076,3,3,5,10,17,3,1,0,0,1,0,0,0,0
"POINT (7.460114916000066 51.506493336000062)",Unfall 97079 (2020) Kat:3, Licht: 0,97079,3,3,5,10,07,5,1,0,1,1,0,0,0,0
"POINT (7.449511625000071 51.497522787000037)",Unfall 97098 (2020) Kat:3, Licht: 0,97098,3,6,3,10,12,3,0,0,0,1,0,0,1,0
"POINT (7.467831772000068 51.509775260000026)",Unfall 97124 (2020) Kat:3, Licht: 2,97124,3,4,6,10,05,5,1,2,0,1,1,0,0,0
"POINT (7.531990285000063 51.432617577000030)",Unfall 97140 (2020) Kat:3, Licht: 2,97140,3,1,0,10,05,3,1,2,0,0,0,0,0,1
"POINT (7.306469222000033 51.504831015000036)",Unfall 97147 (2020) Kat:3, Licht: 0,97147,3,1,0,10,14,1,0,0,1,0,0,0,0,0
"POINT (7.475463462000050 51.505000270000039)",Unfall 97162 (2020) Kat:3, Licht: 0,97162,3,3,3,10,15,4,1,0,1,1,0,0,0,0
"POINT (7.349077140000077 51.517997570000034)",Unfall 97204 (2020) Kat:3, Licht: 0,97204,3,2,3,10,10,3,0,0,1,1,0,0,0,0
"POINT (7.555327525000052 51.491147348000027)",Unfall 97238 (2020) Kat:2, Licht: 0,97238,2,2,3,10,11,6,0,0,1,1,0,0,0,0
"POINT (7.369936909000046 51.539204086000041)",Unfall 97396 (2020) Kat:3, Licht: 2,97396,3,1,0,10,01,7,0,2,1,1,0,0,0,0
"POINT (7.365668449000054 51.495415594000065)",Unfall 97406 (2020) Kat:3, Licht: 0,97406,3,6,1,10,16,7,0,0,0,1,0,0,0,0
"POINT (7.537270476000060 51.565710262000039)",Unfall 97557 (2020) Kat:3, Licht: 0,97557,3,7,5,10,11,4,0,0,0,1,0,0,0,1
"POINT (7.491289529000028 51.514248123000073)",Unfall 97607 (2020) Kat:3, Licht: 0,97607,3,2,4,10,12,5,0,0,0,1,0,0,0,0
"POINT (7.472193526000069 51.506911761000026)",Unfall 97646 (2020) Kat:3, Licht: 0,97646,3,2,5,10,15,3,0,0,1,1,0,0,0,0
"POINT (7.606886091000035 51.531566508000026)",Unfall 97673 (2020) Kat:3, Licht: 0,97673,3,4,0,10,15,4,0,0,0,1,1,0,0,0
"POINT (7.371920112000055 51.491599565000058)",Unfall 97682 (2020) Kat:3, Licht: 0,97682,3,6,2,10,16,5,1,0,0,1,0,1,0,0
"POINT (7.606894794000027 51.531569461000061)",Unfall 97692 (2020) Kat:3, Licht: 0,97692,3,2,0,10,08,6,0,0,0,1,0,0,0,1
"POINT (7.385967064000056 51.502061368000057)",Unfall 97738 (2020) Kat:3, Licht: 0,97738,3,6,2,10,09,5,0,0,0,1,0,0,0,1
"POINT (7.483825663000062 51.523506076000047)",Unfall 97744 (2020) Kat:3, Licht: 2,97744,3,7,0,10,06,4,0,2,1,0,0,0,0,1
"POINT (7.460057558000074 51.484204632000058)",Unfall 97789 (2020) Kat:3, Licht: 2,97789,3,7,9,10,03,6,0,2,0,1,0,0,0,0
"POINT (7.393797666000069 51.583582624000030)",Unfall 97810 (2020) Kat:3, Licht: 0,97810,3,6,3,10,17,4,0,0,0,1,0,0,1,0
"POINT (7.429077589000031 51.446867048000058)",Unfall 97878 (2020) Kat:3, Licht: 2,97878,3,1,9,10,22,3,1,2,0,1,0,0,0,0
"POINT (7.377388975000031 51.512203769000052)",Unfall 97882 (2020) Kat:3, Licht: 0,97882,3,6,2,10,17,7,0,0,0,1,0,0,0,0
"POINT (7.428273757000056 51.583361354000033)",Unfall 97938 (2020) Kat:2, Licht: 2,97938,2,7,8,10,00,2,1,2,0,1,0,0,0,0
"POINT (7.342585737000036 51.494157152000071)",Unfall 97939 (2020) Kat:3, Licht: 0,97939,3,6,2,10,14,4,0,0,0,1,0,0,0,0
"POINT (7.469802876000074 51.519565014000079)",Unfall 97945 (2020) Kat:3, Licht: 0,97945,3,3,0,10,11,2,0,0,1,1,0,0,0,0
"POINT (7.461311759000068 51.546989560000043)",Unfall 98041 (2020) Kat:3, Licht: 2,98041,3,1,8,10,02,1,1,2,1,0,0,0,0,0
"POINT (7.369238034000034 51.524775627000054)",Unfall 98055 (2020) Kat:2, Licht: 2,98055,2,4,6,10,19,4,0,2,0,1,1,0,0,0
"POINT (7.386480087000052 51.493287809000037)",Unfall 98125 (2020) Kat:3, Licht: 0,98125,3,6,2,10,08,3,0,0,0,1,0,0,0,0
"POINT (7.349757498000031 51.492961925000031)",Unfall 98138 (2020) Kat:3, Licht: 2,98138,3,6,2,10,19,5,1,2,0,1,0,0,0,0
"POINT (7.555534740000041 51.509288492000053)",Unfall 98143 (2020) Kat:3, Licht: 0,98143,3,3,5,10,15,5,0,0,0,1,0,0,0,0
"POINT (7.560001527000054 51.494566969000061)",Unfall 98202 (2020) Kat:3, Licht: 0,98202,3,4,6,10,11,7,0,0,0,1,1,0,0,0
"POINT (7.553699758000050 51.493698432000031)",Unfall 98275 (2020) Kat:3, Licht: 0,98275,3,6,2,10,15,6,1,0,0,1,0,0,0,1
"POINT (7.361248216000035 51.574435558000062)",Unfall 98279 (2020) Kat:3, Licht: 0,98279,3,3,5,10,16,6,1,0,0,1,0,1,0,0
"POINT (7.438974001000076 51.481803148000040)",Unfall 98286 (2020) Kat:3, Licht: 2,98286,3,2,5,10,20,6,1,2,0,1,0,0,0,0
"POINT (7.487116583000045 51.498195309000039)",Unfall 98289 (2020) Kat:3, Licht: 0,98289,3,3,0,10,14,6,1,0,1,1,0,0,0,0
"POINT (7.513132902000052 51.578386072000058)",Unfall 98342 (2020) Kat:3, Licht: 0,98342,3,6,0,10,15,7,0,0,0,1,0,0,0,0