WKT,Name,OBJECTID,UKATEGORIE,UTYP1,UART,UMONAT,USTUNDE,UWOCHENTAG,STRZUSTAND,ULICHTVERH,ISTRAD,ISTPKW,ISTFUSS,ISTKRAD,ISTGKFZ,ISTSONSTIG
"POINT (7.587977961000036 51.494811407000043)",Unfall 98493 (2020) Kat:3, Licht: 0,98493,3,3,5,10,13,5,0,0,0,1,0,0,0,0
"POINT (7.463707433000025 51.551186975000064)",Unfall 98529 (2020) Kat:3, Licht: 2,98529,3,2,2,10,02,3,0,2,0,1,0,0,0,0
"POINT (7.474824798000043 51.525442137000027)",Unfall 98531 (2020) Kat:3, Licht: 0,98531,3,6,1,10,13,4,0,0,0,1,0,0,0,0
"POINT (7.385919930000057 51.496063083000081)",Unfall 98537 (2020) Kat:3, Licht: 1,98537,3,6,2,10,17,4,0,1,0,1,0,0,0,1
"POINT (7.325933264000071 51.495059302000072)",Unfall 98643 (2020) Kat:2, Licht: 2,98643,2,2,6,10,21,5,1,2,0,1,1,0,0,0
"POINT (7.388806894000027 51.507171771000060)",Unfall 98680 (2020) Kat:3, Licht: 1,98680,3,6,1,10,06,3,1,1,0,1,0,0,0,0
"POINT (7.514369568000063 51.503741821000062)",Unfall 98699 (2020) Kat:2, Licht: 0,98699,2,1,9,10,12,1,1,0,0,1,0,0,0,0
"POINT (7.469777313000066 51.520108428000071)",Unfall 98702 (2020) Kat:3, Licht: 2,98702,3,6,2,10,20,1,1,2,0,1,0,0,0,1
"POINT (7.468242779000036 51.505559654000081)",Unfall 98706 (2020) Kat:3, Licht: 2,98706,3,7,5,10,19,1,1,2,0,1,0,0,0,0
"POINT (7.495704736000050 51.476827218000039)",Unfall 98717 (2020) Kat:3, Licht: 0,98717,3,1,2,10,14,5,0,0,0,1,0,0,0,0
"POINT (7.467470477000063 51.501456281000060)",Unfall 98774 (2020) Kat:3, Licht: 0,98774,3,3,5,10,11,3,0,0,1,1,0,0,0,0
"POINT (7.364183839000020 51.496277382000073)",Unfall 98776 (2020) Kat:3, Licht: 0,98776,3,2,5,10,07,4,0,0,0,1,0,0,0,1
"POINT (7.304851718000066 51.496377474000042)",Unfall 98855 (2020) Kat:3, Licht: 2,98855,3,6,0,11,22,1,0,2,0,1,0,0,0,1
"POINT (7.416202047000070 51.502436332000059)",Unfall 98887 (2020) Kat:3, Licht: 2,98887,3,2,5,11,18,2,1,2,1,1,0,0,0,0
"POINT (7.526820595000061 51.506219074000057)",Unfall 98916 (2020) Kat:3, Licht: 0,98916,3,1,9,11,08,1,1,0,0,1,0,0,0,0
"POINT (7.509797954000021 51.475107785000034)",Unfall 98963 (2020) Kat:3, Licht: 2,98963,3,2,6,11,19,2,1,2,0,1,1,0,0,0
"POINT (7.438974001000076 51.481803148000040)",Unfall 98994 (2020) Kat:3, Licht: 0,98994,3,2,5,11,15,1,1,0,1,1,0,0,0,0
"POINT (7.367456694000055 51.494355531000053)",Unfall 99051 (2020) Kat:3, Licht: 1,99051,3,2,4,11,17,2,1,1,0,1,0,0,0,0
"POINT (7.460803337000073 51.524490789000026)",Unfall 99159 (2020) Kat:3, Licht: 2,99159,3,4,6,11,20,1,1,2,0,1,1,0,0,0
"POINT (7.325795286000073 51.498984390000032)",Unfall 99171 (2020) Kat:3, Licht: 2,99171,3,2,5,10,05,6,1,2,0,1,0,1,0,0
"POINT (7.537597489000063 51.556847235000077)",Unfall 99173 (2020) Kat:3, Licht: 0,99173,3,2,6,10,11,6,1,0,0,1,1,0,0,0
"POINT (7.553890586000023 51.493729119000079)",Unfall 99174 (2020) Kat:3, Licht: 0,99174,3,1,0,10,10,6,1,0,0,0,0,1,0,0
"POINT (7.471583967000072 51.527238688000068)",Unfall 99178 (2020) Kat:3, Licht: 2,99178,3,2,5,10,17,6,0,2,1,1,0,0,0,0
"POINT (7.385890701000051 51.496327366000060)",Unfall 99192 (2020) Kat:3, Licht: 2,99192,3,6,2,11,07,2,1,2,0,1,0,0,0,0
"POINT (7.469387341000072 51.498992829000031)",Unfall 99237 (2020) Kat:3, Licht: 1,99237,3,7,3,11,16,1,0,1,0,1,0,0,0,0
"POINT (7.362880505000021 51.494279051000035)",Unfall 99254 (2020) Kat:3, Licht: 0,99254,3,6,0,11,13,6,0,0,0,1,0,0,0,0
"POINT (7.332252689000029 51.496978716000058)",Unfall 99270 (2020) Kat:3, Licht: 0,99270,3,6,1,11,13,5,0,0,0,1,0,0,0,0
"POINT (7.362842181000076 51.494264382000040)",Unfall 99294 (2020) Kat:3, Licht: 0,99294,3,6,2,11,13,6,0,0,0,1,0,0,0,0
"POINT (7.496300457000075 51.493731671000035)",Unfall 99329 (2020) Kat:3, Licht: 0,99329,3,2,3,11,12,4,0,0,1,1,0,0,0,0
"POINT (7.460406971000055 51.507065892000071)",Unfall 99332 (2020) Kat:3, Licht: 0,99332,3,3,5,11,10,5,0,0,0,1,0,0,0,0
"POINT (7.452709769000023 51.523838623000074)",Unfall 99337 (2020) Kat:3, Licht: 0,99337,3,2,5,11,15,6,0,0,0,1,0,0,0,0
"POINT (7.609031559000073 51.532095091000031)",Unfall 99428 (2020) Kat:3, Licht: 2,99428,3,2,5,11,20,5,0,2,0,1,0,1,0,0
"POINT (7.561409049000076 51.495146612000042)",Unfall 99504 (2020) Kat:3, Licht: 0,99504,3,2,5,11,14,3,0,0,1,1,0,0,0,0
"POINT (7.478198605000046 51.514347279000049)",Unfall 99513 (2020) Kat:3, Licht: 0,99513,3,2,5,11,11,5,0,0,1,1,0,0,0,0
"POINT (7.475885077000044 51.525224382000033)",Unfall 99515 (2020) Kat:3, Licht: 0,99515,3,6,3,11,07,3,0,0,0,1,0,1,0,0
"POINT (7.457343831000060 51.451026109000054)",Unfall 99517 (2020) Kat:3, Licht: 0,99517,3,7,1,11,08,3,0,0,1,1,0,0,0,0
"POINT (7.493368065000027 51.443307156000060)",Unfall 99540 (2020) Kat:3, Licht: 0,99540,3,6,3,11,16,5,0,0,0,1,0,0,0,0
"POINT (7.481347762000041 51.500228596000056)",Unfall 99598 (2020) Kat:3, Licht: 0,99598,3,3,0,11,07,4,0,0,1,1,0,0,0,0
"POINT (7.532386123000038 51.536714761000042)",Unfall 99765 (2020) Kat:3, Licht: 2,99765,3,6,8,11,22,4,0,2,0,1,0,0,0,0
"POINT (7.462281915000062 51.498506320000047)",Unfall 99786 (2020) Kat:3, Licht: 2,99786,3,7,9,11,20,6,1,2,0,1,0,0,0,0
"POINT (7.555392479000034 51.491142206000063)",Unfall 99856 (2020) Kat:3, Licht: 0,99856,3,1,3,11,08,4,0,0,0,1,0,1,0,0
"POINT (7.321654922000050 51.512160020000067)",Unfall 99987 (2020) Kat:2, Licht: 0,99987,2,5,1,11,15,2,0,0,0,1,0,0,0,0
"POINT (7.368253346000074 51.563842665000038)",Unfall 100018 (2020) Kat:3, Licht: 0,100018,3,3,3,11,11,3,0,0,1,1,0,0,0,0
"POINT (7.421528614000067 51.529994644000055)",Unfall 100024 (2020) Kat:3, Licht: 0,100024,3,3,0,11,14,3,0,0,1,1,0,0,0,0
"POINT (7.456707137000024 51.454845432000070)",Unfall 100028 (2020) Kat:3, Licht: 0,100028,3,3,5,11,09,3,0,0,1,1,0,0,0,0
"POINT (7.504251446000069 51.488002034000033)",Unfall 100039 (2020) Kat:3, Licht: 2,100039,3,2,3,11,18,3,0,2,1,1,0,0,0,0
"POINT (7.610187893000045 51.532223877000035)",Unfall 100050 (2020) Kat:3, Licht: 0,100050,3,3,0,11,10,4,1,0,0,0,0,0,0,1
"POINT (7.471210252000049 51.507484728000065)",Unfall 100058 (2020) Kat:3, Licht: 2,100058,3,7,0,11,17,3,0,2,0,0,0,0,0,1
"POINT (7.329536135000069 51.500209140000038)",Unfall 100142 (2020) Kat:3, Licht: 2,100142,3,2,4,11,17,4,1,2,0,1,0,1,0,0
"POINT (7.484941444000071 51.545285435000039)",Unfall 100146 (2020) Kat:3, Licht: 0,100146,3,7,5,11,14,5,1,0,1,1,0,0,0,0
"POINT (7.404680359000054 51.477896454000074)",Unfall 100159 (2020) Kat:3, Licht: 0,100159,3,3,5,11,11,4,0,0,0,1,0,0,0,0
"POINT (7.517800835000060 51.536751516000038)",Unfall 100169 (2020) Kat:3, Licht: 0,100169,3,6,9,11,07,3,1,0,0,1,0,0,0,0
"POINT (7.459286648000045 51.543749851000030)",Unfall 100224 (2020) Kat:3, Licht: 2,100224,3,6,2,11,16,5,1,2,0,1,0,0,0,0
"POINT (7.366958644000022 51.495921835000047)",Unfall 100228 (2020) Kat:3, Licht: 2,100228,3,6,2,11,17,6,0,2,0,1,0,0,0,0
"POINT (7.455646529000035 51.513429860000031)",Unfall 100264 (2020) Kat:3, Licht: 0,100264,3,6,3,11,13,4,0,0,0,1,0,0,0,0
"POINT (7.363409512000033 51.494488253000043)",Unfall 100283 (2020) Kat:3, Licht: 2,100283,3,6,2,11,18,4,0,2,0,1,0,0,0,0
"POINT (7.464823397000032 51.557871733000070)",Unfall 100318 (2020) Kat:3, Licht: 2,100318,3,6,2,11,17,6,0,2,0,1,0,0,0,0
"POINT (7.490372556000068 51.496755113000063)",Unfall 100330 (2020) Kat:3, Licht: 1,100330,3,7,6,11,17,5,1,1,0,1,1,0,0,0
"POINT (7.522329528000057 51.436806415000035)",Unfall 100424 (2020) Kat:3, Licht: 0,100424,3,6,3,11,08,4,0,0,0,1,0,0,1,0
"POINT (7.460108775000037 51.469679400000075)",Unfall 100488 (2020) Kat:3, Licht: 0,100488,3,3,0,11,07,4,0,0,0,1,0,1,0,0
"POINT (7.373389156000030 51.497339862000047)",Unfall 100527 (2020) Kat:3, Licht: 0,100527,3,1,8,11,11,3,1,0,0,1,0,0,0,0
"POINT (7.431517443000075 51.482329518000029)",Unfall 100557 (2020) Kat:3, Licht: 1,100557,3,6,2,11,07,5,1,1,0,1,0,1,0,0
"POINT (7.505478102000041 51.480867897000053)",Unfall 100558 (2020) Kat:3, Licht: 1,100558,3,3,1,11,16,7,0,1,1,1,0,0,0,0
"POINT (7.586358093000058 51.528114512000059)",Unfall 100625 (2020) Kat:3, Licht: 0,100625,3,2,5,11,13,2,0,0,0,1,0,0,0,0
"POINT (7.425106168000070 51.507123768000042)",Unfall 100642 (2020) Kat:3, Licht: 0,100642,3,6,0,11,14,2,0,0,0,1,0,0,0,1
"POINT (7.314249016000076 51.496148000000062)",Unfall 100647 (2020) Kat:3, Licht: 0,100647,3,6,2,11,10,4,0,0,0,0,0,0,1,1
"POINT (7.481432861000030 51.467935085000079)",Unfall 100648 (2020) Kat:3, Licht: 0,100648,3,6,2,11,08,2,1,0,0,1,0,0,0,0
"POINT (7.469495531000064 51.518757739000080)",Unfall 100662 (2020) Kat:3, Licht: 2,100662,3,5,1,11,18,2,0,2,1,1,0,0,0,0
"POINT (7.422686037000062 51.511021929000037)",Unfall 100731 (2020) Kat:3, Licht: 0,100731,3,6,2,11,10,3,0,0,0,1,0,0,0,0
"POINT (7.537592415000063 51.556868949000034)",Unfall 100754 (2020) Kat:2, Licht: 0,100754,2,4,6,11,09,2,1,0,0,0,1,0,1,0
"POINT (7.404459189000022 51.495592725000051)",Unfall 100767 (2020) Kat:3, Licht: 2,100767,3,1,9,11,23,2,0,2,0,1,0,0,0,0
"POINT (7.389699176000022 51.497436459000028)",Unfall 100785 (2020) Kat:3, Licht: 0,100785,3,6,5,11,15,3,0,0,0,1,0,0,1,0
"POINT (7.364026371000023 51.496220335000032)",Unfall 100820 (2020) Kat:3, Licht: 0,100820,3,6,2,11,14,1,1,0,0,1,0,0,0,0
"POINT (7.594425978000061 51.529423034000047)",Unfall 100940 (2020) Kat:3, Licht: 0,100940,3,6,2,11,13,3,0,0,0,1,0,1,0,0
"POINT (7.477076987000032 51.459172258000081)",Unfall 101012 (2020) Kat:3, Licht: 0,101012,3,4,6,11,16,6,0,0,0,1,1,0,0,0
"POINT (7.412025686000050 51.481242472000076)",Unfall 101013 (2020) Kat:3, Licht: 0,101013,3,6,2,11,07,6,0,0,0,1,0,0,0,0
"POINT (7.514019436000069 51.545878896000033)",Unfall 101018 (2020) Kat:3, Licht: 0,101018,3,6,2,11,14,6,0,0,0,1,0,0,0,1
"POINT (7.461125781000021 51.480646145000037)",Unfall 101098 (2020) Kat:3, Licht: 0,101098,3,2,4,11,15,5,0,0,0,1,0,1,0,0
"POINT (7.443236387000070 51.494828056000074)",Unfall 101102 (2020) Kat:3, Licht: 0,101102,3,3,5,11,13,5,0,0,1,1,0,0,0,0
"POINT (7.522236513000053 51.563241915000049)",Unfall 101188 (2020) Kat:3, Licht: 0,101188,3,6,1,11,14,4,0,0,0,1,0,0,0,0
"POINT (7.393096113000070 51.480196400000068)",Unfall 101190 (2020) Kat:3, Licht: 0,101190,3,3,5,11,09,4,0,0,0,1,0,0,0,0
"POINT (7.447208011000043 51.475511117000053)",Unfall 101191 (2020) Kat:3, Licht: 2,101191,3,2,6,11,06,4,1,2,0,1,1,0,0,0
"POINT (7.375277647000075 51.515894450000076)",Unfall 101297 (2020) Kat:3, Licht: 2,101297,3,2,6,12,19,4,1,2,0,1,1,0,0,0
"POINT (7.365304562000063 51.577659687000050)",Unfall 101367 (2020) Kat:3, Licht: 0,101367,3,1,2,12,13,3,1,0,0,1,0,0,1,0
"POINT (7.325216159000036 51.521188572000028)",Unfall 101370 (2020) Kat:3, Licht: 2,101370,3,4,6,12,17,3,1,2,0,1,1,0,0,0
"POINT (7.409161718000064 51.481266436000055)",Unfall 101371 (2020) Kat:3, Licht: 0,101371,3,4,6,12,14,3,1,0,0,1,1,0,0,0
"POINT (7.325222609000036 51.521166061000031)",Unfall 101372 (2020) Kat:3, Licht: 0,101372,3,2,4,12,12,3,1,0,0,1,0,0,0,0
"POINT (7.401331202000051 51.549278704000074)",Unfall 101463 (2020) Kat:3, Licht: 0,101463,3,1,8,11,12,2,0,0,0,1,0,0,0,0
"POINT (7.374326708000069 51.567998157000034)",Unfall 101464 (2020) Kat:3, Licht: 2,101464,3,2,6,11,18,2,1,2,0,1,1,0,0,0
"POINT (7.522228476000066 51.452593345000082)",Unfall 101465 (2020) Kat:2, Licht: 0,101465,2,3,5,11,13,2,0,0,0,1,0,0,0,0
"POINT (7.593369940000059 51.529296565000038)",Unfall 101466 (2020) Kat:3, Licht: 2,101466,3,7,0,11,17,2,1,2,0,1,1,0,0,1
"POINT (7.471030232000032 51.525679127000046)",Unfall 101467 (2020) Kat:3, Licht: 2,101467,3,2,5,11,20,2,1,2,1,0,0,0,0,1
"POINT (7.455067855000038 51.524015143000042)",Unfall 101468 (2020) Kat:3, Licht: 1,101468,3,2,5,11,16,2,1,1,1,1,0,0,0,0
"POINT (7.490641383000025 51.496637762000034)",Unfall 101469 (2020) Kat:3, Licht: 1,101469,3,5,5,11,16,2,1,1,0,1,0,0,0,0
"POINT (7.458934453000040 51.504524642000035)",Unfall 101477 (2020) Kat:3, Licht: 2,101477,3,6,1,12,16,4,1,2,0,1,0,0,0,0
"POINT (7.387906261000069 51.516768321000029)",Unfall 101478 (2020) Kat:3, Licht: 1,101478,3,6,3,11,16,2,1,1,0,1,0,0,0,0
"POINT (7.521316388000059 51.512893384000051)",Unfall 101479 (2020) Kat:3, Licht: 0,101479,3,6,2,11,14,2,0,0,0,1,0,0,0,1
"POINT (7.385420041000032 51.497790543000065)",Unfall 101560 (2020) Kat:3, Licht: 1,101560,3,6,5,12,16,4,0,1,0,1,0,0,1,0
"POINT (7.358402860000069 51.558460603000071)",Unfall 101603 (2020) Kat:3, Licht: 0,101603,3,1,8,12,15,1,1,0,0,1,0,0,0,0
"POINT (7.558789260000026 51.504338795000081)",Unfall 101605 (2020) Kat:3, Licht: 2,101605,3,6,1,12,17,1,1,2,0,1,0,0,0,0
"POINT (7.446914232000040 51.554957713000078)",Unfall 101606 (2020) Kat:3, Licht: 2,101606,3,2,4,12,04,1,1,2,0,1,0,0,0,0
"POINT (7.460000711000021 51.511397112000054)",Unfall 101679 (2020) Kat:3, Licht: 2,101679,3,6,8,12,22,7,0,2,0,1,0,0,0,0
"POINT (7.386874460000058 51.576727668000046)",Unfall 101777 (2020) Kat:2, Licht: 0,101777,2,6,4,12,11,6,0,0,0,1,0,0,0,0
"POINT (7.502688376000037 51.491530761000035)",Unfall 101778 (2020) Kat:3, Licht: 2,101778,3,1,0,12,18,6,0,2,1,0,0,0,0,0
"POINT (7.468213118000051 51.509768914000063)",Unfall 101779 (2020) Kat:3, Licht: 2,101779,3,2,3,12,06,6,0,2,0,1,0,1,0,0
"POINT (7.516620993000061 51.527564653000070)",Unfall 101955 (2020) Kat:3, Licht: 0,101955,3,6,2,12,08,5,1,0,0,1,0,0,1,0
"POINT (7.504243113000030 51.569815635000054)",Unfall 102092 (2020) Kat:3, Licht: 2,102092,3,7,1,12,17,2,1,2,0,1,0,0,0,0
"POINT (7.536198052000032 51.507739595000032)",Unfall 102097 (2020) Kat:2, Licht: 2,102097,2,1,8,12,02,2,1,2,0,0,0,0,1,0
"POINT (7.460796043000073 51.524512663000053)",Unfall 102100 (2020) Kat:3, Licht: 0,102100,3,2,0,12,16,2,1,0,1,1,0,0,0,0
"POINT (7.492224965000048 51.475613537000072)",Unfall 102109 (2020) Kat:2, Licht: 2,102109,2,2,4,12,07,2,1,2,1,1,0,0,0,0
"POINT (7.455115911000064 51.515099894000059)",Unfall 102114 (2020) Kat:3, Licht: 2,102114,3,6,0,12,21,2,0,2,0,1,0,0,0,0
"POINT (7.370586226000057 51.542639528000052)",Unfall 102147 (2020) Kat:3, Licht: 0,102147,3,5,0,12,13,3,0,0,0,1,0,0,1,0
"POINT (7.427480559000060 51.583534975000077)",Unfall 102179 (2020) Kat:3, Licht: 0,102179,3,6,8,12,09,5,1,0,0,1,0,0,0,0
"POINT (7.474812351000026 51.517714062000039)",Unfall 102342 (2020) Kat:3, Licht: 2,102342,3,5,1,12,18,4,1,2,1,1,0,0,0,0
"POINT (7.495982086000026 51.493833662000043)",Unfall 102366 (2020) Kat:3, Licht: 2,102366,3,1,0,12,19,2,1,2,0,0,0,1,0,0
"POINT (7.369951203000028 51.565500777000068)",Unfall 102367 (2020) Kat:3, Licht: 0,102367,3,6,1,12,09,2,1,0,0,1,0,0,0,0
"POINT (7.455390098000066 51.515101550000054)",Unfall 102418 (2020) Kat:3, Licht: 2,102418,3,2,6,12,18,3,1,2,0,1,1,0,0,0
"POINT (7.515705412000045 51.524980344000028)",Unfall 102453 (2020) Kat:3, Licht: 2,102453,3,6,2,12,17,1,0,2,0,1,0,0,0,0
"POINT (7.482150101000059 51.470543998000039)",Unfall 102483 (2020) Kat:3, Licht: 0,102483,3,7,0,12,11,4,1,0,0,0,0,1,0,0
"POINT (7.379831819000060 51.510084018000043)",Unfall 102523 (2020) Kat:3, Licht: 0,102523,3,2,5,12,14,6,0,0,1,0,0,0,0,1
"POINT (7.576586845000065 51.521971862000044)",Unfall 102649 (2020) Kat:3, Licht: 0,102649,3,1,5,12,13,4,1,0,1,1,0,0,0,0
"POINT (7.467714339000054 51.507383225000069)",Unfall 102668 (2020) Kat:3, Licht: 2,102668,3,1,0,12,18,3,1,2,1,0,0,0,0,0
"POINT (7.535819993000075 51.522599257000081)",Unfall 102746 (2020) Kat:3, Licht: 0,102746,3,2,4,12,08,3,1,0,0,1,0,0,0,0
"POINT (7.377619585000048 51.572291168000049)",Unfall 102762 (2020) Kat:3, Licht: 2,102762,3,2,6,12,06,2,1,2,0,1,1,0,0,0
"POINT (7.486309292000044 51.449135031000026)",Unfall 102803 (2020) Kat:3, Licht: 0,102803,3,5,3,12,11,6,0,0,0,1,0,0,0,1
"POINT (7.387439817000029 51.519006179000030)",Unfall 102919 (2020) Kat:2, Licht: 2,102919,2,1,9,12,05,5,1,2,0,1,0,0,0,0
"POINT (7.373657758000036 51.508053932000053)",Unfall 102957 (2020) Kat:3, Licht: 2,102957,3,3,5,12,19,5,0,2,1,1,0,0,0,0
"POINT (7.479388303000064 51.469887293000056)",Unfall 102982 (2020) Kat:3, Licht: 2,102982,3,2,4,12,06,6,0,2,0,1,0,0,1,0
"POINT (7.473695733000056 51.484456124000076)",Unfall 102984 (2020) Kat:3, Licht: 0,102984,3,2,4,12,12,5,1,0,0,1,0,0,0,0
"POINT (7.463575721000041 51.519683154000063)",Unfall 103026 (2020) Kat:3, Licht: 0,103026,3,3,5,12,10,2,1,0,0,1,0,0,1,0
"POINT (7.627792547000070 51.537973268000030)",Unfall 103116 (2020) Kat:2, Licht: 0,103116,2,2,5,12,15,1,0,0,0,1,0,1,0,0
"POINT (7.501207623000028 51.559313141000075)",Unfall 103196 (2020) Kat:3, Licht: 2,103196,3,2,4,12,05,5,1,2,0,1,0,0,0,0
"POINT (7.420892681000055 51.529934674000060)",Unfall 103205 (2020) Kat:3, Licht: 2,103205,3,2,6,12,19,1,1,2,0,1,1,0,0,0
"POINT (7.457878738000034 51.530640480000045)",Unfall 103249 (2020) Kat:2, Licht: 0,103249,2,3,0,12,14,3,1,0,0,0,0,0,0,1
"POINT (7.377619585000048 51.572291168000049)",Unfall 103318 (2020) Kat:3, Licht: 2,103318,3,2,6,12,19,2,1,2,0,1,1,0,0,0
"POINT (7.392739924000068 51.583950262000030)",Unfall 103416 (2020) Kat:3, Licht: 2,103416,3,6,3,12,20,4,1,2,0,1,0,0,1,0
"POINT (7.370117762000064 51.565684198000042)",Unfall 103424 (2020) Kat:3, Licht: 2,103424,3,2,5,12,07,4,1,2,0,1,0,0,0,0
"POINT (7.505101011000022 51.486854139000059)",Unfall 103428 (2020) Kat:3, Licht: 0,103428,3,3,5,12,10,4,1,0,1,1,0,0,0,0
"POINT (7.462463202000038 51.510146408000026)",Unfall 103431 (2020) Kat:3, Licht: 2,103431,3,6,2,12,00,4,1,2,0,1,0,0,0,0
"POINT (7.359272483000041 51.561061068000072)",Unfall 103492 (2020) Kat:3, Licht: 2,103492,3,6,2,12,04,5,1,2,0,1,0,0,0,0
"POINT (7.397722000000044 51.583776913000065)",Unfall 200862 (2020) Kat:2, Licht: 2,200862,2,3,5,01,18,2,0,2,0,1,0,0,0,0
"POINT (7.360751611000069 51.500088808000044)",Unfall 200883 (2020) Kat:3, Licht: 0,200883,3,6,2,01,15,1,0,0,0,1,0,0,0,0
"POINT (7.371750664000047 51.491538491000028)",Unfall 200902 (2020) Kat:3, Licht: 2,200902,3,2,6,01,18,6,1,2,0,1,1,0,0,0
"POINT (7.332453285000042 51.499020103000078)",Unfall 200911 (2020) Kat:3, Licht: 0,200911,3,3,0,01,09,2,0,0,0,1,0,0,0,1
"POINT (7.381322538000063 51.557975839000051)",Unfall 201007 (2020) Kat:3, Licht: 2,201007,3,4,6,01,17,6,1,2,0,1,1,0,0,0
"POINT (7.547233094000035 51.522699768000052)",Unfall 201016 (2020) Kat:3, Licht: 0,201016,3,3,4,01,14,2,0,0,1,1,0,0,0,0
"POINT (7.465839671000026 51.579942461000030)",Unfall 201046 (2020) Kat:3, Licht: 2,201046,3,2,0,01,18,5,0,2,0,1,0,1,0,0
"POINT (7.615018996000060 51.515421167000056)",Unfall 201055 (2020) Kat:3, Licht: 2,201055,3,2,1,01,18,6,1,2,0,0,0,1,1,0
"POINT (7.450193726000066 51.464008813000078)",Unfall 201076 (2020) Kat:2, Licht: 0,201076,2,1,0,01,14,4,2,0,1,0,0,0,0,0
"POINT (7.512579258000073 51.526188309000077)",Unfall 201207 (2020) Kat:3, Licht: 2,201207,3,7,0,01,07,5,1,2,0,0,0,1,0,0
"POINT (7.468166293000024 51.538744783000027)",Unfall 201208 (2020) Kat:3, Licht: 0,201208,3,1,9,01,11,5,1,0,0,1,0,0,0,0
"POINT (7.447886875000052 51.511779615000080)",Unfall 201210 (2020) Kat:3, Licht: 0,201210,3,7,6,01,14,5,1,0,0,1,1,0,0,0
"POINT (7.380292067000028 51.529032082000072)",Unfall 201282 (2020) Kat:3, Licht: 1,201282,3,2,5,01,07,3,1,1,1,1,0,0,0,0
"POINT (7.379536926000071 51.524472963000051)",Unfall 201293 (2020) Kat:3, Licht: 0,201293,3,3,4,01,07,3,1,0,0,1,0,0,0,0
"POINT (7.345280996000042 51.495479637000074)",Unfall 201310 (2020) Kat:2, Licht: 0,201310,2,7,0,01,15,4,1,0,0,0,0,0,0,1
"POINT (7.485697568000035 51.472546254000065)",Unfall 201352 (2020) Kat:3, Licht: 0,201352,3,2,0,01,16,5,0,0,0,1,0,1,0,0
"POINT (7.446452463000071 51.512936538000076)",Unfall 201370 (2020) Kat:3, Licht: 2,201370,3,4,6,01,19,4,1,2,0,1,1,0,0,0
"POINT (7.523813508000046 51.501673673000028)",Unfall 201374 (2020) Kat:3, Licht: 0,201374,3,3,5,01,15,4,0,0,1,1,0,0,0,0
"POINT (7.448167996000052 51.517722484000046)",Unfall 201409 (2020) Kat:2, Licht: 0,201409,2,7,5,01,16,3,0,0,0,1,0,1,0,0
"POINT (7.493996619000029 51.487863941000057)",Unfall 201422 (2020) Kat:3, Licht: 0,201422,3,7,0,01,10,4,0,0,0,0,0,0,0,1
"POINT (7.382291995000060 51.575151217000041)",Unfall 201463 (2020) Kat:3, Licht: 2,201463,3,2,6,01,19,4,1,2,0,1,1,0,0,0
"POINT (7.560488764000070 51.486426805000065)",Unfall 201474 (2020) Kat:3, Licht: 2,201474,3,2,2,01,07,2,1,2,0,1,0,0,0,1
"POINT (7.480259233000027 51.506501343000082)",Unfall 201475 (2020) Kat:3, Licht: 1,201475,3,5,1,01,06,4,0,1,1,1,0,0,0,0
"POINT (7.497132373000056 51.498844979000069)",Unfall 201487 (2020) Kat:3, Licht: 2,201487,3,7,0,01,19,2,0,2,0,0,0,1,0,0
"POINT (7.383039835000034 51.555391682000050)",Unfall 201502 (2020) Kat:3, Licht: 0,201502,3,2,0,01,12,7,0,0,0,1,0,0,0,0
"POINT (7.378710017000060 51.487606324000069)",Unfall 201514 (2020) Kat:3, Licht: 1,201514,3,3,6,01,08,3,1,1,0,1,1,0,0,0
"POINT (7.472283894000043 51.531879781000043)",Unfall 201528 (2020) Kat:3, Licht: 0,201528,3,3,5,01,14,4,0,0,0,1,0,0,0,0
"POINT (7.505803603000061 51.486096858000053)",Unfall 201578 (2020) Kat:2, Licht: 2,201578,2,2,6,01,18,4,1,2,0,1,1,0,0,0
"POINT (7.557311127000048 51.518720710000082)",Unfall 201643 (2020) Kat:2, Licht: 0,201643,2,7,0,01,15,1,0,0,0,1,1,0,0,0
"POINT (7.454440023000075 51.525910054000065)",Unfall 201703 (2020) Kat:3, Licht: 0,201703,3,3,5,01,15,7,0,0,0,1,0,0,0,0
"POINT (7.472448338000049 51.535225567000055)",Unfall 201706 (2020) Kat:3, Licht: 0,201706,3,6,2,01,10,7,1,0,0,1,0,0,0,0
"POINT (7.437503118000052 51.467720354000051)",Unfall 201818 (2020) Kat:3, Licht: 2,201818,3,4,6,01,20,6,0,2,0,1,1,0,0,0
"POINT (7.453493807000029 51.519456955000067)",Unfall 201819 (2020) Kat:3, Licht: 2,201819,3,2,6,01,07,6,0,2,0,0,1,0,0,1
"POINT (7.446471367000072 51.531617717000074)",Unfall 201820 (2020) Kat:3, Licht: 2,201820,3,3,5,01,20,6,1,2,0,0,0,0,1,1
"POINT (7.458021964000068 51.582353001000058)",Unfall 201908 (2020) Kat:3, Licht: 2,201908,3,4,6,01,18,5,0,2,0,1,1,0,0,0
"POINT (7.531435133000059 51.530397162000042)",Unfall 201974 (2020) Kat:3, Licht: 0,201974,3,3,5,01,09,6,0,0,0,1,0,0,0,1