WKT,Name,OBJECTID,UKATEGORIE,UTYP1,UART,UMONAT,USTUNDE,UWOCHENTAG,STRZUSTAND,ULICHTVERH,ISTRAD,ISTPKW,ISTFUSS,ISTKRAD,ISTGKFZ,ISTSONSTIG
"POINT (7.525384652000071 51.509563217000050)",Unfall 202009 (2020) Kat:3, Licht: 0,202009,3,2,5,01,11,7,0,0,1,1,0,0,0,0
"POINT (7.485789981000039 51.501482672000066)",Unfall 202064 (2020) Kat:3, Licht: 0,202064,3,6,1,01,09,5,0,0,0,1,0,0,0,0
"POINT (7.458482414000059 51.466426159000036)",Unfall 202071 (2020) Kat:2, Licht: 0,202071,2,7,0,01,12,3,0,0,0,0,1,0,0,1
"POINT (7.403212243000041 51.533298915000046)",Unfall 202078 (2020) Kat:3, Licht: 2,202078,3,4,6,01,07,6,0,2,0,1,1,0,0,0
"POINT (7.464902078000023 51.547265175000064)",Unfall 202081 (2020) Kat:3, Licht: 2,202081,3,2,6,01,07,3,1,2,0,1,1,0,0,0
"POINT (7.362837401000036 51.496865171000081)",Unfall 202180 (2020) Kat:3, Licht: 2,202180,3,1,0,01,20,4,1,2,0,0,0,1,0,0
"POINT (7.456819968000048 51.539586413000052)",Unfall 202183 (2020) Kat:2, Licht: 2,202183,2,2,5,01,19,4,0,2,0,1,0,0,0,0
"POINT (7.413426223000045 51.524286793000044)",Unfall 202204 (2020) Kat:3, Licht: 2,202204,3,6,4,01,17,2,1,2,0,1,0,0,1,0
"POINT (7.495320243000037 51.452965020000079)",Unfall 202280 (2020) Kat:3, Licht: 0,202280,3,7,6,01,12,5,0,0,0,1,1,0,0,0
"POINT (7.542170907000070 51.537598751000075)",Unfall 202289 (2020) Kat:3, Licht: 0,202289,3,2,3,01,14,3,1,0,1,0,0,0,0,1
"POINT (7.466434027000048 51.522718816000065)",Unfall 202291 (2020) Kat:3, Licht: 0,202291,3,3,5,01,14,3,0,0,0,1,0,0,0,0
"POINT (7.481990478000057 51.476141616000064)",Unfall 202303 (2020) Kat:2, Licht: 0,202303,2,3,0,01,13,5,0,0,0,1,0,0,0,0
"POINT (7.457490928000027 51.582443069000078)",Unfall 202358 (2020) Kat:3, Licht: 0,202358,3,6,1,01,13,1,0,0,1,1,0,0,0,0
"POINT (7.534161119000032 51.510510006000061)",Unfall 202361 (2020) Kat:3, Licht: 0,202361,3,3,5,01,12,5,0,0,1,1,0,0,0,0
"POINT (7.482205524000051 51.514082006000081)",Unfall 202373 (2020) Kat:3, Licht: 0,202373,3,1,5,02,16,3,0,0,0,1,0,0,0,1
"POINT (7.452728087000025 51.499241062000067)",Unfall 202422 (2020) Kat:3, Licht: 2,202422,3,2,6,02,19,7,1,2,0,1,1,0,0,0
"POINT (7.457777666000027 51.550230856000042)",Unfall 202430 (2020) Kat:3, Licht: 0,202430,3,7,6,02,16,2,1,0,0,1,1,0,0,0
"POINT (7.467859496000074 51.507865902000049)",Unfall 202458 (2020) Kat:2, Licht: 0,202458,2,1,0,01,12,6,1,0,0,0,0,0,0,1
"POINT (7.455921688000046 51.513109138000061)",Unfall 202459 (2020) Kat:3, Licht: 0,202459,3,3,5,02,14,1,1,0,1,1,0,0,0,0
"POINT (7.500111006000054 51.487162978000072)",Unfall 202474 (2020) Kat:2, Licht: 0,202474,2,1,6,02,18,3,0,0,0,1,1,0,0,0
"POINT (7.543603814000051 51.551510271000041)",Unfall 202520 (2020) Kat:2, Licht: 0,202520,2,7,6,02,10,2,1,0,0,1,1,0,0,0
"POINT (7.454570157000035 51.504866777000075)",Unfall 202575 (2020) Kat:3, Licht: 0,202575,3,1,0,02,14,7,1,0,0,0,0,0,0,1
"POINT (7.438974001000076 51.481803148000040)",Unfall 202582 (2020) Kat:3, Licht: 0,202582,3,3,5,02,10,2,0,0,0,1,0,0,0,1
"POINT (7.503516320000074 51.485566824000045)",Unfall 202679 (2020) Kat:3, Licht: 0,202679,3,1,0,02,11,5,0,0,1,1,0,0,0,0
"POINT (7.416328951000025 51.492256516000054)",Unfall 202749 (2020) Kat:3, Licht: 0,202749,3,7,6,02,10,7,0,0,0,1,1,0,0,0
"POINT (7.482199934000050 51.514056760000074)",Unfall 202770 (2020) Kat:3, Licht: 0,202770,3,2,0,02,15,7,0,0,0,1,0,0,0,1
"POINT (7.551440862000050 51.535272415000065)",Unfall 202785 (2020) Kat:3, Licht: 0,202785,3,3,5,02,11,6,0,0,0,1,0,0,0,0
"POINT (7.476321160000055 51.499379952000027)",Unfall 202787 (2020) Kat:3, Licht: 0,202787,3,7,8,02,12,6,0,0,0,1,0,0,0,0
"POINT (7.424217503000023 51.518450333000033)",Unfall 202885 (2020) Kat:3, Licht: 1,202885,3,1,1,02,17,3,1,1,0,1,0,0,0,0
"POINT (7.463386184000058 51.546156792000033)",Unfall 202887 (2020) Kat:3, Licht: 2,202887,3,7,0,02,05,3,1,2,0,0,0,1,0,0
"POINT (7.511206963000063 51.524269123000067)",Unfall 202919 (2020) Kat:3, Licht: 0,202919,3,6,0,02,09,4,1,0,0,0,0,1,0,1
"POINT (7.470454856000060 51.516445907000048)",Unfall 202952 (2020) Kat:3, Licht: 0,202952,3,7,0,02,10,5,1,0,0,1,0,1,0,0
"POINT (7.459848062000049 51.519551112000045)",Unfall 202971 (2020) Kat:3, Licht: 1,202971,3,1,0,02,18,6,0,1,0,1,1,0,0,0
"POINT (7.462463202000038 51.510146408000026)",Unfall 203037 (2020) Kat:3, Licht: 2,203037,3,1,2,02,06,2,1,2,0,1,0,0,0,0
"POINT (7.422549631000038 51.507107995000069)",Unfall 203055 (2020) Kat:3, Licht: 2,203055,3,1,0,02,19,5,1,2,1,0,0,0,0,0
"POINT (7.464254011000037 51.493371679000063)",Unfall 203060 (2020) Kat:3, Licht: 2,203060,3,7,6,02,19,6,0,2,0,1,1,0,0,0
"POINT (7.440544339000041 51.531412057000068)",Unfall 203095 (2020) Kat:2, Licht: 2,203095,2,1,9,02,19,1,1,2,0,1,0,0,0,0
"POINT (7.455858073000059 51.530403595000053)",Unfall 203101 (2020) Kat:3, Licht: 2,203101,3,4,6,02,20,1,1,2,0,1,1,0,0,0
"POINT (7.507640478000042 51.493053918000044)",Unfall 203132 (2020) Kat:3, Licht: 0,203132,3,1,1,02,08,2,0,0,0,1,0,0,0,0
"POINT (7.491247262000059 51.506823646000043)",Unfall 203134 (2020) Kat:3, Licht: 2,203134,3,3,5,02,20,5,1,2,1,1,0,0,0,0
"POINT (7.466217399000072 51.526698280000062)",Unfall 203140 (2020) Kat:3, Licht: 0,203140,3,3,5,02,13,2,0,0,0,1,0,0,0,0
"POINT (7.483270404000052 51.527918296000053)",Unfall 203142 (2020) Kat:3, Licht: 0,203142,3,4,6,02,15,2,1,0,0,1,1,0,0,0
"POINT (7.482613051000044 51.513124738000045)",Unfall 203160 (2020) Kat:3, Licht: 2,203160,3,1,1,02,02,5,1,2,0,1,0,0,0,1
"POINT (7.492047904000060 51.513384995000081)",Unfall 203198 (2020) Kat:3, Licht: 0,203198,3,3,0,02,15,4,0,0,1,1,0,0,0,0
"POINT (7.454440023000075 51.525910054000065)",Unfall 203199 (2020) Kat:3, Licht: 0,203199,3,2,1,02,07,4,1,0,1,1,0,0,0,0
"POINT (7.452835579000066 51.500946101000068)",Unfall 203201 (2020) Kat:3, Licht: 0,203201,3,6,2,02,14,4,0,0,0,1,0,0,0,1
"POINT (7.487332659000060 51.462108433000026)",Unfall 203212 (2020) Kat:2, Licht: 0,203212,2,7,6,02,10,1,0,0,0,1,1,0,0,0
"POINT (7.488574631000063 51.520982449000030)",Unfall 203218 (2020) Kat:2, Licht: 2,203218,2,4,6,02,03,1,0,2,0,1,1,0,0,0
"POINT (7.500583793000033 51.488241397000081)",Unfall 203284 (2020) Kat:3, Licht: 0,203284,3,3,0,02,09,3,0,0,0,1,0,0,0,1
"POINT (7.469375793000040 51.551908626000056)",Unfall 203286 (2020) Kat:3, Licht: 0,203286,3,1,9,02,16,3,0,0,1,0,0,0,0,0
"POINT (7.460633978000033 51.512519913000062)",Unfall 203288 (2020) Kat:3, Licht: 2,203288,3,1,8,02,22,3,0,2,0,1,0,0,0,0
"POINT (7.519717170000035 51.516513601000042)",Unfall 203378 (2020) Kat:3, Licht: 0,203378,3,4,6,02,15,5,0,0,0,1,1,0,0,0
"POINT (7.534863495000025 51.496958996000046)",Unfall 203381 (2020) Kat:3, Licht: 2,203381,3,1,1,02,23,5,1,2,0,1,0,0,0,0
"POINT (7.320443007000051 51.507476235000070)",Unfall 203386 (2020) Kat:3, Licht: 2,203386,3,2,5,02,19,3,1,2,0,1,0,0,0,0
"POINT (7.369530927000028 51.524930905000076)",Unfall 203404 (2020) Kat:3, Licht: 0,203404,3,3,5,02,08,4,1,0,1,1,0,0,0,0
"POINT (7.478296655000065 51.524522462000050)",Unfall 203437 (2020) Kat:3, Licht: 0,203437,3,2,5,02,14,3,0,0,1,1,0,0,0,0
"POINT (7.583743767000044 51.549146982000082)",Unfall 203504 (2020) Kat:3, Licht: 0,203504,3,3,0,02,14,6,0,0,0,1,0,0,0,0
"POINT (7.352721631000065 51.486483682000028)",Unfall 203542 (2020) Kat:3, Licht: 2,203542,3,1,9,02,18,1,1,2,0,1,0,0,0,0
"POINT (7.456784961000039 51.539594267000041)",Unfall 203544 (2020) Kat:3, Licht: 0,203544,3,3,5,02,11,3,0,0,1,1,0,0,0,0
"POINT (7.507254691000071 51.496235335000051)",Unfall 203595 (2020) Kat:2, Licht: 0,203595,2,1,7,02,10,3,1,0,0,1,0,0,0,0
"POINT (7.518042435000041 51.525892457000054)",Unfall 203643 (2020) Kat:2, Licht: 2,203643,2,2,6,02,20,7,1,2,0,1,1,0,0,0
"POINT (7.407387719000042 51.457783765000045)",Unfall 203652 (2020) Kat:2, Licht: 0,203652,2,7,0,03,15,2,0,0,1,0,0,0,0,0
"POINT (7.548142604000077 51.536364788000071)",Unfall 203653 (2020) Kat:3, Licht: 0,203653,3,5,8,03,11,2,0,0,0,1,0,0,0,0
"POINT (7.422948037000026 51.518022821000045)",Unfall 203694 (2020) Kat:3, Licht: 0,203694,3,3,5,03,12,1,0,0,0,1,0,0,0,0
"POINT (7.596817500000043 51.479327456000078)",Unfall 203696 (2020) Kat:3, Licht: 0,203696,3,7,5,03,11,1,0,0,0,1,0,0,0,0
"POINT (7.488276334000034 51.519393619000027)",Unfall 203697 (2020) Kat:3, Licht: 0,203697,3,6,4,03,17,1,0,0,0,1,0,0,0,0
"POINT (7.456667272000061 51.526081452000028)",Unfall 203734 (2020) Kat:2, Licht: 0,203734,2,3,5,02,17,7,1,0,1,1,0,0,0,0
"POINT (7.452687082000068 51.523860483000078)",Unfall 203735 (2020) Kat:3, Licht: 2,203735,3,1,0,02,18,7,1,2,1,0,0,0,0,0
"POINT (7.413481317000048 51.524196205000067)",Unfall 203828 (2020) Kat:3, Licht: 0,203828,3,6,1,02,15,5,1,0,0,1,0,0,1,0
"POINT (7.368280217000063 51.563860357000067)",Unfall 203833 (2020) Kat:3, Licht: 2,203833,3,3,5,02,22,5,1,2,0,1,0,0,0,0
"POINT (7.457878461000064 51.519974895000075)",Unfall 203837 (2020) Kat:3, Licht: 0,203837,3,2,4,02,14,5,1,0,0,1,0,0,0,0
"POINT (7.383764733000021 51.554283375000068)",Unfall 203884 (2020) Kat:3, Licht: 0,203884,3,3,5,02,13,6,0,0,0,1,0,1,0,0
"POINT (7.393733229000077 51.559917545000076)",Unfall 203942 (2020) Kat:2, Licht: 2,203942,2,7,8,03,19,1,1,2,1,0,0,0,0,0
"POINT (7.469111876000056 51.505719884000030)",Unfall 203954 (2020) Kat:3, Licht: 0,203954,3,3,5,03,07,5,1,0,0,1,0,0,0,0
"POINT (7.476316911000026 51.541156683000054)",Unfall 203972 (2020) Kat:3, Licht: 0,203972,3,1,1,03,12,6,1,0,0,1,0,0,0,0
"POINT (7.448055408000073 51.526235029000077)",Unfall 203992 (2020) Kat:3, Licht: 0,203992,3,7,1,03,10,5,1,0,0,1,0,1,0,0
"POINT (7.497226083000044 51.498869667000065)",Unfall 204001 (2020) Kat:3, Licht: 2,204001,3,2,5,03,19,4,0,2,1,1,0,0,0,0
"POINT (7.459688478000032 51.505246423000074)",Unfall 204009 (2020) Kat:3, Licht: 0,204009,3,6,2,03,14,4,0,0,0,1,0,0,0,0
"POINT (7.373981664000041 51.516093098000056)",Unfall 204047 (2020) Kat:3, Licht: 0,204047,3,3,5,03,08,5,1,0,1,1,0,0,0,0
"POINT (7.465679543000022 51.529197056000044)",Unfall 204132 (2020) Kat:3, Licht: 0,204132,3,4,6,03,14,6,0,0,0,1,1,0,0,0
"POINT (7.453104375000066 51.512963667000065)",Unfall 204153 (2020) Kat:3, Licht: 0,204153,3,1,0,03,12,5,0,0,1,0,0,0,0,0
"POINT (7.535622706000027 51.520438584000033)",Unfall 204229 (2020) Kat:3, Licht: 0,204229,3,3,5,03,12,5,0,0,0,1,0,0,0,0
"POINT (7.470409461000031 51.522856088000026)",Unfall 204234 (2020) Kat:3, Licht: 0,204234,3,6,1,03,16,5,0,0,0,1,0,0,0,0
"POINT (7.455585180000071 51.514410892000058)",Unfall 204236 (2020) Kat:3, Licht: 2,204236,3,3,5,03,19,5,1,2,1,1,0,0,0,0
"POINT (7.549834843000042 51.505443479000064)",Unfall 204263 (2020) Kat:3, Licht: 0,204263,3,7,6,03,10,6,0,0,0,1,1,0,0,0
"POINT (7.490058056000066 51.506846944000074)",Unfall 204268 (2020) Kat:3, Licht: 0,204268,3,3,5,03,12,6,1,0,1,1,0,0,0,0
"POINT (7.496864899000059 51.468227031000026)",Unfall 204339 (2020) Kat:3, Licht: 0,204339,3,7,6,03,17,4,1,0,0,0,1,0,0,1
"POINT (7.473745522000058 51.520276969000065)",Unfall 204341 (2020) Kat:3, Licht: 0,204341,3,1,4,03,10,4,1,0,0,1,0,0,0,0
"POINT (7.383184393000022 51.573144258000070)",Unfall 204352 (2020) Kat:3, Licht: 2,204352,3,3,5,03,19,2,1,2,0,1,0,1,0,0
"POINT (7.491871180000032 51.549904899000069)",Unfall 204355 (2020) Kat:3, Licht: 2,204355,3,2,5,03,19,2,0,2,0,1,0,0,0,1
"POINT (7.470579225000051 51.522835800000053)",Unfall 204360 (2020) Kat:3, Licht: 0,204360,3,4,6,03,13,2,0,0,0,1,1,0,0,0
"POINT (7.537144638000029 51.497040175000052)",Unfall 204405 (2020) Kat:3, Licht: 0,204405,3,5,1,03,08,3,1,0,0,1,0,0,0,1
"POINT (7.555075954000074 51.496023903000037)",Unfall 204408 (2020) Kat:3, Licht: 0,204408,3,6,2,03,13,3,1,0,0,1,0,0,0,0
"POINT (7.459057220000034 51.525058992000027)",Unfall 204411 (2020) Kat:3, Licht: 0,204411,3,4,6,03,17,3,1,0,0,1,1,0,0,0
"POINT (7.482031665000022 51.511581560000081)",Unfall 204412 (2020) Kat:2, Licht: 0,204412,2,3,5,03,14,3,1,0,0,1,0,0,0,0
"POINT (7.442890359000046 51.474055966000037)",Unfall 204481 (2020) Kat:3, Licht: 0,204481,3,3,5,03,14,2,0,0,0,1,0,0,0,0
"POINT (7.523907071000053 51.501811039000074)",Unfall 204584 (2020) Kat:3, Licht: 0,204584,3,3,0,03,11,3,0,0,1,1,0,0,0,0
"POINT (7.463499229000036 51.515109920000043)",Unfall 204599 (2020) Kat:2, Licht: 0,204599,2,5,3,03,11,4,0,0,1,1,0,0,0,0
"POINT (7.477686497000036 51.485240014000055)",Unfall 204671 (2020) Kat:3, Licht: 2,204671,3,7,0,03,23,7,0,2,0,1,0,0,0,1
"POINT (7.494182352000053 51.511417213000072)",Unfall 204673 (2020) Kat:2, Licht: 0,204673,2,5,1,03,12,7,0,0,1,1,0,0,0,0
"POINT (7.458041661000038 51.504219411000065)",Unfall 204675 (2020) Kat:3, Licht: 2,204675,3,1,0,03,02,7,0,2,0,0,0,0,0,1
"POINT (7.479900097000041 51.485599364000052)",Unfall 204689 (2020) Kat:3, Licht: 2,204689,3,2,2,03,19,3,0,2,0,1,0,1,0,0
"POINT (7.344459780000022 51.487830377000080)",Unfall 204769 (2020) Kat:3, Licht: 0,204769,3,7,0,03,16,7,0,0,0,0,0,1,0,0
"POINT (7.518893372000036 51.512699553000061)",Unfall 204811 (2020) Kat:3, Licht: 0,204811,3,3,5,03,07,2,0,0,1,0,0,1,0,0
"POINT (7.532244473000048 51.529343840000081)",Unfall 204813 (2020) Kat:3, Licht: 0,204813,3,2,5,03,12,2,0,0,0,1,0,0,0,1
"POINT (7.556923959000073 51.493148977000033)",Unfall 204870 (2020) Kat:3, Licht: 0,204870,3,1,6,03,10,5,0,0,0,1,1,0,0,0
"POINT (7.512677379000024 51.441910975000042)",Unfall 204912 (2020) Kat:3, Licht: 0,204912,3,1,0,03,15,4,0,0,1,0,0,0,0,0
"POINT (7.591614370000059 51.550222936000068)",Unfall 204960 (2020) Kat:3, Licht: 0,204960,3,7,6,04,15,6,0,0,0,1,1,0,0,0
"POINT (7.487209000000064 51.511800930000049)",Unfall 204976 (2020) Kat:3, Licht: 0,204976,3,2,6,04,15,2,0,0,0,1,1,0,0,0
"POINT (7.490360819000046 51.553389248000030)",Unfall 204990 (2020) Kat:3, Licht: 0,204990,3,1,5,04,14,4,0,0,0,1,0,1,0,0
"POINT (7.474443976000032 51.511793826000030)",Unfall 205079 (2020) Kat:3, Licht: 0,205079,3,1,0,04,16,2,0,0,0,1,0,0,0,0
"POINT (7.390452646000028 51.493168684000068)",Unfall 205082 (2020) Kat:3, Licht: 2,205082,3,1,9,04,02,7,0,2,0,1,0,0,0,0
"POINT (7.508459991000052 51.493163778000053)",Unfall 205094 (2020) Kat:3, Licht: 0,205094,3,3,5,04,17,4,0,0,1,1,0,0,0,0
"POINT (7.398163160000024 51.533587223000040)",Unfall 205102 (2020) Kat:3, Licht: 0,205102,3,7,0,04,18,7,0,0,0,1,1,0,0,0
"POINT (7.526215262000051 51.568123817000071)",Unfall 205118 (2020) Kat:3, Licht: 0,205118,3,2,5,04,16,2,0,0,1,1,0,0,0,0
"POINT (7.472454416000062 51.558982618000073)",Unfall 205181 (2020) Kat:3, Licht: 0,205181,3,4,6,04,17,2,0,0,0,1,1,0,0,0
"POINT (7.514449213000034 51.508367658000054)",Unfall 205188 (2020) Kat:2, Licht: 0,205188,2,3,5,04,07,4,0,0,1,1,0,0,0,0
"POINT (7.412699479000025 51.500609222000037)",Unfall 205194 (2020) Kat:3, Licht: 0,205194,3,6,2,04,19,4,0,0,1,1,0,0,0,0
"POINT (7.594364399000028 51.521718839000073)",Unfall 205257 (2020) Kat:2, Licht: 0,205257,2,7,6,04,19,1,0,0,1,0,1,0,0,0
"POINT (7.513000347000059 51.504010101000063)",Unfall 205259 (2020) Kat:3, Licht: 0,205259,3,2,5,04,13,1,0,0,1,1,0,0,0,0
"POINT (7.511131267000053 51.545207201000039)",Unfall 205261 (2020) Kat:3, Licht: 0,205261,3,7,0,04,03,1,0,0,0,1,0,0,0,0
"POINT (7.437377462000029 51.513830184000028)",Unfall 205262 (2020) Kat:3, Licht: 0,205262,3,1,9,04,17,1,0,0,0,1,0,0,0,0
"POINT (7.373537044000045 51.540213235000067)",Unfall 205300 (2020) Kat:3, Licht: 0,205300,3,6,0,04,17,5,0,0,1,1,0,0,0,0
"POINT (7.503697792000025 51.485364852000032)",Unfall 205305 (2020) Kat:3, Licht: 0,205305,3,6,2,04,15,3,0,0,0,1,0,1,0,0
"POINT (7.463011914000049 51.541975118000039)",Unfall 205318 (2020) Kat:3, Licht: 0,205318,3,3,5,04,13,5,0,0,0,1,0,0,1,0
"POINT (7.546965494000062 51.557779815000060)",Unfall 205362 (2020) Kat:3, Licht: 0,205362,3,2,6,04,18,7,0,0,0,1,1,0,0,0
"POINT (7.346364735000066 51.498959455000033)",Unfall 205406 (2020) Kat:3, Licht: 0,205406,3,3,5,04,16,2,0,0,1,1,0,0,0,0
"POINT (7.322993179000036 51.494732057000078)",Unfall 205412 (2020) Kat:3, Licht: 0,205412,3,3,5,04,13,6,0,0,0,1,0,1,0,0
"POINT (7.443546785000024 51.521670520000043)",Unfall 205414 (2020) Kat:2, Licht: 0,205414,2,1,9,04,14,6,0,0,0,1,0,0,0,0
"POINT (7.450094367000077 51.501264823000042)",Unfall 205556 (2020) Kat:3, Licht: 0,205556,3,7,0,04,20,5,0,0,1,1,0,0,0,0
"POINT (7.519391347000067 51.512751992000062)",Unfall 205570 (2020) Kat:3, Licht: 0,205570,3,7,1,04,11,7,0,0,0,1,0,0,0,1
"POINT (7.490355108000074 51.447529586000030)",Unfall 205599 (2020) Kat:3, Licht: 0,205599,3,1,0,04,15,1,0,0,1,0,0,0,0,0
"POINT (7.439006834000054 51.473931194000045)",Unfall 205659 (2020) Kat:3, Licht: 0,205659,3,2,5,04,11,4,0,0,1,1,0,0,0,0
"POINT (7.508094215000028 51.520831902000054)",Unfall 205775 (2020) Kat:3, Licht: 0,205775,3,2,5,04,17,4,0,0,1,1,0,0,0,0
"POINT (7.467173283000022 51.524951870000052)",Unfall 205776 (2020) Kat:3, Licht: 0,205776,3,4,0,04,17,4,0,0,0,1,1,0,0,0
"POINT (7.478770499000063 51.476174609000054)",Unfall 205836 (2020) Kat:3, Licht: 0,205836,3,3,0,04,12,5,0,0,0,1,0,0,0,1
"POINT (7.544763286000034 51.497894590000044)",Unfall 205843 (2020) Kat:3, Licht: 0,205843,3,2,5,04,14,5,0,0,1,0,0,0,0,1
"POINT (7.461774825000020 51.516084505000038)",Unfall 205845 (2020) Kat:3, Licht: 0,205845,3,3,0,04,16,5,0,0,0,1,0,0,0,0
"POINT (7.448462278000022 51.467887062000045)",Unfall 205875 (2020) Kat:3, Licht: 0,205875,3,3,5,04,10,3,0,0,1,1,0,0,0,0
"POINT (7.504673178000076 51.528874418000044)",Unfall 205876 (2020) Kat:2, Licht: 0,205876,2,1,9,04,14,3,0,0,0,1,0,0,0,0
"POINT (7.475857328000075 51.520552447000057)",Unfall 205960 (2020) Kat:3, Licht: 0,205960,3,4,6,04,14,2,0,0,0,1,1,0,0,0
"POINT (7.491241726000055 51.470132075000038)",Unfall 205983 (2020) Kat:3, Licht: 0,205983,3,4,6,04,14,7,0,0,0,1,1,0,0,0
"POINT (7.434322964000046 51.576361837000036)",Unfall 205985 (2020) Kat:3, Licht: 2,205985,3,1,8,04,22,7,0,2,0,1,0,0,0,0
"POINT (7.456416592000039 51.554486499000063)",Unfall 205987 (2020) Kat:3, Licht: 0,205987,3,3,5,04,20,7,0,0,0,1,0,0,0,0
"POINT (7.539328452000063 51.555598834000079)",Unfall 206002 (2020) Kat:3, Licht: 0,206002,3,2,6,04,11,3,0,0,0,1,1,0,0,0
"POINT (7.476681788000064 51.525083800000061)",Unfall 206013 (2020) Kat:3, Licht: 0,206013,3,6,4,04,16,2,0,0,1,1,0,0,0,0
"POINT (7.379119657000047 51.583890166000060)",Unfall 206051 (2020) Kat:3, Licht: 0,206051,3,6,2,04,13,2,0,0,1,0,0,0,0,0
"POINT (7.372398241000042 51.519579396000040)",Unfall 206118 (2020) Kat:3, Licht: 0,206118,3,6,2,04,14,2,0,0,0,1,0,0,0,0
"POINT (7.572262305000038 51.489951042000030)",Unfall 206207 (2020) Kat:3, Licht: 0,206207,3,3,5,04,16,6,0,0,0,0,0,1,0,1
"POINT (7.390452646000028 51.493168684000068)",Unfall 206208 (2020) Kat:3, Licht: 0,206208,3,2,5,04,17,2,0,0,1,1,0,0,0,0
"POINT (7.488118648000068 51.519145582000078)",Unfall 206209 (2020) Kat:3, Licht: 0,206209,3,6,2,04,12,6,0,0,0,1,0,0,0,1
"POINT (7.468777842000065 51.535093641000060)",Unfall 206215 (2020) Kat:3, Licht: 0,206215,3,2,4,04,17,6,0,0,0,1,0,1,0,0
"POINT (7.475892852000072 51.516456298000037)",Unfall 206217 (2020) Kat:3, Licht: 0,206217,3,3,0,04,14,6,0,0,1,1,0,0,0,0
"POINT (7.338054241000066 51.502802646000077)",Unfall 206286 (2020) Kat:3, Licht: 0,206286,3,6,2,05,16,2,0,0,0,0,0,1,0,1
"POINT (7.512109259000056 51.537432801000080)",Unfall 206287 (2020) Kat:3, Licht: 1,206287,3,7,0,05,05,2,1,1,0,0,0,1,1,0
"POINT (7.483839147000026 51.553493698000068)",Unfall 206291 (2020) Kat:3, Licht: 0,206291,3,6,3,05,12,2,0,0,0,1,0,0,0,0
"POINT (7.489639163000049 51.498904418000052)",Unfall 206292 (2020) Kat:3, Licht: 0,206292,3,2,5,05,07,2,0,0,1,1,0,0,0,0
"POINT (7.479329824000047 51.512666725000031)",Unfall 206294 (2020) Kat:3, Licht: 0,206294,3,1,0,05,13,2,0,0,1,0,0,0,0,0
"POINT (7.507898088000047 51.513213455000027)",Unfall 206308 (2020) Kat:3, Licht: 0,206308,3,6,2,04,07,5,1,0,0,1,0,0,0,0
"POINT (7.484507087000054 51.553338025000073)",Unfall 206344 (2020) Kat:3, Licht: 0,206344,3,3,5,05,17,3,0,0,1,1,0,0,0,0
"POINT (7.497988981000049 51.489506074000076)",Unfall 206354 (2020) Kat:3, Licht: 0,206354,3,7,0,05,15,1,0,0,0,0,0,0,0,1
"POINT (7.444582576000073 51.523994530000039)",Unfall 206355 (2020) Kat:3, Licht: 0,206355,3,6,2,05,12,3,0,0,0,1,0,0,0,0
"POINT (7.424781538000048 51.521826289000046)",Unfall 206467 (2020) Kat:3, Licht: 0,206467,3,6,2,04,15,4,0,0,0,1,0,0,0,0
"POINT (7.380189697000049 51.528828721000082)",Unfall 206470 (2020) Kat:3, Licht: 0,206470,3,7,0,04,14,4,0,0,0,1,1,0,0,0
"POINT (7.449581880000039 51.522509791000061)",Unfall 206476 (2020) Kat:3, Licht: 0,206476,3,5,1,04,10,4,1,0,1,1,0,0,0,0
"POINT (7.452687082000068 51.523860483000078)",Unfall 206501 (2020) Kat:3, Licht: 2,206501,3,7,6,05,08,7,0,2,0,0,1,0,0,1
"POINT (7.403604503000054 51.501434664000044)",Unfall 206506 (2020) Kat:3, Licht: 0,206506,3,7,8,05,14,6,0,0,0,1,0,0,0,0
"POINT (7.506065477000050 51.476140030000067)",Unfall 206595 (2020) Kat:3, Licht: 0,206595,3,4,0,05,16,5,0,0,0,1,1,0,0,0
"POINT (7.448112630000026 51.514382845000057)",Unfall 206601 (2020) Kat:3, Licht: 0,206601,3,3,5,05,13,5,0,0,1,1,0,0,0,0
"POINT (7.472389071000066 51.525169239000036)",Unfall 206610 (2020) Kat:3, Licht: 2,206610,3,1,1,05,22,6,0,2,0,1,0,0,0,0
"POINT (7.401577043000032 51.527075368000055)",Unfall 206611 (2020) Kat:3, Licht: 0,206611,3,6,3,05,16,4,0,0,1,1,0,0,0,0
"POINT (7.487518715000022 51.504767619000063)",Unfall 206618 (2020) Kat:3, Licht: 0,206618,3,3,5,05,17,4,0,0,0,1,0,1,0,0
"POINT (7.557835138000030 51.515088835000029)",Unfall 206651 (2020) Kat:3, Licht: 0,206651,3,1,1,05,13,6,0,0,0,1,0,1,0,0
"POINT (7.466214323000031 51.526716023000063)",Unfall 206718 (2020) Kat:3, Licht: 0,206718,3,3,5,05,10,6,0,0,1,1,0,0,0,0
"POINT (7.439567247000070 51.476274472000057)",Unfall 206807 (2020) Kat:3, Licht: 0,206807,3,7,0,05,10,4,0,0,0,1,1,0,0,0