WKT,Name,OBJECTID,UKATEGORIE,UTYP1,UART,UMONAT,USTUNDE,UWOCHENTAG,STRZUSTAND,ULICHTVERH,ISTRAD,ISTPKW,ISTFUSS,ISTKRAD,ISTGKFZ,ISTSONSTIG
"POINT (7.482328486000029 51.525287584000068)",Unfall 217077 (2020) Kat:3, Licht: 0,217077,3,3,0,10,17,4,0,0,1,1,0,0,0,0
"POINT (7.600359321000042 51.509078649000060)",Unfall 217109 (2020) Kat:3, Licht: 0,217109,3,2,5,10,12,6,1,0,0,0,0,0,0,1
"POINT (7.507901909000054 51.513214724000079)",Unfall 217133 (2020) Kat:3, Licht: 2,217133,3,3,5,10,17,2,0,2,1,1,0,0,0,0
"POINT (7.468529764000039 51.539579521000064)",Unfall 217183 (2020) Kat:3, Licht: 1,217183,3,2,2,10,17,2,0,1,0,1,0,1,0,0
"POINT (7.473274772000025 51.517411874000061)",Unfall 217199 (2020) Kat:3, Licht: 0,217199,3,7,0,10,13,7,0,0,0,0,0,1,0,0
"POINT (7.364196515000060 51.548051515000054)",Unfall 217238 (2020) Kat:3, Licht: 0,217238,3,1,9,10,11,2,0,0,0,1,0,0,0,0
"POINT (7.463698587000067 51.551173878000043)",Unfall 217288 (2020) Kat:3, Licht: 0,217288,3,6,2,10,14,2,0,0,0,1,0,0,0,0
"POINT (7.387080310000044 51.579743886000074)",Unfall 217370 (2020) Kat:3, Licht: 2,217370,3,1,1,10,21,6,1,2,1,1,0,0,0,0
"POINT (7.474692445000073 51.550969736000070)",Unfall 217375 (2020) Kat:3, Licht: 0,217375,3,3,5,10,09,6,1,0,0,1,0,0,0,0
"POINT (7.577683676000049 51.523592570000062)",Unfall 217411 (2020) Kat:3, Licht: 2,217411,3,2,5,10,17,5,1,2,0,1,0,0,0,1
"POINT (7.314162346000046 51.520699697000055)",Unfall 217524 (2020) Kat:3, Licht: 0,217524,3,7,6,10,12,4,0,0,0,1,1,0,0,0
"POINT (7.460517255000070 51.525203038000029)",Unfall 217526 (2020) Kat:3, Licht: 0,217526,3,3,5,10,13,4,0,0,1,1,0,0,0,0
"POINT (7.464069769000048 51.513962941000045)",Unfall 217529 (2020) Kat:3, Licht: 0,217529,3,7,0,10,16,4,0,0,0,1,1,0,0,0
"POINT (7.408334929000034 51.480653300000029)",Unfall 217530 (2020) Kat:3, Licht: 0,217530,3,7,0,10,14,4,0,0,0,1,1,0,0,0
"POINT (7.455108606000067 51.469350284000029)",Unfall 217588 (2020) Kat:3, Licht: 0,217588,3,3,5,10,07,3,1,0,0,1,0,0,0,0
"POINT (7.476117377000037 51.513738565000040)",Unfall 217591 (2020) Kat:3, Licht: 2,217591,3,7,7,10,05,3,1,2,1,0,0,0,0,0
"POINT (7.410589601000027 51.522954236000032)",Unfall 217685 (2020) Kat:3, Licht: 2,217685,3,6,2,11,18,4,0,2,0,1,0,0,0,1
"POINT (7.527421852000032 51.529077990000076)",Unfall 217754 (2020) Kat:3, Licht: 0,217754,3,3,5,11,13,3,0,0,0,0,0,0,1,1
"POINT (7.526801572000068 51.554254747000073)",Unfall 217993 (2020) Kat:3, Licht: 0,217993,3,1,8,11,16,6,0,0,0,1,0,0,0,0
"POINT (7.453518067000061 51.519342664000078)",Unfall 218097 (2020) Kat:3, Licht: 0,218097,3,2,3,11,12,5,0,0,0,1,0,0,0,1
"POINT (7.490597377000029 51.469348332000038)",Unfall 218148 (2020) Kat:3, Licht: 0,218148,3,6,2,11,08,5,0,0,0,1,0,0,0,0
"POINT (7.335133988000052 51.501530012000046)",Unfall 218151 (2020) Kat:3, Licht: 0,218151,3,7,5,11,07,3,0,0,1,1,0,0,0,0
"POINT (7.561965279000049 51.578910707000034)",Unfall 218167 (2020) Kat:1, Licht: 0,218167,1,7,8,11,10,3,0,0,0,1,0,0,0,0
"POINT (7.426786592000042 51.512174697000034)",Unfall 218180 (2020) Kat:3, Licht: 0,218180,3,6,2,11,09,3,0,0,0,1,0,0,0,0
"POINT (7.476400872000056 51.541139852000072)",Unfall 218185 (2020) Kat:3, Licht: 0,218185,3,6,3,11,10,5,1,0,0,1,0,0,0,0
"POINT (7.457640935000029 51.513941608000039)",Unfall 218188 (2020) Kat:3, Licht: 2,218188,3,1,6,11,17,3,0,2,1,0,1,0,0,0
"POINT (7.463455384000042 51.519595833000039)",Unfall 218212 (2020) Kat:3, Licht: 2,218212,3,6,2,11,21,6,1,2,0,1,0,0,0,0
"POINT (7.412646177000056 51.469782647000045)",Unfall 218238 (2020) Kat:2, Licht: 0,218238,2,3,5,11,14,5,0,0,0,1,0,0,0,0
"POINT (7.518041149000055 51.525894545000028)",Unfall 218297 (2020) Kat:3, Licht: 0,218297,3,3,5,11,11,4,0,0,0,1,0,0,0,0
"POINT (7.488898925000058 51.520251205000079)",Unfall 218302 (2020) Kat:3, Licht: 0,218302,3,3,5,11,08,4,0,0,0,1,0,0,0,0
"POINT (7.576301028000046 51.484313097000040)",Unfall 218320 (2020) Kat:2, Licht: 2,218320,2,6,2,11,17,6,0,2,1,1,0,0,0,0
"POINT (7.404569209000044 51.505006454000068)",Unfall 218343 (2020) Kat:3, Licht: 2,218343,3,5,1,11,20,5,0,2,1,0,0,0,1,0
"POINT (7.530953397000076 51.530973704000075)",Unfall 218428 (2020) Kat:3, Licht: 0,218428,3,1,7,11,16,1,0,0,1,1,0,0,0,0
"POINT (7.550662378000027 51.536896683000066)",Unfall 218456 (2020) Kat:3, Licht: 0,218456,3,3,0,11,09,2,0,0,0,1,0,0,0,0
"POINT (7.438135193000051 51.512548978000041)",Unfall 218471 (2020) Kat:3, Licht: 2,218471,3,6,2,11,18,1,1,2,0,1,0,0,0,0
"POINT (7.519529589000058 51.517368428000054)",Unfall 218550 (2020) Kat:3, Licht: 0,218550,3,3,5,11,15,2,0,0,0,1,0,0,0,0
"POINT (7.432440983000049 51.475416072000030)",Unfall 218559 (2020) Kat:3, Licht: 0,218559,3,2,6,11,14,7,0,0,0,1,1,0,0,0
"POINT (7.460135076000029 51.506473432000064)",Unfall 218561 (2020) Kat:3, Licht: 0,218561,3,4,0,11,11,7,0,0,0,1,1,0,0,0
"POINT (7.378450687000054 51.562102301000039)",Unfall 218646 (2020) Kat:3, Licht: 2,218646,3,3,5,11,17,1,1,2,0,1,0,0,0,0
"POINT (7.475432831000035 51.502317337000079)",Unfall 218650 (2020) Kat:3, Licht: 2,218650,3,7,0,11,18,6,0,2,1,1,0,0,0,0
"POINT (7.444077451000055 51.474052431000075)",Unfall 218669 (2020) Kat:3, Licht: 2,218669,3,3,5,11,21,1,1,2,1,1,0,0,0,0
"POINT (7.458800321000069 51.526235264000036)",Unfall 218677 (2020) Kat:3, Licht: 0,218677,3,2,6,11,13,2,0,0,0,1,1,0,0,0
"POINT (7.441546887000072 51.512744374000079)",Unfall 218723 (2020) Kat:3, Licht: 0,218723,3,4,6,11,13,2,0,0,0,1,1,0,0,0
"POINT (7.391205554000067 51.558184304000065)",Unfall 218779 (2020) Kat:3, Licht: 0,218779,3,4,0,11,15,2,0,0,0,0,1,0,0,1
"POINT (7.494961259000036 51.504885341000033)",Unfall 218829 (2020) Kat:3, Licht: 0,218829,3,6,2,11,08,2,1,0,0,1,0,0,0,0
"POINT (7.484218525000074 51.527234614000065)",Unfall 218845 (2020) Kat:3, Licht: 0,218845,3,7,8,11,15,7,0,0,0,1,0,0,0,1
"POINT (7.491288289000067 51.470039819000078)",Unfall 218865 (2020) Kat:3, Licht: 0,218865,3,4,6,11,12,5,1,0,0,1,1,0,0,0
"POINT (7.558386261000067 51.493835575000048)",Unfall 218870 (2020) Kat:2, Licht: 0,218870,2,7,0,11,10,5,0,0,0,1,0,0,0,1
"POINT (7.582450594000022 51.503466598000045)",Unfall 218874 (2020) Kat:3, Licht: 0,218874,3,6,2,11,13,5,0,0,0,1,0,0,0,0
"POINT (7.534575788000041 51.508272034000072)",Unfall 218882 (2020) Kat:3, Licht: 0,218882,3,2,4,11,10,3,0,0,0,1,0,0,0,0
"POINT (7.496470170000066 51.489107051000076)",Unfall 218960 (2020) Kat:3, Licht: 0,218960,3,1,0,11,13,6,0,0,0,1,1,0,0,0
"POINT (7.499827670000059 51.479298341000060)",Unfall 218970 (2020) Kat:3, Licht: 1,218970,3,1,2,11,07,2,0,1,0,1,0,0,0,0
"POINT (7.444109244000060 51.531529996000074)",Unfall 218985 (2020) Kat:3, Licht: 2,218985,3,3,5,11,19,4,0,2,0,1,0,0,0,0
"POINT (7.472190347000037 51.526173734000054)",Unfall 219060 (2020) Kat:3, Licht: 0,219060,3,6,1,11,07,2,0,0,0,1,0,0,0,0
"POINT (7.457729156000028 51.447493536000081)",Unfall 219064 (2020) Kat:3, Licht: 0,219064,3,6,2,11,12,6,0,0,0,1,0,0,0,0
"POINT (7.336333050000064 51.499148366000043)",Unfall 219150 (2020) Kat:3, Licht: 0,219150,3,3,6,12,10,6,1,0,0,1,1,0,0,0
"POINT (7.499134930000025 51.488680519000070)",Unfall 219152 (2020) Kat:3, Licht: 0,219152,3,4,6,12,14,6,0,0,0,1,1,0,0,0
"POINT (7.460757235000074 51.515162993000047)",Unfall 219154 (2020) Kat:2, Licht: 0,219154,2,5,6,12,09,6,0,0,0,1,1,0,0,0
"POINT (7.480103471000064 51.523977568000078)",Unfall 219248 (2020) Kat:3, Licht: 0,219248,3,1,0,12,08,3,1,0,0,0,0,1,0,0
"POINT (7.386470658000064 51.526335078000045)",Unfall 219256 (2020) Kat:3, Licht: 0,219256,3,2,6,12,12,3,1,0,0,1,1,0,0,0
"POINT (7.549205645000029 51.523005082000054)",Unfall 219340 (2020) Kat:3, Licht: 1,219340,3,2,6,12,08,4,0,1,0,1,1,0,0,0
"POINT (7.462317808000023 51.524302899000077)",Unfall 219345 (2020) Kat:3, Licht: 1,219345,3,4,6,12,16,4,0,1,0,1,1,0,0,0
"POINT (7.451814188000071 51.506934522000051)",Unfall 219347 (2020) Kat:3, Licht: 0,219347,3,4,6,12,10,4,0,0,1,0,1,0,0,0
"POINT (7.457005158000072 51.524200293000035)",Unfall 219429 (2020) Kat:3, Licht: 2,219429,3,2,6,12,23,4,0,2,0,0,1,0,0,1
"POINT (7.466771527000049 51.535102174000031)",Unfall 219431 (2020) Kat:3, Licht: 2,219431,3,2,5,12,17,5,0,2,0,1,0,0,0,0
"POINT (7.449522213000023 51.475099168000042)",Unfall 219449 (2020) Kat:3, Licht: 0,219449,3,3,5,12,13,2,1,0,1,1,0,0,0,0
"POINT (7.468176393000022 51.505581466000081)",Unfall 219456 (2020) Kat:3, Licht: 2,219456,3,2,6,12,07,2,1,2,0,1,1,0,0,0
"POINT (7.364669166000056 51.558033520000038)",Unfall 219660 (2020) Kat:2, Licht: 0,219660,2,1,0,12,14,7,1,0,0,0,0,1,0,0
"POINT (7.383771288000048 51.554273555000066)",Unfall 219715 (2020) Kat:3, Licht: 1,219715,3,3,5,12,16,3,1,1,0,1,0,0,0,0
"POINT (7.514939126000058 51.464813938000077)",Unfall 219716 (2020) Kat:3, Licht: 2,219716,3,1,8,12,18,3,1,2,0,0,0,1,0,0
"POINT (7.497329682000043 51.501295078000055)",Unfall 219718 (2020) Kat:3, Licht: 2,219718,3,2,2,12,17,3,1,2,0,1,0,0,0,0
"POINT (7.490128899000069 51.471985316000030)",Unfall 219734 (2020) Kat:3, Licht: 0,219734,3,1,2,12,13,4,1,0,1,1,0,0,0,0
"POINT (7.367483339000046 51.542021196000064)",Unfall 219811 (2020) Kat:3, Licht: 1,219811,3,3,3,12,16,2,1,1,1,1,0,0,0,0
"POINT (7.342294174000074 51.507791307000048)",Unfall 219825 (2020) Kat:3, Licht: 2,219825,3,7,0,12,21,6,1,2,0,0,0,0,0,1
"POINT (7.536027802000035 51.506195094000077)",Unfall 219827 (2020) Kat:3, Licht: 0,219827,3,2,3,12,08,6,0,0,0,1,0,0,1,0
"POINT (7.498721024000076 51.481766713000070)",Unfall 219834 (2020) Kat:3, Licht: 0,219834,3,2,6,12,10,6,0,0,0,1,1,0,0,0
"POINT (7.520503819000055 51.501314813000079)",Unfall 219883 (2020) Kat:3, Licht: 0,219883,3,3,5,12,13,7,0,0,1,1,0,0,0,0
"POINT (7.537073965000047 51.532917265000037)",Unfall 219935 (2020) Kat:3, Licht: 1,219935,3,4,6,12,08,4,1,1,0,1,1,0,0,0
"POINT (7.448590054000022 51.521293098000058)",Unfall 219941 (2020) Kat:3, Licht: 2,219941,3,3,5,12,18,3,0,2,1,1,0,0,0,0
"POINT (7.486883999000042 51.523842054000056)",Unfall 219976 (2020) Kat:3, Licht: 0,219976,3,6,2,12,11,1,0,0,0,1,0,0,0,0
"POINT (7.583288121000066 51.526577981000059)",Unfall 220006 (2020) Kat:3, Licht: 0,220006,3,6,3,12,13,5,1,0,1,1,0,0,0,0
"POINT (7.453105419000053 51.512948804000075)",Unfall 220012 (2020) Kat:2, Licht: 2,220012,2,3,5,12,18,5,0,2,1,1,0,0,0,0
"POINT (7.486377545000039 51.528748685000039)",Unfall 220022 (2020) Kat:3, Licht: 0,220022,3,6,4,12,12,6,0,0,0,1,0,0,0,0
"POINT (7.547005291000062 51.562012000000038)",Unfall 220084 (2020) Kat:2, Licht: 2,220084,2,1,8,12,17,1,0,2,0,0,0,0,0,1
"POINT (7.469459100000051 51.516844816000059)",Unfall 220135 (2020) Kat:3, Licht: 0,220135,3,7,0,12,16,1,0,0,1,0,1,0,0,0
"POINT (7.353649569000027 51.496618383000055)",Unfall 220236 (2020) Kat:2, Licht: 2,220236,2,7,6,12,17,7,1,2,0,1,1,0,0,0
"POINT (7.365316605000032 51.555153408000081)",Unfall 220265 (2020) Kat:3, Licht: 2,220265,3,2,5,12,17,6,1,2,0,1,0,1,0,0
"POINT (7.465751806000071 51.549517671000046)",Unfall 220267 (2020) Kat:3, Licht: 0,220267,3,2,4,12,16,6,1,0,0,1,0,0,0,0
"POINT (7.488754571000072 51.520230832000038)",Unfall 220294 (2020) Kat:3, Licht: 0,220294,3,2,5,12,10,5,1,0,1,1,0,0,0,0
"POINT (7.516863392000062 51.512483352000061)",Unfall 220335 (2020) Kat:3, Licht: 0,220335,3,3,5,12,16,4,0,0,0,1,0,0,0,0
"POINT (7.474831879000021 51.520729105000044)",Unfall 220336 (2020) Kat:3, Licht: 1,220336,3,4,6,12,08,4,0,1,0,1,1,0,0,0
"POINT (7.452588194000043 51.524206271000025)",Unfall 220338 (2020) Kat:3, Licht: 0,220338,3,7,0,12,15,4,1,0,0,1,1,0,0,0
"POINT (7.547250367000061 51.522701914000038)",Unfall 220371 (2020) Kat:3, Licht: 2,220371,3,3,5,12,22,3,0,2,0,1,0,0,0,0
"POINT (7.464661293000063 51.549355771000080)",Unfall 220428 (2020) Kat:3, Licht: 1,220428,3,3,5,12,16,2,0,1,1,1,0,0,0,0
"POINT (7.410648606000052 51.499832829000070)",Unfall 37137 (2021) Kat:3, Licht: 0,37137,3,7,2,6,17,4,0,0,0,1,0,1,0,0
"POINT (7.464727387000039 51.558347383000068)",Unfall 37141 (2021) Kat:2, Licht: 2,37141,2,1,9,9,0,4,0,2,0,1,0,0,0,0
"POINT (7.457901707000076 51.530649700000026)",Unfall 37155 (2021) Kat:3, Licht: 0,37155,3,2,5,2,13,5,0,0,0,1,0,0,0,1
"POINT (7.387259262000043 51.504311606000044)",Unfall 37157 (2021) Kat:3, Licht: 0,37157,3,6,2,4,14,5,1,0,0,1,0,0,0,1
"POINT (7.325931394000065 51.495041283000035)",Unfall 37169 (2021) Kat:3, Licht: 0,37169,3,2,5,9,13,3,0,0,0,1,0,0,0,0
"POINT (7.475422182000045 51.590071157000068)",Unfall 37172 (2021) Kat:2, Licht: 0,37172,2,3,4,5,15,2,0,0,1,1,0,0,0,0
"POINT (7.358191454000064 51.492956040000081)",Unfall 37178 (2021) Kat:3, Licht: 0,37178,3,6,2,6,17,2,0,0,0,1,0,0,0,0
"POINT (7.470685458000048 51.516756407000059)",Unfall 37185 (2021) Kat:3, Licht: 0,37185,3,3,5,9,15,2,0,0,0,1,0,0,0,1
"POINT (7.393180586000028 51.480226060000064)",Unfall 37197 (2021) Kat:3, Licht: 0,37197,3,2,5,9,18,7,0,0,1,1,0,0,0,0
"POINT (7.324235276000024 51.506769192000036)",Unfall 37204 (2021) Kat:3, Licht: 0,37204,3,3,5,12,12,1,1,0,0,1,0,0,0,0
"POINT (7.462097197000048 51.524534063000033)",Unfall 37208 (2021) Kat:3, Licht: 2,37208,3,4,6,11,20,2,0,2,0,1,1,0,0,0
"POINT (7.482258290000061 51.500463776000061)",Unfall 37225 (2021) Kat:3, Licht: 0,37225,3,6,2,6,17,3,0,0,0,1,0,0,0,0
"POINT (7.467859496000074 51.507865902000049)",Unfall 37230 (2021) Kat:2, Licht: 2,37230,2,4,6,12,7,4,1,2,0,1,1,0,0,0
"POINT (7.376359745000059 51.514812185000039)",Unfall 37242 (2021) Kat:3, Licht: 0,37242,3,6,2,4,16,2,0,0,0,1,0,0,0,1
"POINT (7.460132524000073 51.469572697000046)",Unfall 37243 (2021) Kat:3, Licht: 1,37243,3,1,9,6,3,6,0,1,0,1,0,0,0,0
"POINT (7.363030128000048 51.561517600000059)",Unfall 37251 (2021) Kat:3, Licht: 0,37251,3,2,5,6,10,7,0,0,0,1,0,0,0,0
"POINT (7.411918047000029 51.559264089000067)",Unfall 37261 (2021) Kat:3, Licht: 2,37261,3,6,9,12,23,1,1,2,0,1,0,0,0,1
"POINT (7.472993009000049 51.515035135000062)",Unfall 37277 (2021) Kat:3, Licht: 0,37277,3,6,2,2,12,5,1,0,0,1,0,0,0,1
"POINT (7.372382324000057 51.519578076000073)",Unfall 37278 (2021) Kat:3, Licht: 1,37278,3,6,2,4,6,7,0,1,0,1,0,0,0,1
"POINT (7.459146402000044 51.466182040000035)",Unfall 37279 (2021) Kat:3, Licht: 0,37279,3,7,1,6,16,4,0,0,1,1,0,0,0,0
"POINT (7.490099970000074 51.496874104000028)",Unfall 37285 (2021) Kat:3, Licht: 0,37285,3,2,4,12,12,7,1,0,1,1,0,0,0,0
"POINT (7.441761379000070 51.513061160000063)",Unfall 37289 (2021) Kat:3, Licht: 0,37289,3,7,3,9,11,5,0,0,0,1,0,0,0,1
"POINT (7.420993038000063 51.529818887000033)",Unfall 37298 (2021) Kat:3, Licht: 0,37298,3,3,5,10,11,3,0,0,0,1,0,0,1,0
"POINT (7.357133496000074 51.556717759000037)",Unfall 37300 (2021) Kat:2, Licht: 0,37300,2,6,0,3,17,1,0,0,0,1,0,0,0,0
"POINT (7.470346073000030 51.484646571000042)",Unfall 37308 (2021) Kat:3, Licht: 0,37308,3,1,0,10,7,2,0,0,0,0,0,1,0,0
"POINT (7.368998217000069 51.524775373000068)",Unfall 37309 (2021) Kat:3, Licht: 0,37309,3,1,0,11,9,6,1,0,0,0,0,1,0,0
"POINT (7.448948998000049 51.497926395000036)",Unfall 37312 (2021) Kat:2, Licht: 0,37312,2,6,3,4,13,6,0,0,0,1,0,1,0,0
"POINT (7.487944644000038 51.513643216000048)",Unfall 37318 (2021) Kat:3, Licht: 0,37318,3,3,5,1,13,4,1,0,0,1,0,0,0,0
"POINT (7.469324148000055 51.585804588000030)",Unfall 37321 (2021) Kat:3, Licht: 0,37321,3,6,2,6,9,2,0,0,0,1,0,0,0,1
"POINT (7.325253505000035 51.494980082000041)",Unfall 37327 (2021) Kat:3, Licht: 0,37327,3,6,2,2,15,6,2,0,0,1,0,0,0,0
"POINT (7.403103334000036 51.564585758000078)",Unfall 37329 (2021) Kat:3, Licht: 2,37329,3,2,4,11,18,6,1,2,0,1,0,0,0,0
"POINT (7.461699901000031 51.547612199000071)",Unfall 37332 (2021) Kat:2, Licht: 0,37332,2,4,6,9,9,4,1,0,0,1,1,0,0,0
"POINT (7.353521322000063 51.518694378000077)",Unfall 37334 (2021) Kat:2, Licht: 0,37334,2,5,9,3,6,3,1,0,0,1,0,1,0,0
"POINT (7.497697627000036 51.578328471000077)",Unfall 37340 (2021) Kat:3, Licht: 0,37340,3,1,9,12,10,5,1,0,0,1,0,0,0,0
"POINT (7.474379675000023 51.511528269000053)",Unfall 37343 (2021) Kat:3, Licht: 0,37343,3,6,3,6,7,6,0,0,1,1,0,0,0,0
"POINT (7.446299059000069 51.478923822000070)",Unfall 37345 (2021) Kat:3, Licht: 2,37345,3,6,4,12,18,3,1,2,0,1,0,0,0,0
"POINT (7.455514885000071 51.513884633000032)",Unfall 37348 (2021) Kat:3, Licht: 0,37348,3,6,2,1,13,3,1,0,0,1,0,0,0,1
"POINT (7.468240281000021 51.505550029000062)",Unfall 37355 (2021) Kat:3, Licht: 2,37355,3,3,5,6,23,5,0,2,0,1,0,0,0,0
"POINT (7.403712229000064 51.495633242000054)",Unfall 37377 (2021) Kat:3, Licht: 0,37377,3,1,3,12,15,2,0,0,0,1,0,0,0,0
"POINT (7.375662351000074 51.545498491000046)",Unfall 37379 (2021) Kat:3, Licht: 0,37379,3,3,5,5,14,4,0,0,0,1,0,0,0,1
"POINT (7.498658671000044 51.488504548000037)",Unfall 37387 (2021) Kat:3, Licht: 2,37387,3,4,6,12,17,5,0,2,0,1,1,0,0,0
"POINT (7.369421904000035 51.521618851000028)",Unfall 37389 (2021) Kat:3, Licht: 0,37389,3,2,5,10,15,6,0,0,1,1,0,0,0,0
"POINT (7.452883879000069 51.541535225000075)",Unfall 37395 (2021) Kat:3, Licht: 2,37395,3,2,5,12,16,5,1,2,1,1,0,0,0,0
"POINT (7.415975487000026 51.462423186000080)",Unfall 37398 (2021) Kat:2, Licht: 0,37398,2,1,0,9,14,6,0,0,0,0,0,1,0,0
"POINT (7.469032098000071 51.517121403000033)",Unfall 37402 (2021) Kat:3, Licht: 0,37402,3,6,3,1,11,3,1,0,0,1,0,0,0,0
"POINT (7.460581385000069 51.507399173000067)",Unfall 37415 (2021) Kat:3, Licht: 2,37415,3,4,6,12,16,5,1,2,0,1,1,0,0,0
"POINT (7.495544275000043 51.514212575000045)",Unfall 37422 (2021) Kat:3, Licht: 0,37422,3,1,0,6,10,6,0,0,1,0,0,0,0,0
"POINT (7.413170108000031 51.481298143000060)",Unfall 37433 (2021) Kat:3, Licht: 2,37433,3,6,2,10,18,6,0,2,0,1,0,0,0,0
"POINT (7.427585019000048 51.497999529000026)",Unfall 37435 (2021) Kat:3, Licht: 0,37435,3,6,3,7,14,1,1,0,0,1,0,0,0,0
"POINT (7.433397125000056 51.511953521000066)",Unfall 37440 (2021) Kat:3, Licht: 2,37440,3,3,5,12,23,4,0,2,0,1,0,0,0,0
"POINT (7.371984210000051 51.522348065000074)",Unfall 37449 (2021) Kat:3, Licht: 0,37449,3,7,6,7,18,3,1,0,0,1,1,0,0,0
"POINT (7.457734426000059 51.478533064000032)",Unfall 37450 (2021) Kat:3, Licht: 0,37450,3,3,5,10,8,4,0,0,0,1,0,0,0,0
"POINT (7.379589836000036 51.524485543000026)",Unfall 37451 (2021) Kat:3, Licht: 0,37451,3,3,5,7,5,2,0,0,1,1,0,0,0,0
"POINT (7.325800257000026 51.498966160000066)",Unfall 37466 (2021) Kat:3, Licht: 2,37466,3,3,5,2,19,3,1,2,0,1,0,0,0,1
"POINT (7.475239995000038 51.558702115000074)",Unfall 37469 (2021) Kat:3, Licht: 0,37469,3,6,2,10,14,2,1,0,0,1,0,0,1,0
"POINT (7.462942119000047 51.524760331000039)",Unfall 37473 (2021) Kat:3, Licht: 2,37473,3,7,0,11,19,6,1,2,1,0,1,0,0,0
"POINT (7.469474528000035 51.585908498000038)",Unfall 37484 (2021) Kat:3, Licht: 0,37484,3,6,1,5,18,4,1,0,0,1,0,0,0,0
"POINT (7.367814530000032 51.494515961000047)",Unfall 37485 (2021) Kat:3, Licht: 0,37485,3,6,1,4,18,7,1,0,0,1,0,0,0,0
"POINT (7.484262152000042 51.442236614000080)",Unfall 37494 (2021) Kat:3, Licht: 2,37494,3,6,2,12,21,5,2,2,0,1,0,0,0,0
"POINT (7.467362449000063 51.492670173000079)",Unfall 37498 (2021) Kat:3, Licht: 0,37498,3,6,2,10,10,7,0,0,0,1,0,0,0,1
"POINT (7.462601349000067 51.549300415000062)",Unfall 37510 (2021) Kat:3, Licht: 0,37510,3,6,2,6,9,6,0,0,0,1,0,0,0,0
"POINT (7.363007378000020 51.561508668000045)",Unfall 37520 (2021) Kat:3, Licht: 2,37520,3,2,5,2,18,3,1,2,0,1,0,0,0,0
"POINT (7.474408309000069 51.514934244000074)",Unfall 37521 (2021) Kat:3, Licht: 0,37521,3,4,6,9,16,7,0,0,0,1,1,0,0,0
"POINT (7.450638193000032 51.499649332000047)",Unfall 37526 (2021) Kat:3, Licht: 0,37526,3,6,1,9,15,6,0,0,0,1,0,0,0,0
"POINT (7.483334550000052 51.470876181000051)",Unfall 37528 (2021) Kat:3, Licht: 0,37528,3,6,4,6,19,3,0,0,0,1,0,0,0,0
"POINT (7.387576249000062 51.578727305000029)",Unfall 37547 (2021) Kat:3, Licht: 1,37547,3,2,6,11,7,6,1,1,0,1,1,0,0,0
"POINT (7.426727427000060 51.519251730000065)",Unfall 37564 (2021) Kat:3, Licht: 0,37564,3,2,5,12,14,7,0,0,1,1,0,0,0,0
"POINT (7.463575721000041 51.519683154000063)",Unfall 37566 (2021) Kat:3, Licht: 2,37566,3,6,2,7,22,1,0,2,0,1,0,0,0,0
"POINT (7.432276443000035 51.445465698000078)",Unfall 37568 (2021) Kat:2, Licht: 2,37568,2,6,2,6,1,3,0,2,0,0,0,0,1,0
"POINT (7.369668615000023 51.496603201000028)",Unfall 37576 (2021) Kat:2, Licht: 0,37576,2,1,3,4,19,3,1,0,0,1,0,0,1,0
"POINT (7.378540134000048 51.546464920000062)",Unfall 37578 (2021) Kat:3, Licht: 0,37578,3,5,1,4,12,4,0,0,0,1,0,0,0,0
"POINT (7.385811477000061 51.550816841000028)",Unfall 37597 (2021) Kat:3, Licht: 1,37597,3,2,4,2,18,2,0,1,0,1,0,0,0,0
"POINT (7.495217174000061 51.479905642000062)",Unfall 37602 (2021) Kat:3, Licht: 0,37602,3,6,1,6,14,4,0,0,0,1,0,0,0,0
"POINT (7.425272752000069 51.555353638000042)",Unfall 37615 (2021) Kat:3, Licht: 1,37615,3,1,0,3,6,4,0,1,0,0,0,1,0,0
"POINT (7.379566503000035 51.524479995000036)",Unfall 37631 (2021) Kat:3, Licht: 1,37631,3,2,4,11,7,6,1,1,0,1,0,0,0,0
"POINT (7.490699693000067 51.496612308000067)",Unfall 37638 (2021) Kat:2, Licht: 0,37638,2,3,5,10,8,2,1,0,1,1,0,0,0,0
"POINT (7.476467383000056 51.458681942000055)",Unfall 37648 (2021) Kat:3, Licht: 0,37648,3,1,0,9,13,4,0,0,1,0,0,0,0,0
"POINT (7.497314917000040 51.503417903000070)",Unfall 37660 (2021) Kat:3, Licht: 0,37660,3,6,2,10,12,6,0,0,0,1,0,1,0,0
"POINT (7.390024236000045 51.511701976000040)",Unfall 37674 (2021) Kat:3, Licht: 0,37674,3,6,3,6,16,2,0,0,0,1,0,0,1,0
"POINT (7.468243870000038 51.509899140000073)",Unfall 37676 (2021) Kat:3, Licht: 0,37676,3,3,5,3,9,5,0,0,0,1,0,0,0,0
"POINT (7.436790588000065 51.481955780000078)",Unfall 37679 (2021) Kat:2, Licht: 0,37679,2,2,5,6,10,3,0,0,1,1,0,0,0,0
"POINT (7.403105255000071 51.564593374000026)",Unfall 37686 (2021) Kat:3, Licht: 2,37686,3,2,4,12,20,7,1,2,0,1,0,0,0,0
"POINT (7.462371393000069 51.470169355000053)",Unfall 37689 (2021) Kat:2, Licht: 0,37689,2,6,3,9,11,4,0,0,1,0,0,0,1,0