WKT,Name,OBJECTID,UKATEGORIE,UTYP1,UART,UMONAT,USTUNDE,UWOCHENTAG,STRZUSTAND,ULICHTVERH,ISTRAD,ISTPKW,ISTFUSS,ISTKRAD,ISTGKFZ,ISTSONSTIG
"POINT (7.494100831000026 51.578247872000077)",Unfall 37696 (2021) Kat:3, Licht: 0,37696,3,6,2,9,16,4,0,0,0,1,0,0,0,0
"POINT (7.364139599000055 51.496299017000069)",Unfall 37698 (2021) Kat:3, Licht: 0,37698,3,2,4,2,11,3,2,0,0,1,0,0,0,0
"POINT (7.473392119000039 51.499348437000037)",Unfall 37699 (2021) Kat:3, Licht: 0,37699,3,6,3,1,15,3,1,0,0,1,0,0,1,0
"POINT (7.413885841000024 51.530218360000049)",Unfall 37708 (2021) Kat:3, Licht: 2,37708,3,2,6,12,18,4,1,2,0,1,1,0,0,0
"POINT (7.458552246000067 51.542516161000037)",Unfall 37726 (2021) Kat:3, Licht: 2,37726,3,7,3,3,20,2,0,2,0,1,0,1,0,0
"POINT (7.490969479000057 51.443328760000043)",Unfall 37733 (2021) Kat:2, Licht: 0,37733,2,6,0,2,12,5,0,0,0,0,0,0,1,0
"POINT (7.464220757000021 51.517790181000066)",Unfall 37747 (2021) Kat:3, Licht: 2,37747,3,4,0,10,19,5,0,2,0,1,1,0,0,0
"POINT (7.360626563000039 51.560156308000046)",Unfall 37748 (2021) Kat:3, Licht: 0,37748,3,6,2,10,14,2,0,0,0,1,0,0,0,0
"POINT (7.486577242000067 51.448853606000057)",Unfall 37765 (2021) Kat:2, Licht: 0,37765,2,6,3,9,14,7,0,0,0,1,0,1,0,0
"POINT (7.403107846000069 51.564603647000069)",Unfall 37775 (2021) Kat:3, Licht: 1,37775,3,3,5,1,7,5,1,1,0,1,0,0,0,0
"POINT (7.357177939000053 51.554430924000030)",Unfall 37778 (2021) Kat:3, Licht: 1,37778,3,6,2,9,6,5,0,1,0,1,0,0,0,0
"POINT (7.473782665000044 51.525649639000051)",Unfall 37787 (2021) Kat:3, Licht: 0,37787,3,7,6,11,14,4,1,0,1,0,1,0,0,0
"POINT (7.392629618000058 51.508619659000033)",Unfall 37812 (2021) Kat:3, Licht: 0,37812,3,7,0,7,15,5,1,0,0,0,0,1,0,0
"POINT (7.456455520000077 51.531598092000081)",Unfall 37833 (2021) Kat:2, Licht: 0,37833,2,4,6,9,19,7,0,0,0,1,1,0,0,0
"POINT (7.468146569000055 51.485426105000045)",Unfall 37847 (2021) Kat:3, Licht: 2,37847,3,1,2,12,22,3,2,2,0,1,0,0,0,0
"POINT (7.399452932000031 51.584805297000059)",Unfall 37857 (2021) Kat:3, Licht: 0,37857,3,1,8,9,8,3,0,0,0,1,0,0,0,0
"POINT (7.460305190000042 51.526303250000069)",Unfall 37860 (2021) Kat:3, Licht: 2,37860,3,4,6,12,17,2,1,2,0,1,1,0,0,0
"POINT (7.493214826000042 51.495252779000054)",Unfall 37867 (2021) Kat:3, Licht: 0,37867,3,6,3,9,12,4,1,0,0,1,0,0,0,0
"POINT (7.480512023000074 51.521266458000071)",Unfall 37878 (2021) Kat:3, Licht: 2,37878,3,3,5,12,17,7,1,2,0,1,0,0,0,0
"POINT (7.465325776000043 51.498480499000038)",Unfall 37883 (2021) Kat:3, Licht: 0,37883,3,6,2,4,15,6,0,0,0,1,0,0,1,0
"POINT (7.433414789000039 51.511955768000064)",Unfall 37886 (2021) Kat:3, Licht: 2,37886,3,2,6,1,18,4,1,2,0,1,1,0,0,0
"POINT (7.398167444000023 51.583418931000040)",Unfall 37893 (2021) Kat:3, Licht: 0,37893,3,1,9,10,16,6,0,0,0,1,0,0,0,0
"POINT (7.457500148000065 51.582453735000058)",Unfall 37897 (2021) Kat:3, Licht: 0,37897,3,2,5,6,20,6,0,0,1,1,0,0,0,0
"POINT (7.386552171000062 51.524711244000059)",Unfall 37899 (2021) Kat:3, Licht: 0,37899,3,2,4,6,17,1,0,0,0,1,0,0,0,0
"POINT (7.470936130000041 51.525649496000028)",Unfall 37928 (2021) Kat:3, Licht: 0,37928,3,2,5,6,9,4,0,0,1,0,0,0,0,1
"POINT (7.372282319000021 51.519961995000074)",Unfall 37929 (2021) Kat:3, Licht: 0,37929,3,6,2,7,16,5,1,0,0,1,0,0,0,0
"POINT (7.457088365000061 51.452526319000071)",Unfall 37930 (2021) Kat:3, Licht: 0,37930,3,6,3,5,12,3,0,0,1,1,0,0,0,0
"POINT (7.383476215000030 51.508258464000050)",Unfall 37932 (2021) Kat:3, Licht: 2,37932,3,4,6,12,6,3,1,2,0,1,1,0,0,0
"POINT (7.324135304000038 51.494879120000064)",Unfall 37947 (2021) Kat:3, Licht: 0,37947,3,6,2,10,16,5,0,0,0,1,0,0,0,0
"POINT (7.461882660000072 51.510172004000026)",Unfall 37952 (2021) Kat:3, Licht: 2,37952,3,7,6,11,23,1,0,2,0,1,1,0,0,0
"POINT (7.367235837000067 51.537968258000035)",Unfall 37961 (2021) Kat:3, Licht: 2,37961,3,6,2,12,7,2,0,2,0,1,0,0,0,0
"POINT (7.473750159000076 51.533169343000054)",Unfall 37962 (2021) Kat:3, Licht: 0,37962,3,6,3,4,17,5,0,0,0,1,0,0,1,0
"POINT (7.445271545000026 51.513068561000068)",Unfall 37964 (2021) Kat:3, Licht: 0,37964,3,4,6,11,15,3,0,0,1,0,1,0,0,0
"POINT (7.481606758000055 51.470381584000052)",Unfall 37969 (2021) Kat:3, Licht: 1,37969,3,6,1,3,19,4,0,1,0,1,0,1,0,0
"POINT (7.391594913000063 51.480668735000052)",Unfall 37972 (2021) Kat:3, Licht: 0,37972,3,1,8,6,15,7,1,0,0,1,0,0,0,0
"POINT (7.495860024000024 51.481751519000056)",Unfall 37995 (2021) Kat:3, Licht: 0,37995,3,3,5,2,14,6,0,0,1,0,0,0,0,1
"POINT (7.472404120000022 51.587957291000066)",Unfall 38022 (2021) Kat:3, Licht: 0,38022,3,6,3,6,15,6,0,0,0,1,0,1,0,0
"POINT (7.371705466000037 51.522275796000031)",Unfall 38023 (2021) Kat:3, Licht: 2,38023,3,6,2,2,20,6,2,2,0,1,0,0,0,0
"POINT (7.381702908000022 51.548029619000033)",Unfall 38026 (2021) Kat:3, Licht: 0,38026,3,6,4,12,15,2,0,0,0,1,0,0,0,0
"POINT (7.375276611000061 51.515894714000069)",Unfall 38038 (2021) Kat:2, Licht: 0,38038,2,2,5,11,11,6,0,0,0,1,0,0,0,1
"POINT (7.459827314000052 51.471000712000034)",Unfall 38039 (2021) Kat:3, Licht: 0,38039,3,6,1,5,16,6,0,0,0,1,0,0,0,0
"POINT (7.496207656000024 51.514199709000081)",Unfall 38046 (2021) Kat:3, Licht: 0,38046,3,2,0,9,12,1,0,0,0,0,1,0,0,1
"POINT (7.450840635000077 51.499603387000036)",Unfall 38052 (2021) Kat:3, Licht: 2,38052,3,7,6,4,22,7,0,2,1,0,1,0,0,0
"POINT (7.329138492000027 51.520848854000064)",Unfall 38053 (2021) Kat:3, Licht: 0,38053,3,6,2,1,14,6,0,0,0,1,0,0,0,0
"POINT (7.434134979000021 51.582017617000076)",Unfall 38064 (2021) Kat:3, Licht: 2,38064,3,6,9,4,20,6,0,2,0,1,0,0,0,0
"POINT (7.471751210000036 51.528070623000076)",Unfall 38073 (2021) Kat:3, Licht: 0,38073,3,6,2,12,13,4,0,0,0,1,0,0,0,0
"POINT (7.457959895000045 51.463961585000050)",Unfall 38075 (2021) Kat:3, Licht: 0,38075,3,7,6,5,16,3,1,0,0,1,1,0,0,0
"POINT (7.385420041000032 51.497790543000065)",Unfall 38077 (2021) Kat:3, Licht: 2,38077,3,3,5,11,17,3,1,2,0,1,0,0,1,0
"POINT (7.325795286000073 51.498984390000032)",Unfall 38089 (2021) Kat:3, Licht: 0,38089,3,2,5,4,12,3,0,0,0,1,0,0,0,0
"POINT (7.474690680000037 51.517871044000060)",Unfall 38092 (2021) Kat:3, Licht: 0,38092,3,2,4,9,13,2,0,0,0,1,0,0,0,0
"POINT (7.422044115000062 51.508140847000050)",Unfall 38095 (2021) Kat:3, Licht: 2,38095,3,6,3,11,7,4,1,2,1,0,0,0,1,0
"POINT (7.354184369000052 51.497601360000033)",Unfall 38097 (2021) Kat:3, Licht: 2,38097,3,3,5,9,5,4,0,2,0,1,0,0,0,0
"POINT (7.470743317000029 51.524888168000075)",Unfall 38105 (2021) Kat:2, Licht: 0,38105,2,1,0,10,13,6,0,0,1,0,0,0,0,0
"POINT (7.378539736000050 51.546464735000029)",Unfall 38108 (2021) Kat:3, Licht: 0,38108,3,7,0,3,17,2,0,0,0,0,1,0,0,1
"POINT (7.324235276000024 51.506769192000036)",Unfall 38125 (2021) Kat:3, Licht: 0,38125,3,2,3,5,7,4,0,0,1,1,0,0,0,0
"POINT (7.377668712000059 51.510043255000028)",Unfall 38129 (2021) Kat:3, Licht: 0,38129,3,7,0,5,17,1,0,0,1,1,0,0,0,0
"POINT (7.461663343000055 51.509190085000057)",Unfall 38130 (2021) Kat:3, Licht: 0,38130,3,3,3,3,16,5,0,0,1,1,0,0,0,0
"POINT (7.497257211000033 51.552940411000066)",Unfall 38137 (2021) Kat:3, Licht: 0,38137,3,6,2,10,13,6,1,0,0,1,0,0,0,0
"POINT (7.482236822000061 51.468746428000031)",Unfall 38147 (2021) Kat:3, Licht: 0,38147,3,6,2,10,7,6,0,0,0,1,0,0,1,0
"POINT (7.468211431000043 51.509895676000042)",Unfall 38152 (2021) Kat:3, Licht: 1,38152,3,3,5,12,15,5,0,1,0,1,0,0,0,0
"POINT (7.400205793000055 51.576844912000070)",Unfall 38162 (2021) Kat:3, Licht: 2,38162,3,1,9,1,7,4,1,2,0,1,0,0,0,0
"POINT (7.374826738000024 51.492935579000061)",Unfall 38164 (2021) Kat:3, Licht: 0,38164,3,6,1,9,16,7,0,0,0,1,0,0,0,0
"POINT (7.444875061000062 51.513071428000046)",Unfall 38175 (2021) Kat:3, Licht: 0,38175,3,5,0,2,14,3,0,0,1,1,0,0,0,0
"POINT (7.450508379000041 51.513297385000044)",Unfall 38178 (2021) Kat:2, Licht: 0,38178,2,7,0,5,16,6,0,0,0,1,0,0,0,0
"POINT (7.478182768000067 51.514471108000066)",Unfall 38182 (2021) Kat:3, Licht: 0,38182,3,3,5,7,18,5,1,0,1,1,0,0,0,0
"POINT (7.465396660000067 51.555144348000056)",Unfall 38187 (2021) Kat:2, Licht: 0,38187,2,7,0,9,13,4,0,0,0,0,1,0,0,1
"POINT (7.471193128000039 51.499189391000073)",Unfall 38198 (2021) Kat:3, Licht: 0,38198,3,3,0,3,17,2,1,0,1,1,0,0,0,0
"POINT (7.372325730000057 51.572913219000043)",Unfall 38199 (2021) Kat:3, Licht: 0,38199,3,7,0,7,17,3,0,0,0,0,0,0,0,1
"POINT (7.458944903000031 51.530079926000042)",Unfall 38200 (2021) Kat:3, Licht: 0,38200,3,6,2,10,14,5,0,0,0,1,0,0,0,0
"POINT (7.491694998000071 51.475512701000071)",Unfall 38208 (2021) Kat:3, Licht: 0,38208,3,6,2,11,10,3,0,0,0,1,0,0,0,0
"POINT (7.409383233000028 51.541584203000070)",Unfall 38220 (2021) Kat:3, Licht: 0,38220,3,6,2,3,16,5,0,0,0,1,0,0,0,0
"POINT (7.470493298000065 51.523412454000038)",Unfall 38232 (2021) Kat:3, Licht: 0,38232,3,3,5,10,13,6,1,0,1,1,0,0,0,0
"POINT (7.455981518000044 51.532877106000058)",Unfall 38234 (2021) Kat:3, Licht: 0,38234,3,2,2,7,13,2,0,0,0,1,0,0,0,0
"POINT (7.469104433000041 51.516960593000078)",Unfall 38246 (2021) Kat:3, Licht: 0,38246,3,2,5,10,7,4,0,0,0,1,0,0,0,0
"POINT (7.474690680000037 51.517871044000060)",Unfall 38270 (2021) Kat:3, Licht: 0,38270,3,2,5,1,15,5,0,0,0,1,0,0,0,0
"POINT (7.406659739000077 51.543533871000079)",Unfall 38271 (2021) Kat:3, Licht: 0,38271,3,6,2,11,7,3,1,0,0,1,0,0,0,0
"POINT (7.422009100000025 51.508143961000030)",Unfall 38273 (2021) Kat:3, Licht: 1,38273,3,1,4,9,19,5,0,1,0,1,0,0,0,0
"POINT (7.470114037000030 51.499480693000066)",Unfall 38284 (2021) Kat:3, Licht: 2,38284,3,7,0,11,19,4,1,2,0,0,0,1,0,0
"POINT (7.456057699000041 51.534125330000052)",Unfall 38286 (2021) Kat:3, Licht: 0,38286,3,3,0,5,6,4,0,0,1,0,0,0,0,1
"POINT (7.448771108000074 51.474253901000054)",Unfall 38290 (2021) Kat:3, Licht: 0,38290,3,4,6,11,13,3,0,0,0,1,1,0,0,0
"POINT (7.470504211000048 51.524394300000040)",Unfall 38299 (2021) Kat:3, Licht: 0,38299,3,2,5,11,13,2,0,0,1,1,0,0,0,0
"POINT (7.497576767000055 51.553188371000033)",Unfall 38317 (2021) Kat:3, Licht: 0,38317,3,6,2,12,14,5,1,0,0,1,0,0,0,0
"POINT (7.474559224000075 51.507770833000052)",Unfall 38320 (2021) Kat:3, Licht: 2,38320,3,2,6,11,20,5,1,2,0,1,1,0,0,0
"POINT (7.444935118000046 51.550944098000059)",Unfall 38322 (2021) Kat:3, Licht: 0,38322,3,1,9,11,14,6,0,0,0,1,0,0,1,0
"POINT (7.454699444000028 51.441620529000033)",Unfall 38325 (2021) Kat:3, Licht: 0,38325,3,6,1,9,15,2,0,0,0,1,0,0,0,0
"POINT (7.466986318000068 51.503210551000052)",Unfall 38332 (2021) Kat:3, Licht: 0,38332,3,6,2,9,13,3,0,0,0,1,0,1,0,0
"POINT (7.372825934000048 51.544931858000041)",Unfall 38344 (2021) Kat:3, Licht: 0,38344,3,7,0,2,11,1,2,0,0,1,1,0,0,0
"POINT (7.493639922000057 51.577960745000041)",Unfall 38352 (2021) Kat:2, Licht: 0,38352,2,3,3,10,16,1,0,0,0,1,0,0,0,0
"POINT (7.443158052000058 51.580085445000066)",Unfall 38355 (2021) Kat:3, Licht: 0,38355,3,6,2,4,8,2,0,0,0,0,0,0,1,1
"POINT (7.451268892000030 51.505386618000045)",Unfall 38358 (2021) Kat:3, Licht: 2,38358,3,4,6,6,2,1,1,2,0,1,1,0,0,0
"POINT (7.465841287000046 51.524994209000056)",Unfall 38367 (2021) Kat:3, Licht: 2,38367,3,7,5,11,20,7,0,2,1,1,0,0,0,0
"POINT (7.472360714000047 51.525855442000079)",Unfall 38378 (2021) Kat:3, Licht: 0,38378,3,6,3,9,11,7,0,0,0,0,0,0,0,1
"POINT (7.477610517000073 51.524852070000065)",Unfall 38398 (2021) Kat:3, Licht: 2,38398,3,3,5,11,22,3,1,2,1,1,0,0,0,0
"POINT (7.462309819000041 51.481391494000036)",Unfall 38402 (2021) Kat:3, Licht: 0,38402,3,7,0,11,16,1,1,0,1,0,0,0,0,0
"POINT (7.358061383000063 51.561545394000063)",Unfall 38403 (2021) Kat:3, Licht: 0,38403,3,6,3,9,15,4,0,0,0,1,0,1,0,0
"POINT (7.498750541000049 51.503853816000060)",Unfall 38410 (2021) Kat:3, Licht: 0,38410,3,6,2,9,16,4,0,0,0,1,0,0,0,0
"POINT (7.469048617000055 51.517117173000031)",Unfall 38427 (2021) Kat:3, Licht: 0,38427,3,1,8,12,10,6,1,0,0,1,0,0,0,0
"POINT (7.460190584000031 51.484400091000055)",Unfall 38440 (2021) Kat:3, Licht: 0,38440,3,3,5,10,11,6,0,0,1,1,0,0,0,0
"POINT (7.474316550000026 51.509593562000077)",Unfall 38451 (2021) Kat:3, Licht: 0,38451,3,2,6,9,13,6,0,0,0,1,1,0,0,0
"POINT (7.444087610000054 51.442624963000071)",Unfall 38453 (2021) Kat:3, Licht: 0,38453,3,6,2,3,12,5,1,0,0,1,0,0,0,0
"POINT (7.481589832000054 51.470376524000073)",Unfall 38459 (2021) Kat:2, Licht: 2,38459,2,2,5,11,18,3,1,2,0,1,0,0,0,0
"POINT (7.316596678000053 51.496010049000063)",Unfall 38463 (2021) Kat:3, Licht: 0,38463,3,6,0,6,14,1,0,0,0,1,0,0,0,0
"POINT (7.472903537000036 51.530349324000042)",Unfall 38476 (2021) Kat:3, Licht: 0,38476,3,3,5,10,14,7,0,0,1,1,0,0,0,0
"POINT (7.372756386000049 51.518141458000059)",Unfall 38477 (2021) Kat:3, Licht: 2,38477,3,1,2,2,21,2,2,2,0,1,0,0,0,0
"POINT (7.459348126000066 51.467098342000043)",Unfall 38478 (2021) Kat:3, Licht: 0,38478,3,7,0,9,8,5,0,0,0,0,0,0,0,1
"POINT (7.386307184000032 51.502279151000039)",Unfall 38479 (2021) Kat:3, Licht: 0,38479,3,6,2,1,13,2,0,0,0,1,0,0,0,0
"POINT (7.394377777000045 51.475712852000072)",Unfall 38485 (2021) Kat:2, Licht: 0,38485,2,6,1,1,15,3,0,0,0,1,0,0,0,0
"POINT (7.482298375000028 51.468596505000050)",Unfall 38508 (2021) Kat:3, Licht: 0,38508,3,1,1,9,13,4,1,0,0,1,0,0,0,0
"POINT (7.460391358000038 51.545605588000058)",Unfall 38526 (2021) Kat:3, Licht: 2,38526,3,6,3,4,0,1,0,2,0,1,0,0,0,0
"POINT (7.385453516000041 51.500168108000082)",Unfall 38527 (2021) Kat:2, Licht: 0,38527,2,6,2,1,10,5,0,0,0,1,0,0,0,0
"POINT (7.490777211000022 51.496679334000078)",Unfall 38532 (2021) Kat:2, Licht: 2,38532,2,6,6,10,19,4,1,2,1,0,1,0,0,0
"POINT (7.327469583000038 51.496785746000057)",Unfall 38538 (2021) Kat:3, Licht: 0,38538,3,6,2,5,13,5,1,0,0,1,0,0,0,0
"POINT (7.480692605000058 51.463264509000055)",Unfall 38541 (2021) Kat:3, Licht: 0,38541,3,6,0,1,13,1,0,0,0,1,0,0,0,0
"POINT (7.360346491000030 51.559939240000062)",Unfall 38547 (2021) Kat:3, Licht: 0,38547,3,6,2,9,12,4,1,0,0,1,0,0,0,0
"POINT (7.431584464000025 51.525536643000066)",Unfall 38548 (2021) Kat:3, Licht: 2,38548,3,7,4,11,21,7,0,2,0,1,0,0,0,0
"POINT (7.472003640000025 51.528048590000026)",Unfall 38554 (2021) Kat:2, Licht: 2,38554,2,3,5,12,18,5,0,2,1,1,0,0,0,0
"POINT (7.484697802000028 51.513765798000065)",Unfall 38564 (2021) Kat:3, Licht: 1,38564,3,6,2,12,15,7,1,1,0,1,0,0,0,0
"POINT (7.325125808000053 51.502365432000033)",Unfall 38572 (2021) Kat:2, Licht: 0,38572,2,4,6,6,13,4,0,0,0,0,1,0,1,0
"POINT (7.476802143000043 51.514510215000030)",Unfall 38574 (2021) Kat:3, Licht: 0,38574,3,3,3,3,14,6,0,0,1,1,0,0,0,0
"POINT (7.462161913000045 51.548442064000028)",Unfall 38577 (2021) Kat:2, Licht: 2,38577,2,3,0,1,17,4,0,2,0,1,0,1,0,0
"POINT (7.498112753000044 51.503507210000066)",Unfall 38584 (2021) Kat:3, Licht: 2,38584,3,6,3,3,19,7,0,2,0,1,0,0,1,0
"POINT (7.455805787000031 51.513564336000059)",Unfall 38587 (2021) Kat:3, Licht: 0,38587,3,6,2,6,14,5,0,0,0,1,0,0,0,0
"POINT (7.482599157000038 51.500491117000081)",Unfall 38595 (2021) Kat:3, Licht: 0,38595,3,1,2,1,11,6,1,0,0,1,0,0,0,0
"POINT (7.467374419000066 51.492370006000044)",Unfall 38600 (2021) Kat:3, Licht: 2,38600,3,3,8,12,22,7,1,2,0,1,0,0,0,0
"POINT (7.459869132000051 51.470805521000045)",Unfall 38613 (2021) Kat:3, Licht: 0,38613,3,2,1,9,7,4,0,0,0,1,0,0,0,0
"POINT (7.365600825000058 51.578597381000066)",Unfall 38622 (2021) Kat:3, Licht: 0,38622,3,6,2,12,11,4,1,0,0,0,0,0,1,0
"POINT (7.450695072000030 51.545007169000030)",Unfall 38627 (2021) Kat:3, Licht: 0,38627,3,2,2,11,14,5,0,0,0,1,0,0,0,1
"POINT (7.471331329000066 51.499202393000076)",Unfall 38648 (2021) Kat:3, Licht: 0,38648,3,1,6,5,10,4,0,0,0,1,1,0,0,0
"POINT (7.374947355000074 51.522213819000058)",Unfall 38649 (2021) Kat:3, Licht: 0,38649,3,3,5,10,8,4,0,0,0,1,0,0,0,0
"POINT (7.475004755000043 51.505300687000044)",Unfall 38667 (2021) Kat:3, Licht: 1,38667,3,6,2,12,16,7,1,1,0,1,0,0,0,0
"POINT (7.423746996000034 51.523516443000062)",Unfall 38670 (2021) Kat:3, Licht: 2,38670,3,3,5,12,19,7,1,2,0,1,0,0,0,0
"POINT (7.463867189000041 51.469760359000077)",Unfall 38671 (2021) Kat:3, Licht: 2,38671,3,3,5,11,17,6,1,2,0,1,0,1,0,0
"POINT (7.370170134000034 51.521828164000055)",Unfall 38681 (2021) Kat:3, Licht: 2,38681,3,1,2,1,18,1,0,2,0,1,0,0,0,1
"POINT (7.457120322000037 51.582523901000059)",Unfall 38682 (2021) Kat:3, Licht: 0,38682,3,1,0,12,14,3,0,0,1,0,0,0,0,0
"POINT (7.448628811000049 51.513223867000079)",Unfall 38685 (2021) Kat:3, Licht: 2,38685,3,7,5,6,22,6,1,2,0,1,0,0,0,0
"POINT (7.487173802000029 51.498169885000038)",Unfall 38691 (2021) Kat:3, Licht: 0,38691,3,2,0,10,13,4,1,0,0,1,0,0,0,1
"POINT (7.392733158000055 51.585062295000057)",Unfall 38692 (2021) Kat:3, Licht: 0,38692,3,6,0,6,9,4,1,0,0,0,0,1,0,0
"POINT (7.436904343000037 51.512396867000064)",Unfall 38695 (2021) Kat:3, Licht: 0,38695,3,7,3,6,10,1,0,0,0,1,0,0,0,0
"POINT (7.405040708000058 51.468017275000079)",Unfall 38701 (2021) Kat:3, Licht: 0,38701,3,6,3,9,17,2,0,0,0,1,0,0,1,0
"POINT (7.460826249000036 51.581811594000044)",Unfall 38704 (2021) Kat:3, Licht: 0,38704,3,6,1,3,7,6,0,0,0,1,0,0,0,0
"POINT (7.499093732000063 51.503582553000058)",Unfall 38711 (2021) Kat:3, Licht: 0,38711,3,6,3,7,11,4,0,0,0,1,0,0,1,0
"POINT (7.476369710000029 51.540413588000035)",Unfall 38714 (2021) Kat:3, Licht: 0,38714,3,6,3,10,12,7,0,0,0,1,0,0,0,0
"POINT (7.422009100000025 51.508143961000030)",Unfall 38717 (2021) Kat:3, Licht: 0,38717,3,6,2,10,15,3,1,0,0,1,0,0,0,0
"POINT (7.456217804000062 51.457859471000063)",Unfall 38730 (2021) Kat:2, Licht: 2,38730,2,2,4,9,20,6,0,2,1,1,0,0,0,0
"POINT (7.380024382000045 51.508107923000068)",Unfall 38731 (2021) Kat:3, Licht: 2,38731,3,3,5,12,21,7,1,2,0,1,0,0,0,0
"POINT (7.438181516000043 51.565705907000051)",Unfall 38741 (2021) Kat:3, Licht: 0,38741,3,1,9,1,8,6,0,0,0,1,0,0,0,0
"POINT (7.402981526000076 51.564611319000051)",Unfall 38746 (2021) Kat:3, Licht: 2,38746,3,6,2,11,21,5,0,2,0,1,0,0,0,0
"POINT (7.497245533000068 51.514243107000027)",Unfall 38755 (2021) Kat:3, Licht: 0,38755,3,7,5,12,14,4,1,0,0,1,0,0,0,0
"POINT (7.414575319000051 51.591568115000030)",Unfall 38766 (2021) Kat:2, Licht: 0,38766,2,1,8,6,20,7,0,0,0,1,0,0,0,0
"POINT (7.460387423000043 51.507028539000032)",Unfall 38783 (2021) Kat:3, Licht: 2,38783,3,2,5,1,3,7,1,2,0,1,0,0,0,0
"POINT (7.451268892000030 51.505386618000045)",Unfall 38796 (2021) Kat:3, Licht: 2,38796,3,2,5,6,22,3,0,2,1,1,0,0,0,0
"POINT (7.479286704000060 51.502803553000035)",Unfall 38800 (2021) Kat:3, Licht: 0,38800,3,6,1,5,16,4,1,0,0,1,0,0,0,0
"POINT (7.424712474000046 51.521848401000057)",Unfall 38803 (2021) Kat:3, Licht: 0,38803,3,1,0,1,15,6,1,0,0,0,0,0,1,0
"POINT (7.472930274000021 51.530422105000071)",Unfall 38817 (2021) Kat:3, Licht: 0,38817,3,6,3,12,19,6,0,0,0,1,0,0,0,0
"POINT (7.457636736000040 51.524305953000066)",Unfall 38819 (2021) Kat:3, Licht: 0,38819,3,7,6,12,14,5,1,0,0,0,1,0,0,1
"POINT (7.386812143000043 51.517849424000076)",Unfall 38820 (2021) Kat:3, Licht: 2,38820,3,6,2,12,17,3,1,2,0,1,0,0,0,0
"POINT (7.398621979000040 51.509897085000034)",Unfall 38827 (2021) Kat:3, Licht: 1,38827,3,3,0,5,21,7,0,1,0,1,0,0,0,0
"POINT (7.475669993000054 51.538106051000057)",Unfall 38836 (2021) Kat:3, Licht: 2,38836,3,6,3,12,17,2,1,2,0,1,0,0,0,0
"POINT (7.420759921000069 51.529703805000054)",Unfall 38839 (2021) Kat:3, Licht: 2,38839,3,1,0,10,5,5,1,2,0,0,0,1,0,0
"POINT (7.463890552000066 51.469755558000031)",Unfall 38840 (2021) Kat:2, Licht: 0,38840,2,2,5,3,14,1,0,0,0,1,0,0,0,0
"POINT (7.456413093000037 51.516272944000036)",Unfall 38851 (2021) Kat:3, Licht: 0,38851,3,3,5,10,11,4,0,0,0,1,0,0,0,1
"POINT (7.485283064000043 51.499009932000035)",Unfall 38860 (2021) Kat:3, Licht: 0,38860,3,6,2,10,9,4,1,0,0,1,0,0,0,0
"POINT (7.403051680000033 51.564448612000035)",Unfall 38871 (2021) Kat:3, Licht: 0,38871,3,6,2,1,14,4,0,0,0,1,0,0,0,0
"POINT (7.377619585000048 51.572291168000049)",Unfall 38873 (2021) Kat:3, Licht: 2,38873,3,1,9,9,20,7,0,2,1,0,0,0,0,0
"POINT (7.365428527000063 51.578039817000047)",Unfall 38883 (2021) Kat:3, Licht: 0,38883,3,6,2,10,13,3,0,0,0,1,0,0,0,1
"POINT (7.474421926000048 51.514931923000063)",Unfall 38884 (2021) Kat:3, Licht: 0,38884,3,1,1,7,14,2,0,0,0,1,0,0,0,0
"POINT (7.455443216000049 51.513832593000075)",Unfall 38889 (2021) Kat:3, Licht: 2,38889,3,3,5,2,23,3,0,2,0,1,0,0,0,0
"POINT (7.481775044000074 51.501399113000048)",Unfall 38891 (2021) Kat:2, Licht: 0,38891,2,3,5,4,8,6,0,0,1,1,0,0,0,0
"POINT (7.317545732000042 51.496024838000039)",Unfall 38895 (2021) Kat:3, Licht: 0,38895,3,6,2,4,6,3,0,0,0,1,0,0,0,0
"POINT (7.468399003000059 51.508562810000058)",Unfall 38896 (2021) Kat:3, Licht: 0,38896,3,6,3,11,12,4,1,0,0,1,0,0,1,0
"POINT (7.321757000000048 51.503756272000032)",Unfall 38903 (2021) Kat:3, Licht: 0,38903,3,1,0,9,8,1,0,0,0,0,0,1,0,1
"POINT (7.374592110000037 51.532601647000035)",Unfall 38908 (2021) Kat:3, Licht: 0,38908,3,7,9,6,10,3,0,0,0,0,0,0,1,0
"POINT (7.460282693000067 51.524498512000036)",Unfall 38909 (2021) Kat:3, Licht: 1,38909,3,7,0,6,22,2,0,1,0,0,0,0,0,1
"POINT (7.493769936000035 51.443329998000081)",Unfall 38916 (2021) Kat:3, Licht: 2,38916,3,6,2,11,7,2,1,2,0,1,0,0,0,0
"POINT (7.361466726000060 51.497587997000039)",Unfall 38917 (2021) Kat:3, Licht: 1,38917,3,2,2,1,8,5,1,1,0,1,0,0,0,0
"POINT (7.480802781000023 51.474623539000049)",Unfall 38926 (2021) Kat:3, Licht: 0,38926,3,1,9,3,21,2,0,0,0,1,0,0,0,0
"POINT (7.358436755000071 51.561514663000082)",Unfall 38932 (2021) Kat:3, Licht: 0,38932,3,6,2,11,13,5,0,0,0,1,0,0,1,0
"POINT (7.474605621000023 51.517334583000036)",Unfall 38934 (2021) Kat:3, Licht: 2,38934,3,3,5,6,23,3,1,2,0,1,0,0,0,1
"POINT (7.452691508000044 51.523837429000082)",Unfall 38939 (2021) Kat:3, Licht: 0,38939,3,2,5,12,15,1,1,0,0,1,0,0,0,1
"POINT (7.482334809000065 51.523340298000051)",Unfall 38941 (2021) Kat:3, Licht: 0,38941,3,4,6,5,14,6,0,0,1,0,1,0,0,0