WKT,Name,OBJECTID,UKATEGORIE,UTYP1,UART,UMONAT,USTUNDE,UWOCHENTAG,STRZUSTAND,ULICHTVERH,ISTRAD,ISTPKW,ISTFUSS,ISTKRAD,ISTGKFZ,ISTSONSTIG
"POINT (7.467228910000074 51.490078780000033)",Unfall 38946 (2021) Kat:2, Licht: 0,38946,2,1,0,11,8,2,1,0,1,0,0,0,0,0
"POINT (7.323526525000034 51.516891420000036)",Unfall 38953 (2021) Kat:3, Licht: 0,38953,3,6,2,6,17,4,0,0,0,1,0,0,0,0
"POINT (7.373266295000064 51.522619395000049)",Unfall 38958 (2021) Kat:3, Licht: 0,38958,3,3,5,5,18,3,1,0,0,1,0,0,0,1
"POINT (7.460096018000058 51.526265225000031)",Unfall 38959 (2021) Kat:3, Licht: 2,38959,3,6,1,3,19,2,0,2,0,1,0,0,0,0
"POINT (7.385811477000061 51.550816841000028)",Unfall 38961 (2021) Kat:3, Licht: 0,38961,3,2,0,3,8,6,0,0,0,1,0,0,0,0
"POINT (7.444005205000053 51.495157242000062)",Unfall 38970 (2021) Kat:3, Licht: 2,38970,3,7,0,9,23,3,0,2,0,0,1,0,0,1
"POINT (7.452144101000044 51.542595210000059)",Unfall 38973 (2021) Kat:3, Licht: 0,38973,3,3,0,12,12,4,1,0,0,1,0,0,0,0
"POINT (7.479322080000031 51.469874452000056)",Unfall 38977 (2021) Kat:3, Licht: 0,38977,3,6,1,7,17,5,1,0,0,1,0,0,0,0
"POINT (7.464787728000033 51.570334084000081)",Unfall 38982 (2021) Kat:3, Licht: 2,38982,3,7,2,10,22,4,1,2,0,1,0,0,0,0
"POINT (7.472381081000037 51.499304478000056)",Unfall 38994 (2021) Kat:3, Licht: 0,38994,3,2,3,9,16,2,0,0,1,1,0,0,0,0
"POINT (7.371700068000052 51.522274397000047)",Unfall 38995 (2021) Kat:2, Licht: 0,38995,2,2,5,6,18,3,0,0,1,1,0,0,0,0
"POINT (7.458574513000030 51.542552352000030)",Unfall 38996 (2021) Kat:3, Licht: 0,38996,3,6,3,10,14,2,0,0,0,1,0,1,0,0
"POINT (7.431107900000029 51.482358455000053)",Unfall 39022 (2021) Kat:3, Licht: 0,39022,3,3,5,11,14,4,0,0,1,1,0,0,0,0
"POINT (7.469808164000028 51.574866507000081)",Unfall 39029 (2021) Kat:3, Licht: 0,39029,3,6,0,6,17,1,0,0,0,1,0,0,0,0
"POINT (7.456249970000044 51.457659668000076)",Unfall 39031 (2021) Kat:3, Licht: 0,39031,3,2,3,3,15,3,0,0,1,0,0,0,0,1
"POINT (7.448280444000034 51.513078135000058)",Unfall 39033 (2021) Kat:3, Licht: 2,39033,3,6,2,9,21,6,0,2,0,1,0,0,0,0
"POINT (7.470177213000056 51.520998110000050)",Unfall 39043 (2021) Kat:3, Licht: 2,39043,3,2,0,12,18,3,1,2,0,1,0,0,0,1
"POINT (7.439012051000020 51.481801106000034)",Unfall 39045 (2021) Kat:3, Licht: 2,39045,3,2,2,2,18,4,0,2,1,1,0,0,0,0
"POINT (7.461062983000033 51.508307268000067)",Unfall 39054 (2021) Kat:3, Licht: 0,39054,3,1,0,9,8,5,0,0,0,0,0,1,0,0
"POINT (7.450815460000058 51.513327239000034)",Unfall 39070 (2021) Kat:3, Licht: 0,39070,3,4,6,11,12,2,0,0,0,1,1,0,0,0
"POINT (7.481384804000072 51.468506688000048)",Unfall 39072 (2021) Kat:3, Licht: 0,39072,3,1,9,11,8,5,1,0,0,1,0,0,0,0
"POINT (7.459997082000029 51.506209078000040)",Unfall 39090 (2021) Kat:3, Licht: 0,39090,3,6,3,9,15,7,0,0,0,1,0,0,0,0
"POINT (7.493075218000058 51.495231591000049)",Unfall 39097 (2021) Kat:3, Licht: 0,39097,3,6,2,2,13,4,2,0,0,1,0,0,0,0
"POINT (7.359833529000070 51.497789049000062)",Unfall 39098 (2021) Kat:3, Licht: 2,39098,3,2,5,12,4,5,0,2,0,1,0,0,0,1
"POINT (7.463224550000064 51.498574012000063)",Unfall 39112 (2021) Kat:3, Licht: 2,39112,3,6,3,12,6,5,1,2,0,1,0,0,1,0
"POINT (7.471993117000068 51.499211245000026)",Unfall 39121 (2021) Kat:2, Licht: 0,39121,2,6,3,11,9,2,1,0,0,1,0,0,1,0
"POINT (7.459362766000027 51.467132306000053)",Unfall 39123 (2021) Kat:3, Licht: 0,39123,3,2,5,10,12,7,0,0,0,1,0,0,0,0
"POINT (7.491031059000022 51.502457745000072)",Unfall 39132 (2021) Kat:3, Licht: 0,39132,3,6,2,6,18,3,1,0,0,1,0,0,0,0
"POINT (7.462284901000032 51.548660009000059)",Unfall 39145 (2021) Kat:3, Licht: 2,39145,3,3,6,2,20,3,1,2,0,1,1,0,0,0
"POINT (7.358011124000029 51.561923708000052)",Unfall 39146 (2021) Kat:3, Licht: 0,39146,3,6,3,6,14,4,0,0,0,1,0,0,1,0
"POINT (7.498688144000027 51.488500520000059)",Unfall 39152 (2021) Kat:3, Licht: 2,39152,3,4,6,12,16,4,1,2,0,1,1,0,0,0
"POINT (7.456811943000048 51.454204920000052)",Unfall 39155 (2021) Kat:3, Licht: 1,39155,3,7,6,10,18,7,0,1,0,1,1,0,0,0
"POINT (7.454779815000052 51.523991964000061)",Unfall 39160 (2021) Kat:3, Licht: 0,39160,3,7,0,7,13,7,0,0,1,1,0,0,0,0
"POINT (7.471058401000050 51.499183921000053)",Unfall 39170 (2021) Kat:3, Licht: 0,39170,3,6,3,3,7,4,0,0,0,1,0,0,1,0
"POINT (7.491525031000037 51.514271628000074)",Unfall 39180 (2021) Kat:3, Licht: 0,39180,3,1,0,10,15,3,0,0,1,0,1,0,0,0
"POINT (7.498736478000069 51.503853108000044)",Unfall 39203 (2021) Kat:3, Licht: 0,39203,3,6,2,10,11,2,0,0,0,1,0,0,0,0
"POINT (7.438152855000055 51.555495920000055)",Unfall 39222 (2021) Kat:3, Licht: 2,39222,3,5,3,11,16,4,1,2,1,1,0,0,0,0
"POINT (7.462448314000028 51.510150405000047)",Unfall 39232 (2021) Kat:2, Licht: 0,39232,2,1,0,4,14,1,0,0,1,0,0,0,0,0
"POINT (7.364139599000055 51.496299017000069)",Unfall 39241 (2021) Kat:3, Licht: 0,39241,3,6,2,4,15,4,0,0,0,1,0,0,0,0
"POINT (7.474584713000070 51.535485166000058)",Unfall 39242 (2021) Kat:3, Licht: 0,39242,3,6,1,6,16,2,0,0,0,1,0,0,0,0
"POINT (7.450573078000048 51.512675271000035)",Unfall 39247 (2021) Kat:3, Licht: 0,39247,3,2,3,12,8,2,1,0,1,1,0,0,0,0
"POINT (7.483155658000044 51.500424587000055)",Unfall 39250 (2021) Kat:3, Licht: 2,39250,3,2,2,3,6,5,1,2,0,1,0,0,0,1
"POINT (7.413885841000024 51.530218360000049)",Unfall 39251 (2021) Kat:3, Licht: 0,39251,3,3,5,12,22,7,0,0,0,1,0,0,0,0
"POINT (7.400993590000041 51.496856668000078)",Unfall 39265 (2021) Kat:3, Licht: 0,39265,3,6,2,4,13,2,0,0,0,1,0,0,0,0
"POINT (7.473069079000027 51.499318737000067)",Unfall 39267 (2021) Kat:3, Licht: 0,39267,3,6,3,6,8,6,0,0,0,1,0,0,1,0
"POINT (7.372786574000031 51.518025480000063)",Unfall 39268 (2021) Kat:3, Licht: 0,39268,3,6,1,2,9,4,2,0,0,1,0,0,0,0
"POINT (7.459984465000048 51.506178198000043)",Unfall 39269 (2021) Kat:3, Licht: 0,39269,3,6,3,12,14,4,1,0,0,1,0,0,0,0
"POINT (7.489455590000034 51.497156614000062)",Unfall 39275 (2021) Kat:2, Licht: 0,39275,2,7,4,9,15,1,0,0,1,0,0,0,0,1
"POINT (7.480574533000038 51.523810561000062)",Unfall 39284 (2021) Kat:3, Licht: 0,39284,3,6,5,4,10,6,0,0,1,1,0,0,0,0
"POINT (7.469944143000021 51.521025503000033)",Unfall 39297 (2021) Kat:2, Licht: 0,39297,2,4,6,9,7,4,0,0,0,1,1,0,0,0
"POINT (7.456280828000047 51.457467984000061)",Unfall 39299 (2021) Kat:3, Licht: 0,39299,3,6,2,4,17,2,0,0,0,1,0,0,0,0
"POINT (7.460797304000039 51.524508880000042)",Unfall 39318 (2021) Kat:3, Licht: 2,39318,3,3,5,12,5,5,1,2,1,1,0,0,0,0
"POINT (7.473268902000029 51.506143574000077)",Unfall 39328 (2021) Kat:3, Licht: 0,39328,3,7,0,5,15,4,0,0,1,1,0,0,0,0
"POINT (7.446466611000062 51.496709242000065)",Unfall 39332 (2021) Kat:3, Licht: 0,39332,3,3,5,12,12,2,1,0,0,1,0,0,0,1
"POINT (7.455631590000053 51.535486141000035)",Unfall 39335 (2021) Kat:3, Licht: 2,39335,3,3,5,2,18,2,0,2,0,1,0,0,0,0
"POINT (7.459871586000077 51.494643093000036)",Unfall 39355 (2021) Kat:2, Licht: 0,39355,2,3,5,12,9,4,1,0,1,1,0,0,0,0
"POINT (7.464611754000032 51.509852611000042)",Unfall 39378 (2021) Kat:3, Licht: 0,39378,3,2,5,10,13,3,0,0,0,1,0,0,0,0
"POINT (7.418773313000031 51.512493852000034)",Unfall 39391 (2021) Kat:3, Licht: 2,39391,3,1,0,4,22,1,0,2,1,0,0,0,0,0
"POINT (7.459963624000068 51.485272141000053)",Unfall 39408 (2021) Kat:3, Licht: 2,39408,3,1,8,3,20,5,1,2,0,1,0,0,0,0
"POINT (7.363046731000054 51.561524119000069)",Unfall 39417 (2021) Kat:3, Licht: 2,39417,3,2,5,10,1,1,1,2,0,1,0,0,0,0
"POINT (7.474389172000031 51.512354910000056)",Unfall 39418 (2021) Kat:3, Licht: 2,39418,3,6,2,11,18,6,0,2,0,1,0,0,0,0
"POINT (7.443415544000061 51.494709566000040)",Unfall 39420 (2021) Kat:3, Licht: 0,39420,3,2,3,11,13,2,0,0,1,1,0,0,0,0
"POINT (7.480096148000030 51.523980164000079)",Unfall 39426 (2021) Kat:3, Licht: 0,39426,3,6,2,5,20,6,0,0,0,1,0,0,0,0
"POINT (7.433776429000034 51.582100718000049)",Unfall 39434 (2021) Kat:3, Licht: 0,39434,3,7,8,4,17,1,0,0,0,1,0,0,0,1
"POINT (7.471258724000052 51.499194599000077)",Unfall 39443 (2021) Kat:3, Licht: 0,39443,3,6,0,3,17,5,1,0,0,1,0,0,1,1
"POINT (7.459274678000043 51.543729678000034)",Unfall 39445 (2021) Kat:3, Licht: 0,39445,3,6,2,3,9,3,0,0,0,1,0,0,0,1
"POINT (7.474713206000047 51.525464743000043)",Unfall 39461 (2021) Kat:3, Licht: 2,39461,3,7,0,12,19,2,0,2,0,1,0,0,0,0
"POINT (7.470954960000029 51.525652862000072)",Unfall 39474 (2021) Kat:3, Licht: 2,39474,3,3,5,2,22,5,1,2,1,1,0,0,0,0
"POINT (7.372382324000057 51.519578076000073)",Unfall 39475 (2021) Kat:3, Licht: 0,39475,3,6,2,10,15,6,0,0,0,1,0,0,0,0
"POINT (7.456939360000035 51.498165989000029)",Unfall 39476 (2021) Kat:3, Licht: 0,39476,3,3,5,7,17,2,0,0,1,1,0,0,0,0
"POINT (7.383725791000074 51.509862168000041)",Unfall 39477 (2021) Kat:3, Licht: 0,39477,3,6,1,6,12,7,0,0,1,1,0,0,0,0
"POINT (7.448508677000063 51.513214260000041)",Unfall 39479 (2021) Kat:3, Licht: 0,39479,3,6,2,9,14,2,0,0,0,1,0,0,0,0
"POINT (7.343714136000074 51.517655110000078)",Unfall 39489 (2021) Kat:3, Licht: 0,39489,3,3,5,10,18,5,0,0,0,1,0,0,0,0
"POINT (7.325154432000033 51.494971137000050)",Unfall 39492 (2021) Kat:3, Licht: 0,39492,3,6,2,2,16,7,2,0,0,1,0,0,0,0
"POINT (7.366675389000022 51.537935001000051)",Unfall 39506 (2021) Kat:3, Licht: 0,39506,3,6,1,10,16,5,0,0,0,1,0,0,0,0
"POINT (7.481753372000071 51.501411480000058)",Unfall 39514 (2021) Kat:3, Licht: 0,39514,3,2,5,3,15,6,0,0,1,1,0,0,0,0
"POINT (7.388582117000055 51.506822209000063)",Unfall 39518 (2021) Kat:3, Licht: 0,39518,3,1,9,2,12,5,2,0,0,1,0,0,1,0
"POINT (7.468394233000026 51.508547751000037)",Unfall 39520 (2021) Kat:3, Licht: 0,39520,3,6,3,9,15,4,1,0,0,1,0,0,0,0
"POINT (7.323627100000067 51.508148640000059)",Unfall 39527 (2021) Kat:3, Licht: 0,39527,3,2,5,12,15,1,1,0,0,1,0,0,0,0
"POINT (7.459890789000042 51.516732222000030)",Unfall 39533 (2021) Kat:3, Licht: 0,39533,3,6,0,6,1,4,0,0,1,0,0,0,0,1
"POINT (7.495677039000043 51.476810901000079)",Unfall 39540 (2021) Kat:3, Licht: 0,39540,3,6,1,3,15,6,0,0,0,1,0,0,0,0
"POINT (7.452232705000029 51.542468648000067)",Unfall 39546 (2021) Kat:2, Licht: 2,39546,2,1,8,11,3,6,1,2,0,1,0,0,0,0
"POINT (7.479244285000050 51.543610975000036)",Unfall 39550 (2021) Kat:3, Licht: 0,39550,3,1,0,5,18,3,1,0,0,0,0,1,0,0
"POINT (7.466175496000062 51.498541736000050)",Unfall 39555 (2021) Kat:2, Licht: 0,39555,2,7,9,7,8,7,0,0,0,1,0,0,0,0
"POINT (7.472799845000054 51.512428108000051)",Unfall 39566 (2021) Kat:3, Licht: 2,39566,3,1,2,5,22,6,0,2,0,1,0,0,0,0
"POINT (7.476362230000063 51.540387418000080)",Unfall 39585 (2021) Kat:3, Licht: 0,39585,3,6,2,6,17,2,0,0,0,1,0,0,0,0
"POINT (7.463710394000032 51.551191359000029)",Unfall 39589 (2021) Kat:3, Licht: 2,39589,3,1,0,2,21,6,0,2,1,0,0,0,0,0
"POINT (7.469298459000072 51.517923205000045)",Unfall 39599 (2021) Kat:3, Licht: 2,39599,3,6,2,1,17,3,1,2,0,1,0,0,0,0
"POINT (7.486029023000071 51.498678513000073)",Unfall 39610 (2021) Kat:3, Licht: 0,39610,3,5,1,6,17,3,0,0,1,1,0,0,0,0
"POINT (7.469493078000028 51.518744812000079)",Unfall 39613 (2021) Kat:3, Licht: 2,39613,3,4,6,1,19,1,1,2,0,1,1,0,0,0
"POINT (7.464513158000045 51.517843236000033)",Unfall 39639 (2021) Kat:3, Licht: 0,39639,3,6,2,9,18,6,0,0,0,1,0,0,0,0
"POINT (7.430498989000057 51.511587432000056)",Unfall 39641 (2021) Kat:2, Licht: 2,39641,2,4,6,1,8,6,1,2,0,1,1,0,0,0
"POINT (7.470586605000051 51.524097966000056)",Unfall 39647 (2021) Kat:3, Licht: 2,39647,3,4,6,11,18,6,1,2,0,1,1,0,0,0
"POINT (7.456943189000071 51.539731691000043)",Unfall 39649 (2021) Kat:3, Licht: 2,39649,3,2,3,12,16,2,1,2,0,1,0,0,0,0
"POINT (7.382385917000022 51.551058622000028)",Unfall 39650 (2021) Kat:2, Licht: 0,39650,2,6,3,9,17,5,0,0,0,1,0,1,0,0
"POINT (7.449339731000066 51.437366923000070)",Unfall 39652 (2021) Kat:3, Licht: 2,39652,3,1,9,10,5,3,1,2,0,1,0,0,0,0
"POINT (7.392698702000075 51.583357797000076)",Unfall 39659 (2021) Kat:3, Licht: 0,39659,3,6,2,5,7,4,0,0,0,1,0,0,0,0
"POINT (7.469944143000021 51.521025503000033)",Unfall 39661 (2021) Kat:3, Licht: 0,39661,3,3,5,10,16,6,1,0,1,1,0,0,0,0
"POINT (7.438627632000021 51.512609746000066)",Unfall 39664 (2021) Kat:3, Licht: 0,39664,3,2,5,5,15,3,0,0,0,1,0,0,0,1
"POINT (7.325367504000042 51.520660365000026)",Unfall 39668 (2021) Kat:3, Licht: 0,39668,3,6,1,12,13,5,0,0,0,1,0,0,0,0
"POINT (7.462764431000039 51.581412859000068)",Unfall 39673 (2021) Kat:3, Licht: 0,39673,3,7,5,5,9,2,0,0,1,0,0,0,1,0
"POINT (7.474389546000054 51.514937442000075)",Unfall 39683 (2021) Kat:3, Licht: 0,39683,3,6,2,10,16,6,0,0,0,1,0,0,0,0
"POINT (7.452691508000044 51.523837429000082)",Unfall 39688 (2021) Kat:3, Licht: 2,39688,3,2,6,2,17,3,1,2,0,1,1,0,0,0
"POINT (7.373266295000064 51.522619395000049)",Unfall 39708 (2021) Kat:3, Licht: 1,39708,3,3,5,9,7,3,0,1,1,1,0,0,0,0
"POINT (7.460300090000032 51.526325391000057)",Unfall 39709 (2021) Kat:3, Licht: 0,39709,3,3,5,6,20,2,0,0,0,1,0,0,0,0
"POINT (7.495532530000048 51.485801335000076)",Unfall 39715 (2021) Kat:3, Licht: 0,39715,3,4,6,3,15,3,0,0,0,1,1,0,0,0
"POINT (7.371817322000027 51.491627760000029)",Unfall 39742 (2021) Kat:3, Licht: 2,39742,3,2,4,12,5,3,1,2,0,1,0,0,0,0
"POINT (7.459624273000031 51.441579559000047)",Unfall 39743 (2021) Kat:3, Licht: 0,39743,3,6,2,10,7,5,1,0,0,1,0,0,0,1
"POINT (7.491977713000040 51.577973580000048)",Unfall 39751 (2021) Kat:2, Licht: 0,39751,2,6,1,1,16,5,1,0,0,1,0,0,1,0
"POINT (7.398220322000043 51.472311629000046)",Unfall 39752 (2021) Kat:3, Licht: 0,39752,3,6,3,7,19,7,0,0,0,1,0,0,0,0
"POINT (7.474732605000042 51.517888991000063)",Unfall 39762 (2021) Kat:3, Licht: 0,39762,3,2,4,9,16,5,0,0,1,1,0,0,0,0
"POINT (7.409516873000030 51.481251451000048)",Unfall 39763 (2021) Kat:3, Licht: 0,39763,3,6,2,10,17,6,0,0,0,1,0,0,0,0
"POINT (7.366414873000053 51.537466209000058)",Unfall 39775 (2021) Kat:3, Licht: 2,39775,3,1,8,3,4,7,0,2,0,1,0,0,0,0
"POINT (7.456089406000046 51.458617036000078)",Unfall 39776 (2021) Kat:3, Licht: 2,39776,3,3,5,4,21,1,0,2,1,1,0,0,0,0
"POINT (7.486429910000027 51.559652011000026)",Unfall 39785 (2021) Kat:3, Licht: 2,39785,3,6,2,10,21,6,0,2,0,1,0,0,0,0
"POINT (7.375045863000025 51.545360984000069)",Unfall 39802 (2021) Kat:3, Licht: 0,39802,3,4,6,7,17,5,1,0,0,1,1,0,0,0
"POINT (7.498240573000032 51.553920034000043)",Unfall 39810 (2021) Kat:2, Licht: 2,39810,2,1,2,10,19,7,0,2,1,1,0,0,0,0
"POINT (7.450508379000041 51.513297385000044)",Unfall 39819 (2021) Kat:3, Licht: 0,39819,3,3,5,12,14,6,0,0,1,0,0,0,0,1
"POINT (7.481687244000057 51.466533875000039)",Unfall 39822 (2021) Kat:3, Licht: 0,39822,3,6,3,10,11,6,0,0,0,1,0,0,1,0
"POINT (7.435332340000059 51.568428744000073)",Unfall 39830 (2021) Kat:3, Licht: 0,39830,3,7,0,6,14,6,0,0,0,0,0,0,0,1
"POINT (7.460386375000041 51.545597269000041)",Unfall 39840 (2021) Kat:3, Licht: 0,39840,3,6,3,6,14,5,0,0,0,1,0,0,0,0
"POINT (7.387083469000061 51.504482941000049)",Unfall 39842 (2021) Kat:3, Licht: 0,39842,3,1,8,7,7,4,1,0,0,1,0,0,0,0
"POINT (7.325223011000048 51.521164655000064)",Unfall 39850 (2021) Kat:3, Licht: 0,39850,3,6,2,9,16,2,0,0,0,1,0,0,0,0
"POINT (7.461171032000038 51.528642582000032)",Unfall 39855 (2021) Kat:2, Licht: 0,39855,2,4,7,10,13,4,1,0,0,0,1,0,0,1
"POINT (7.497825714000044 51.514401850000070)",Unfall 39862 (2021) Kat:3, Licht: 0,39862,3,1,0,7,6,4,0,0,1,0,0,0,0,0
"POINT (7.473359249000055 51.525722961000042)",Unfall 39865 (2021) Kat:3, Licht: 0,39865,3,7,4,4,16,5,0,0,1,0,0,0,0,0
"POINT (7.419136228000070 51.497210367000037)",Unfall 39873 (2021) Kat:3, Licht: 0,39873,3,6,2,7,17,5,1,0,0,1,0,0,0,0
"POINT (7.401229232000048 51.549244870000052)",Unfall 39887 (2021) Kat:3, Licht: 0,39887,3,2,2,3,14,1,1,0,0,1,0,0,0,0
"POINT (7.460154380000063 51.469480667000028)",Unfall 39890 (2021) Kat:3, Licht: 0,39890,3,3,3,5,17,7,0,0,1,1,0,0,0,0
"POINT (7.385811477000061 51.550816841000028)",Unfall 39891 (2021) Kat:3, Licht: 0,39891,3,7,2,6,9,4,0,0,1,1,0,0,0,0
"POINT (7.495207106000066 51.503437145000078)",Unfall 39896 (2021) Kat:3, Licht: 0,39896,3,6,3,1,10,3,1,0,0,1,0,0,1,0
"POINT (7.443375497000034 51.494679864000034)",Unfall 39899 (2021) Kat:3, Licht: 0,39899,3,6,3,6,19,5,1,0,0,1,0,0,0,0
"POINT (7.479689721000057 51.524124252000036)",Unfall 39906 (2021) Kat:3, Licht: 0,39906,3,6,1,4,17,3,0,0,0,1,0,0,0,0
"POINT (7.414472635000038 51.539110071000039)",Unfall 39907 (2021) Kat:3, Licht: 1,39907,3,3,5,11,8,2,0,1,1,1,0,0,0,0
"POINT (7.360984282000061 51.497695699000076)",Unfall 39912 (2021) Kat:3, Licht: 2,39912,3,6,1,10,20,6,0,2,0,1,0,0,0,0
"POINT (7.371803453000041 51.521797720000052)",Unfall 39923 (2021) Kat:3, Licht: 0,39923,3,6,2,2,9,3,2,0,0,1,0,0,0,0
"POINT (7.458194395000021 51.541934541000046)",Unfall 39924 (2021) Kat:2, Licht: 0,39924,2,4,6,3,17,4,0,0,0,0,1,0,0,1
"POINT (7.379153070000029 51.508913457000062)",Unfall 39926 (2021) Kat:3, Licht: 0,39926,3,4,6,6,18,5,0,0,0,1,1,0,0,0
"POINT (7.475961459000075 51.437415800000053)",Unfall 39942 (2021) Kat:3, Licht: 0,39942,3,6,2,10,12,1,0,0,0,1,0,0,0,0
"POINT (7.408654999000021 51.506151854000052)",Unfall 39943 (2021) Kat:3, Licht: 0,39943,3,3,5,1,16,1,1,0,0,1,0,0,0,0
"POINT (7.462983620000045 51.581589877000056)",Unfall 39946 (2021) Kat:3, Licht: 2,39946,3,3,5,11,22,2,0,2,0,1,0,1,0,0
"POINT (7.455724604000068 51.513332429000059)",Unfall 39956 (2021) Kat:3, Licht: 0,39956,3,3,5,10,11,6,0,0,0,1,0,0,0,1
"POINT (7.416688645000022 51.502730179000082)",Unfall 39965 (2021) Kat:2, Licht: 0,39965,2,1,0,3,14,3,0,0,0,0,0,0,0,1
"POINT (7.319209915000044 51.496070245000055)",Unfall 39968 (2021) Kat:3, Licht: 0,39968,3,6,2,6,15,4,0,0,0,1,0,0,0,0
"POINT (7.406177898000067 51.497782453000070)",Unfall 39980 (2021) Kat:2, Licht: 0,39980,2,7,4,6,15,4,0,0,0,1,0,0,0,0
"POINT (7.459689843000035 51.524457018000078)",Unfall 39983 (2021) Kat:3, Licht: 0,39983,3,2,4,11,12,5,0,0,1,1,0,0,0,0
"POINT (7.364079453000045 51.496261965000031)",Unfall 39992 (2021) Kat:3, Licht: 0,39992,3,6,2,6,16,4,0,0,0,1,0,0,0,0
"POINT (7.483009073000062 51.500868290000028)",Unfall 40001 (2021) Kat:3, Licht: 0,40001,3,6,2,9,18,5,0,0,0,1,0,0,0,0
"POINT (7.470908243000054 51.525477710000075)",Unfall 40018 (2021) Kat:3, Licht: 2,40018,3,6,1,12,20,4,0,2,0,1,0,0,0,0
"POINT (7.325436753000076 51.500772708000056)",Unfall 40033 (2021) Kat:3, Licht: 0,40033,3,5,0,6,9,3,0,0,1,1,0,0,0,0
"POINT (7.358610253000052 51.562480134000054)",Unfall 40042 (2021) Kat:3, Licht: 0,40042,3,6,2,2,14,6,0,0,0,1,0,0,0,0
"POINT (7.337663615000054 51.501986625000029)",Unfall 40044 (2021) Kat:3, Licht: 0,40044,3,2,5,6,14,4,0,0,0,1,0,0,0,1
"POINT (7.456435457000055 51.498138303000076)",Unfall 40051 (2021) Kat:2, Licht: 2,40051,2,6,3,10,7,4,0,2,0,1,0,0,1,0
"POINT (7.393919269000037 51.580852542000059)",Unfall 40059 (2021) Kat:3, Licht: 1,40059,3,1,0,11,16,2,1,1,0,0,0,1,0,0
"POINT (7.325795286000073 51.498984390000032)",Unfall 40075 (2021) Kat:3, Licht: 1,40075,3,3,5,12,7,5,1,1,0,1,0,0,0,0
"POINT (7.477741821000052 51.459746318000043)",Unfall 40078 (2021) Kat:3, Licht: 0,40078,3,4,6,12,13,5,0,0,0,1,1,0,0,0
"POINT (7.424811096000042 51.521692534000067)",Unfall 40081 (2021) Kat:3, Licht: 0,40081,3,6,2,10,17,5,1,0,0,1,0,0,0,0
"POINT (7.359224357000073 51.497831065000071)",Unfall 40084 (2021) Kat:3, Licht: 2,40084,3,2,1,11,7,3,0,2,0,1,0,1,0,0
"POINT (7.470826544000033 51.510715146000052)",Unfall 40091 (2021) Kat:3, Licht: 0,40091,3,1,0,6,19,5,0,0,1,0,0,0,0,0
"POINT (7.379247870000029 51.510932554000078)",Unfall 40094 (2021) Kat:3, Licht: 0,40094,3,3,5,11,12,3,1,0,0,1,0,0,0,1
"POINT (7.325219368000035 51.521177372000068)",Unfall 40108 (2021) Kat:3, Licht: 2,40108,3,2,4,1,6,4,0,2,0,1,0,0,0,0
"POINT (7.405150617000061 51.481707294000046)",Unfall 40111 (2021) Kat:3, Licht: 2,40111,3,5,1,10,23,6,0,2,0,1,0,0,0,0
"POINT (7.497201604000054 51.503405338000050)",Unfall 40120 (2021) Kat:3, Licht: 2,40120,3,3,5,11,6,4,0,2,1,1,0,0,0,0
"POINT (7.455973548000031 51.532900351000080)",Unfall 40123 (2021) Kat:3, Licht: 0,40123,3,1,0,5,10,6,0,0,0,0,0,0,0,1
"POINT (7.447091715000056 51.547550498000078)",Unfall 40125 (2021) Kat:3, Licht: 0,40125,3,3,5,11,12,5,0,0,0,1,0,0,0,0
"POINT (7.454804869000043 51.577251094000076)",Unfall 40128 (2021) Kat:3, Licht: 2,40128,3,7,2,11,5,5,0,2,0,1,0,0,1,0
"POINT (7.482702767000035 51.467437631000053)",Unfall 40131 (2021) Kat:3, Licht: 0,40131,3,3,5,9,17,5,0,0,0,1,0,1,0,1
"POINT (7.418765808000046 51.531431323000049)",Unfall 40132 (2021) Kat:3, Licht: 2,40132,3,6,3,5,21,7,0,2,0,1,0,0,0,0
"POINT (7.460136858000055 51.485062170000049)",Unfall 40150 (2021) Kat:3, Licht: 0,40150,3,6,2,3,9,2,0,0,0,1,0,1,0,0
"POINT (7.492776954000021 51.550290168000060)",Unfall 40157 (2021) Kat:3, Licht: 0,40157,3,7,0,12,16,4,1,0,0,0,1,0,0,1
"POINT (7.473059646000024 51.531591712000079)",Unfall 40160 (2021) Kat:3, Licht: 0,40160,3,6,1,3,14,4,0,0,0,1,0,0,0,0
"POINT (7.424772649000033 51.582212002000063)",Unfall 40172 (2021) Kat:3, Licht: 0,40172,3,6,3,9,17,1,0,0,1,1,0,0,0,0
"POINT (7.464905789000056 51.557532469000080)",Unfall 40174 (2021) Kat:2, Licht: 0,40174,2,6,0,1,12,5,1,0,0,1,0,0,0,1
"POINT (7.471550700000023 51.526923894000049)",Unfall 40186 (2021) Kat:2, Licht: 0,40186,2,6,3,12,11,4,0,0,0,1,0,1,1,0
"POINT (7.459224609000046 51.576384639000082)",Unfall 40188 (2021) Kat:2, Licht: 0,40188,2,1,3,10,12,5,1,0,0,1,0,0,1,0
"POINT (7.325931394000065 51.495041283000035)",Unfall 40202 (2021) Kat:2, Licht: 2,40202,2,1,8,1,0,7,0,2,0,1,0,0,0,0
"POINT (7.475113700000065 51.536409028000037)",Unfall 40205 (2021) Kat:3, Licht: 0,40205,3,3,5,6,15,2,0,0,0,1,0,0,0,1
"POINT (7.407815737000021 51.587016620000043)",Unfall 40206 (2021) Kat:2, Licht: 0,40206,2,1,8,10,8,1,1,0,0,1,0,0,0,0
"POINT (7.463575721000041 51.519683154000063)",Unfall 40209 (2021) Kat:3, Licht: 0,40209,3,3,5,9,17,1,0,0,0,1,0,0,0,1