WKT,Name,OBJECTID,UKATEGORIE,UTYP1,UART,UMONAT,USTUNDE,UWOCHENTAG,STRZUSTAND,ULICHTVERH,ISTRAD,ISTPKW,ISTFUSS,ISTKRAD,ISTGKFZ,ISTSONSTIG
"POINT (7.370306492000054 51.521867993000058)",Unfall 40218 (2021) Kat:3, Licht: 0,40218,3,4,0,9,13,4,1,0,0,1,1,0,0,0
"POINT (7.375315026000067 51.493064590000074)",Unfall 40240 (2021) Kat:3, Licht: 1,40240,3,1,2,10,17,6,1,1,0,1,0,0,0,0
"POINT (7.461116913000069 51.517069309000078)",Unfall 40241 (2021) Kat:3, Licht: 0,40241,3,7,0,11,7,5,0,0,0,1,0,0,0,0
"POINT (7.499464204000049 51.488335134000067)",Unfall 40248 (2021) Kat:3, Licht: 0,40248,3,6,2,6,19,1,0,0,0,1,0,1,0,0
"POINT (7.473676973000067 51.484464860000060)",Unfall 40251 (2021) Kat:2, Licht: 0,40251,2,2,5,6,13,6,0,0,0,1,0,0,0,0
"POINT (7.482670806000044 51.500811245000079)",Unfall 40258 (2021) Kat:2, Licht: 0,40258,2,3,5,9,13,1,0,0,0,1,0,0,0,0
"POINT (7.416221059000065 51.502447188000076)",Unfall 40259 (2021) Kat:2, Licht: 0,40259,2,2,6,12,10,3,1,0,0,1,1,0,0,0
"POINT (7.389660187000061 51.508900360000041)",Unfall 40261 (2021) Kat:3, Licht: 0,40261,3,1,0,5,17,5,0,0,0,0,0,1,0,0
"POINT (7.468246471000043 51.505573877000074)",Unfall 40263 (2021) Kat:3, Licht: 2,40263,3,2,6,12,16,7,1,2,0,1,1,0,0,0
"POINT (7.459672689000058 51.465497160000041)",Unfall 40276 (2021) Kat:3, Licht: 0,40276,3,6,2,1,11,6,1,0,0,1,0,0,0,1
"POINT (7.495627113000069 51.482322642000042)",Unfall 40283 (2021) Kat:3, Licht: 0,40283,3,2,0,1,11,6,1,0,0,1,0,1,0,0
"POINT (7.356880291000039 51.492779215000041)",Unfall 40287 (2021) Kat:3, Licht: 1,40287,3,1,2,9,18,1,0,1,0,1,0,0,0,0
"POINT (7.497844454000074 51.494144399000049)",Unfall 40293 (2021) Kat:3, Licht: 1,40293,3,6,2,11,7,5,1,1,0,1,0,0,0,1
"POINT (7.369479038000065 51.524775848000047)",Unfall 40295 (2021) Kat:3, Licht: 0,40295,3,1,2,11,13,5,0,0,0,1,0,0,0,0
"POINT (7.473700618000066 51.532580683000049)",Unfall 40296 (2021) Kat:3, Licht: 0,40296,3,3,5,6,13,4,0,0,1,1,0,0,0,0
"POINT (7.446823645000052 51.478631305000079)",Unfall 40298 (2021) Kat:3, Licht: 0,40298,3,2,5,11,14,6,0,0,1,1,0,0,0,0
"POINT (7.482077963000052 51.501217479000047)",Unfall 40303 (2021) Kat:3, Licht: 0,40303,3,6,2,12,13,6,0,0,0,1,0,0,0,0
"POINT (7.467413786000066 51.489581680000072)",Unfall 40308 (2021) Kat:3, Licht: 0,40308,3,6,2,6,8,2,0,0,0,1,0,0,0,0
"POINT (7.434387242000071 51.482126805000064)",Unfall 40311 (2021) Kat:3, Licht: 0,40311,3,7,0,7,9,7,0,0,0,0,0,1,0,0
"POINT (7.376681808000058 51.497815602000060)",Unfall 40320 (2021) Kat:3, Licht: 2,40320,3,1,9,2,1,4,2,2,0,1,0,0,0,0
"POINT (7.460573398000065 51.545909482000070)",Unfall 40321 (2021) Kat:3, Licht: 2,40321,3,2,4,2,20,2,0,2,0,1,0,1,0,0
"POINT (7.496170638000024 51.514200393000067)",Unfall 40328 (2021) Kat:3, Licht: 0,40328,3,3,5,6,11,2,0,0,0,1,0,0,0,0
"POINT (7.479365266000059 51.469881648000069)",Unfall 40338 (2021) Kat:2, Licht: 2,40338,2,2,5,11,17,7,1,2,0,1,0,0,0,0
"POINT (7.425678773000072 51.510904265000079)",Unfall 40341 (2021) Kat:3, Licht: 0,40341,3,6,3,5,12,6,0,0,0,1,0,0,1,0
"POINT (7.464746247000051 51.559627384000066)",Unfall 40343 (2021) Kat:3, Licht: 0,40343,3,3,5,6,13,2,0,0,0,1,0,0,0,0
"POINT (7.471381644000076 51.525791322000032)",Unfall 40355 (2021) Kat:3, Licht: 0,40355,3,6,6,6,17,7,0,0,0,0,1,0,0,1
"POINT (7.457833584000070 51.448649110000076)",Unfall 40357 (2021) Kat:3, Licht: 2,40357,3,3,5,3,23,5,1,2,0,1,0,0,0,1
"POINT (7.385288866000053 51.498657003000062)",Unfall 40358 (2021) Kat:2, Licht: 1,40358,2,6,1,4,19,3,1,1,0,1,0,0,0,0
"POINT (7.474690680000037 51.517871044000060)",Unfall 40374 (2021) Kat:3, Licht: 2,40374,3,4,6,12,6,4,1,2,0,1,1,0,0,0
"POINT (7.420960712000067 51.529857654000068)",Unfall 40377 (2021) Kat:3, Licht: 0,40377,3,1,0,12,7,2,2,0,1,0,0,0,0,0
"POINT (7.371547415000066 51.522230441000033)",Unfall 40388 (2021) Kat:3, Licht: 0,40388,3,5,1,2,12,6,2,0,0,1,0,0,0,0
"POINT (7.456480117000069 51.537134025000057)",Unfall 40389 (2021) Kat:3, Licht: 0,40389,3,3,0,6,7,3,0,0,1,1,0,0,0,0
"POINT (7.486410941000031 51.559648908000042)",Unfall 40399 (2021) Kat:2, Licht: 0,40399,2,3,5,5,10,2,0,0,1,1,0,0,0,0
"POINT (7.461138004000077 51.581751400000030)",Unfall 40414 (2021) Kat:3, Licht: 2,40414,3,2,5,9,22,6,1,2,0,1,0,1,0,0
"POINT (7.498489771000038 51.503839693000032)",Unfall 40421 (2021) Kat:3, Licht: 0,40421,3,6,1,11,10,6,0,0,0,1,0,0,1,0
"POINT (7.474431164000066 51.534268157000042)",Unfall 40424 (2021) Kat:3, Licht: 0,40424,3,3,5,5,5,2,0,0,1,1,0,0,0,0
"POINT (7.447334212000044 51.496726998000042)",Unfall 40426 (2021) Kat:3, Licht: 0,40426,3,2,3,5,10,5,0,0,1,1,0,0,0,0
"POINT (7.468173869000054 51.442251948000035)",Unfall 40436 (2021) Kat:3, Licht: 0,40436,3,6,2,10,8,5,0,0,0,1,0,0,0,0
"POINT (7.494064389000073 51.525377777000074)",Unfall 40456 (2021) Kat:3, Licht: 0,40456,3,6,2,10,14,3,1,0,1,0,0,0,0,0
"POINT (7.451909205000049 51.500393546000055)",Unfall 40462 (2021) Kat:3, Licht: 0,40462,3,6,1,9,12,4,1,0,0,1,0,0,0,0
"POINT (7.481169684000065 51.523598406000076)",Unfall 40466 (2021) Kat:3, Licht: 0,40466,3,2,3,10,14,7,0,0,1,0,0,0,0,1
"POINT (7.359225565000031 51.564256464000039)",Unfall 40472 (2021) Kat:3, Licht: 2,40472,3,1,8,10,22,1,1,2,0,1,0,0,0,0
"POINT (7.345554442000036 51.517855439000073)",Unfall 40478 (2021) Kat:2, Licht: 0,40478,2,4,6,3,15,3,1,0,0,0,1,0,1,0
"POINT (7.470983293000074 51.525727113000073)",Unfall 40482 (2021) Kat:3, Licht: 0,40482,3,2,4,9,11,7,0,0,0,1,0,0,0,0
"POINT (7.474875692000069 51.589668337000035)",Unfall 40502 (2021) Kat:3, Licht: 0,40502,3,6,2,6,12,4,0,0,0,1,0,0,0,0
"POINT (7.409295122000060 51.588010007000037)",Unfall 40503 (2021) Kat:3, Licht: 2,40503,3,6,8,10,6,1,0,2,0,1,0,0,0,0
"POINT (7.463571442000045 51.469839042000046)",Unfall 40506 (2021) Kat:3, Licht: 0,40506,3,2,5,10,16,2,0,0,0,1,0,1,0,0
"POINT (7.361370880000038 51.526670737000074)",Unfall 40524 (2021) Kat:3, Licht: 0,40524,3,6,1,12,13,2,0,0,0,1,0,0,0,0
"POINT (7.457782550000047 51.530606627000054)",Unfall 40537 (2021) Kat:3, Licht: 2,40537,3,3,5,10,22,5,0,2,0,1,0,0,0,0
"POINT (7.378264488000070 51.493601445000081)",Unfall 40539 (2021) Kat:2, Licht: 0,40539,2,6,2,10,16,7,0,0,0,1,0,0,0,0
"POINT (7.326094540000042 51.496643035000034)",Unfall 40553 (2021) Kat:3, Licht: 0,40553,3,6,2,10,16,6,0,0,0,1,0,0,0,0
"POINT (7.475348770000039 51.537232259000064)",Unfall 40556 (2021) Kat:3, Licht: 0,40556,3,6,3,6,20,7,0,0,0,1,0,0,0,0
"POINT (7.431243929000061 51.482348828000056)",Unfall 40563 (2021) Kat:3, Licht: 0,40563,3,1,0,6,16,4,0,0,1,0,0,0,0,0
"POINT (7.469104433000041 51.516960593000078)",Unfall 40570 (2021) Kat:3, Licht: 0,40570,3,7,3,11,15,7,0,0,0,1,0,0,0,0
"POINT (7.456309675000057 51.538740094000048)",Unfall 40572 (2021) Kat:3, Licht: 0,40572,3,1,3,2,15,3,0,0,0,1,0,0,0,1
"POINT (7.486890433000042 51.523821267000073)",Unfall 40581 (2021) Kat:3, Licht: 0,40581,3,3,6,1,7,6,1,0,0,1,0,0,0,1
"POINT (7.392733158000055 51.585062295000057)",Unfall 40583 (2021) Kat:3, Licht: 0,40583,3,6,2,1,9,4,1,0,0,1,0,0,0,0
"POINT (7.497104756000056 51.493953931000078)",Unfall 40604 (2021) Kat:3, Licht: 0,40604,3,4,0,11,7,6,1,0,0,1,1,0,0,0
"POINT (7.362955322000062 51.561488230000066)",Unfall 40606 (2021) Kat:3, Licht: 2,40606,3,2,5,12,18,3,1,2,0,1,0,0,0,0
"POINT (7.474412548000032 51.514384459000041)",Unfall 40607 (2021) Kat:3, Licht: 0,40607,3,6,2,9,13,5,0,0,0,1,0,0,0,0
"POINT (7.455423494000058 51.514964087000067)",Unfall 40612 (2021) Kat:3, Licht: 2,40612,3,4,6,12,20,1,1,2,0,1,1,0,0,0
"POINT (7.399654994000059 51.549232443000051)",Unfall 40629 (2021) Kat:3, Licht: 0,40629,3,3,5,9,15,6,0,0,1,1,0,0,0,0
"POINT (7.459914508000054 51.470591107000075)",Unfall 40632 (2021) Kat:2, Licht: 0,40632,2,2,5,4,14,7,0,0,1,1,0,0,0,0
"POINT (7.485215026000049 51.443154791000040)",Unfall 40648 (2021) Kat:3, Licht: 1,40648,3,1,9,7,21,4,0,1,0,0,0,1,0,0
"POINT (7.424823203000074 51.521672274000082)",Unfall 40651 (2021) Kat:3, Licht: 1,40651,3,6,2,10,7,4,0,1,0,1,0,0,0,1
"POINT (7.472240310000075 51.516229914000064)",Unfall 40663 (2021) Kat:3, Licht: 0,40663,3,6,3,2,14,6,0,0,0,1,0,1,0,0
"POINT (7.370905755000024 51.523690408000050)",Unfall 40664 (2021) Kat:3, Licht: 0,40664,3,4,6,3,17,4,0,0,1,0,1,0,0,0
"POINT (7.459426871000062 51.511551450000070)",Unfall 40665 (2021) Kat:3, Licht: 0,40665,3,3,5,9,13,3,0,0,1,1,0,0,0,0
"POINT (7.393362621000051 51.469972928000061)",Unfall 40674 (2021) Kat:3, Licht: 0,40674,3,7,5,6,18,3,0,0,0,1,0,1,0,0
"POINT (7.323982279000063 51.507411640000043)",Unfall 40682 (2021) Kat:3, Licht: 0,40682,3,2,0,1,12,1,0,0,0,1,0,0,0,0
"POINT (7.477603483000053 51.524853491000044)",Unfall 40684 (2021) Kat:2, Licht: 2,40684,2,2,5,4,22,2,1,2,0,1,0,0,0,1
"POINT (7.407544738000070 51.542842378000046)",Unfall 40685 (2021) Kat:2, Licht: 0,40685,2,6,8,3,17,1,0,0,0,1,0,0,0,0
"POINT (7.461548933000074 51.517043252000065)",Unfall 40688 (2021) Kat:3, Licht: 2,40688,3,2,3,10,20,3,1,2,1,1,0,0,0,0
"POINT (7.358014560000072 51.503317245000062)",Unfall 40689 (2021) Kat:3, Licht: 0,40689,3,3,5,5,15,6,0,0,0,1,0,0,0,1
"POINT (7.498430382000038 51.503836381000042)",Unfall 40695 (2021) Kat:3, Licht: 2,40695,3,6,2,12,0,3,1,2,0,1,0,0,1,0
"POINT (7.457020412000077 51.512792182000055)",Unfall 40698 (2021) Kat:3, Licht: 0,40698,3,6,0,6,12,2,0,0,0,0,0,1,0,0
"POINT (7.469087470000034 51.517107226000064)",Unfall 40712 (2021) Kat:3, Licht: 0,40712,3,6,1,5,18,3,1,0,0,1,0,0,0,0
"POINT (7.343478897000068 51.517628199000058)",Unfall 40716 (2021) Kat:3, Licht: 0,40716,3,7,0,3,11,7,0,0,0,0,0,1,0,0
"POINT (7.377820395000072 51.526004157000045)",Unfall 40724 (2021) Kat:3, Licht: 0,40724,3,6,2,1,15,6,1,0,0,1,0,0,0,0
"POINT (7.460092157000076 51.526279207000073)",Unfall 40725 (2021) Kat:3, Licht: 2,40725,3,6,2,3,22,6,0,2,0,1,0,0,0,0
"POINT (7.493264699000065 51.502848342000050)",Unfall 40733 (2021) Kat:3, Licht: 0,40733,3,6,2,6,18,6,0,0,0,1,0,0,0,0
"POINT (7.363071196000021 51.586831949000043)",Unfall 40735 (2021) Kat:1, Licht: 0,40735,1,6,9,6,15,6,0,0,0,1,0,0,1,1
"POINT (7.474605621000023 51.517334583000036)",Unfall 40736 (2021) Kat:3, Licht: 0,40736,3,3,5,12,13,4,1,0,0,1,0,0,0,0
"POINT (7.450706211000067 51.510563295000054)",Unfall 40741 (2021) Kat:3, Licht: 0,40741,3,1,0,7,16,1,0,0,1,0,0,0,0,0
"POINT (7.470249108000075 51.521323933000076)",Unfall 40750 (2021) Kat:3, Licht: 2,40750,3,6,0,12,18,7,1,2,0,1,0,0,0,0
"POINT (7.389800768000043 51.509351953000078)",Unfall 40763 (2021) Kat:3, Licht: 2,40763,3,6,2,10,18,4,0,2,0,1,0,0,0,0
"POINT (7.438949028000025 51.481804834000059)",Unfall 40768 (2021) Kat:3, Licht: 2,40768,3,2,5,2,5,6,1,2,0,1,0,0,0,0
"POINT (7.375239647000058 51.515904145000036)",Unfall 40777 (2021) Kat:2, Licht: 2,40777,2,2,5,3,19,3,0,2,1,1,0,0,0,0
"POINT (7.462504466000041 51.510137318000034)",Unfall 40778 (2021) Kat:3, Licht: 2,40778,3,6,2,11,20,7,0,2,0,1,0,0,0,0
"POINT (7.492852583000058 51.503063174000033)",Unfall 40786 (2021) Kat:2, Licht: 0,40786,2,3,5,7,11,1,0,0,1,1,0,0,0,0
"POINT (7.483271192000075 51.523435915000050)",Unfall 40797 (2021) Kat:3, Licht: 0,40797,3,5,0,5,12,3,1,0,1,1,0,0,0,0
"POINT (7.463770592000060 51.524863265000079)",Unfall 40836 (2021) Kat:2, Licht: 0,40836,2,7,6,6,14,7,0,0,0,1,1,0,0,0
"POINT (7.358084054000074 51.562117113000056)",Unfall 40837 (2021) Kat:3, Licht: 1,40837,3,6,3,3,18,6,1,1,0,1,0,0,0,0
"POINT (7.458888115000036 51.504475851000052)",Unfall 40846 (2021) Kat:3, Licht: 0,40846,3,1,0,7,9,6,1,0,0,0,0,1,0,0
"POINT (7.486253352000062 51.424254563000034)",Unfall 40854 (2021) Kat:3, Licht: 0,40854,3,6,0,9,19,7,0,0,0,1,0,0,0,0
"POINT (7.393915143000072 51.580857501000025)",Unfall 40855 (2021) Kat:3, Licht: 0,40855,3,3,5,3,14,4,0,0,0,1,0,0,0,0
"POINT (7.323669289000065 51.494820071000049)",Unfall 40861 (2021) Kat:3, Licht: 0,40861,3,6,2,2,14,5,2,0,0,1,0,0,0,0
"POINT (7.476161782000077 51.504467237000028)",Unfall 40863 (2021) Kat:3, Licht: 1,40863,3,6,3,9,8,3,0,1,1,1,0,0,0,0
"POINT (7.403099546000021 51.564570738000043)",Unfall 40864 (2021) Kat:2, Licht: 1,40864,2,3,5,11,16,7,0,1,0,1,0,0,0,0
"POINT (7.461266579000039 51.546921928000074)",Unfall 40866 (2021) Kat:3, Licht: 0,40866,3,6,2,10,17,6,0,0,0,1,0,0,0,0
"POINT (7.498281286000065 51.503828066000040)",Unfall 40873 (2021) Kat:3, Licht: 0,40873,3,6,1,6,15,4,0,0,0,1,0,0,0,0
"POINT (7.367456280000056 51.494355812000038)",Unfall 40875 (2021) Kat:3, Licht: 0,40875,3,2,6,3,9,4,0,0,0,1,1,0,0,0
"POINT (7.474527305000038 51.511031896000077)",Unfall 40876 (2021) Kat:3, Licht: 0,40876,3,7,7,6,13,1,0,0,0,0,0,0,0,1
"POINT (7.446304177000059 51.496495950000053)",Unfall 40878 (2021) Kat:3, Licht: 0,40878,3,6,2,3,7,5,0,0,0,1,0,0,0,0
"POINT (7.455390349000027 51.515100517000064)",Unfall 40881 (2021) Kat:3, Licht: 0,40881,3,6,2,10,17,6,0,0,0,1,0,1,0,1
"POINT (7.481614206000074 51.523072219000028)",Unfall 40884 (2021) Kat:3, Licht: 2,40884,3,3,5,3,6,2,1,2,1,1,0,0,0,0
"POINT (7.416221059000065 51.502447188000076)",Unfall 40885 (2021) Kat:2, Licht: 2,40885,2,2,6,11,17,6,0,2,0,1,1,0,0,0
"POINT (7.459847981000053 51.495351993000043)",Unfall 40902 (2021) Kat:3, Licht: 0,40902,3,3,5,6,14,2,0,0,0,1,0,0,0,0
"POINT (7.353893351000067 51.572209836000070)",Unfall 40903 (2021) Kat:3, Licht: 1,40903,3,1,8,9,19,5,1,1,0,0,0,1,0,0
"POINT (7.444536799000048 51.524143133000052)",Unfall 40914 (2021) Kat:3, Licht: 0,40914,3,2,6,6,19,4,0,0,0,1,1,0,0,0
"POINT (7.411927172000048 51.481237679000060)",Unfall 40922 (2021) Kat:3, Licht: 0,40922,3,2,2,3,14,4,0,0,0,1,0,0,0,0
"POINT (7.464790419000053 51.558342390000064)",Unfall 40926 (2021) Kat:3, Licht: 0,40926,3,2,5,7,18,4,1,0,0,1,0,0,0,0
"POINT (7.458681052000031 51.503761771000029)",Unfall 40940 (2021) Kat:3, Licht: 0,40940,3,7,3,6,16,4,0,0,1,1,0,0,0,0
"POINT (7.428707497000062 51.511527471000079)",Unfall 40962 (2021) Kat:3, Licht: 0,40962,3,3,5,6,19,6,0,0,1,1,0,0,0,0
"POINT (7.510968523000031 51.517461606000040)",Unfall 41031 (2021) Kat:3, Licht: 2,41031,3,1,0,11,17,6,0,2,1,0,0,0,0,0
"POINT (7.555130997000049 51.489890987000081)",Unfall 41069 (2021) Kat:3, Licht: 0,41069,3,3,0,6,13,7,0,0,1,0,0,0,0,0
"POINT (7.580764093000028 51.527990250000073)",Unfall 41075 (2021) Kat:3, Licht: 0,41075,3,6,0,3,12,5,0,0,1,0,0,0,0,1
"POINT (7.505832460000022 51.486104851000050)",Unfall 41090 (2021) Kat:3, Licht: 0,41090,3,6,1,6,14,7,0,0,0,1,0,1,0,0
"POINT (7.552466619000029 51.482542880000040)",Unfall 41101 (2021) Kat:3, Licht: 2,41101,3,6,1,12,17,7,1,2,0,1,0,0,0,0
"POINT (7.612255441000059 51.532518543000037)",Unfall 41120 (2021) Kat:2, Licht: 0,41120,2,1,0,2,14,4,2,0,1,0,0,0,0,0
"POINT (7.514086464000059 51.469612979000033)",Unfall 41141 (2021) Kat:3, Licht: 0,41141,3,2,4,3,8,4,0,0,0,1,0,0,0,0
"POINT (7.569962125000075 51.581526263000057)",Unfall 41163 (2021) Kat:3, Licht: 2,41163,3,6,2,1,18,6,0,2,0,1,0,0,0,0
"POINT (7.545584282000050 51.529840736000040)",Unfall 41201 (2021) Kat:2, Licht: 0,41201,2,7,0,12,11,1,1,0,0,0,0,1,0,0
"POINT (7.520096061000061 51.465996807000067)",Unfall 41233 (2021) Kat:3, Licht: 0,41233,3,6,1,11,11,6,1,0,0,1,0,0,0,0
"POINT (7.503393046000042 51.489405852000061)",Unfall 41245 (2021) Kat:3, Licht: 2,41245,3,3,5,6,23,6,1,2,0,1,0,0,0,0
"POINT (7.502190336000069 51.567008266000073)",Unfall 41278 (2021) Kat:3, Licht: 0,41278,3,6,3,9,16,5,0,0,0,1,0,0,1,0
"POINT (7.537280977000023 51.565733991000059)",Unfall 41300 (2021) Kat:3, Licht: 2,41300,3,2,6,9,20,1,0,2,0,1,1,0,0,0
"POINT (7.618747169000073 51.533205497000040)",Unfall 41302 (2021) Kat:3, Licht: 2,41302,3,4,6,11,17,3,0,2,0,1,1,0,0,0
"POINT (7.509483128000056 51.516554508000070)",Unfall 41330 (2021) Kat:3, Licht: 2,41330,3,3,5,10,20,2,0,2,0,1,0,0,0,1
"POINT (7.596196898000073 51.559240813000031)",Unfall 41333 (2021) Kat:2, Licht: 2,41333,2,7,6,12,7,5,0,2,0,1,1,0,0,0
"POINT (7.551818882000020 51.523991510000030)",Unfall 41340 (2021) Kat:3, Licht: 2,41340,3,2,5,12,21,6,1,2,0,1,0,0,0,0
"POINT (7.504204402000028 51.487995020000028)",Unfall 41359 (2021) Kat:2, Licht: 0,41359,2,3,5,6,16,1,0,0,0,1,0,0,0,0
"POINT (7.604454686000054 51.530903105000050)",Unfall 41386 (2021) Kat:3, Licht: 2,41386,3,2,5,12,19,4,1,2,0,1,0,0,0,1
"POINT (7.543464863000054 51.534092208000061)",Unfall 41393 (2021) Kat:3, Licht: 2,41393,3,6,2,11,17,5,0,2,0,1,0,0,0,0
"POINT (7.505313233000038 51.578857575000029)",Unfall 41406 (2021) Kat:2, Licht: 0,41406,2,6,1,11,7,2,0,0,0,1,0,0,0,1
"POINT (7.612809683000023 51.533478883000043)",Unfall 41407 (2021) Kat:3, Licht: 0,41407,3,3,5,9,11,2,0,0,0,1,0,0,0,0
"POINT (7.593565336000040 51.485639573000071)",Unfall 41410 (2021) Kat:3, Licht: 2,41410,3,7,6,2,23,7,0,2,0,1,1,0,0,0
"POINT (7.526187132000075 51.489563381000039)",Unfall 41419 (2021) Kat:3, Licht: 0,41419,3,6,2,5,16,3,1,0,0,1,0,0,0,0
"POINT (7.561352550000038 51.497334070000079)",Unfall 41445 (2021) Kat:1, Licht: 0,41445,1,1,7,2,13,4,0,0,0,1,1,0,0,0
"POINT (7.547245281000073 51.522666896000032)",Unfall 41448 (2021) Kat:2, Licht: 0,41448,2,2,6,11,10,6,1,0,0,0,1,0,1,0
"POINT (7.519927812000049 51.484691737000048)",Unfall 41481 (2021) Kat:3, Licht: 0,41481,3,2,2,3,18,2,0,0,0,1,0,0,0,0
"POINT (7.530927959000053 51.506960050000032)",Unfall 41490 (2021) Kat:3, Licht: 0,41490,3,6,2,10,16,6,0,0,0,1,0,0,0,0
"POINT (7.505771682000045 51.565060171000027)",Unfall 41522 (2021) Kat:3, Licht: 0,41522,3,3,5,7,13,1,1,0,0,1,0,0,0,0
"POINT (7.550096965000023 51.481036782000047)",Unfall 41534 (2021) Kat:3, Licht: 0,41534,3,6,2,9,13,4,0,0,0,1,0,0,0,0
"POINT (7.513056835000043 51.519051693000051)",Unfall 41545 (2021) Kat:2, Licht: 0,41545,2,1,0,5,16,2,0,0,1,0,0,0,0,0
"POINT (7.501086822000048 51.559336348000045)",Unfall 41552 (2021) Kat:3, Licht: 0,41552,3,1,1,5,19,4,1,0,0,1,0,0,0,0
"POINT (7.506457026000021 51.562779286000080)",Unfall 41574 (2021) Kat:3, Licht: 0,41574,3,6,2,9,13,6,0,0,0,1,0,0,0,0
"POINT (7.536521983000057 51.563901002000080)",Unfall 41586 (2021) Kat:3, Licht: 2,41586,3,3,5,11,19,6,0,2,0,1,0,0,0,0
"POINT (7.502719178000063 51.515626951000058)",Unfall 41594 (2021) Kat:3, Licht: 2,41594,3,2,4,3,19,7,1,2,0,1,0,0,0,0
"POINT (7.524957618000030 51.483469419000073)",Unfall 41606 (2021) Kat:3, Licht: 0,41606,3,6,2,9,12,3,0,0,0,1,0,0,0,1
"POINT (7.574888425000040 51.501153142000078)",Unfall 41611 (2021) Kat:3, Licht: 2,41611,3,1,8,9,23,6,1,2,0,1,0,0,0,0
"POINT (7.508842980000054 51.503995268000040)",Unfall 41618 (2021) Kat:3, Licht: 0,41618,3,6,2,5,10,3,1,0,0,1,0,0,0,0
"POINT (7.517719459000034 51.532952903000080)",Unfall 41670 (2021) Kat:3, Licht: 2,41670,3,6,2,3,8,3,0,2,0,1,0,0,0,1
"POINT (7.526870881000036 51.486662919000082)",Unfall 41693 (2021) Kat:3, Licht: 2,41693,3,1,8,1,21,7,2,2,0,0,0,0,0,1
"POINT (7.578665501000046 51.537320484000077)",Unfall 41698 (2021) Kat:3, Licht: 0,41698,3,6,2,12,14,4,0,0,0,1,0,0,0,0
"POINT (7.510089620000031 51.503999611000040)",Unfall 41703 (2021) Kat:3, Licht: 0,41703,3,3,5,12,16,4,1,0,1,1,0,0,0,0
"POINT (7.545134992000044 51.523527026000068)",Unfall 41720 (2021) Kat:3, Licht: 0,41720,3,2,3,12,14,6,0,0,1,1,0,0,0,0
"POINT (7.519719561000045 51.504886532000057)",Unfall 41753 (2021) Kat:3, Licht: 0,41753,3,6,3,9,15,5,0,0,0,1,0,0,1,0
"POINT (7.553285132000042 51.524085997000043)",Unfall 41778 (2021) Kat:3, Licht: 2,41778,3,2,6,2,17,4,1,2,0,1,1,0,0,0
"POINT (7.553870987000039 51.491219684000043)",Unfall 41794 (2021) Kat:3, Licht: 0,41794,3,6,1,4,11,6,0,0,0,1,0,0,0,0
"POINT (7.519887673000028 51.520749101000035)",Unfall 41804 (2021) Kat:3, Licht: 0,41804,3,2,4,2,11,4,0,0,0,1,0,0,0,1
"POINT (7.518213164000031 51.533175988000039)",Unfall 41836 (2021) Kat:3, Licht: 0,41836,3,6,3,11,11,7,1,0,0,1,0,0,0,0
"POINT (7.500908560000028 51.559431727000060)",Unfall 41845 (2021) Kat:3, Licht: 0,41845,3,6,2,3,12,7,0,0,0,1,0,0,0,0
"POINT (7.536994297000035 51.539339894000079)",Unfall 41868 (2021) Kat:3, Licht: 0,41868,3,6,3,6,20,4,0,0,1,0,0,0,0,0
"POINT (7.523584021000033 51.461676366000063)",Unfall 41887 (2021) Kat:2, Licht: 0,41887,2,7,0,11,9,5,1,0,0,0,0,0,0,1
"POINT (7.543485605000058 51.534063645000060)",Unfall 41917 (2021) Kat:3, Licht: 2,41917,3,2,4,1,7,3,1,2,0,1,0,0,0,0
"POINT (7.505659962000038 51.482154212000069)",Unfall 41930 (2021) Kat:2, Licht: 0,41930,2,1,8,6,21,1,0,0,1,0,0,0,0,0
"POINT (7.528967245000047 51.486271884000075)",Unfall 41943 (2021) Kat:2, Licht: 2,41943,2,2,4,1,17,4,1,2,0,1,0,1,0,0
"POINT (7.579149965000056 51.535945533000074)",Unfall 41948 (2021) Kat:2, Licht: 0,41948,2,6,4,2,10,2,0,0,0,1,0,0,0,0
"POINT (7.500800290000029 51.479533302000050)",Unfall 41963 (2021) Kat:3, Licht: 0,41963,3,6,2,12,13,3,0,0,0,1,0,0,0,0
"POINT (7.548048710000046 51.520350942000050)",Unfall 41974 (2021) Kat:3, Licht: 2,41974,3,6,4,12,5,4,1,2,1,0,0,0,0,0
"POINT (7.600687208000068 51.473180188000072)",Unfall 41976 (2021) Kat:3, Licht: 0,41976,3,2,4,10,11,6,1,0,1,1,0,0,0,0
"POINT (7.535838735000027 51.489883296000073)",Unfall 41985 (2021) Kat:3, Licht: 0,41985,3,5,0,5,18,7,1,0,0,1,0,0,0,0
"POINT (7.524957607000033 51.483469026000080)",Unfall 42048 (2021) Kat:3, Licht: 0,42048,3,6,2,3,11,2,1,0,0,1,0,0,0,0
"POINT (7.506445936000034 51.488208317000044)",Unfall 42058 (2021) Kat:3, Licht: 2,42058,3,1,0,12,3,1,1,2,0,0,0,0,0,1
"POINT (7.520432988000039 51.484730702000036)",Unfall 42078 (2021) Kat:3, Licht: 2,42078,3,7,5,10,20,5,0,2,1,1,0,0,0,0
"POINT (7.505038731000070 51.556114659000059)",Unfall 42090 (2021) Kat:3, Licht: 0,42090,3,6,2,10,16,6,0,0,0,1,0,0,0,0
"POINT (7.501229534000061 51.559577314000080)",Unfall 42122 (2021) Kat:3, Licht: 2,42122,3,2,1,1,7,4,1,2,0,1,0,0,0,0
"POINT (7.600914146000036 51.552839654000081)",Unfall 42134 (2021) Kat:2, Licht: 0,42134,2,1,8,6,20,6,0,0,0,1,1,0,0,0
"POINT (7.607483133000073 51.531769064000059)",Unfall 42202 (2021) Kat:3, Licht: 0,42202,3,2,0,11,16,5,0,0,0,1,1,0,0,0