WKT,Name,OBJECTID,UKATEGORIE,UTYP1,UART,UMONAT,USTUNDE,UWOCHENTAG,STRZUSTAND,ULICHTVERH,ISTRAD,ISTPKW,ISTFUSS,ISTKRAD,ISTGKFZ,ISTSONSTIG
"POINT (7.584546947000035 51.527982201000043)",Unfall 42205 (2021) Kat:3, Licht: 0,42205,3,4,6,9,16,5,0,0,0,1,1,0,0,0
"POINT (7.503342291000024 51.565476300000057)",Unfall 42250 (2021) Kat:3, Licht: 0,42250,3,6,3,11,9,7,1,0,0,1,0,0,1,0
"POINT (7.546848694000062 51.523629802000073)",Unfall 42290 (2021) Kat:3, Licht: 2,42290,3,2,4,1,21,5,0,2,0,1,0,0,0,0
"POINT (7.525136006000025 51.484602578000079)",Unfall 42291 (2021) Kat:2, Licht: 0,42291,2,2,0,2,13,7,0,0,0,1,0,0,0,0
"POINT (7.597114240000053 51.557081003000064)",Unfall 42305 (2021) Kat:3, Licht: 0,42305,3,7,0,6,11,5,0,0,1,1,0,0,0,0
"POINT (7.583958835000033 51.527963981000028)",Unfall 42317 (2021) Kat:2, Licht: 0,42317,2,1,0,3,7,2,1,0,0,0,0,1,0,0
"POINT (7.527401132000023 51.566772042000082)",Unfall 42332 (2021) Kat:3, Licht: 2,42332,3,1,8,4,0,3,2,2,0,1,0,0,0,0
"POINT (7.514803745000052 51.482299936000061)",Unfall 42355 (2021) Kat:3, Licht: 0,42355,3,6,2,3,8,2,0,0,0,1,0,0,0,0
"POINT (7.536733117000040 51.543924677000064)",Unfall 42385 (2021) Kat:3, Licht: 2,42385,3,1,0,2,5,3,2,2,1,0,0,0,0,0
"POINT (7.567937831000052 51.507586150000066)",Unfall 42402 (2021) Kat:3, Licht: 0,42402,3,6,2,10,13,7,0,0,0,1,0,0,0,0
"POINT (7.549272272000053 51.581170033000035)",Unfall 42420 (2021) Kat:3, Licht: 2,42420,3,3,5,11,17,5,0,2,0,1,0,0,0,0
"POINT (7.545649458000071 51.529559954000035)",Unfall 42447 (2021) Kat:2, Licht: 0,42447,2,7,0,3,12,4,0,0,1,0,0,0,0,0
"POINT (7.506479167000066 51.488202228000034)",Unfall 42459 (2021) Kat:2, Licht: 0,42459,2,2,5,6,20,5,0,0,0,1,0,0,0,0
"POINT (7.555290832000026 51.509721762000027)",Unfall 42469 (2021) Kat:2, Licht: 0,42469,2,7,8,1,10,6,1,0,0,0,0,0,1,0
"POINT (7.504243113000030 51.569815635000054)",Unfall 42490 (2021) Kat:3, Licht: 2,42490,3,2,5,12,17,6,0,2,0,1,0,0,0,0
"POINT (7.511146386000064 51.517598408000026)",Unfall 42542 (2021) Kat:3, Licht: 0,42542,3,6,0,7,14,5,1,0,0,1,0,0,0,1
"POINT (7.506265066000026 51.570132617000070)",Unfall 42570 (2021) Kat:3, Licht: 2,42570,3,6,2,12,17,4,0,2,0,1,0,0,0,0
"POINT (7.554290053000045 51.486868228000048)",Unfall 42581 (2021) Kat:3, Licht: 0,42581,3,3,5,1,11,3,1,0,1,1,0,0,0,0
"POINT (7.519617788000062 51.456712412000059)",Unfall 42590 (2021) Kat:3, Licht: 2,42590,3,2,5,2,20,3,0,2,0,1,0,0,0,0
"POINT (7.508959685000036 51.516323498000077)",Unfall 42615 (2021) Kat:3, Licht: 0,42615,3,7,3,10,13,2,0,0,0,1,0,0,0,1
"POINT (7.543714413000032 51.533754770000030)",Unfall 42634 (2021) Kat:3, Licht: 0,42634,3,1,2,4,13,3,0,0,0,1,0,1,0,0
"POINT (7.551629066000032 51.509814878000043)",Unfall 42659 (2021) Kat:3, Licht: 1,42659,3,6,2,5,20,1,0,1,0,1,0,0,0,0
"POINT (7.539803582000047 51.539097193000032)",Unfall 42670 (2021) Kat:3, Licht: 0,42670,3,1,0,9,8,6,0,0,0,1,0,0,1,0
"POINT (7.512736351000058 51.518820923000078)",Unfall 42703 (2021) Kat:3, Licht: 0,42703,3,5,1,12,11,3,0,0,1,1,0,0,0,0
"POINT (7.584761802000060 51.547352768000053)",Unfall 42716 (2021) Kat:3, Licht: 0,42716,3,7,0,3,13,3,0,0,1,0,0,0,0,1
"POINT (7.583743767000044 51.549146982000082)",Unfall 42748 (2021) Kat:3, Licht: 2,42748,3,2,5,3,19,6,0,2,0,1,0,0,0,1
"POINT (7.528846300000055 51.486237783000036)",Unfall 42764 (2021) Kat:2, Licht: 2,42764,2,2,5,12,20,5,1,2,0,1,0,0,0,0
"POINT (7.504245959000059 51.569806220000032)",Unfall 42765 (2021) Kat:2, Licht: 0,42765,2,2,5,12,10,4,1,0,0,1,0,0,0,0
"POINT (7.525842398000066 51.521427100000039)",Unfall 42778 (2021) Kat:3, Licht: 0,42778,3,1,0,2,13,6,0,0,1,0,0,0,0,0
"POINT (7.517465663000053 51.467408113000033)",Unfall 42788 (2021) Kat:2, Licht: 2,42788,2,7,0,5,21,6,1,2,1,0,0,0,0,0
"POINT (7.523418299000070 51.521040800000037)",Unfall 42807 (2021) Kat:3, Licht: 2,42807,3,2,6,1,7,3,1,2,0,0,1,0,0,1
"POINT (7.505603885000028 51.488199833000067)",Unfall 42809 (2021) Kat:3, Licht: 2,42809,3,7,1,3,21,4,0,2,0,1,0,0,0,0
"POINT (7.517897887000061 51.467114448000075)",Unfall 42833 (2021) Kat:3, Licht: 0,42833,3,3,5,9,15,6,0,0,0,1,0,1,0,0
"POINT (7.502751029000024 51.564783567000063)",Unfall 42842 (2021) Kat:3, Licht: 0,42842,3,6,2,9,15,1,0,0,0,1,0,0,0,0
"POINT (7.544875977000061 51.523484073000077)",Unfall 42852 (2021) Kat:3, Licht: 2,42852,3,1,6,11,18,3,0,2,0,1,1,0,0,0
"POINT (7.524125437000066 51.484485578000033)",Unfall 42853 (2021) Kat:3, Licht: 0,42853,3,6,2,7,14,6,0,0,0,1,0,0,0,0
"POINT (7.537601068000072 51.556831921000025)",Unfall 42864 (2021) Kat:3, Licht: 2,42864,3,4,6,12,17,3,1,2,0,1,1,0,0,0
"POINT (7.511997582000049 51.504006239000034)",Unfall 42865 (2021) Kat:3, Licht: 0,42865,3,2,0,4,8,6,0,0,1,0,0,0,0,1
"POINT (7.543800044000022 51.533639579000067)",Unfall 42884 (2021) Kat:3, Licht: 1,42884,3,6,2,10,18,6,0,1,0,1,0,0,0,0
"POINT (7.522228476000066 51.452593345000082)",Unfall 42885 (2021) Kat:3, Licht: 0,42885,3,3,5,7,13,4,0,0,0,1,0,0,0,0
"POINT (7.507435761000067 51.529426430000058)",Unfall 42895 (2021) Kat:3, Licht: 0,42895,3,1,9,1,15,6,1,0,0,1,0,0,0,0
"POINT (7.552191445000062 51.493461971000045)",Unfall 42907 (2021) Kat:3, Licht: 0,42907,3,6,2,11,14,2,0,0,0,1,0,0,0,0
"POINT (7.541119981000065 51.537331993000066)",Unfall 42915 (2021) Kat:3, Licht: 2,42915,3,2,6,11,16,3,1,2,0,1,1,0,0,0
"POINT (7.535626492000063 51.522594479000077)",Unfall 42947 (2021) Kat:3, Licht: 2,42947,3,1,0,9,22,6,1,2,1,0,0,0,0,0
"POINT (7.511801424000055 51.518102153000029)",Unfall 42948 (2021) Kat:3, Licht: 0,42948,3,2,3,5,12,5,0,0,0,1,0,0,0,1
"POINT (7.502872032000028 51.564933478000057)",Unfall 42955 (2021) Kat:3, Licht: 2,42955,3,6,2,10,7,2,0,2,0,1,0,0,0,1
"POINT (7.545958270000028 51.526316677000068)",Unfall 42967 (2021) Kat:3, Licht: 0,42967,3,7,8,4,16,4,0,0,0,1,0,0,0,0
"POINT (7.507399758000076 51.503714156000058)",Unfall 42979 (2021) Kat:3, Licht: 0,42979,3,4,6,6,18,4,0,0,0,0,1,0,0,1
"POINT (7.593757615000072 51.558292289000065)",Unfall 43014 (2021) Kat:3, Licht: 0,43014,3,7,6,12,9,4,0,0,0,1,1,0,0,0
"POINT (7.575917308000044 51.504810414000076)",Unfall 43019 (2021) Kat:3, Licht: 0,43019,3,2,5,1,14,6,1,0,0,1,0,0,0,0
"POINT (7.506137681000041 51.576935844000047)",Unfall 43056 (2021) Kat:3, Licht: 0,43056,3,1,5,3,7,4,0,0,0,1,0,0,0,0
"POINT (7.552996080000071 51.491278666000028)",Unfall 43068 (2021) Kat:3, Licht: 0,43068,3,7,6,9,11,5,0,0,0,1,1,0,0,0
"POINT (7.516745908000075 51.520597253000062)",Unfall 43078 (2021) Kat:2, Licht: 0,43078,2,1,0,7,17,6,1,0,0,0,0,1,0,0
"POINT (7.502695559000074 51.515622597000061)",Unfall 43088 (2021) Kat:3, Licht: 0,43088,3,2,2,9,13,3,0,0,0,1,0,0,0,0
"POINT (7.510808756000074 51.503727016000028)",Unfall 43110 (2021) Kat:2, Licht: 0,43110,2,7,8,12,11,6,1,0,0,1,0,0,0,0
"POINT (7.554617170000029 51.488014180000050)",Unfall 43149 (2021) Kat:2, Licht: 2,43149,2,1,4,9,23,1,0,2,1,1,0,0,0,0
"POINT (7.580472753000038 51.559414652000044)",Unfall 43155 (2021) Kat:3, Licht: 0,43155,3,2,5,11,13,2,0,0,0,1,0,0,0,1
"POINT (7.522495301000049 51.459288727000057)",Unfall 43159 (2021) Kat:3, Licht: 0,43159,3,5,8,11,9,7,0,0,0,1,0,0,0,0
"POINT (7.505478102000041 51.480867897000053)",Unfall 43170 (2021) Kat:3, Licht: 2,43170,3,1,8,10,21,4,1,2,0,1,0,0,0,0
"POINT (7.541504581000027 51.522801767000033)",Unfall 43190 (2021) Kat:3, Licht: 0,43190,3,4,6,10,12,4,0,0,0,1,1,0,0,0
"POINT (7.564077328000053 51.574482565000039)",Unfall 43193 (2021) Kat:3, Licht: 0,43193,3,3,5,9,16,3,0,0,1,1,0,0,0,0
"POINT (7.541119346000073 51.537332772000070)",Unfall 43237 (2021) Kat:3, Licht: 2,43237,3,3,5,10,1,1,1,2,0,1,0,0,0,0
"POINT (7.518264923000061 51.533506462000048)",Unfall 43238 (2021) Kat:3, Licht: 0,43238,3,6,3,11,13,4,0,0,0,1,0,0,1,0
"POINT (7.512032117000047 51.452704102000041)",Unfall 43271 (2021) Kat:3, Licht: 0,43271,3,6,2,11,12,2,0,0,0,1,0,0,0,0
"POINT (7.546882846000074 51.523630932000060)",Unfall 43288 (2021) Kat:2, Licht: 0,43288,2,7,0,3,14,4,0,0,1,0,0,0,0,0
"POINT (7.506499635000068 51.488198478000072)",Unfall 43301 (2021) Kat:2, Licht: 2,43301,2,2,6,11,17,3,0,2,0,1,1,0,0,0
"POINT (7.543477652000036 51.534074596000039)",Unfall 43319 (2021) Kat:2, Licht: 0,43319,2,2,5,4,18,6,0,0,0,1,0,0,0,0
"POINT (7.504251446000069 51.488002034000033)",Unfall 43332 (2021) Kat:2, Licht: 0,43332,2,3,0,3,12,6,1,0,0,1,0,0,0,1
"POINT (7.614098162000062 51.532686914000067)",Unfall 43333 (2021) Kat:3, Licht: 0,43333,3,7,6,1,14,3,1,0,0,1,1,0,0,0
"POINT (7.591665341000066 51.489225508000061)",Unfall 43336 (2021) Kat:3, Licht: 0,43336,3,1,8,5,17,6,0,0,0,1,0,0,0,0
"POINT (7.515796317000024 51.468775534000031)",Unfall 43356 (2021) Kat:3, Licht: 2,43356,3,6,6,11,0,2,0,2,0,1,1,0,0,0
"POINT (7.527028594000058 51.486007175000054)",Unfall 43377 (2021) Kat:2, Licht: 2,43377,2,6,3,3,19,6,1,2,0,1,0,0,1,0
"POINT (7.512170862000062 51.518386457000076)",Unfall 43389 (2021) Kat:2, Licht: 2,43389,2,1,0,11,18,3,1,2,0,0,0,1,0,0
"POINT (7.560178770000050 51.508976502000053)",Unfall 43404 (2021) Kat:3, Licht: 0,43404,3,6,2,10,12,1,0,0,0,1,0,0,0,0
"POINT (7.545090377000065 51.531205393000050)",Unfall 43408 (2021) Kat:3, Licht: 0,43408,3,2,4,5,13,4,0,0,0,1,0,0,0,0
"POINT (7.506898531000047 51.503710641000055)",Unfall 43461 (2021) Kat:3, Licht: 2,43461,3,6,2,12,16,2,0,2,0,1,0,0,0,0
"POINT (7.553298391000055 51.524086995000062)",Unfall 43471 (2021) Kat:3, Licht: 2,43471,3,6,2,10,19,5,1,2,0,1,0,0,0,0
"POINT (7.580518571000027 51.559389332000080)",Unfall 43476 (2021) Kat:3, Licht: 2,43476,3,3,5,12,18,6,0,2,0,1,0,0,0,1
"POINT (7.504269816000033 51.564434199000061)",Unfall 43492 (2021) Kat:3, Licht: 0,43492,3,1,3,5,15,3,1,0,0,1,0,0,0,1
"POINT (7.572814827000059 51.558590724000055)",Unfall 43539 (2021) Kat:3, Licht: 0,43539,3,1,8,1,12,1,1,0,0,1,0,0,0,0
"POINT (7.559988709000038 51.494561690000069)",Unfall 43563 (2021) Kat:3, Licht: 0,43563,3,3,5,10,12,6,0,0,0,1,0,0,0,0
"POINT (7.509465907000049 51.516546908000066)",Unfall 43577 (2021) Kat:3, Licht: 2,43577,3,1,2,2,18,5,0,2,0,1,0,0,0,0
"POINT (7.595420777000072 51.559064192000051)",Unfall 43581 (2021) Kat:3, Licht: 0,43581,3,3,5,6,13,5,0,0,1,1,0,0,0,0
"POINT (7.580550958000060 51.559372830000029)",Unfall 43594 (2021) Kat:3, Licht: 0,43594,3,3,5,3,13,2,0,0,1,1,0,0,0,0
"POINT (7.538211590000060 51.522658389000071)",Unfall 43598 (2021) Kat:3, Licht: 0,43598,3,6,4,9,11,5,0,0,0,1,0,0,0,1
"POINT (7.517556106000029 51.520802144000072)",Unfall 43599 (2021) Kat:3, Licht: 2,43599,3,6,2,12,16,2,0,2,0,1,0,0,0,0
"POINT (7.549993792000066 51.492162613000062)",Unfall 43620 (2021) Kat:3, Licht: 2,43620,3,3,5,11,18,2,0,2,0,1,0,0,0,0
"POINT (7.504189734000022 51.487992833000078)",Unfall 43651 (2021) Kat:3, Licht: 0,43651,3,3,5,6,13,5,0,0,0,1,0,0,0,0
"POINT (7.510452037000050 51.504000871000073)",Unfall 43673 (2021) Kat:3, Licht: 0,43673,3,6,2,5,10,6,0,0,0,1,0,0,0,0
"POINT (7.521864498000070 51.464750819000074)",Unfall 43724 (2021) Kat:2, Licht: 0,43724,2,1,0,4,13,7,0,0,0,0,0,1,0,1
"POINT (7.539595120000058 51.539172736000069)",Unfall 43755 (2021) Kat:3, Licht: 0,43755,3,6,2,3,14,2,0,0,0,1,0,0,0,0
"POINT (7.516197902000044 51.551729156000079)",Unfall 43756 (2021) Kat:3, Licht: 0,43756,3,6,2,11,9,5,0,0,0,1,0,0,0,0
"POINT (7.501681533000067 51.494470440000043)",Unfall 43765 (2021) Kat:3, Licht: 1,43765,3,2,0,12,14,6,1,1,0,1,0,0,0,0
"POINT (7.512492100000031 51.518635360000076)",Unfall 43787 (2021) Kat:3, Licht: 0,43787,3,6,1,3,11,4,0,0,0,1,0,0,0,0
"POINT (7.558779850000064 51.524495722000040)",Unfall 43801 (2021) Kat:3, Licht: 1,43801,3,1,9,2,17,3,2,1,0,0,0,0,0,1
"POINT (7.575135928000066 51.502252091000059)",Unfall 43809 (2021) Kat:3, Licht: 0,43809,3,5,1,10,13,6,0,0,0,1,0,0,0,0
"POINT (7.554142229000036 51.512173763000078)",Unfall 43826 (2021) Kat:3, Licht: 0,43826,3,7,0,11,16,5,0,0,0,0,1,0,0,1
"POINT (7.506880459000058 51.479420208000079)",Unfall 43861 (2021) Kat:3, Licht: 0,43861,3,6,4,9,11,3,0,0,0,1,0,0,0,1
"POINT (7.594929159000060 51.482527620000042)",Unfall 43863 (2021) Kat:3, Licht: 0,43863,3,7,1,2,12,1,0,0,1,1,0,0,0,1
"POINT (7.529053154000053 51.566881736000028)",Unfall 43891 (2021) Kat:3, Licht: 0,43891,3,4,6,5,16,4,0,0,0,1,1,0,0,0
"POINT (7.580146881000076 51.559834166000030)",Unfall 43908 (2021) Kat:3, Licht: 2,43908,3,1,9,1,18,7,0,2,0,1,0,0,0,0
"POINT (7.518198675000065 51.438744717000077)",Unfall 43913 (2021) Kat:2, Licht: 0,43913,2,6,2,2,13,6,0,0,0,1,0,0,0,0
"POINT (7.550484139000048 51.492581929000039)",Unfall 43934 (2021) Kat:3, Licht: 0,43934,3,2,4,5,13,4,1,0,0,1,0,0,0,0
"POINT (7.511742086000027 51.504005348000078)",Unfall 43948 (2021) Kat:3, Licht: 0,43948,3,6,2,11,10,7,0,0,0,1,0,0,0,0
"POINT (7.507042000000069 51.515851107000060)",Unfall 43976 (2021) Kat:3, Licht: 0,43976,3,2,5,9,15,2,0,0,0,1,0,0,0,1
"POINT (7.528966275000073 51.506628948000071)",Unfall 44006 (2021) Kat:2, Licht: 2,44006,2,6,2,11,18,4,1,2,0,1,0,0,0,0
"POINT (7.505628158000036 51.515920908000055)",Unfall 44007 (2021) Kat:3, Licht: 0,44007,3,1,0,6,11,2,1,0,0,0,0,1,0,0
"POINT (7.578805946000045 51.534565483000051)",Unfall 44024 (2021) Kat:3, Licht: 1,44024,3,6,1,6,20,3,1,1,0,1,0,0,0,0
"POINT (7.560900400000037 51.494937144000062)",Unfall 44032 (2021) Kat:3, Licht: 0,44032,3,6,2,11,11,2,0,0,0,1,0,0,0,0
"POINT (7.522015152000051 51.446826801000043)",Unfall 44041 (2021) Kat:3, Licht: 0,44041,3,6,4,10,11,7,0,0,0,1,0,1,0,0
"POINT (7.504251446000069 51.488002034000033)",Unfall 44053 (2021) Kat:3, Licht: 0,44053,3,2,5,4,17,4,0,0,0,1,0,0,0,0
"POINT (7.628372439000032 51.538231125000038)",Unfall 44097 (2021) Kat:2, Licht: 2,44097,2,4,6,3,18,6,0,2,0,1,1,0,0,0
"POINT (7.510979429000031 51.556908896000039)",Unfall 44111 (2021) Kat:3, Licht: 0,44111,3,7,6,10,16,3,0,0,1,1,1,0,0,0
"POINT (7.584918333000076 51.528007017000050)",Unfall 44123 (2021) Kat:3, Licht: 0,44123,3,1,8,5,18,5,0,0,0,1,0,0,0,0
"POINT (7.546864877000075 51.523630042000036)",Unfall 44128 (2021) Kat:3, Licht: 0,44128,3,2,5,9,17,3,0,0,1,1,0,0,0,0
"POINT (7.506727884000043 51.484861870000032)",Unfall 44139 (2021) Kat:2, Licht: 0,44139,2,4,6,5,11,6,0,0,0,1,1,0,0,0
"POINT (7.582082530000037 51.538379905000056)",Unfall 44155 (2021) Kat:2, Licht: 2,44155,2,6,4,2,0,7,0,2,0,1,0,1,0,0
"POINT (7.504243113000030 51.569815635000054)",Unfall 44172 (2021) Kat:3, Licht: 2,44172,3,2,5,11,18,7,1,2,0,1,0,0,0,0
"POINT (7.516816346000041 51.530700779000028)",Unfall 44197 (2021) Kat:3, Licht: 0,44197,3,6,2,6,13,5,0,0,0,1,0,0,0,0
"POINT (7.546411244000069 51.523623500000042)",Unfall 44216 (2021) Kat:3, Licht: 0,44216,3,6,1,4,15,5,0,0,0,1,0,0,0,0
"POINT (7.634289321000040 51.523253927000042)",Unfall 44236 (2021) Kat:3, Licht: 0,44236,3,1,0,4,16,4,0,0,0,0,0,1,0,0
"POINT (7.500373240000044 51.515166791000070)",Unfall 44251 (2021) Kat:3, Licht: 2,44251,3,1,0,10,20,2,1,2,0,0,0,1,0,0
"POINT (7.542612894000058 51.475294617000031)",Unfall 44294 (2021) Kat:3, Licht: 2,44294,3,2,5,4,4,5,0,2,0,1,0,1,0,0
"POINT (7.509007973000053 51.487613166000074)",Unfall 44305 (2021) Kat:3, Licht: 0,44305,3,5,1,7,10,5,0,0,1,0,0,0,0,1
"POINT (7.517966682000065 51.485252231000061)",Unfall 44326 (2021) Kat:2, Licht: 0,44326,2,6,2,9,12,5,0,0,0,1,0,0,0,0
"POINT (7.503048609000075 51.490125526000043)",Unfall 44336 (2021) Kat:3, Licht: 0,44336,3,1,8,6,12,6,0,0,0,1,0,0,0,0
"POINT (7.593792598000050 51.485175596000033)",Unfall 44340 (2021) Kat:3, Licht: 0,44340,3,5,5,3,8,6,0,0,0,1,0,0,0,0
"POINT (7.525211899000055 51.484610795000037)",Unfall 44348 (2021) Kat:3, Licht: 0,44348,3,2,4,2,17,4,0,0,0,1,0,0,0,0
"POINT (7.501246530000060 51.559782210000037)",Unfall 44365 (2021) Kat:2, Licht: 1,44365,2,7,2,9,6,4,0,1,0,1,0,0,1,0
"POINT (7.545665738000025 51.527567423000050)",Unfall 44375 (2021) Kat:2, Licht: 0,44375,2,4,0,6,14,5,0,0,0,1,1,0,0,0
"POINT (7.507985468000072 51.477649671000052)",Unfall 44388 (2021) Kat:3, Licht: 0,44388,3,6,0,6,20,1,0,0,1,0,0,0,0,1
"POINT (7.521357149000039 51.505299548000039)",Unfall 44409 (2021) Kat:3, Licht: 0,44409,3,6,2,4,14,3,0,0,0,1,0,0,0,0
"POINT (7.504245553000032 51.566710116000081)",Unfall 44420 (2021) Kat:2, Licht: 0,44420,2,6,2,6,13,6,0,0,0,1,0,1,0,0
"POINT (7.614914047000070 51.532752644000027)",Unfall 44421 (2021) Kat:2, Licht: 0,44421,2,7,4,7,12,6,0,0,1,0,0,0,0,0
"POINT (7.551879993000057 51.470407166000030)",Unfall 44430 (2021) Kat:2, Licht: 2,44430,2,4,6,3,19,6,1,2,0,1,1,0,0,0
"POINT (7.582471272000021 51.503456707000055)",Unfall 44435 (2021) Kat:3, Licht: 0,44435,3,2,5,11,13,2,1,0,0,1,0,0,0,0
"POINT (7.541130131000045 51.491748546000053)",Unfall 44439 (2021) Kat:2, Licht: 1,44439,2,3,5,10,18,7,0,1,0,1,0,1,0,0
"POINT (7.518272298000056 51.535653757000034)",Unfall 44440 (2021) Kat:3, Licht: 0,44440,3,1,8,5,19,7,1,0,0,1,0,0,0,0
"POINT (7.460807119000037 51.524481945000048)",Unfall 49729 (2021) Kat:3, Licht: 0,49729,3,2,2,8,15,5,0,0,0,1,0,1,0,0
"POINT (7.424970159000054 51.521825640000031)",Unfall 49745 (2021) Kat:2, Licht: 0,49745,2,6,3,8,19,4,0,0,1,0,0,0,0,0
"POINT (7.446481002000041 51.496842795000077)",Unfall 49758 (2021) Kat:3, Licht: 0,49758,3,3,5,8,18,2,0,0,1,1,0,0,0,0
"POINT (7.385102913000026 51.518929528000058)",Unfall 49762 (2021) Kat:3, Licht: 2,49762,3,6,3,8,21,7,0,2,0,1,0,0,0,0
"POINT (7.493424457000060 51.494832848000044)",Unfall 49772 (2021) Kat:3, Licht: 0,49772,3,3,6,6,7,5,0,0,0,1,1,0,0,0
"POINT (7.325211763000027 51.521203913000079)",Unfall 49801 (2021) Kat:3, Licht: 0,49801,3,7,4,8,13,5,0,0,0,1,0,0,0,0
"POINT (7.388229841000054 51.497357347000047)",Unfall 49833 (2021) Kat:3, Licht: 2,49833,3,1,9,5,3,4,1,2,0,1,0,0,0,0
"POINT (7.344774838000035 51.517798538000079)",Unfall 49837 (2021) Kat:2, Licht: 0,49837,2,1,0,7,16,5,0,0,1,0,0,0,0,0
"POINT (7.610203159000037 51.532225577000077)",Unfall 49845 (2021) Kat:3, Licht: 0,49845,3,2,3,8,13,3,0,0,0,1,0,0,0,1
"POINT (7.425228294000021 51.509251311000071)",Unfall 49855 (2021) Kat:2, Licht: 0,49855,2,1,9,8,14,5,0,0,0,1,0,0,0,0
"POINT (7.365703312000051 51.525516723000067)",Unfall 49917 (2021) Kat:3, Licht: 2,49917,3,6,5,8,22,7,0,2,0,1,0,1,0,0
"POINT (7.552291343000036 51.470073672000069)",Unfall 49946 (2021) Kat:3, Licht: 2,49946,3,3,5,7,2,6,0,2,1,1,0,0,0,0
"POINT (7.514700850000054 51.519978840000078)",Unfall 49956 (2021) Kat:3, Licht: 1,49956,3,1,1,8,6,5,1,1,0,1,0,0,0,0
"POINT (7.524521518000029 51.482281131000036)",Unfall 49957 (2021) Kat:3, Licht: 2,49957,3,1,8,7,22,2,0,2,0,1,0,0,0,0
"POINT (7.474491974000046 51.509648547000040)",Unfall 49976 (2021) Kat:3, Licht: 0,49976,3,2,5,8,16,5,0,0,1,1,0,0,0,0
"POINT (7.559984933000067 51.494560135000029)",Unfall 49982 (2021) Kat:3, Licht: 0,49982,3,7,5,8,18,6,0,0,0,1,0,0,0,0
"POINT (7.534708294000040 51.472852186000068)",Unfall 49988 (2021) Kat:3, Licht: 0,49988,3,6,1,5,13,3,1,0,0,1,0,0,0,0
"POINT (7.470132822000039 51.522076136000067)",Unfall 49996 (2021) Kat:3, Licht: 0,49996,3,6,2,7,16,5,0,0,0,1,0,0,0,0
"POINT (7.470057682000061 51.499127303000080)",Unfall 50009 (2021) Kat:3, Licht: 0,50009,3,1,0,8,13,5,1,0,0,0,0,1,0,0
"POINT (7.375206653000021 51.515911797000058)",Unfall 50013 (2021) Kat:2, Licht: 0,50013,2,2,4,4,15,2,0,0,0,1,0,1,0,0
"POINT (7.369672517000026 51.496749262000037)",Unfall 50031 (2021) Kat:3, Licht: 0,50031,3,6,2,6,16,3,0,0,0,1,0,0,0,1
"POINT (7.343251421000048 51.493778349000081)",Unfall 50047 (2021) Kat:2, Licht: 0,50047,2,1,8,8,11,4,0,0,0,0,0,1,0,0
"POINT (7.426205910000022 51.499238777000073)",Unfall 50073 (2021) Kat:3, Licht: 0,50073,3,2,5,8,12,1,0,0,1,1,0,0,0,0
"POINT (7.424741174000076 51.521809548000078)",Unfall 50076 (2021) Kat:3, Licht: 0,50076,3,3,5,8,9,5,0,0,0,0,0,0,1,0
"POINT (7.540695299000049 51.537893999000062)",Unfall 50087 (2021) Kat:3, Licht: 0,50087,3,6,2,8,12,4,0,0,0,1,0,0,0,0
"POINT (7.492115893000062 51.514277933000074)",Unfall 50112 (2021) Kat:3, Licht: 0,50112,3,1,0,8,9,2,1,0,1,0,0,0,0,0
"POINT (7.589046900000028 51.528526472000067)",Unfall 50115 (2021) Kat:3, Licht: 0,50115,3,2,4,8,18,4,0,0,1,0,0,0,0,0
"POINT (7.521620488000053 51.453530993000072)",Unfall 50118 (2021) Kat:2, Licht: 2,50118,2,1,8,8,21,4,0,2,0,1,0,0,0,0
"POINT (7.388527098000054 51.524535615000048)",Unfall 50137 (2021) Kat:3, Licht: 0,50137,3,2,5,7,18,2,0,0,1,1,0,0,0,0
"POINT (7.326267938000058 51.496661295000081)",Unfall 50165 (2021) Kat:3, Licht: 0,50165,3,1,2,7,12,2,0,0,0,1,0,0,0,0
"POINT (7.464443945000028 51.518248910000068)",Unfall 50169 (2021) Kat:3, Licht: 0,50169,3,6,1,7,16,7,0,0,0,1,0,0,0,0
"POINT (7.449195588000066 51.513163572000053)",Unfall 50188 (2021) Kat:3, Licht: 0,50188,3,6,3,7,9,6,0,0,0,0,0,0,1,1
"POINT (7.504778038000040 51.487434549000056)",Unfall 50192 (2021) Kat:3, Licht: 0,50192,3,3,5,7,17,6,0,0,0,1,0,0,0,0
"POINT (7.467237587000056 51.502299163000032)",Unfall 50204 (2021) Kat:2, Licht: 0,50204,2,3,5,7,8,6,0,0,1,0,0,0,0,1
"POINT (7.470481106000022 51.522520959000076)",Unfall 50208 (2021) Kat:3, Licht: 1,50208,3,6,2,8,20,1,0,1,0,1,0,0,0,0
"POINT (7.415051839000057 51.538336516000072)",Unfall 50218 (2021) Kat:3, Licht: 0,50218,3,6,1,8,11,3,0,0,0,1,0,0,0,0
"POINT (7.461548933000074 51.517043252000065)",Unfall 50250 (2021) Kat:3, Licht: 2,50250,3,4,6,8,23,1,1,2,0,1,1,0,0,0
"POINT (7.595384742000022 51.529535040000042)",Unfall 50258 (2021) Kat:3, Licht: 0,50258,3,2,5,7,15,7,0,0,0,1,0,0,0,0
"POINT (7.394896218000042 51.509250059000067)",Unfall 50269 (2021) Kat:2, Licht: 0,50269,2,1,8,7,19,2,0,0,0,0,0,1,0,0
"POINT (7.538229926000042 51.490726405000032)",Unfall 50273 (2021) Kat:3, Licht: 0,50273,3,6,2,8,14,1,0,0,0,1,0,0,0,0
"POINT (7.451000261000047 51.506406023000068)",Unfall 50285 (2021) Kat:3, Licht: 0,50285,3,6,3,7,13,4,0,0,0,1,0,1,0,0
"POINT (7.462698920000037 51.524597252000035)",Unfall 50315 (2021) Kat:3, Licht: 2,50315,3,7,6,8,23,7,0,2,0,0,1,0,0,1