WKT,Name,OBJECTID,UKATEGORIE,UTYP1,UART,UMONAT,USTUNDE,UWOCHENTAG,STRZUSTAND,ULICHTVERH,ISTRAD,ISTPKW,ISTFUSS,ISTKRAD,ISTGKFZ,ISTSONSTIG
"POINT (7.477420004000066 51.438210923000042)",Unfall 50317 (2021) Kat:3, Licht: 2,50317,3,6,9,8,20,7,1,2,0,1,0,0,0,0
"POINT (7.610878599000046 51.532328681000081)",Unfall 50378 (2021) Kat:3, Licht: 0,50378,3,2,1,8,11,2,0,0,0,0,0,0,1,1
"POINT (7.478711328000031 51.524471805000076)",Unfall 50393 (2021) Kat:3, Licht: 1,50393,3,6,2,8,20,7,0,1,0,1,0,0,0,1
"POINT (7.390123440000025 51.497128522000025)",Unfall 50421 (2021) Kat:3, Licht: 0,50421,3,6,9,8,16,2,0,0,0,1,0,0,0,0
"POINT (7.325795286000073 51.498984390000032)",Unfall 50442 (2021) Kat:3, Licht: 2,50442,3,2,5,6,22,3,0,2,0,1,0,0,0,0
"POINT (7.517385674000025 51.530407130000071)",Unfall 50454 (2021) Kat:3, Licht: 0,50454,3,6,2,8,19,5,1,0,0,1,0,0,0,0
"POINT (7.455645139000069 51.513431678000074)",Unfall 50465 (2021) Kat:2, Licht: 0,50465,2,4,6,8,9,4,0,0,0,1,1,0,0,0
"POINT (7.611807161000058 51.532456728000057)",Unfall 50529 (2021) Kat:3, Licht: 0,50529,3,7,6,8,16,2,0,0,0,1,1,0,0,0
"POINT (7.325125808000053 51.502365432000033)",Unfall 50556 (2021) Kat:3, Licht: 0,50556,3,1,2,6,13,3,0,0,0,1,0,0,0,0
"POINT (7.587852818000044 51.497556882000026)",Unfall 50573 (2021) Kat:3, Licht: 0,50573,3,2,4,8,19,6,0,0,1,1,0,0,0,0
"POINT (7.459997576000035 51.479936818000056)",Unfall 50579 (2021) Kat:3, Licht: 0,50579,3,2,5,8,16,4,1,0,1,1,0,0,0,0
"POINT (7.372244345000070 51.520107080000059)",Unfall 50620 (2021) Kat:3, Licht: 0,50620,3,6,2,8,19,1,1,0,0,1,0,0,0,0
"POINT (7.481418133000034 51.467976708000037)",Unfall 50633 (2021) Kat:2, Licht: 0,50633,2,6,2,8,7,2,1,0,0,1,0,0,0,0
"POINT (7.452356716000054 51.500598655000033)",Unfall 50640 (2021) Kat:3, Licht: 0,50640,3,7,0,8,17,1,0,0,0,1,0,1,0,0
"POINT (7.463263374000064 51.481991663000031)",Unfall 50645 (2021) Kat:3, Licht: 0,50645,3,6,2,7,13,6,0,0,0,0,0,1,0,1
"POINT (7.545707242000049 51.529118050000079)",Unfall 50669 (2021) Kat:3, Licht: 0,50669,3,3,5,8,15,5,0,0,1,1,0,0,0,0
"POINT (7.499521167000069 51.442559384000049)",Unfall 50671 (2021) Kat:3, Licht: 0,50671,3,6,1,8,13,3,0,0,0,1,0,0,0,0
"POINT (7.468694194000022 51.497323697000070)",Unfall 50696 (2021) Kat:3, Licht: 0,50696,3,6,2,8,13,5,1,0,0,1,0,0,0,0
"POINT (7.579105998000045 51.535657830000048)",Unfall 50734 (2021) Kat:2, Licht: 0,50734,2,6,2,8,16,7,0,0,0,1,0,0,0,0
"POINT (7.445450940000057 51.513067264000028)",Unfall 50744 (2021) Kat:3, Licht: 0,50744,3,4,6,7,18,5,0,0,0,1,1,0,0,0
"POINT (7.391204788000039 51.484903558000042)",Unfall 50818 (2021) Kat:3, Licht: 0,50818,3,6,2,6,16,4,0,0,0,1,0,0,0,0
"POINT (7.374048789000028 51.522526633000041)",Unfall 50839 (2021) Kat:3, Licht: 0,50839,3,2,5,6,17,2,0,0,1,1,0,0,0,0
"POINT (7.364139599000055 51.496299017000069)",Unfall 50852 (2021) Kat:3, Licht: 1,50852,3,2,5,8,20,5,0,1,0,1,0,0,0,0
"POINT (7.455115932000069 51.515099992000046)",Unfall 50856 (2021) Kat:3, Licht: 2,50856,3,2,3,8,5,3,1,2,1,1,0,0,0,0
"POINT (7.505478102000041 51.480867897000053)",Unfall 50857 (2021) Kat:3, Licht: 0,50857,3,6,2,8,10,1,1,0,0,1,0,0,1,0
"POINT (7.349381835000031 51.492998690000036)",Unfall 50866 (2021) Kat:3, Licht: 0,50866,3,6,2,8,14,5,0,0,0,1,0,0,0,0
"POINT (7.512329936000071 51.486881154000059)",Unfall 50879 (2021) Kat:3, Licht: 2,50879,3,4,6,7,21,7,0,2,0,1,1,0,0,0
"POINT (7.481757668000057 51.500308989000075)",Unfall 50891 (2021) Kat:3, Licht: 0,50891,3,6,2,8,14,4,0,0,0,1,0,0,0,0
"POINT (7.475812694000069 51.538444294000044)",Unfall 50907 (2021) Kat:2, Licht: 0,50907,2,2,5,8,10,7,0,0,0,1,0,0,0,1
"POINT (7.332586960000071 51.496936294000079)",Unfall 50933 (2021) Kat:2, Licht: 0,50933,2,7,9,8,18,1,0,0,0,1,0,0,0,1
"POINT (7.412315919000037 51.512589323000043)",Unfall 50955 (2021) Kat:2, Licht: 0,50955,2,1,0,7,17,7,0,0,1,0,0,0,0,0
"POINT (7.371814295000036 51.521755998000060)",Unfall 50976 (2021) Kat:2, Licht: 2,50976,2,7,0,8,22,6,0,2,0,1,0,0,0,0
"POINT (7.359833529000070 51.497789049000062)",Unfall 50989 (2021) Kat:3, Licht: 0,50989,3,3,5,8,17,1,0,0,1,1,0,0,0,0
"POINT (7.503381124000043 51.515745688000038)",Unfall 50993 (2021) Kat:3, Licht: 0,50993,3,7,0,7,17,6,0,0,0,0,0,0,0,1
"POINT (7.426701681000054 51.512246811000068)",Unfall 50997 (2021) Kat:3, Licht: 0,50997,3,6,2,8,16,4,0,0,0,1,0,0,1,1
"POINT (7.463575721000041 51.519683154000063)",Unfall 51017 (2021) Kat:3, Licht: 0,51017,3,7,0,8,12,4,0,0,1,0,0,0,0,0
"POINT (7.325792016000037 51.498993552000059)",Unfall 51029 (2021) Kat:3, Licht: 0,51029,3,2,5,8,11,2,0,0,0,1,0,0,0,0
"POINT (7.472360714000047 51.525855442000079)",Unfall 51038 (2021) Kat:3, Licht: 0,51038,3,2,3,7,14,7,0,0,1,1,0,0,0,0
"POINT (7.390282311000021 51.497242573000051)",Unfall 51051 (2021) Kat:3, Licht: 0,51051,3,6,2,8,15,3,0,0,0,1,0,0,0,0
"POINT (7.411972373000026 51.496107700000039)",Unfall 51067 (2021) Kat:3, Licht: 2,51067,3,1,2,6,23,5,0,2,0,1,0,0,0,0
"POINT (7.452975147000075 51.513626951000049)",Unfall 51076 (2021) Kat:3, Licht: 0,51076,3,1,0,8,20,7,0,0,1,0,0,0,0,0
"POINT (7.551797872000066 51.523992124000074)",Unfall 51097 (2021) Kat:3, Licht: 0,51097,3,2,2,8,10,2,0,0,1,1,0,0,0,0
"POINT (7.456491110000059 51.460688739000034)",Unfall 51103 (2021) Kat:3, Licht: 0,51103,3,2,5,8,16,2,0,0,0,1,0,1,0,0
"POINT (7.455112157000030 51.515082300000074)",Unfall 51112 (2021) Kat:3, Licht: 2,51112,3,1,0,8,4,1,0,2,0,0,0,0,0,1
"POINT (7.455964449000021 51.532929451000030)",Unfall 51120 (2021) Kat:3, Licht: 0,51120,3,2,5,7,16,7,0,0,1,1,0,0,0,0
"POINT (7.613158879000025 51.532611103000079)",Unfall 51139 (2021) Kat:3, Licht: 0,51139,3,2,4,8,5,2,1,0,0,1,0,0,0,0
"POINT (7.454816349000055 51.513716170000066)",Unfall 51149 (2021) Kat:3, Licht: 2,51149,3,6,2,8,22,3,0,2,0,1,0,0,0,0
"POINT (7.507696596000073 51.503716232000045)",Unfall 51167 (2021) Kat:3, Licht: 2,51167,3,6,2,8,1,7,0,2,0,1,0,0,0,0
"POINT (7.463292038000077 51.517557511000064)",Unfall 51188 (2021) Kat:3, Licht: 0,51188,3,7,0,8,19,3,0,0,0,0,0,0,0,1
"POINT (7.370324607000043 51.492391812000051)",Unfall 51197 (2021) Kat:3, Licht: 0,51197,3,3,5,5,18,5,0,0,0,1,0,0,0,0
"POINT (7.389944880000030 51.512329637000050)",Unfall 51207 (2021) Kat:3, Licht: 0,51207,3,6,3,8,6,6,0,0,0,1,0,0,1,0
"POINT (7.380456913000046 51.524607485000047)",Unfall 51210 (2021) Kat:3, Licht: 0,51210,3,2,3,8,15,4,0,0,0,1,0,0,0,1
"POINT (7.487982018000025 51.513639235000028)",Unfall 51228 (2021) Kat:3, Licht: 0,51228,3,2,5,5,17,5,0,0,0,1,0,0,0,1
"POINT (7.371250377000024 51.540017305000049)",Unfall 51261 (2021) Kat:3, Licht: 0,51261,3,7,0,7,19,7,0,0,1,0,0,0,0,0
"POINT (7.459928817000048 51.479741715000046)",Unfall 51268 (2021) Kat:3, Licht: 0,51268,3,1,0,6,14,1,0,0,0,0,0,1,0,0
"POINT (7.544576078000034 51.508978780000064)",Unfall 51286 (2021) Kat:3, Licht: 0,51286,3,6,3,7,10,5,0,0,0,1,0,0,1,0
"POINT (7.552309717000071 51.470058775000041)",Unfall 51296 (2021) Kat:3, Licht: 0,51296,3,6,2,5,10,4,0,0,0,1,0,0,0,0
"POINT (7.359917598000038 51.497783503000051)",Unfall 51304 (2021) Kat:3, Licht: 0,51304,3,3,5,8,7,5,0,0,0,1,0,0,0,0
"POINT (7.587719626000023 51.493806031000076)",Unfall 51320 (2021) Kat:3, Licht: 0,51320,3,3,4,4,18,3,0,0,1,1,0,0,0,0
"POINT (7.509830081000075 51.474988779000057)",Unfall 51364 (2021) Kat:2, Licht: 0,51364,2,6,4,7,18,5,0,0,0,1,0,0,0,0
"POINT (7.477679831000046 51.542354997000075)",Unfall 51369 (2021) Kat:3, Licht: 1,51369,3,6,4,8,6,3,1,1,1,0,0,0,0,0
"POINT (7.470629427000063 51.524326939000048)",Unfall 51415 (2021) Kat:3, Licht: 0,51415,3,6,2,7,13,3,0,0,0,1,0,0,0,0
"POINT (7.521100700000034 51.502458146000038)",Unfall 51427 (2021) Kat:2, Licht: 0,51427,2,6,2,7,9,3,1,0,0,1,0,0,1,0
"POINT (7.469682231000036 51.574871080000037)",Unfall 51437 (2021) Kat:2, Licht: 0,51437,2,6,1,7,11,5,0,0,0,1,0,0,1,0
"POINT (7.538516125000058 51.552755223000077)",Unfall 51645 (2021) Kat:3, Licht: 0,51645,3,6,3,5,18,1,1,0,0,1,0,0,0,0
"POINT (7.406598656000028 51.563862835000066)",Unfall 51760 (2021) Kat:3, Licht: 0,51760,3,2,5,7,16,1,0,0,0,1,0,0,0,0
"POINT (7.363437721000025 51.561316201000068)",Unfall 52063 (2021) Kat:3, Licht: 2,52063,3,6,2,8,19,3,1,2,0,1,0,0,0,0
"POINT (7.391722429000026 51.584024835000037)",Unfall 52127 (2021) Kat:2, Licht: 0,52127,2,6,9,8,15,2,0,0,0,1,0,0,0,0
"POINT (7.548161889000028 51.565110871000059)",Unfall 52173 (2021) Kat:3, Licht: 2,52173,3,2,5,2,5,5,1,2,1,1,0,0,0,0
"POINT (7.387136742000052 51.584356434000028)",Unfall 52289 (2021) Kat:2, Licht: 2,52289,2,1,8,8,22,7,0,2,0,0,0,1,0,0
"POINT (7.540543572000047 51.564917076000029)",Unfall 52329 (2021) Kat:3, Licht: 0,52329,3,3,5,8,12,6,0,0,1,1,0,0,0,0
"POINT (7.392733158000055 51.585062295000057)",Unfall 52383 (2021) Kat:3, Licht: 0,52383,3,3,5,7,20,4,0,0,0,1,0,1,0,0
"POINT (7.403006800000071 51.564603305000048)",Unfall 52423 (2021) Kat:3, Licht: 0,52423,3,6,2,8,19,4,0,0,0,1,0,1,0,0
"POINT (7.504082373000074 51.572327904000076)",Unfall 52499 (2021) Kat:3, Licht: 2,52499,3,7,2,7,23,3,1,2,0,1,0,0,0,0
"POINT (7.537508878000040 51.546159270000032)",Unfall 52516 (2021) Kat:3, Licht: 0,52516,3,6,2,8,14,3,0,0,0,1,0,0,1,0
"POINT (7.490080297000077 51.582910066000068)",Unfall 52677 (2021) Kat:3, Licht: 0,52677,3,6,2,8,14,4,0,0,0,1,0,0,1,0
"POINT (7.361281307000070 51.568318114000078)",Unfall 52716 (2021) Kat:3, Licht: 0,52716,3,1,2,6,18,2,0,0,0,1,0,0,1,0
"POINT (7.408874617000038 51.584187309000072)",Unfall 52773 (2021) Kat:3, Licht: 0,52773,3,6,2,7,14,6,0,0,0,1,0,0,0,0
"POINT (7.459274678000043 51.543729678000034)",Unfall 52950 (2021) Kat:3, Licht: 1,52950,3,3,5,5,20,5,0,1,0,1,0,0,0,0
"POINT (7.398163158000045 51.583574105000082)",Unfall 53019 (2021) Kat:3, Licht: 0,53019,3,1,8,7,20,3,1,0,0,1,0,0,0,0
"POINT (7.401052501000038 51.560611070000050)",Unfall 53069 (2021) Kat:2, Licht: 0,53069,2,6,2,8,12,1,0,0,0,0,0,1,0,0
"POINT (7.500246127000025 51.556804750000026)",Unfall 53180 (2021) Kat:3, Licht: 0,53180,3,5,2,7,11,2,0,0,0,1,0,0,0,0
"POINT (7.494100582000044 51.578248167000027)",Unfall 53204 (2021) Kat:3, Licht: 0,53204,3,7,0,8,10,3,1,0,0,0,0,0,1,0
"POINT (7.368280217000063 51.563860357000067)",Unfall 53224 (2021) Kat:3, Licht: 0,53224,3,2,4,7,17,5,0,0,0,1,0,0,0,0
"POINT (7.460707133000028 51.546132715000056)",Unfall 53368 (2021) Kat:3, Licht: 2,53368,3,1,0,8,1,4,0,2,0,0,0,0,0,1
"POINT (7.491186853000045 51.549247418000050)",Unfall 53430 (2021) Kat:3, Licht: 0,53430,3,6,2,7,13,6,0,0,0,1,0,0,0,0
"POINT (7.465913640000053 51.517877189000046)",Unfall 53447 (2021) Kat:3, Licht: 2,53447,3,6,2,8,2,3,0,2,0,1,0,0,0,0
"POINT (7.504251446000069 51.488002034000033)",Unfall 53549 (2021) Kat:3, Licht: 0,53549,3,2,5,8,18,2,0,0,0,1,0,0,0,0
"POINT (7.480074056000035 51.502300131000027)",Unfall 53577 (2021) Kat:3, Licht: 0,53577,3,2,5,8,15,3,1,0,0,1,0,0,0,0
"POINT (7.511134343000037 51.517589146000034)",Unfall 53608 (2021) Kat:3, Licht: 0,53608,3,7,6,7,11,6,0,0,0,1,1,0,0,0
"POINT (7.455956760000049 51.513137981000057)",Unfall 53765 (2021) Kat:3, Licht: 1,53765,3,3,5,8,20,2,0,1,1,0,0,0,0,0
"POINT (7.496072964000064 51.503575097000066)",Unfall 53808 (2021) Kat:3, Licht: 1,53808,3,1,0,8,19,3,1,1,0,0,0,1,0,0
"POINT (7.489621952000050 51.497082744000068)",Unfall 53838 (2021) Kat:3, Licht: 0,53838,3,2,5,6,12,3,0,0,1,1,0,0,0,0
"POINT (7.361248216000035 51.574435558000062)",Unfall 53943 (2021) Kat:3, Licht: 0,53943,3,6,1,8,7,4,0,0,0,1,0,1,0,0
"POINT (7.478718492000041 51.419505242000071)",Unfall 54041 (2021) Kat:3, Licht: 0,54041,3,1,0,7,17,4,0,0,1,0,0,0,0,0
"POINT (7.502413935000050 51.564364514000033)",Unfall 54090 (2021) Kat:3, Licht: 1,54090,3,4,6,6,4,2,0,1,0,1,1,0,0,0
"POINT (7.460843996000051 51.557137474000058)",Unfall 54146 (2021) Kat:3, Licht: 0,54146,3,1,7,8,19,3,0,0,0,1,0,0,0,0
"POINT (7.450758395000037 51.508857231000036)",Unfall 54147 (2021) Kat:3, Licht: 0,54147,3,6,2,4,19,5,0,0,0,0,0,1,0,1
"POINT (7.444958921000023 51.524009787000068)",Unfall 54262 (2021) Kat:3, Licht: 2,54262,3,1,8,8,22,2,0,2,0,1,0,0,0,0
"POINT (7.521592155000064 51.499157099000058)",Unfall 54306 (2021) Kat:3, Licht: 0,54306,3,6,2,8,18,5,0,0,0,1,0,0,0,0
"POINT (7.459690895000051 51.465557512000032)",Unfall 54408 (2021) Kat:3, Licht: 0,54408,3,1,0,6,8,3,0,0,1,0,0,0,0,0
"POINT (7.462206612000045 51.498500322000041)",Unfall 54451 (2021) Kat:3, Licht: 1,54451,3,6,3,7,5,6,0,1,0,1,0,0,1,0
"POINT (7.385464093000053 51.495937197000046)",Unfall 54507 (2021) Kat:3, Licht: 2,54507,3,1,9,8,3,7,0,2,0,1,0,0,0,0
"POINT (7.466980300000046 51.503232379000053)",Unfall 54568 (2021) Kat:2, Licht: 0,54568,2,2,3,5,18,5,0,0,1,1,0,0,0,0
"POINT (7.462202732000037 51.521977353000068)",Unfall 54698 (2021) Kat:3, Licht: 0,54698,3,2,8,8,19,1,1,0,0,1,0,0,0,0
"POINT (7.335876447000032 51.500247549000051)",Unfall 162326 (2021) Kat:3, Licht: 0,162326,3,2,6,10,14,2,0,0,0,1,1,0,0,0
"POINT (7.388642250000032 51.566560518000074)",Unfall 162349 (2021) Kat:3, Licht: 2,162349,3,3,5,11,17,5,0,2,0,1,0,1,0,0
"POINT (7.372174674000064 51.570084854000072)",Unfall 162365 (2021) Kat:3, Licht: 0,162365,3,5,1,10,15,3,1,0,1,0,0,0,0,1
"POINT (7.366769780000027 51.494011945000068)",Unfall 162389 (2021) Kat:3, Licht: 0,162389,3,2,5,5,17,1,0,0,0,1,0,1,0,0
"POINT (7.404063890000032 51.498234654000044)",Unfall 162411 (2021) Kat:3, Licht: 0,162411,3,6,4,9,14,6,0,0,0,1,0,1,0,0
"POINT (7.338269998000044 51.499363620000054)",Unfall 162412 (2021) Kat:3, Licht: 0,162412,3,7,0,5,17,3,1,0,0,0,1,0,0,1
"POINT (7.367186022000055 51.564858073000039)",Unfall 162424 (2021) Kat:3, Licht: 1,162424,3,3,5,1,6,3,1,1,1,1,0,0,0,0
"POINT (7.309864008000034 51.504796670000076)",Unfall 162432 (2021) Kat:3, Licht: 0,162432,3,6,0,4,8,4,0,0,0,1,1,0,0,0
"POINT (7.366129898000054 51.516363113000068)",Unfall 162440 (2021) Kat:2, Licht: 0,162440,2,4,6,6,13,5,0,0,0,1,1,0,0,0
"POINT (7.377449079000030 51.562771606000069)",Unfall 162467 (2021) Kat:3, Licht: 0,162467,3,2,3,9,18,3,0,0,1,1,0,0,0,0
"POINT (7.385436521000031 51.565291197000079)",Unfall 162482 (2021) Kat:3, Licht: 0,162482,3,7,0,1,11,2,0,0,0,1,1,0,0,0
"POINT (7.400925720000032 51.533049442000049)",Unfall 162499 (2021) Kat:3, Licht: 0,162499,3,7,0,7,11,6,0,0,1,0,0,0,0,0
"POINT (7.372694957000022 51.507799174000070)",Unfall 162505 (2021) Kat:3, Licht: 0,162505,3,6,2,5,16,1,0,0,0,1,0,0,0,0
"POINT (7.400995329000068 51.527819865000026)",Unfall 162512 (2021) Kat:3, Licht: 0,162512,3,7,8,11,12,7,0,0,0,0,0,1,0,0
"POINT (7.380593344000033 51.559099866000054)",Unfall 162531 (2021) Kat:3, Licht: 0,162531,3,3,5,9,16,2,0,0,0,1,0,0,0,0
"POINT (7.332705612000041 51.499570123000069)",Unfall 162533 (2021) Kat:2, Licht: 0,162533,2,7,0,9,10,5,0,0,0,1,0,0,0,0
"POINT (7.348919522000074 51.498965627000075)",Unfall 162540 (2021) Kat:3, Licht: 0,162540,3,6,2,5,15,4,0,0,0,1,0,0,0,0
"POINT (7.375652819000038 51.546476132000066)",Unfall 162542 (2021) Kat:3, Licht: 0,162542,3,4,6,10,15,2,0,0,0,1,1,0,0,0
"POINT (7.365631640000061 51.506032300000072)",Unfall 162552 (2021) Kat:3, Licht: 0,162552,3,6,3,3,14,3,0,0,0,1,0,1,0,0
"POINT (7.360532985000020 51.500633012000037)",Unfall 162574 (2021) Kat:3, Licht: 0,162574,3,5,8,9,13,4,0,0,0,1,0,0,0,0
"POINT (7.337399561000041 51.499315408000029)",Unfall 162581 (2021) Kat:3, Licht: 0,162581,3,6,1,6,16,3,0,0,0,1,0,0,0,0
"POINT (7.376428819000068 51.533151239000063)",Unfall 162588 (2021) Kat:3, Licht: 0,162588,3,4,5,9,16,1,0,0,0,1,1,0,0,0
"POINT (7.372023207000041 51.509896719000039)",Unfall 162598 (2021) Kat:3, Licht: 0,162598,3,1,2,11,10,3,0,0,0,1,0,0,1,0
"POINT (7.382553917000052 51.570319993000055)",Unfall 162614 (2021) Kat:3, Licht: 0,162614,3,2,6,9,13,6,0,0,0,1,1,0,0,0
"POINT (7.374091368000052 51.564547462000064)",Unfall 162625 (2021) Kat:3, Licht: 0,162625,3,3,0,3,12,5,0,0,1,0,0,0,0,1
"POINT (7.371500722000064 51.541647832000081)",Unfall 162652 (2021) Kat:3, Licht: 0,162652,3,7,6,11,7,6,0,0,0,1,1,0,0,0
"POINT (7.357039884000073 51.560532015000035)",Unfall 162663 (2021) Kat:3, Licht: 2,162663,3,1,8,10,20,4,1,2,0,1,0,0,0,0
"POINT (7.402732469000057 51.585726883000063)",Unfall 162676 (2021) Kat:3, Licht: 0,162676,3,2,5,10,13,6,0,0,0,1,0,0,0,0
"POINT (7.384156580000024 51.529018684000050)",Unfall 162696 (2021) Kat:3, Licht: 0,162696,3,7,0,6,15,2,1,0,0,1,0,1,0,0
"POINT (7.378446190000034 51.517194016000076)",Unfall 162708 (2021) Kat:3, Licht: 0,162708,3,6,1,6,15,3,0,0,0,1,0,0,0,0
"POINT (7.358643941000025 51.527242655000066)",Unfall 162712 (2021) Kat:3, Licht: 0,162712,3,3,5,12,14,2,0,0,0,1,0,1,0,0
"POINT (7.338951451000071 51.499334741000041)",Unfall 162727 (2021) Kat:2, Licht: 0,162727,2,3,5,9,8,6,0,0,0,1,0,0,0,1
"POINT (7.379818781000040 51.527884473000029)",Unfall 162744 (2021) Kat:2, Licht: 0,162744,2,3,5,11,12,1,0,0,0,1,0,0,0,1
"POINT (7.374225409000076 51.564761268000041)",Unfall 162799 (2021) Kat:3, Licht: 0,162799,3,1,0,4,19,1,0,0,0,0,0,1,0,0
"POINT (7.328097780000064 51.521400375000042)",Unfall 162800 (2021) Kat:3, Licht: 0,162800,3,5,1,11,12,1,0,0,1,1,0,0,0,0
"POINT (7.341685592000033 51.507260606000045)",Unfall 162806 (2021) Kat:3, Licht: 0,162806,3,3,5,3,12,3,0,0,0,1,0,0,0,0
"POINT (7.365397340000072 51.498621334000063)",Unfall 162809 (2021) Kat:3, Licht: 1,162809,3,5,1,6,21,2,0,1,0,1,0,0,0,0
"POINT (7.388632776000065 51.566551798000035)",Unfall 162816 (2021) Kat:3, Licht: 0,162816,3,3,5,5,10,2,0,0,1,1,0,0,0,0
"POINT (7.364999741000076 51.517510470000047)",Unfall 162823 (2021) Kat:3, Licht: 2,162823,3,1,8,10,0,1,1,2,0,1,0,0,0,0
"POINT (7.370362941000053 51.543486537000035)",Unfall 162857 (2021) Kat:2, Licht: 0,162857,2,3,5,9,14,3,0,0,0,1,0,0,0,0
"POINT (7.382136071000048 51.571570267000027)",Unfall 162890 (2021) Kat:3, Licht: 0,162890,3,7,0,2,12,4,0,0,0,0,1,0,0,1
"POINT (7.402286301000061 51.482723651000072)",Unfall 162897 (2021) Kat:3, Licht: 2,162897,3,7,0,9,0,1,0,2,0,1,1,0,0,0
"POINT (7.377551066000024 51.562790489000065)",Unfall 162901 (2021) Kat:3, Licht: 0,162901,3,3,5,6,13,3,0,0,1,1,0,0,0,0
"POINT (7.388360203000047 51.586072248000050)",Unfall 162906 (2021) Kat:2, Licht: 0,162906,2,7,0,9,15,1,0,0,1,1,0,0,0,0
"POINT (7.337663615000054 51.501986625000029)",Unfall 162918 (2021) Kat:3, Licht: 2,162918,3,3,5,3,22,3,0,2,0,1,0,0,0,0
"POINT (7.346387463000042 51.511227843000029)",Unfall 162920 (2021) Kat:3, Licht: 0,162920,3,7,0,3,15,7,0,0,1,0,0,0,0,0
"POINT (7.374631960000045 51.526517202000036)",Unfall 162926 (2021) Kat:3, Licht: 0,162926,3,6,2,10,13,2,0,0,1,1,0,0,0,0
"POINT (7.399179083000035 51.557135376000076)",Unfall 162934 (2021) Kat:3, Licht: 0,162934,3,6,1,2,13,7,2,0,0,1,0,0,0,0
"POINT (7.324235276000024 51.506769192000036)",Unfall 162939 (2021) Kat:3, Licht: 0,162939,3,3,5,6,21,4,0,0,1,1,0,0,0,0
"POINT (7.389375848000043 51.562956974000031)",Unfall 162954 (2021) Kat:3, Licht: 0,162954,3,2,5,6,20,2,0,0,0,1,0,1,0,0
"POINT (7.367520383000056 51.494358743000078)",Unfall 162984 (2021) Kat:3, Licht: 2,162984,3,3,5,1,20,4,0,2,0,1,0,0,0,0
"POINT (7.388886201000048 51.483404618000066)",Unfall 162989 (2021) Kat:3, Licht: 0,162989,3,6,2,12,12,3,0,0,0,1,0,0,0,0
"POINT (7.380608848000065 51.559076804000028)",Unfall 162997 (2021) Kat:3, Licht: 2,162997,3,3,5,9,20,6,0,2,1,0,0,0,0,1
"POINT (7.382587406000027 51.570293857000081)",Unfall 163012 (2021) Kat:3, Licht: 1,163012,3,4,6,12,16,2,0,1,0,1,1,0,0,0
"POINT (7.335069285000031 51.498939882000059)",Unfall 163014 (2021) Kat:3, Licht: 2,163014,3,4,6,2,20,6,0,2,0,1,1,0,0,0
"POINT (7.387688078000053 51.511373164000076)",Unfall 163038 (2021) Kat:3, Licht: 0,163038,3,3,5,9,14,1,0,0,1,1,0,0,0,0
"POINT (7.382906812000044 51.570564122000064)",Unfall 163047 (2021) Kat:2, Licht: 0,163047,2,1,0,3,14,1,0,0,1,0,0,0,0,0
"POINT (7.341120450000062 51.506160651000073)",Unfall 163055 (2021) Kat:3, Licht: 1,163055,3,6,6,11,7,4,0,1,0,1,1,0,0,0
"POINT (7.375048422000020 51.512769131000027)",Unfall 163058 (2021) Kat:3, Licht: 0,163058,3,6,2,5,6,6,0,0,0,1,0,0,0,0
"POINT (7.321516850000023 51.517272681000065)",Unfall 163069 (2021) Kat:3, Licht: 0,163069,3,4,0,4,16,6,0,0,0,0,1,0,0,1
"POINT (7.340917626000021 51.505673281000043)",Unfall 163080 (2021) Kat:3, Licht: 0,163080,3,3,5,11,8,3,1,0,0,1,0,1,0,0
"POINT (7.393107973000042 51.505885093000074)",Unfall 163089 (2021) Kat:3, Licht: 0,163089,3,3,5,10,10,2,1,0,0,1,0,1,0,0
"POINT (7.366222245000074 51.514418182000043)",Unfall 163109 (2021) Kat:3, Licht: 0,163109,3,2,5,7,6,6,0,0,0,1,0,1,0,0
"POINT (7.336395780000032 51.499158974000068)",Unfall 163126 (2021) Kat:3, Licht: 0,163126,3,1,6,3,10,2,0,0,0,1,1,0,0,0
"POINT (7.349457033000022 51.498728021000034)",Unfall 163128 (2021) Kat:3, Licht: 0,163128,3,3,5,1,14,6,0,0,0,1,0,0,0,0
"POINT (7.376605560000030 51.546330285000067)",Unfall 163134 (2021) Kat:3, Licht: 0,163134,3,5,1,5,7,4,0,0,1,1,0,0,0,0
"POINT (7.377047738000044 51.588193118000049)",Unfall 163147 (2021) Kat:1, Licht: 1,163147,1,1,8,9,19,5,0,1,0,0,0,1,0,0
"POINT (7.396929491000037 51.554874562000066)",Unfall 163153 (2021) Kat:3, Licht: 2,163153,3,1,0,3,1,1,1,2,0,1,0,0,0,0
"POINT (7.361684732000072 51.485517311000081)",Unfall 163166 (2021) Kat:2, Licht: 0,163166,2,7,0,7,11,4,0,0,0,1,0,0,0,1
"POINT (7.397432293000065 51.556563899000082)",Unfall 163201 (2021) Kat:3, Licht: 0,163201,3,6,2,12,13,4,0,0,0,1,0,0,0,0
"POINT (7.367636648000030 51.487998016000063)",Unfall 163205 (2021) Kat:3, Licht: 1,163205,3,1,0,12,16,6,1,1,1,0,0,0,0,0
"POINT (7.334130992000041 51.498889260000055)",Unfall 163220 (2021) Kat:2, Licht: 2,163220,2,4,6,11,18,3,1,2,0,1,1,0,0,0
"POINT (7.371787409000035 51.514627045000054)",Unfall 163239 (2021) Kat:3, Licht: 0,163239,3,6,1,6,12,6,0,0,0,1,0,0,0,0