WKT,Name,OBJECTID,UKATEGORIE,UTYP1,UART,UMONAT,USTUNDE,UWOCHENTAG,STRZUSTAND,ULICHTVERH,ISTRAD,ISTPKW,ISTFUSS,ISTKRAD,ISTGKFZ,ISTSONSTIG
"POINT (7.360945703000027 51.504279890000078)",Unfall 163249 (2021) Kat:3, Licht: 0,163249,3,7,0,4,18,2,0,0,0,0,0,0,0,1
"POINT (7.384039742000027 51.529321509000056)",Unfall 163267 (2021) Kat:3, Licht: 0,163267,3,6,3,9,15,3,0,0,0,1,0,1,0,0
"POINT (7.375877635000052 51.565116908000050)",Unfall 163279 (2021) Kat:3, Licht: 0,163279,3,3,0,11,8,4,1,0,1,1,0,0,0,0
"POINT (7.373846602000071 51.569018998000047)",Unfall 163307 (2021) Kat:3, Licht: 0,163307,3,4,6,3,12,2,0,0,0,1,1,0,0,0
"POINT (7.376559042000054 51.554447026000048)",Unfall 163334 (2021) Kat:3, Licht: 2,163334,3,1,8,9,22,6,1,2,0,1,0,0,0,0
"POINT (7.388567248000072 51.520347130000061)",Unfall 163340 (2021) Kat:3, Licht: 2,163340,3,1,0,12,17,5,0,2,0,1,0,0,0,0
"POINT (7.383779130000050 51.563848111000027)",Unfall 163351 (2021) Kat:3, Licht: 0,163351,3,4,0,2,10,2,0,0,0,1,1,0,0,0
"POINT (7.343348796000043 51.496881401000053)",Unfall 163360 (2021) Kat:3, Licht: 0,163360,3,2,3,3,10,6,0,0,0,1,0,0,0,1
"POINT (7.377292670000031 51.563216122000028)",Unfall 163362 (2021) Kat:3, Licht: 0,163362,3,1,0,6,16,3,0,0,0,0,0,1,0,0
"POINT (7.365353282000058 51.555105976000050)",Unfall 163372 (2021) Kat:3, Licht: 2,163372,3,1,2,1,20,6,0,2,0,1,0,0,0,0
"POINT (7.364531310000075 51.568893682000066)",Unfall 163380 (2021) Kat:2, Licht: 0,163380,2,7,1,5,16,6,0,0,0,1,0,0,0,0
"POINT (7.387502044000030 51.571584118000033)",Unfall 163385 (2021) Kat:3, Licht: 2,163385,3,4,6,12,23,6,0,2,0,1,1,0,0,0
"POINT (7.337072875000047 51.498256818000073)",Unfall 163387 (2021) Kat:3, Licht: 1,163387,3,3,5,9,19,1,0,1,0,1,0,0,0,0
"POINT (7.422488202000068 51.524909804000060)",Unfall 163389 (2021) Kat:3, Licht: 0,163389,3,2,6,12,12,2,1,0,0,1,1,0,0,0
"POINT (7.488657121000074 51.519939891000035)",Unfall 163390 (2021) Kat:3, Licht: 2,163390,3,4,6,1,23,2,1,2,0,1,1,0,0,0
"POINT (7.550781118000032 51.500934286000074)",Unfall 163391 (2021) Kat:3, Licht: 0,163391,3,6,0,12,12,4,0,0,0,1,0,0,0,0
"POINT (7.512120232000029 51.537414909000063)",Unfall 163392 (2021) Kat:2, Licht: 0,163392,2,2,4,3,16,3,0,0,0,1,0,0,0,0
"POINT (7.512187767000057 51.537339396000050)",Unfall 163397 (2021) Kat:3, Licht: 1,163397,3,2,5,3,6,4,1,1,0,0,0,0,1,0
"POINT (7.485865727000032 51.512842696000064)",Unfall 163401 (2021) Kat:2, Licht: 1,163401,2,5,1,7,6,7,0,1,0,1,0,0,0,1
"POINT (7.452682860000039 51.523882475000050)",Unfall 163402 (2021) Kat:3, Licht: 0,163402,3,4,6,1,17,5,0,0,0,1,1,0,0,0
"POINT (7.581509025000059 51.530967200000077)",Unfall 163403 (2021) Kat:3, Licht: 2,163403,3,4,6,11,16,3,1,2,0,1,1,0,0,0
"POINT (7.434681993000027 51.441443699000047)",Unfall 163406 (2021) Kat:3, Licht: 2,163406,3,4,6,11,17,3,1,2,0,1,1,0,0,0
"POINT (7.508876705000034 51.540996782000036)",Unfall 163407 (2021) Kat:3, Licht: 2,163407,3,7,0,10,5,2,1,2,0,0,0,1,0,1
"POINT (7.459691645000021 51.505244519000030)",Unfall 163409 (2021) Kat:3, Licht: 0,163409,3,6,2,4,13,3,1,0,0,1,0,0,0,0
"POINT (7.471406119000051 51.511005374000035)",Unfall 163413 (2021) Kat:3, Licht: 0,163413,3,6,0,10,7,3,0,0,1,0,0,0,0,1
"POINT (7.450490093000042 51.499344341000040)",Unfall 163414 (2021) Kat:3, Licht: 0,163414,3,3,5,10,15,5,0,0,0,1,0,0,0,1
"POINT (7.426720403000047 51.512209428000062)",Unfall 163417 (2021) Kat:3, Licht: 0,163417,3,6,3,9,13,5,0,0,0,1,0,0,0,1
"POINT (7.501106672000049 51.492077678000044)",Unfall 163418 (2021) Kat:3, Licht: 0,163418,3,1,0,10,15,4,1,0,1,0,0,0,0,0
"POINT (7.455521954000062 51.525998651000066)",Unfall 163420 (2021) Kat:3, Licht: 2,163420,3,3,5,12,17,5,1,2,0,1,0,0,0,1
"POINT (7.518968338000036 51.524889740000049)",Unfall 163421 (2021) Kat:3, Licht: 2,163421,3,6,2,11,16,3,1,2,0,1,0,0,0,0
"POINT (7.534255157000075 51.510497712000074)",Unfall 163422 (2021) Kat:3, Licht: 0,163422,3,6,2,9,12,2,0,0,0,1,0,0,0,0
"POINT (7.444620601000054 51.524423450000029)",Unfall 163425 (2021) Kat:3, Licht: 1,163425,3,3,5,10,18,1,0,1,0,1,0,0,0,1
"POINT (7.553413269000032 51.526016583000057)",Unfall 163428 (2021) Kat:3, Licht: 0,163428,3,3,5,6,12,2,1,0,0,1,0,0,0,0
"POINT (7.446464635000041 51.531617470000072)",Unfall 163439 (2021) Kat:3, Licht: 1,163439,3,6,3,6,21,4,0,1,1,0,0,0,0,1
"POINT (7.435441689000072 51.475449315000049)",Unfall 163442 (2021) Kat:3, Licht: 0,163442,3,1,8,10,17,1,1,0,0,1,0,0,0,0
"POINT (7.503741428000069 51.510897426000042)",Unfall 163443 (2021) Kat:3, Licht: 1,163443,3,2,6,9,7,2,0,1,0,0,1,0,0,1
"POINT (7.430817363000074 51.522636488000046)",Unfall 163452 (2021) Kat:3, Licht: 2,163452,3,7,8,3,6,4,1,2,0,1,0,0,0,0
"POINT (7.575917308000044 51.504810414000076)",Unfall 163454 (2021) Kat:3, Licht: 0,163454,3,6,1,2,12,6,0,0,0,1,0,1,0,0
"POINT (7.435496441000055 51.522317085000054)",Unfall 163456 (2021) Kat:3, Licht: 0,163456,3,7,0,5,18,3,1,0,0,0,0,1,1,0
"POINT (7.449922968000067 51.502434457000049)",Unfall 163464 (2021) Kat:3, Licht: 2,163464,3,3,0,12,17,4,1,2,1,1,0,0,0,0
"POINT (7.416476498000065 51.472857147000070)",Unfall 163475 (2021) Kat:3, Licht: 0,163475,3,2,5,3,15,4,0,0,1,1,0,0,0,0
"POINT (7.466260086000034 51.465920186000062)",Unfall 163479 (2021) Kat:2, Licht: 0,163479,2,1,0,5,13,6,0,0,1,0,0,0,0,0
"POINT (7.543603608000069 51.552689430000044)",Unfall 163480 (2021) Kat:3, Licht: 0,163480,3,7,0,6,16,3,0,0,0,0,0,0,0,1
"POINT (7.441467696000075 51.517541236000056)",Unfall 163481 (2021) Kat:3, Licht: 0,163481,3,6,2,3,16,3,0,0,0,1,0,0,0,0
"POINT (7.515049627000053 51.510892493000028)",Unfall 163482 (2021) Kat:3, Licht: 1,163482,3,3,0,2,17,4,0,1,0,1,0,0,0,1
"POINT (7.608155844000066 51.534164564000037)",Unfall 163487 (2021) Kat:3, Licht: 0,163487,3,5,1,10,9,6,0,0,1,1,0,0,0,0
"POINT (7.463220008000064 51.527476143000058)",Unfall 163488 (2021) Kat:3, Licht: 0,163488,3,6,0,5,10,1,0,0,1,1,0,0,0,0
"POINT (7.449642868000069 51.503853170000070)",Unfall 163489 (2021) Kat:3, Licht: 0,163489,3,5,0,10,17,2,0,0,0,1,0,0,0,1
"POINT (7.538293312000064 51.477009698000074)",Unfall 163491 (2021) Kat:3, Licht: 0,163491,3,7,0,11,14,4,0,0,0,1,0,0,0,0
"POINT (7.428390944000057 51.548334005000072)",Unfall 163492 (2021) Kat:3, Licht: 2,163492,3,6,4,7,22,2,0,2,0,1,0,0,0,0
"POINT (7.501106623000055 51.492079579000062)",Unfall 163493 (2021) Kat:3, Licht: 2,163493,3,2,6,9,22,1,0,2,0,1,1,0,0,0
"POINT (7.457785178000051 51.519911705000027)",Unfall 163495 (2021) Kat:3, Licht: 1,163495,3,2,4,2,17,4,2,1,0,1,0,0,0,0
"POINT (7.603808884000046 51.531696651000061)",Unfall 163498 (2021) Kat:3, Licht: 0,163498,3,6,2,3,14,4,0,0,1,1,0,0,0,0
"POINT (7.471846084000049 51.526942168000062)",Unfall 163500 (2021) Kat:2, Licht: 2,163500,2,4,6,5,22,2,0,2,0,1,1,0,0,0
"POINT (7.491158650000045 51.487418882000043)",Unfall 163503 (2021) Kat:3, Licht: 0,163503,3,1,0,5,20,6,0,0,1,0,0,0,0,0
"POINT (7.467756360000067 51.516395827000053)",Unfall 163509 (2021) Kat:2, Licht: 0,163509,2,4,6,6,17,5,0,0,0,1,1,0,0,0
"POINT (7.464961611000035 51.549400502000026)",Unfall 163511 (2021) Kat:3, Licht: 1,163511,3,7,0,5,21,2,0,1,1,0,0,0,0,0
"POINT (7.451519542000028 51.530078041000081)",Unfall 163512 (2021) Kat:3, Licht: 2,163512,3,6,2,1,17,2,1,2,0,1,0,0,0,0
"POINT (7.487460323000050 51.478842430000043)",Unfall 163514 (2021) Kat:2, Licht: 0,163514,2,6,6,11,16,3,1,0,1,0,1,0,0,0
"POINT (7.548329849000027 51.472958340000048)",Unfall 163517 (2021) Kat:3, Licht: 2,163517,3,1,2,1,2,7,0,2,0,1,0,0,0,0
"POINT (7.558447382000054 51.520305617000076)",Unfall 163518 (2021) Kat:2, Licht: 0,163518,2,5,8,12,9,6,1,0,0,1,0,0,0,0
"POINT (7.533335806000025 51.478164020000065)",Unfall 163522 (2021) Kat:3, Licht: 0,163522,3,6,1,6,12,6,0,0,1,1,0,0,0,0
"POINT (7.591269314000044 51.552014889000077)",Unfall 163523 (2021) Kat:3, Licht: 2,163523,3,7,3,2,20,4,0,2,1,1,0,0,0,0
"POINT (7.476512300000024 51.488098454000067)",Unfall 163524 (2021) Kat:3, Licht: 0,163524,3,3,5,11,8,6,0,0,1,1,0,0,0,0
"POINT (7.468294278000030 51.549966955000059)",Unfall 163525 (2021) Kat:3, Licht: 0,163525,3,6,1,5,15,4,1,0,0,1,0,0,0,0
"POINT (7.425305126000069 51.555337606000080)",Unfall 163527 (2021) Kat:3, Licht: 0,163527,3,6,2,4,15,6,0,0,0,1,0,0,0,1
"POINT (7.490388285000051 51.450980085000026)",Unfall 163528 (2021) Kat:3, Licht: 0,163528,3,6,0,4,10,6,0,0,1,1,0,0,0,0
"POINT (7.547569028000055 51.549709476000032)",Unfall 163531 (2021) Kat:3, Licht: 0,163531,3,3,5,6,8,5,0,0,1,1,0,0,0,0
"POINT (7.433233474000076 51.520255720000080)",Unfall 163532 (2021) Kat:3, Licht: 0,163532,3,6,4,1,10,6,1,0,1,0,0,0,1,0
"POINT (7.508572091000076 51.510603125000046)",Unfall 163533 (2021) Kat:3, Licht: 2,163533,3,1,0,12,6,6,2,2,1,0,0,0,0,0
"POINT (7.462884940000038 51.523858884000049)",Unfall 163534 (2021) Kat:3, Licht: 0,163534,3,3,5,10,16,6,0,0,0,1,0,0,0,0
"POINT (7.527889234000043 51.528053328000055)",Unfall 163536 (2021) Kat:3, Licht: 2,163536,3,2,5,12,7,2,1,2,1,1,0,0,0,0
"POINT (7.484318821000045 51.487966230000040)",Unfall 163537 (2021) Kat:3, Licht: 0,163537,3,7,1,2,13,1,0,0,1,1,0,0,0,0
"POINT (7.464387918000057 51.529321602000039)",Unfall 163539 (2021) Kat:3, Licht: 0,163539,3,3,5,6,8,7,0,0,0,1,0,1,0,0
"POINT (7.497547172000054 51.484817237000073)",Unfall 163544 (2021) Kat:3, Licht: 0,163544,3,5,0,5,14,1,0,0,1,1,0,0,0,0
"POINT (7.482103300000063 51.523634690000051)",Unfall 163549 (2021) Kat:3, Licht: 0,163549,3,4,6,5,14,3,0,0,0,1,1,0,0,0
"POINT (7.423943240000028 51.495167746000050)",Unfall 163553 (2021) Kat:3, Licht: 0,163553,3,6,2,9,10,2,0,0,0,1,0,1,0,0
"POINT (7.476891289000037 51.487096789000077)",Unfall 163558 (2021) Kat:2, Licht: 0,163558,2,7,6,3,12,3,0,0,1,0,1,0,0,0
"POINT (7.468489729000055 51.514507266000066)",Unfall 163559 (2021) Kat:3, Licht: 2,163559,3,1,7,1,2,1,2,2,0,0,0,0,0,1
"POINT (7.438329713000030 51.464410366000038)",Unfall 163560 (2021) Kat:3, Licht: 0,163560,3,1,8,9,15,5,0,0,0,1,0,0,0,0
"POINT (7.464853868000034 51.520953129000077)",Unfall 163561 (2021) Kat:3, Licht: 0,163561,3,3,5,5,9,5,1,0,1,1,0,0,0,0
"POINT (7.453016450000064 51.470981278000068)",Unfall 163565 (2021) Kat:3, Licht: 0,163565,3,7,4,9,8,6,0,0,0,1,0,0,0,0
"POINT (7.502885058000061 51.485348674000079)",Unfall 163570 (2021) Kat:2, Licht: 0,163570,2,5,1,5,14,2,0,0,1,1,0,0,0,0
"POINT (7.567399659000046 51.512733972000035)",Unfall 163571 (2021) Kat:3, Licht: 0,163571,3,7,0,12,13,5,1,0,0,1,0,1,0,0
"POINT (7.524248192000073 51.569017471000052)",Unfall 163573 (2021) Kat:3, Licht: 0,163573,3,3,5,7,15,2,0,0,0,1,0,1,0,0
"POINT (7.480104483000048 51.522823378000055)",Unfall 163574 (2021) Kat:3, Licht: 0,163574,3,4,6,3,14,5,0,0,0,1,1,0,0,0
"POINT (7.450528356000063 51.499325190000036)",Unfall 163577 (2021) Kat:3, Licht: 0,163577,3,3,5,4,12,6,0,0,1,1,0,0,0,0
"POINT (7.435480599000073 51.475450410000064)",Unfall 163583 (2021) Kat:3, Licht: 0,163583,3,7,6,9,12,3,0,0,0,0,1,0,0,1
"POINT (7.506542810000042 51.488964651000060)",Unfall 163584 (2021) Kat:3, Licht: 2,163584,3,7,0,7,1,1,1,2,1,0,0,0,0,0
"POINT (7.462011073000042 51.500352845000066)",Unfall 163586 (2021) Kat:3, Licht: 1,163586,3,6,2,12,16,2,0,1,0,1,0,0,0,0
"POINT (7.526138224000022 51.568256186000042)",Unfall 163587 (2021) Kat:3, Licht: 0,163587,3,2,2,11,15,2,0,0,0,1,0,1,0,0
"POINT (7.474522898000032 51.511793654000030)",Unfall 163593 (2021) Kat:3, Licht: 0,163593,3,6,2,10,7,4,0,0,0,1,0,0,0,0
"POINT (7.501043990000028 51.481180760000029)",Unfall 163596 (2021) Kat:3, Licht: 0,163596,3,4,6,11,12,5,0,0,0,1,1,0,0,0
"POINT (7.454967037000074 51.494189481000035)",Unfall 163598 (2021) Kat:2, Licht: 0,163598,2,3,5,10,14,1,0,0,1,0,0,0,0,0
"POINT (7.520073289000038 51.576659904000053)",Unfall 163599 (2021) Kat:3, Licht: 0,163599,3,4,6,5,18,1,0,0,0,1,1,0,0,0
"POINT (7.468166518000032 51.513012955000079)",Unfall 163603 (2021) Kat:3, Licht: 0,163603,3,7,6,12,10,3,0,0,0,0,1,0,0,1
"POINT (7.417137764000074 51.490931497000076)",Unfall 163605 (2021) Kat:3, Licht: 0,163605,3,2,5,2,16,6,0,0,1,1,0,0,0,0
"POINT (7.487609958000064 51.488148779000028)",Unfall 163606 (2021) Kat:3, Licht: 0,163606,3,2,5,3,17,7,0,0,0,1,0,0,0,1
"POINT (7.476365770000029 51.517918877000056)",Unfall 163610 (2021) Kat:3, Licht: 0,163610,3,7,0,11,9,3,1,0,0,0,0,1,0,0
"POINT (7.437813275000053 51.446730731000059)",Unfall 163612 (2021) Kat:3, Licht: 2,163612,3,6,4,12,17,3,1,2,0,1,0,0,0,1
"POINT (7.518044635000024 51.525888883000050)",Unfall 163613 (2021) Kat:2, Licht: 0,163613,2,2,4,12,21,2,0,0,0,1,0,0,0,0
"POINT (7.453094110000052 51.521593328000051)",Unfall 163615 (2021) Kat:3, Licht: 0,163615,3,7,5,10,9,3,0,0,1,1,0,0,0,0
"POINT (7.474629294000067 51.554882338000027)",Unfall 163620 (2021) Kat:3, Licht: 2,163620,3,4,0,1,20,4,1,2,0,1,1,0,0,0
"POINT (7.431624865000060 51.532765025000060)",Unfall 163622 (2021) Kat:3, Licht: 0,163622,3,3,0,11,14,6,1,0,0,1,0,0,0,0
"POINT (7.471985426000060 51.526702405000037)",Unfall 163629 (2021) Kat:3, Licht: 0,163629,3,6,2,7,16,3,0,0,0,1,0,0,0,1
"POINT (7.540831249000064 51.552725598000052)",Unfall 163631 (2021) Kat:3, Licht: 0,163631,3,3,5,6,16,5,0,0,1,1,0,0,0,0
"POINT (7.533856924000077 51.511486865000052)",Unfall 163637 (2021) Kat:2, Licht: 1,163637,2,1,8,12,8,4,1,1,0,0,0,1,0,0
"POINT (7.590973113000075 51.532991877000029)",Unfall 163638 (2021) Kat:3, Licht: 2,163638,3,1,0,10,22,7,1,2,1,0,0,0,0,0
"POINT (7.426012814000046 51.522770490000028)",Unfall 163642 (2021) Kat:3, Licht: 2,163642,3,1,8,12,22,5,2,2,0,1,0,0,0,0
"POINT (7.490076027000043 51.506780642000081)",Unfall 163643 (2021) Kat:3, Licht: 2,163643,3,1,8,6,0,7,0,2,0,0,0,0,0,1
"POINT (7.552501299000028 51.499320229000034)",Unfall 163644 (2021) Kat:3, Licht: 0,163644,3,1,0,12,12,2,2,0,1,0,0,0,0,0
"POINT (7.586866465000071 51.528100351000035)",Unfall 163645 (2021) Kat:3, Licht: 2,163645,3,1,0,9,20,5,0,2,0,0,0,0,0,1
"POINT (7.466455543000052 51.528109262000044)",Unfall 163647 (2021) Kat:3, Licht: 0,163647,3,3,5,9,19,2,0,0,1,1,0,0,0,0
"POINT (7.516742271000055 51.494014228000026)",Unfall 163650 (2021) Kat:3, Licht: 2,163650,3,4,6,3,20,7,0,2,0,1,1,0,0,0
"POINT (7.453926690000060 51.516246186000046)",Unfall 163651 (2021) Kat:3, Licht: 0,163651,3,6,3,9,7,2,0,0,0,0,0,1,0,1
"POINT (7.520460380000031 51.501332759000036)",Unfall 163652 (2021) Kat:2, Licht: 0,163652,2,2,0,11,10,4,1,0,1,0,0,0,0,0
"POINT (7.442984439000043 51.475712216000034)",Unfall 163656 (2021) Kat:3, Licht: 0,163656,3,4,6,12,17,3,0,0,0,0,1,0,0,1
"POINT (7.555829864000032 51.470996776000050)",Unfall 163659 (2021) Kat:3, Licht: 2,163659,3,3,5,12,17,1,0,2,0,1,0,0,0,0
"POINT (7.517234813000073 51.526782101000038)",Unfall 163660 (2021) Kat:3, Licht: 1,163660,3,3,5,12,7,3,0,1,1,1,0,0,0,0
"POINT (7.476069681000070 51.517027033000033)",Unfall 163662 (2021) Kat:3, Licht: 0,163662,3,4,6,3,16,6,1,0,1,0,1,0,0,0
"POINT (7.554923440000039 51.496535025000071)",Unfall 163663 (2021) Kat:3, Licht: 0,163663,3,1,0,4,14,1,0,0,1,0,0,0,0,0
"POINT (7.440559330000042 51.506023924000033)",Unfall 163664 (2021) Kat:3, Licht: 0,163664,3,6,0,4,13,2,0,0,1,1,0,0,0,0
"POINT (7.514799073000063 51.495598802000075)",Unfall 163665 (2021) Kat:3, Licht: 1,163665,3,5,1,10,18,3,1,1,0,1,0,0,0,0
"POINT (7.463350361000039 51.522155861000044)",Unfall 163666 (2021) Kat:3, Licht: 0,163666,3,2,6,3,17,6,0,0,0,1,1,0,0,0
"POINT (7.540709290000052 51.537875511000038)",Unfall 163673 (2021) Kat:3, Licht: 0,163673,3,3,5,2,14,4,0,0,1,1,0,0,0,0
"POINT (7.433199374000026 51.467925447000027)",Unfall 163674 (2021) Kat:3, Licht: 0,163674,3,1,8,4,12,6,0,0,0,1,0,0,0,0
"POINT (7.503180191000069 51.513280728000041)",Unfall 163675 (2021) Kat:3, Licht: 0,163675,3,1,8,5,14,2,0,0,1,0,0,0,0,0
"POINT (7.460265877000040 51.506466058000058)",Unfall 163677 (2021) Kat:3, Licht: 0,163677,3,3,5,1,14,5,1,0,0,1,0,0,0,0
"POINT (7.449927115000037 51.502413537000052)",Unfall 163682 (2021) Kat:3, Licht: 0,163682,3,7,2,4,15,3,0,0,1,0,0,1,0,0
"POINT (7.476888364000047 51.521529646000033)",Unfall 163690 (2021) Kat:3, Licht: 2,163690,3,1,0,10,20,4,1,2,0,0,0,0,0,1
"POINT (7.467859496000074 51.507865902000049)",Unfall 163691 (2021) Kat:3, Licht: 0,163691,3,3,5,10,13,5,0,0,1,1,0,0,0,0
"POINT (7.437260863000063 51.476267409000059)",Unfall 163692 (2021) Kat:3, Licht: 2,163692,3,7,1,12,2,2,1,2,0,1,0,0,0,0
"POINT (7.420374151000033 51.524395086000027)",Unfall 163693 (2021) Kat:3, Licht: 0,163693,3,5,0,6,14,4,0,0,1,1,0,0,0,0
"POINT (7.466993088000038 51.512919119000060)",Unfall 163696 (2021) Kat:3, Licht: 2,163696,3,1,0,10,21,6,0,2,0,0,0,0,0,1
"POINT (7.435686595000050 51.473279799000068)",Unfall 163698 (2021) Kat:3, Licht: 0,163698,3,7,0,7,18,6,0,0,1,0,0,0,0,0
"POINT (7.485621287000072 51.523638807000054)",Unfall 163703 (2021) Kat:3, Licht: 0,163703,3,3,4,3,15,4,0,0,1,1,0,0,0,0
"POINT (7.463146080000058 51.514303404000032)",Unfall 163705 (2021) Kat:3, Licht: 2,163705,3,6,6,9,22,6,0,2,1,0,1,0,0,0
"POINT (7.447222996000050 51.516272568000034)",Unfall 163706 (2021) Kat:3, Licht: 0,163706,3,3,5,4,16,5,0,0,0,1,0,0,0,1
"POINT (7.536049541000068 51.478018949000045)",Unfall 163708 (2021) Kat:3, Licht: 0,163708,3,3,5,3,7,4,0,0,1,1,0,0,0,0
"POINT (7.493660049000027 51.487793324000052)",Unfall 163710 (2021) Kat:2, Licht: 0,163710,2,3,5,3,16,3,0,0,0,1,0,0,0,1
"POINT (7.523019419000036 51.445712532000073)",Unfall 163713 (2021) Kat:3, Licht: 0,163713,3,2,0,6,12,5,0,0,1,1,0,0,0,0
"POINT (7.480077553000058 51.488702250000074)",Unfall 163715 (2021) Kat:2, Licht: 0,163715,2,7,1,5,16,5,0,0,1,1,0,0,0,0
"POINT (7.471031055000026 51.513330256000074)",Unfall 163717 (2021) Kat:3, Licht: 2,163717,3,1,0,6,0,4,1,2,1,0,0,0,0,0
"POINT (7.409603306000065 51.454320682000059)",Unfall 163719 (2021) Kat:3, Licht: 0,163719,3,3,5,4,16,2,0,0,0,1,0,0,0,0
"POINT (7.463667016000045 51.547035440000059)",Unfall 163723 (2021) Kat:3, Licht: 0,163723,3,5,1,10,14,4,0,0,0,1,0,0,0,0
"POINT (7.447750092000035 51.515287269000055)",Unfall 163724 (2021) Kat:3, Licht: 0,163724,3,3,4,11,10,3,0,0,1,1,0,0,0,0
"POINT (7.474617166000030 51.554794420000064)",Unfall 163726 (2021) Kat:3, Licht: 0,163726,3,2,4,5,9,4,0,0,1,1,0,0,0,0
"POINT (7.465889627000024 51.522893287000045)",Unfall 163727 (2021) Kat:3, Licht: 0,163727,3,1,5,10,15,5,0,0,0,1,0,0,0,1
"POINT (7.457769218000067 51.515089497000076)",Unfall 163732 (2021) Kat:3, Licht: 0,163732,3,5,1,11,13,3,0,0,1,1,0,0,0,0
"POINT (7.522890021000023 51.568936489000066)",Unfall 163733 (2021) Kat:3, Licht: 2,163733,3,4,6,11,20,7,1,2,0,1,1,0,0,0
"POINT (7.478793812000049 51.523586067000053)",Unfall 163734 (2021) Kat:3, Licht: 0,163734,3,1,0,3,16,5,1,0,0,1,0,1,0,0
"POINT (7.473203379000040 51.517485992000047)",Unfall 163736 (2021) Kat:3, Licht: 2,163736,3,7,5,12,21,4,1,2,0,1,0,0,0,0
"POINT (7.445667080000021 51.507107088000055)",Unfall 163737 (2021) Kat:3, Licht: 0,163737,3,6,4,6,13,2,0,0,1,1,0,0,0,0
"POINT (7.477081783000074 51.488194907000036)",Unfall 163746 (2021) Kat:3, Licht: 0,163746,3,7,1,5,18,2,0,0,1,0,0,0,0,1
"POINT (7.440923583000028 51.480528096000057)",Unfall 163748 (2021) Kat:3, Licht: 0,163748,3,1,4,5,7,7,0,0,0,1,0,1,0,0
"POINT (7.453518067000061 51.519342664000078)",Unfall 163749 (2021) Kat:3, Licht: 0,163749,3,1,9,10,15,7,0,0,0,1,0,0,0,0
"POINT (7.491198944000075 51.506849524000074)",Unfall 163751 (2021) Kat:2, Licht: 0,163751,2,2,5,12,15,3,0,0,1,1,0,0,0,0
"POINT (7.587757630000056 51.495510778000039)",Unfall 163752 (2021) Kat:3, Licht: 2,163752,3,3,5,10,19,6,0,2,1,1,0,0,0,0
"POINT (7.507603457000073 51.572581259000060)",Unfall 163756 (2021) Kat:3, Licht: 2,163756,3,6,6,10,5,2,0,2,0,1,1,0,0,0
"POINT (7.462661549000075 51.525599272000079)",Unfall 163757 (2021) Kat:3, Licht: 0,163757,3,7,6,5,17,1,0,0,0,0,1,0,0,1
"POINT (7.462179515000059 51.504743834000067)",Unfall 163758 (2021) Kat:3, Licht: 2,163758,3,4,6,11,19,3,1,2,0,1,1,0,0,0
"POINT (7.526480446000051 51.566323948000047)",Unfall 163759 (2021) Kat:3, Licht: 0,163759,3,3,5,6,15,4,0,0,1,1,0,0,0,0
"POINT (7.479300180000052 51.511664596000060)",Unfall 163760 (2021) Kat:3, Licht: 0,163760,3,3,5,10,9,5,0,0,1,1,0,0,0,0
"POINT (7.448650049000037 51.553197342000033)",Unfall 163763 (2021) Kat:3, Licht: 0,163763,3,7,6,7,15,5,1,0,1,0,1,0,0,0
"POINT (7.563256776000060 51.491430725000043)",Unfall 163769 (2021) Kat:3, Licht: 0,163769,3,5,7,3,15,5,0,0,1,1,0,0,0,0
"POINT (7.454704147000029 51.532355207000080)",Unfall 163770 (2021) Kat:3, Licht: 0,163770,3,6,6,3,11,5,0,0,0,1,1,0,0,0
"POINT (7.521881074000021 51.573321754000062)",Unfall 163771 (2021) Kat:3, Licht: 1,163771,3,4,6,12,7,4,1,1,0,1,1,0,0,0
"POINT (7.531152417000044 51.543752930000039)",Unfall 163773 (2021) Kat:3, Licht: 0,163773,3,7,8,1,11,4,0,0,0,1,0,0,0,0
"POINT (7.416486752000026 51.481443958000057)",Unfall 163778 (2021) Kat:3, Licht: 0,163778,3,2,5,5,9,3,1,0,0,1,0,0,0,0
"POINT (7.490070955000022 51.506778406000080)",Unfall 163779 (2021) Kat:3, Licht: 0,163779,3,4,6,3,8,3,0,0,0,1,1,0,0,0
"POINT (7.513673303000076 51.493213422000053)",Unfall 163781 (2021) Kat:3, Licht: 0,163781,3,7,5,6,18,5,0,0,0,1,0,0,0,0
"POINT (7.436462596000069 51.476235499000040)",Unfall 163784 (2021) Kat:2, Licht: 0,163784,2,2,6,7,11,5,1,0,0,0,1,0,0,1
"POINT (7.464801790000024 51.520480363000047)",Unfall 163786 (2021) Kat:3, Licht: 0,163786,3,7,1,6,14,4,0,0,1,1,0,0,0,0
"POINT (7.442758002000062 51.476170282000055)",Unfall 163787 (2021) Kat:3, Licht: 0,163787,3,6,2,3,9,2,1,0,0,1,0,0,0,0
"POINT (7.423108957000068 51.541146273000038)",Unfall 163788 (2021) Kat:3, Licht: 0,163788,3,7,7,11,11,5,0,0,0,1,0,0,0,0
"POINT (7.491962527000055 51.506440563000069)",Unfall 163789 (2021) Kat:3, Licht: 0,163789,3,2,2,10,12,2,0,0,0,1,0,0,0,0
"POINT (7.518913647000034 51.493658556000071)",Unfall 163792 (2021) Kat:3, Licht: 0,163792,3,6,2,3,14,2,0,0,1,1,0,0,0,0