WKT,Name,OBJECTID,UKATEGORIE,UTYP1,UART,UMONAT,USTUNDE,UWOCHENTAG,STRZUSTAND,ULICHTVERH,ISTRAD,ISTPKW,ISTFUSS,ISTKRAD,ISTGKFZ,ISTSONSTIG
"POINT (7.467708481000045 51.528124083000080)",Unfall 163795 (2021) Kat:3, Licht: 0,163795,3,7,6,9,10,5,0,0,0,1,0,0,0,1
"POINT (7.442012930000033 51.467866733000051)",Unfall 163796 (2021) Kat:3, Licht: 0,163796,3,2,5,1,14,5,1,0,1,1,0,0,0,0
"POINT (7.451286424000045 51.518922104000069)",Unfall 163798 (2021) Kat:3, Licht: 0,163798,3,6,3,6,16,3,0,0,0,1,0,1,0,0
"POINT (7.487462625000035 51.527525211000068)",Unfall 163800 (2021) Kat:3, Licht: 0,163800,3,1,0,6,17,7,0,0,1,0,0,0,0,0
"POINT (7.447819058000050 51.515296943000067)",Unfall 163814 (2021) Kat:3, Licht: 0,163814,3,6,2,9,14,6,0,0,0,1,0,0,1,0
"POINT (7.540831249000064 51.552725598000052)",Unfall 163816 (2021) Kat:3, Licht: 0,163816,3,3,5,6,17,2,0,0,1,1,0,0,0,0
"POINT (7.559684680000032 51.518950152000059)",Unfall 163819 (2021) Kat:3, Licht: 0,163819,3,6,1,4,12,3,0,0,0,1,0,1,0,0
"POINT (7.456730228000026 51.526085751000039)",Unfall 163820 (2021) Kat:3, Licht: 2,163820,3,3,5,6,22,3,0,2,0,1,0,0,0,0
"POINT (7.469879947000038 51.513798009000027)",Unfall 163824 (2021) Kat:3, Licht: 0,163824,3,5,1,10,12,2,0,0,1,0,0,0,0,1
"POINT (7.487646074000054 51.518119982000030)",Unfall 163827 (2021) Kat:3, Licht: 1,163827,3,2,5,6,20,6,1,1,0,1,0,0,0,0
"POINT (7.437479696000025 51.480249944000036)",Unfall 163833 (2021) Kat:3, Licht: 0,163833,3,3,5,6,9,4,0,0,0,1,0,1,0,0
"POINT (7.518028125000058 51.525915704000056)",Unfall 163834 (2021) Kat:3, Licht: 0,163834,3,2,2,9,18,4,0,0,0,1,0,0,0,0
"POINT (7.451285796000036 51.519019626000045)",Unfall 163836 (2021) Kat:3, Licht: 2,163836,3,1,9,1,3,5,1,2,0,1,0,0,0,0
"POINT (7.483782762000033 51.553625774000068)",Unfall 163838 (2021) Kat:2, Licht: 2,163838,2,1,0,9,20,3,0,2,1,0,0,0,0,0
"POINT (7.451993378000054 51.512930394000080)",Unfall 163839 (2021) Kat:2, Licht: 0,163839,2,7,5,5,13,6,0,0,1,1,0,0,0,0
"POINT (7.509626023000067 51.518039776000080)",Unfall 163843 (2021) Kat:2, Licht: 2,163843,2,3,5,10,1,4,1,2,0,1,0,0,0,0
"POINT (7.460955487000035 51.506531065000047)",Unfall 163845 (2021) Kat:3, Licht: 0,163845,3,7,0,1,13,7,1,0,1,1,0,0,0,0
"POINT (7.471802403000027 51.527219763000062)",Unfall 163849 (2021) Kat:3, Licht: 0,163849,3,7,5,5,18,6,1,0,1,1,0,0,0,0
"POINT (7.449946864000026 51.502414104000081)",Unfall 163850 (2021) Kat:3, Licht: 0,163850,3,3,5,11,12,3,0,0,1,1,0,0,0,0
"POINT (7.452257130000021 51.578488230000062)",Unfall 163851 (2021) Kat:3, Licht: 0,163851,3,7,4,3,11,7,0,0,0,1,0,0,0,1
"POINT (7.405715256000065 51.534123823000073)",Unfall 163852 (2021) Kat:3, Licht: 2,163852,3,4,6,12,18,6,0,2,0,1,1,0,0,0
"POINT (7.452892292000058 51.578018966000059)",Unfall 163854 (2021) Kat:3, Licht: 0,163854,3,7,0,6,6,3,0,0,1,1,0,0,0,0
"POINT (7.547727063000025 51.525815674000057)",Unfall 163856 (2021) Kat:3, Licht: 0,163856,3,4,6,2,10,7,0,0,0,1,1,0,0,0
"POINT (7.435562768000068 51.474583774000052)",Unfall 163857 (2021) Kat:3, Licht: 1,163857,3,2,6,12,17,3,0,1,0,1,1,0,0,0
"POINT (7.501666463000049 51.485073720000059)",Unfall 163858 (2021) Kat:3, Licht: 2,163858,3,2,6,11,8,3,1,2,0,1,1,0,0,0
"POINT (7.537730713000030 51.531614077000029)",Unfall 163867 (2021) Kat:3, Licht: 0,163867,3,3,5,2,11,5,0,0,0,1,0,0,0,0
"POINT (7.500602507000053 51.487322911000035)",Unfall 163869 (2021) Kat:2, Licht: 0,163869,2,2,4,10,14,4,0,0,1,1,0,0,0,0
"POINT (7.455892559000063 51.530406285000026)",Unfall 163871 (2021) Kat:2, Licht: 2,163871,2,3,5,2,6,7,0,2,1,1,0,0,0,0
"POINT (7.598434605000023 51.529868996000062)",Unfall 163875 (2021) Kat:3, Licht: 2,163875,3,3,5,11,17,4,0,2,0,1,0,1,0,0
"POINT (7.426484172000073 51.532836749000069)",Unfall 163878 (2021) Kat:3, Licht: 0,163878,3,3,5,10,9,2,0,0,1,1,0,0,0,0
"POINT (7.514582003000044 51.492217094000068)",Unfall 163881 (2021) Kat:3, Licht: 1,163881,3,7,0,10,18,1,0,1,1,0,0,0,0,1
"POINT (7.544138368000063 51.484593452000070)",Unfall 163884 (2021) Kat:3, Licht: 0,163884,3,5,0,5,7,2,0,0,1,1,0,0,0,0
"POINT (7.409069840000029 51.535391157000049)",Unfall 163888 (2021) Kat:3, Licht: 0,163888,3,3,5,6,7,2,0,0,0,1,0,0,0,0
"POINT (7.527521293000063 51.520940337000070)",Unfall 163889 (2021) Kat:3, Licht: 0,163889,3,5,1,6,17,7,0,0,1,1,0,0,0,0
"POINT (7.484396302000050 51.511557926000080)",Unfall 163890 (2021) Kat:3, Licht: 0,163890,3,2,5,10,12,5,0,0,1,1,0,0,0,0
"POINT (7.449302548000048 51.505212444000051)",Unfall 163892 (2021) Kat:3, Licht: 2,163892,3,3,5,12,18,4,1,2,1,1,0,0,0,0
"POINT (7.474401033000049 51.484812750000060)",Unfall 163894 (2021) Kat:2, Licht: 0,163894,2,1,0,3,14,3,0,0,0,0,0,1,0,0
"POINT (7.506869505000054 51.479433902000039)",Unfall 163897 (2021) Kat:3, Licht: 0,163897,3,3,5,4,11,3,1,0,0,1,0,0,0,0
"POINT (7.460126800000069 51.504983326000058)",Unfall 163899 (2021) Kat:3, Licht: 2,163899,3,1,8,9,4,1,0,2,0,1,0,0,0,1
"POINT (7.445678730000054 51.505493824000041)",Unfall 163904 (2021) Kat:2, Licht: 0,163904,2,7,0,11,15,2,0,0,0,0,0,0,0,1
"POINT (7.560930429000052 51.579436803000078)",Unfall 163907 (2021) Kat:3, Licht: 0,163907,3,3,5,5,13,5,0,0,1,1,0,0,0,0
"POINT (7.454725259000043 51.578318981000052)",Unfall 163908 (2021) Kat:3, Licht: 0,163908,3,6,1,10,13,5,0,0,0,1,0,0,0,0
"POINT (7.531079290000037 51.495385682000062)",Unfall 163911 (2021) Kat:3, Licht: 0,163911,3,1,0,12,13,3,1,0,0,0,0,1,0,0
"POINT (7.476750864000053 51.487436270000046)",Unfall 163913 (2021) Kat:3, Licht: 0,163913,3,6,0,3,18,4,0,0,1,1,0,0,0,0
"POINT (7.425964358000044 51.512606300000073)",Unfall 163916 (2021) Kat:2, Licht: 0,163916,2,1,0,6,20,7,0,0,1,0,0,0,0,0
"POINT (7.540831249000064 51.552725598000052)",Unfall 163918 (2021) Kat:3, Licht: 0,163918,3,3,5,4,12,5,0,0,0,1,0,0,0,1
"POINT (7.499006076000057 51.514001259000054)",Unfall 163920 (2021) Kat:3, Licht: 0,163920,3,7,2,3,11,3,0,0,0,0,0,1,0,1
"POINT (7.519425976000036 51.546559489000060)",Unfall 163923 (2021) Kat:3, Licht: 0,163923,3,4,6,6,18,4,0,0,0,1,1,0,0,0
"POINT (7.531427418000021 51.478371504000052)",Unfall 163925 (2021) Kat:3, Licht: 0,163925,3,6,3,12,11,4,1,0,0,1,0,0,0,1
"POINT (7.468176393000022 51.505581466000081)",Unfall 163928 (2021) Kat:3, Licht: 0,163928,3,3,5,6,10,6,0,0,1,1,0,0,0,0
"POINT (7.442955418000054 51.467894065000053)",Unfall 163929 (2021) Kat:3, Licht: 0,163929,3,7,1,10,15,2,0,0,1,1,0,0,0,0
"POINT (7.466280736000044 51.527461174000052)",Unfall 163934 (2021) Kat:3, Licht: 0,163934,3,4,6,12,7,6,0,0,0,1,1,0,0,0
"POINT (7.527422755000032 51.529115508000075)",Unfall 163940 (2021) Kat:3, Licht: 0,163940,3,3,5,9,10,5,0,0,1,1,0,0,0,0
"POINT (7.485050800000067 51.524935376000030)",Unfall 163941 (2021) Kat:3, Licht: 0,163941,3,2,0,7,8,3,1,0,1,0,0,0,0,0
"POINT (7.609081883000044 51.530617687000074)",Unfall 163942 (2021) Kat:3, Licht: 2,163942,3,1,0,12,4,2,2,2,0,0,0,1,0,0
"POINT (7.463740165000047 51.512870980000059)",Unfall 163943 (2021) Kat:3, Licht: 2,163943,3,7,5,11,17,5,0,2,1,0,0,0,0,1
"POINT (7.447137207000026 51.502181695000047)",Unfall 163944 (2021) Kat:3, Licht: 0,163944,3,3,0,10,13,3,0,0,1,0,0,0,0,1
"POINT (7.536292242000059 51.518685509000079)",Unfall 163946 (2021) Kat:3, Licht: 2,163946,3,7,0,12,18,2,0,2,1,0,0,0,0,0
"POINT (7.434074753000061 51.475418300000058)",Unfall 163947 (2021) Kat:3, Licht: 2,163947,3,4,6,12,18,5,1,2,0,1,1,0,0,0
"POINT (7.502039733000061 51.519385038000053)",Unfall 163948 (2021) Kat:3, Licht: 0,163948,3,6,1,6,13,6,0,0,0,1,0,0,0,0
"POINT (7.560100903000034 51.518538411000065)",Unfall 163949 (2021) Kat:3, Licht: 0,163949,3,7,0,5,11,5,0,0,1,0,0,0,0,0
"POINT (7.525354557000071 51.463526864000073)",Unfall 163951 (2021) Kat:3, Licht: 2,163951,3,4,6,11,17,4,1,2,0,1,1,0,0,0
"POINT (7.479300180000052 51.511664596000060)",Unfall 163952 (2021) Kat:3, Licht: 0,163952,3,3,5,6,17,3,0,0,1,1,0,0,0,0
"POINT (7.474175658000036 51.554901150000035)",Unfall 163954 (2021) Kat:3, Licht: 0,163954,3,7,6,5,10,3,0,0,0,1,1,0,0,0
"POINT (7.445372964000057 51.531576879000056)",Unfall 163956 (2021) Kat:3, Licht: 1,163956,3,3,5,9,20,4,0,1,1,1,0,0,0,0
"POINT (7.424608999000043 51.512468621000039)",Unfall 163957 (2021) Kat:3, Licht: 0,163957,3,7,6,7,12,7,0,0,0,1,1,0,0,0
"POINT (7.492011330000025 51.472403358000065)",Unfall 163958 (2021) Kat:3, Licht: 0,163958,3,7,0,5,15,7,0,0,0,1,1,0,0,0
"POINT (7.456748122000022 51.521725640000057)",Unfall 163960 (2021) Kat:3, Licht: 1,163960,3,1,0,9,18,3,0,1,1,0,0,0,0,0
"POINT (7.535610475000055 51.506441731000052)",Unfall 163962 (2021) Kat:3, Licht: 0,163962,3,1,8,2,13,4,0,0,0,0,0,1,0,0
"POINT (7.452109640000060 51.526561948000051)",Unfall 163968 (2021) Kat:3, Licht: 2,163968,3,3,5,12,23,5,1,2,1,1,0,0,0,0
"POINT (7.416444692000027 51.472823137000034)",Unfall 163969 (2021) Kat:3, Licht: 0,163969,3,6,2,11,9,7,1,0,0,1,0,0,0,0
"POINT (7.483327077000069 51.506588263000026)",Unfall 163970 (2021) Kat:3, Licht: 0,163970,3,7,1,7,15,6,0,0,0,1,0,0,0,0
"POINT (7.585597360000065 51.533867239000074)",Unfall 163971 (2021) Kat:2, Licht: 0,163971,2,6,2,10,16,5,0,0,0,1,0,1,0,0
"POINT (7.466829533000066 51.522968343000059)",Unfall 163973 (2021) Kat:3, Licht: 0,163973,3,6,2,6,11,3,0,0,0,1,0,0,0,0
"POINT (7.548720439000022 51.481489475000046)",Unfall 163974 (2021) Kat:2, Licht: 0,163974,2,7,0,11,13,2,0,0,0,1,0,0,0,0
"POINT (7.501699811000037 51.485076912000068)",Unfall 163976 (2021) Kat:3, Licht: 0,163976,3,7,6,5,18,7,1,0,0,1,1,0,0,0
"POINT (7.446257784000068 51.472593374000041)",Unfall 163983 (2021) Kat:3, Licht: 0,163983,3,1,0,4,12,2,1,0,0,0,0,1,0,0
"POINT (7.467104176000021 51.535949210000069)",Unfall 163987 (2021) Kat:2, Licht: 2,163987,2,1,9,1,7,1,0,2,0,1,0,0,0,0
"POINT (7.508608242000037 51.512059611000041)",Unfall 163990 (2021) Kat:3, Licht: 0,163990,3,3,5,7,16,3,0,0,1,1,0,0,0,0
"POINT (7.463910346000034 51.529399820000037)",Unfall 163991 (2021) Kat:3, Licht: 0,163991,3,7,6,9,13,7,0,0,0,1,1,0,0,0
"POINT (7.485193566000021 51.509496623000075)",Unfall 163994 (2021) Kat:3, Licht: 0,163994,3,1,0,6,16,7,1,0,1,0,0,0,0,0
"POINT (7.537649059000046 51.556836847000056)",Unfall 163999 (2021) Kat:3, Licht: 2,163999,3,1,0,7,3,2,0,2,0,1,0,0,0,0
"POINT (7.500554682000029 51.487331057000063)",Unfall 164001 (2021) Kat:3, Licht: 0,164001,3,4,6,10,15,3,1,0,0,1,1,0,0,0
"POINT (7.558314920000043 51.520445828000049)",Unfall 164002 (2021) Kat:3, Licht: 2,164002,3,1,9,3,3,1,1,2,0,1,0,0,0,0
"POINT (7.457460437000066 51.509068031000027)",Unfall 164003 (2021) Kat:3, Licht: 1,164003,3,3,5,9,20,5,0,1,1,1,0,0,0,0
"POINT (7.473614584000075 51.547403838000037)",Unfall 164008 (2021) Kat:3, Licht: 2,164008,3,3,5,12,22,5,1,2,0,1,0,0,0,1
"POINT (7.443627903000049 51.533914325000069)",Unfall 164009 (2021) Kat:3, Licht: 0,164009,3,4,6,11,9,5,0,0,0,1,1,0,0,0
"POINT (7.419264638000072 51.515663631000052)",Unfall 164010 (2021) Kat:3, Licht: 2,164010,3,1,8,12,17,5,1,2,0,1,0,0,0,0
"POINT (7.453927184000065 51.516588159000037)",Unfall 164013 (2021) Kat:3, Licht: 2,164013,3,2,0,9,22,6,0,2,1,1,0,0,0,0
"POINT (7.469431272000065 51.551398420000055)",Unfall 164017 (2021) Kat:3, Licht: 0,164017,3,1,0,11,13,6,0,0,0,0,0,1,0,0
"POINT (7.464962066000055 51.473598404000029)",Unfall 164019 (2021) Kat:2, Licht: 0,164019,2,1,0,6,10,2,0,0,0,0,0,0,0,1
"POINT (7.413261039000076 51.518838116000040)",Unfall 164021 (2021) Kat:3, Licht: 0,164021,3,4,6,11,13,3,0,0,0,1,1,0,0,0
"POINT (7.451995608000061 51.527199264000046)",Unfall 164023 (2021) Kat:3, Licht: 2,164023,3,2,6,1,19,5,1,2,0,1,1,0,0,0
"POINT (7.523726876000069 51.569002027000067)",Unfall 164030 (2021) Kat:2, Licht: 0,164030,2,1,2,5,18,5,0,0,0,1,0,1,0,0
"POINT (7.474625959000036 51.554858163000063)",Unfall 164036 (2021) Kat:3, Licht: 0,164036,3,5,1,6,8,3,0,0,0,1,0,1,0,0
"POINT (7.536058627000045 51.528910457000052)",Unfall 164038 (2021) Kat:3, Licht: 2,164038,3,7,1,6,3,1,1,2,0,1,0,0,0,0
"POINT (7.426646972000071 51.512248019000026)",Unfall 164039 (2021) Kat:2, Licht: 2,164039,2,1,0,4,2,1,0,2,1,0,0,0,0,0
"POINT (7.497332812000025 51.501471935000041)",Unfall 164040 (2021) Kat:3, Licht: 0,164040,3,6,2,5,15,6,0,0,0,1,0,0,0,0
"POINT (7.559239563000062 51.494425190000072)",Unfall 164041 (2021) Kat:3, Licht: 0,164041,3,7,0,2,14,7,0,0,0,0,0,0,0,1
"POINT (7.468266670000048 51.511263668000026)",Unfall 164047 (2021) Kat:3, Licht: 2,164047,3,6,1,12,20,6,0,2,0,1,0,0,0,0
"POINT (7.443731672000069 51.457430780000038)",Unfall 164048 (2021) Kat:3, Licht: 0,164048,3,2,3,9,15,7,0,0,1,1,0,0,0,0
"POINT (7.424886937000053 51.514034820000063)",Unfall 164049 (2021) Kat:2, Licht: 0,164049,2,7,0,6,12,7,0,0,0,1,0,0,0,0
"POINT (7.491213523000056 51.463863138000079)",Unfall 164050 (2021) Kat:3, Licht: 1,164050,3,1,2,10,18,1,0,1,1,1,0,0,0,0
"POINT (7.495585223000035 51.488993220000054)",Unfall 164053 (2021) Kat:3, Licht: 0,164053,3,3,0,5,13,1,0,0,1,1,0,0,0,0
"POINT (7.456924966000031 51.524892290000082)",Unfall 164055 (2021) Kat:3, Licht: 0,164055,3,3,5,3,14,6,0,0,1,1,0,0,0,0
"POINT (7.520723162000024 51.514107092000074)",Unfall 164056 (2021) Kat:3, Licht: 0,164056,3,1,0,6,17,1,0,0,1,0,0,0,0,0
"POINT (7.442737656000077 51.471969793000028)",Unfall 164061 (2021) Kat:3, Licht: 0,164061,3,7,0,9,14,1,0,0,0,0,0,0,0,1
"POINT (7.488369074000047 51.500842486000067)",Unfall 164063 (2021) Kat:3, Licht: 0,164063,3,3,4,6,8,2,0,0,1,1,0,0,0,0
"POINT (7.512109259000056 51.537432801000080)",Unfall 164065 (2021) Kat:2, Licht: 0,164065,2,3,4,6,15,5,0,0,0,1,0,0,0,0
"POINT (7.465912747000061 51.549539030000062)",Unfall 164067 (2021) Kat:2, Licht: 2,164067,2,1,0,2,5,2,2,2,1,0,0,0,0,0
"POINT (7.464924696000026 51.505023498000071)",Unfall 164070 (2021) Kat:3, Licht: 0,164070,3,6,5,4,11,4,0,0,0,1,0,1,0,0
"POINT (7.415230670000028 51.534429920000036)",Unfall 164072 (2021) Kat:2, Licht: 0,164072,2,1,0,9,18,2,0,0,0,1,0,0,0,0
"POINT (7.450971976000062 51.545671514000048)",Unfall 164074 (2021) Kat:3, Licht: 0,164074,3,3,2,3,15,3,0,0,0,1,0,0,0,0
"POINT (7.433546433000060 51.532773746000032)",Unfall 164077 (2021) Kat:2, Licht: 0,164077,2,2,5,6,16,2,0,0,0,1,0,1,0,0
"POINT (7.462235343000032 51.521918316000040)",Unfall 164080 (2021) Kat:3, Licht: 0,164080,3,6,2,2,12,5,0,0,0,1,0,0,0,0
"POINT (7.482576938000022 51.559015172000045)",Unfall 164082 (2021) Kat:3, Licht: 0,164082,3,6,1,9,10,4,0,0,0,1,0,0,0,0
"POINT (7.472897258000046 51.515024348000054)",Unfall 164084 (2021) Kat:3, Licht: 0,164084,3,6,3,1,14,4,1,0,0,1,0,0,1,0
"POINT (7.450234807000072 51.463978714000064)",Unfall 164085 (2021) Kat:3, Licht: 0,164085,3,3,0,3,17,2,0,0,1,0,0,0,0,0
"POINT (7.563295549000031 51.538924041000030)",Unfall 164090 (2021) Kat:3, Licht: 0,164090,3,3,5,6,17,5,0,0,1,1,0,0,0,0
"POINT (7.518692027000043 51.493676284000060)",Unfall 164092 (2021) Kat:3, Licht: 0,164092,3,2,0,5,12,2,0,0,0,1,0,0,0,0
"POINT (7.529718708000075 51.532679343000041)",Unfall 164094 (2021) Kat:2, Licht: 0,164094,2,1,9,9,15,7,0,0,0,0,0,1,0,0
"POINT (7.468258149000064 51.511453868000046)",Unfall 164096 (2021) Kat:3, Licht: 0,164096,3,5,1,11,12,7,0,0,0,1,0,1,0,0
"POINT (7.425580032000028 51.476056114000073)",Unfall 164098 (2021) Kat:2, Licht: 2,164098,2,7,5,11,18,4,1,2,0,0,0,1,0,1
"POINT (7.552501299000028 51.499320229000034)",Unfall 164100 (2021) Kat:3, Licht: 1,164100,3,6,1,12,15,3,0,1,0,1,0,0,0,0
"POINT (7.515496492000068 51.476559594000037)",Unfall 164101 (2021) Kat:3, Licht: 0,164101,3,6,0,11,8,2,0,0,1,1,0,0,0,0
"POINT (7.579423934000033 51.482957049000049)",Unfall 164102 (2021) Kat:3, Licht: 0,164102,3,6,3,10,16,2,0,0,1,1,0,0,0,0
"POINT (7.541823769000075 51.549138714000037)",Unfall 164104 (2021) Kat:3, Licht: 0,164104,3,5,8,9,14,2,0,0,0,1,0,0,0,0
"POINT (7.447761511000067 51.515251375000048)",Unfall 164111 (2021) Kat:2, Licht: 0,164111,2,2,5,9,15,4,0,0,1,1,0,0,0,0
"POINT (7.540534516000037 51.564886507000040)",Unfall 164114 (2021) Kat:3, Licht: 0,164114,3,2,4,9,11,2,0,0,0,1,0,0,0,0
"POINT (7.506537140000034 51.506282203000069)",Unfall 164116 (2021) Kat:3, Licht: 0,164116,3,5,1,6,19,4,0,0,1,1,0,0,0,0
"POINT (7.582809864000069 51.528007215000059)",Unfall 164118 (2021) Kat:3, Licht: 0,164118,3,7,1,12,11,2,0,0,0,0,1,0,0,1
"POINT (7.549971170000049 51.492169016000048)",Unfall 164120 (2021) Kat:3, Licht: 0,164120,3,2,5,12,16,5,0,0,0,1,0,1,0,0
"POINT (7.517999869000050 51.525909328000068)",Unfall 164122 (2021) Kat:3, Licht: 2,164122,3,3,5,2,6,6,2,2,0,1,0,0,0,0
"POINT (7.463599012000032 51.511928660000081)",Unfall 164123 (2021) Kat:3, Licht: 0,164123,3,7,2,4,15,5,0,0,1,1,0,0,0,0
"POINT (7.452270848000069 51.525653722000072)",Unfall 164124 (2021) Kat:3, Licht: 0,164124,3,2,5,9,7,3,0,0,1,1,0,0,0,0
"POINT (7.485865045000025 51.552626147000069)",Unfall 164126 (2021) Kat:3, Licht: 0,164126,3,5,1,5,18,7,0,0,0,1,0,1,0,0
"POINT (7.546288927000035 51.498033297000063)",Unfall 164130 (2021) Kat:3, Licht: 2,164130,3,1,0,2,5,2,2,2,1,0,0,0,0,0
"POINT (7.506027832000029 51.474802534000048)",Unfall 164132 (2021) Kat:3, Licht: 0,164132,3,5,1,7,14,4,0,0,0,1,0,0,0,1
"POINT (7.457484945000033 51.509068736000074)",Unfall 164135 (2021) Kat:3, Licht: 0,164135,3,3,5,9,16,2,0,0,0,1,0,1,0,0
"POINT (7.481492607000064 51.521345977000067)",Unfall 164137 (2021) Kat:3, Licht: 0,164137,3,5,0,4,14,3,0,0,1,1,0,0,0,1
"POINT (7.471845034000069 51.526948838000067)",Unfall 164139 (2021) Kat:2, Licht: 0,164139,2,4,6,2,14,1,0,0,0,1,1,0,0,0
"POINT (7.449927115000037 51.502413537000052)",Unfall 164140 (2021) Kat:3, Licht: 0,164140,3,3,5,7,10,5,0,0,1,1,0,0,0,0
"POINT (7.496013412000025 51.505505462000031)",Unfall 164143 (2021) Kat:3, Licht: 0,164143,3,4,6,9,13,7,0,0,0,1,1,0,0,0
"POINT (7.564065373000062 51.512024864000068)",Unfall 164144 (2021) Kat:2, Licht: 0,164144,2,3,5,12,14,4,1,0,0,1,0,0,0,0
"POINT (7.456200285000023 51.503526026000031)",Unfall 164145 (2021) Kat:3, Licht: 0,164145,3,3,5,12,12,6,0,0,0,1,0,0,0,0
"POINT (7.532202050000024 51.529397679000056)",Unfall 164148 (2021) Kat:3, Licht: 0,164148,3,2,5,2,7,4,0,0,0,1,0,0,0,0
"POINT (7.467887416000053 51.528126199000042)",Unfall 164150 (2021) Kat:3, Licht: 0,164150,3,1,0,9,11,6,0,0,0,1,1,0,0,0
"POINT (7.443377080000062 51.475708421000036)",Unfall 164151 (2021) Kat:2, Licht: 1,164151,2,7,4,11,16,6,0,1,0,1,0,0,0,0
"POINT (7.493558980000046 51.495465618000026)",Unfall 164153 (2021) Kat:3, Licht: 0,164153,3,5,5,4,15,3,0,0,0,1,0,1,0,0
"POINT (7.542612894000058 51.475294617000031)",Unfall 164157 (2021) Kat:2, Licht: 2,164157,2,2,6,10,21,7,1,2,0,1,1,0,0,0
"POINT (7.463949942000056 51.543420914000080)",Unfall 164160 (2021) Kat:3, Licht: 0,164160,3,3,5,4,18,3,1,0,0,1,0,0,0,0
"POINT (7.487528512000040 51.524034298000061)",Unfall 164163 (2021) Kat:3, Licht: 0,164163,3,3,5,9,14,6,0,0,1,1,0,0,0,0
"POINT (7.562943422000046 51.574334886000031)",Unfall 164171 (2021) Kat:3, Licht: 0,164171,3,3,8,10,17,2,0,0,1,0,0,0,0,1
"POINT (7.602807751000057 51.534848077000049)",Unfall 164176 (2021) Kat:3, Licht: 2,164176,3,1,0,5,21,7,0,2,0,0,0,0,0,1
"POINT (7.422325447000048 51.524455553000053)",Unfall 164180 (2021) Kat:3, Licht: 0,164180,3,6,4,6,6,7,0,0,0,1,0,1,0,0
"POINT (7.488922741000067 51.519820608000032)",Unfall 164181 (2021) Kat:2, Licht: 2,164181,2,3,5,12,19,4,0,2,0,1,0,0,0,1
"POINT (7.455701923000049 51.519757339000080)",Unfall 164183 (2021) Kat:3, Licht: 1,164183,3,6,3,9,20,4,0,1,1,1,0,0,0,0
"POINT (7.476522255000020 51.488070692000065)",Unfall 164187 (2021) Kat:3, Licht: 0,164187,3,3,5,4,8,3,0,0,1,1,0,0,0,0
"POINT (7.469770922000066 51.505829331000029)",Unfall 164188 (2021) Kat:3, Licht: 0,164188,3,5,0,11,15,4,0,0,1,1,0,0,0,0
"POINT (7.568242599000030 51.514135756000030)",Unfall 164189 (2021) Kat:3, Licht: 0,164189,3,7,3,5,14,2,0,0,0,1,0,0,0,0
"POINT (7.458022906000053 51.526178450000032)",Unfall 164190 (2021) Kat:3, Licht: 0,164190,3,4,6,9,13,5,0,0,0,1,1,0,0,0
"POINT (7.473478285000056 51.507409534000033)",Unfall 164194 (2021) Kat:3, Licht: 0,164194,3,2,5,3,16,4,0,0,1,1,0,0,0,0
"POINT (7.501104885000075 51.479600521000066)",Unfall 164197 (2021) Kat:2, Licht: 0,164197,2,6,1,3,12,4,0,0,0,1,0,0,0,0
"POINT (7.557572543000049 51.586016517000076)",Unfall 164198 (2021) Kat:3, Licht: 0,164198,3,2,3,10,11,7,0,0,1,1,0,0,0,0
"POINT (7.456951584000024 51.525330157000042)",Unfall 164199 (2021) Kat:3, Licht: 0,164199,3,7,6,5,15,5,0,0,1,0,1,0,0,0
"POINT (7.529501948000075 51.460908228000051)",Unfall 164202 (2021) Kat:2, Licht: 0,164202,2,6,6,5,12,2,0,0,1,0,1,0,0,0
"POINT (7.425143088000027 51.534220649000076)",Unfall 164206 (2021) Kat:3, Licht: 0,164206,3,1,0,9,10,4,0,0,1,0,0,0,0,0
"POINT (7.475287905000073 51.485597594000069)",Unfall 164209 (2021) Kat:3, Licht: 0,164209,3,7,6,3,11,2,0,0,0,0,1,0,0,1
"POINT (7.432722634000072 51.482244684000079)",Unfall 164211 (2021) Kat:2, Licht: 0,164211,2,1,0,2,13,5,0,0,1,0,0,0,0,0
"POINT (7.483340372000043 51.510058672000071)",Unfall 164216 (2021) Kat:3, Licht: 2,164216,3,3,4,1,8,4,1,2,1,1,0,0,0,0
"POINT (7.494188540000039 51.470218762000059)",Unfall 164223 (2021) Kat:3, Licht: 2,164223,3,3,5,11,17,4,0,2,1,1,0,0,0,0
"POINT (7.478368718000070 51.513524356000062)",Unfall 164225 (2021) Kat:3, Licht: 0,164225,3,2,3,6,19,5,0,0,0,1,0,1,0,0
"POINT (7.454536607000023 51.510886829000071)",Unfall 164226 (2021) Kat:2, Licht: 2,164226,2,3,0,6,22,4,0,2,1,1,0,0,0,0
"POINT (7.606885664000060 51.531530275000080)",Unfall 164230 (2021) Kat:3, Licht: 0,164230,3,2,0,6,15,2,0,0,0,1,0,0,0,1
"POINT (7.419748267000045 51.512849507000055)",Unfall 164233 (2021) Kat:3, Licht: 2,164233,3,1,0,12,20,5,1,2,0,0,0,0,0,1
"POINT (7.491232216000071 51.506831704000035)",Unfall 164234 (2021) Kat:3, Licht: 0,164234,3,3,0,10,14,6,0,0,0,1,0,0,0,1