WKT,Name,OBJECTID,UKATEGORIE,UTYP1,UART,UMONAT,USTUNDE,UWOCHENTAG,STRZUSTAND,ULICHTVERH,ISTRAD,ISTPKW,ISTFUSS,ISTKRAD,ISTGKFZ,ISTSONSTIG
"POINT (7.553089850000049 51.486673620000033)",Unfall 164235 (2021) Kat:3, Licht: 0,164235,3,3,5,5,14,2,1,0,0,1,0,1,0,0
"POINT (7.595098099000040 51.529503706000071)",Unfall 164237 (2021) Kat:2, Licht: 0,164237,2,3,5,1,11,2,0,0,0,1,0,0,0,0
"POINT (7.437218392000034 51.474681583000063)",Unfall 164239 (2021) Kat:3, Licht: 0,164239,3,4,0,6,10,4,0,0,0,1,1,0,0,0
"POINT (7.453064726000036 51.512988094000036)",Unfall 164241 (2021) Kat:2, Licht: 0,164241,2,1,0,7,12,6,0,0,1,0,0,0,0,0
"POINT (7.452559767000025 51.471359985000049)",Unfall 164244 (2021) Kat:3, Licht: 0,164244,3,5,8,10,15,7,0,0,0,1,0,0,0,0
"POINT (7.547917503000065 51.503514049000046)",Unfall 164246 (2021) Kat:2, Licht: 0,164246,2,2,3,3,10,2,1,0,0,1,0,0,0,1
"POINT (7.501694172000043 51.485076373000027)",Unfall 164248 (2021) Kat:3, Licht: 2,164248,3,2,6,11,20,4,1,2,0,1,1,0,0,0
"POINT (7.486565773000052 51.513385854000035)",Unfall 164254 (2021) Kat:3, Licht: 0,164254,3,2,5,5,12,5,1,0,1,1,0,0,0,0
"POINT (7.548215494000033 51.522822609000059)",Unfall 164257 (2021) Kat:3, Licht: 0,164257,3,1,0,6,17,6,0,0,0,0,0,1,0,0
"POINT (7.461058882000032 51.551406356000030)",Unfall 164261 (2021) Kat:3, Licht: 0,164261,3,6,0,6,19,4,0,0,1,1,0,0,0,0
"POINT (7.523100573000022 51.501968322000039)",Unfall 164262 (2021) Kat:3, Licht: 0,164262,3,6,2,3,15,4,0,0,0,1,0,0,0,0
"POINT (7.448599166000065 51.521254710000051)",Unfall 164266 (2021) Kat:3, Licht: 0,164266,3,7,0,6,10,7,0,0,1,1,0,0,0,0
"POINT (7.533409305000021 51.512600948000056)",Unfall 164276 (2021) Kat:3, Licht: 0,164276,3,1,8,3,16,5,0,0,0,1,0,0,0,0
"POINT (7.442737656000077 51.471969793000028)",Unfall 164279 (2021) Kat:3, Licht: 2,164279,3,2,6,12,7,4,1,2,0,1,1,0,0,0
"POINT (7.425360975000046 51.513296957000080)",Unfall 164280 (2021) Kat:3, Licht: 2,164280,3,4,0,4,22,1,0,2,0,1,1,0,0,0
"POINT (7.491268568000066 51.506812234000051)",Unfall 164281 (2021) Kat:3, Licht: 0,164281,3,3,5,9,16,2,0,0,0,1,0,0,0,0
"POINT (7.556269469000028 51.495890303000067)",Unfall 164282 (2021) Kat:3, Licht: 2,164282,3,1,0,2,19,4,0,2,1,0,0,0,0,0
"POINT (7.585129112000061 51.524829078000039)",Unfall 164284 (2021) Kat:3, Licht: 0,164284,3,3,1,6,19,5,0,0,0,1,0,0,0,0
"POINT (7.467122317000076 51.524019874000032)",Unfall 164285 (2021) Kat:3, Licht: 0,164285,3,7,1,6,19,1,0,0,0,1,1,0,0,0
"POINT (7.413139030000025 51.532112433000066)",Unfall 164290 (2021) Kat:3, Licht: 0,164290,3,2,3,9,13,7,0,0,1,1,0,0,0,0
"POINT (7.452283856000065 51.531339781000042)",Unfall 164292 (2021) Kat:3, Licht: 0,164292,3,1,6,5,17,3,1,0,0,1,1,0,0,0
"POINT (7.545138822000069 51.521214760000078)",Unfall 164294 (2021) Kat:3, Licht: 0,164294,3,7,0,2,17,6,0,0,1,1,0,0,0,0
"POINT (7.507974871000044 51.480852034000065)",Unfall 164296 (2021) Kat:3, Licht: 0,164296,3,1,0,10,10,2,1,0,1,0,0,0,0,0
"POINT (7.568540747000043 51.514537808000057)",Unfall 164297 (2021) Kat:3, Licht: 0,164297,3,2,4,5,12,5,0,0,1,1,0,0,0,0
"POINT (7.461684183000045 51.504710770000031)",Unfall 164298 (2021) Kat:2, Licht: 0,164298,2,2,6,6,10,2,0,0,0,1,1,0,0,0
"POINT (7.482059040000024 51.524534718000041)",Unfall 164300 (2021) Kat:3, Licht: 2,164300,3,1,0,12,6,5,1,2,1,0,0,0,0,0
"POINT (7.536049451000054 51.506210721000059)",Unfall 164304 (2021) Kat:3, Licht: 1,164304,3,2,4,12,16,5,0,1,0,1,0,0,0,0
"POINT (7.496567485000071 51.504082817000040)",Unfall 164306 (2021) Kat:3, Licht: 1,164306,3,6,3,5,21,6,0,1,0,1,0,0,0,0
"POINT (7.563395810000031 51.476969975000031)",Unfall 164307 (2021) Kat:3, Licht: 2,164307,3,1,0,4,1,1,0,2,0,0,0,1,0,0
"POINT (7.533711343000050 51.506859097000074)",Unfall 164310 (2021) Kat:2, Licht: 2,164310,2,6,8,3,6,1,1,2,0,1,0,0,0,0
"POINT (7.593087364000041 51.555889438000065)",Unfall 164311 (2021) Kat:3, Licht: 0,164311,3,7,0,10,17,7,0,0,1,0,0,0,0,1
"POINT (7.467522941000027 51.537015481000026)",Unfall 164312 (2021) Kat:3, Licht: 2,164312,3,1,9,10,20,4,0,2,0,0,0,1,0,0
"POINT (7.443623175000027 51.455411666000032)",Unfall 164313 (2021) Kat:3, Licht: 0,164313,3,1,6,4,11,4,0,0,0,1,1,0,0,0
"POINT (7.479380699000046 51.522529568000039)",Unfall 164316 (2021) Kat:3, Licht: 2,164316,3,7,6,12,23,7,0,2,0,1,1,0,0,0
"POINT (7.470042651000028 51.535134395000057)",Unfall 164329 (2021) Kat:3, Licht: 0,164329,3,2,2,5,9,2,0,0,0,1,0,0,0,0
"POINT (7.442963967000026 51.475758122000059)",Unfall 164330 (2021) Kat:3, Licht: 0,164330,3,7,0,1,14,3,0,0,0,0,1,0,0,1
"POINT (7.426489229000026 51.532808440000053)",Unfall 164331 (2021) Kat:3, Licht: 0,164331,3,7,0,6,14,1,0,0,1,0,0,0,0,0
"POINT (7.517257785000027 51.526784510000027)",Unfall 164339 (2021) Kat:3, Licht: 0,164339,3,2,1,10,12,6,0,0,0,1,0,1,0,0
"POINT (7.487411945000076 51.488466883000058)",Unfall 164343 (2021) Kat:2, Licht: 0,164343,2,3,5,9,13,3,0,0,1,1,0,0,0,0
"POINT (7.450575004000029 51.512668263000080)",Unfall 164345 (2021) Kat:3, Licht: 0,164345,3,7,0,9,11,3,0,0,1,0,0,0,0,0
"POINT (7.478235649000055 51.488390328000037)",Unfall 164347 (2021) Kat:2, Licht: 0,164347,2,1,7,9,14,2,0,0,0,0,0,1,0,0
"POINT (7.536083140000073 51.506235072000038)",Unfall 164348 (2021) Kat:3, Licht: 2,164348,3,3,5,10,22,6,0,2,0,1,0,0,0,0
"POINT (7.507848366000076 51.474580659000026)",Unfall 164351 (2021) Kat:3, Licht: 0,164351,3,2,6,10,19,6,0,0,0,1,1,0,0,0
"POINT (7.480782765000072 51.513314442000080)",Unfall 164355 (2021) Kat:3, Licht: 0,164355,3,2,3,6,17,4,0,0,1,1,0,0,0,0
"POINT (7.501666463000049 51.485073720000059)",Unfall 164360 (2021) Kat:3, Licht: 0,164360,3,2,6,6,7,4,0,0,0,1,1,0,0,0
"POINT (7.563874844000054 51.503886989000080)",Unfall 164361 (2021) Kat:3, Licht: 2,164361,3,7,8,10,19,4,0,2,0,1,0,0,0,0
"POINT (7.455310896000071 51.505797536000046)",Unfall 164362 (2021) Kat:3, Licht: 1,164362,3,4,6,1,7,2,1,1,1,1,1,0,0,0
"POINT (7.417634718000045 51.503277515000036)",Unfall 164370 (2021) Kat:2, Licht: 0,164370,2,3,5,6,18,7,1,0,1,1,0,0,0,0
"POINT (7.508608242000037 51.512059611000041)",Unfall 164375 (2021) Kat:3, Licht: 2,164375,3,3,5,12,17,4,1,2,1,1,0,0,0,0
"POINT (7.464511658000049 51.526689128000044)",Unfall 164376 (2021) Kat:3, Licht: 0,164376,3,2,5,4,19,7,0,0,1,1,0,0,0,0
"POINT (7.485314833000075 51.513222900000073)",Unfall 164379 (2021) Kat:3, Licht: 2,164379,3,4,0,10,22,6,0,2,0,1,1,0,0,0
"POINT (7.420806421000066 51.540809753000076)",Unfall 164382 (2021) Kat:2, Licht: 0,164382,2,3,5,6,10,3,0,0,0,1,0,1,0,0
"POINT (7.490114201000040 51.506797472000073)",Unfall 164383 (2021) Kat:3, Licht: 2,164383,3,7,0,2,1,3,1,2,0,0,0,0,0,1
"POINT (7.466258456000048 51.465919436000036)",Unfall 164387 (2021) Kat:3, Licht: 0,164387,3,7,4,10,11,6,0,0,1,1,0,0,0,0
"POINT (7.409537802000045 51.518974535000041)",Unfall 164391 (2021) Kat:3, Licht: 0,164391,3,7,6,9,14,5,0,0,0,1,1,0,0,0
"POINT (7.527872300000070 51.528090456000029)",Unfall 164392 (2021) Kat:3, Licht: 2,164392,3,2,5,3,20,3,0,2,0,1,0,0,0,1
"POINT (7.464323342000057 51.516624901000057)",Unfall 164395 (2021) Kat:3, Licht: 0,164395,3,6,2,10,11,3,1,0,0,1,0,0,0,0
"POINT (7.446450482000046 51.517010289000041)",Unfall 164396 (2021) Kat:3, Licht: 2,164396,3,2,6,1,6,7,1,2,0,1,1,0,0,0
"POINT (7.465895423000063 51.501234281000052)",Unfall 164398 (2021) Kat:3, Licht: 0,164398,3,5,1,9,8,2,0,0,1,1,0,0,0,0
"POINT (7.503319149000049 51.491187868000054)",Unfall 164401 (2021) Kat:3, Licht: 0,164401,3,1,8,9,16,5,0,0,0,0,0,0,0,1
"POINT (7.465658911000048 51.495745960000079)",Unfall 164402 (2021) Kat:3, Licht: 2,164402,3,7,0,3,20,4,0,2,0,0,0,1,0,0
"POINT (7.459085830000049 51.446935197000073)",Unfall 164404 (2021) Kat:3, Licht: 0,164404,3,2,0,7,11,7,0,0,0,1,0,1,0,0
"POINT (7.525628432000076 51.481524599000068)",Unfall 164405 (2021) Kat:3, Licht: 2,164405,3,4,0,12,19,4,0,2,0,1,1,0,0,0
"POINT (7.481718056000034 51.546824589000039)",Unfall 164406 (2021) Kat:3, Licht: 0,164406,3,6,4,2,13,7,0,0,1,1,0,0,0,0
"POINT (7.606896867000046 51.531516941000064)",Unfall 164407 (2021) Kat:3, Licht: 0,164407,3,2,5,9,15,5,0,0,0,1,0,0,0,1
"POINT (7.495138008000026 51.465084483000055)",Unfall 164411 (2021) Kat:3, Licht: 0,164411,3,4,0,1,12,5,0,0,0,1,1,0,0,0
"POINT (7.554848284000059 51.496798955000031)",Unfall 164412 (2021) Kat:3, Licht: 2,164412,3,1,0,3,20,3,0,2,1,0,0,0,0,0
"POINT (7.464707869000051 51.508564928000055)",Unfall 164419 (2021) Kat:3, Licht: 0,164419,3,1,1,6,13,1,0,0,0,1,0,0,0,0
"POINT (7.452985532000071 51.513605587000029)",Unfall 164420 (2021) Kat:3, Licht: 0,164420,3,3,5,4,14,6,0,0,0,1,0,0,0,1
"POINT (7.542206046000047 51.549133238000081)",Unfall 164425 (2021) Kat:3, Licht: 0,164425,3,1,0,2,15,6,0,0,0,1,1,0,0,0
"POINT (7.504937563000055 51.490360749000047)",Unfall 164427 (2021) Kat:3, Licht: 0,164427,3,7,0,9,17,1,0,0,0,0,1,0,0,1
"POINT (7.464380576000053 51.529302912000048)",Unfall 164428 (2021) Kat:3, Licht: 0,164428,3,3,5,5,13,7,1,0,0,1,0,0,0,0
"POINT (7.479077960000041 51.554619391000074)",Unfall 164433 (2021) Kat:3, Licht: 0,164433,3,2,5,6,19,2,0,0,0,1,0,1,0,0
"POINT (7.463141016000066 51.515147261000038)",Unfall 164435 (2021) Kat:2, Licht: 2,164435,2,7,7,10,20,2,0,2,1,0,0,0,0,1
"POINT (7.448212339000065 51.514396374000057)",Unfall 164436 (2021) Kat:2, Licht: 0,164436,2,2,3,5,10,7,0,0,1,1,0,0,0,0
"POINT (7.474692085000072 51.550967346000050)",Unfall 164438 (2021) Kat:3, Licht: 0,164438,3,1,9,2,11,1,0,0,0,1,0,0,0,0
"POINT (7.538678512000047 51.476841615000069)",Unfall 164439 (2021) Kat:3, Licht: 0,164439,3,4,6,12,13,2,0,0,0,1,1,0,0,0
"POINT (7.497097381000060 51.496613302000071)",Unfall 164441 (2021) Kat:3, Licht: 0,164441,3,2,5,2,16,4,0,0,0,1,0,0,0,0
"POINT (7.519462112000042 51.524051828000040)",Unfall 164444 (2021) Kat:3, Licht: 0,164444,3,5,1,3,15,6,0,0,1,1,0,0,0,0
"POINT (7.473988068000040 51.548431737000044)",Unfall 164448 (2021) Kat:3, Licht: 2,164448,3,5,4,12,18,5,1,2,0,1,0,0,0,0
"POINT (7.468251747000068 51.517467269000065)",Unfall 164449 (2021) Kat:3, Licht: 0,164449,3,1,9,5,9,1,0,0,0,0,0,1,0,0
"POINT (7.497344925000050 51.502163948000032)",Unfall 164456 (2021) Kat:3, Licht: 0,164456,3,6,2,6,18,7,1,0,0,1,0,0,0,1
"POINT (7.457711652000057 51.519992931000047)",Unfall 164458 (2021) Kat:2, Licht: 0,164458,2,1,5,6,21,7,0,0,0,1,0,0,0,0
"POINT (7.478763524000044 51.476181937000035)",Unfall 164461 (2021) Kat:3, Licht: 2,164461,3,3,5,2,18,7,0,2,1,1,0,0,0,0
"POINT (7.419785200000035 51.473735067000064)",Unfall 164466 (2021) Kat:3, Licht: 0,164466,3,4,6,10,16,4,0,0,0,0,1,0,0,1
"POINT (7.491366989000028 51.506888518000039)",Unfall 164467 (2021) Kat:3, Licht: 0,164467,3,6,2,9,18,4,0,0,0,1,0,0,0,0
"POINT (7.441979215000060 51.467865811000081)",Unfall 164474 (2021) Kat:3, Licht: 0,164474,3,3,0,6,14,2,0,0,0,1,0,1,0,0
"POINT (7.465118522000068 51.544818140000075)",Unfall 164475 (2021) Kat:2, Licht: 0,164475,2,7,0,3,15,5,0,0,0,0,1,0,1,0
"POINT (7.453520509000043 51.519328146000078)",Unfall 164477 (2021) Kat:3, Licht: 2,164477,3,3,5,9,23,6,0,2,0,1,0,0,0,0
"POINT (7.484311731000048 51.553420811000080)",Unfall 164479 (2021) Kat:3, Licht: 0,164479,3,3,4,6,18,2,0,0,0,1,0,0,0,0
"POINT (7.453144372000054 51.521308617000045)",Unfall 164480 (2021) Kat:3, Licht: 1,164480,3,4,6,3,18,6,0,1,0,1,1,0,0,0
"POINT (7.467195083000036 51.515118701000063)",Unfall 164482 (2021) Kat:3, Licht: 0,164482,3,3,5,9,9,4,0,0,1,0,0,0,0,1
"POINT (7.546953264000024 51.485820540000077)",Unfall 164483 (2021) Kat:3, Licht: 0,164483,3,7,5,9,7,5,0,0,1,1,0,0,0,0
"POINT (7.504715239000063 51.506398308000030)",Unfall 164485 (2021) Kat:3, Licht: 1,164485,3,3,5,12,7,3,1,1,0,1,0,0,1,0
"POINT (7.479222969000034 51.542842812000060)",Unfall 164489 (2021) Kat:3, Licht: 0,164489,3,3,4,3,13,2,0,0,0,1,0,1,0,0
"POINT (7.473731782000073 51.520300200000065)",Unfall 164491 (2021) Kat:3, Licht: 0,164491,3,6,2,4,10,7,1,0,0,1,0,0,0,0
"POINT (7.447795827000050 51.515293684000028)",Unfall 164492 (2021) Kat:2, Licht: 0,164492,2,7,0,3,16,3,0,0,0,1,0,0,0,1
"POINT (7.557019541000045 51.481681647000073)",Unfall 164497 (2021) Kat:2, Licht: 0,164497,2,2,2,3,17,3,0,0,1,1,0,0,0,0
"POINT (7.423986070000069 51.515464943000040)",Unfall 164504 (2021) Kat:2, Licht: 0,164504,2,2,5,5,20,6,0,0,0,1,0,1,0,0
"POINT (7.487646579000057 51.518110054000033)",Unfall 164505 (2021) Kat:3, Licht: 2,164505,3,4,6,9,6,6,0,2,0,1,1,0,0,0
"POINT (7.549999759000059 51.493516527000054)",Unfall 164509 (2021) Kat:3, Licht: 0,164509,3,3,0,5,10,1,0,0,1,1,0,0,0,0
"POINT (7.518007492000038 51.525911048000069)",Unfall 164511 (2021) Kat:3, Licht: 0,164511,3,3,5,5,11,3,1,0,0,1,0,0,1,0
"POINT (7.463741478000031 51.534517100000073)",Unfall 164512 (2021) Kat:3, Licht: 0,164512,3,3,1,5,17,4,1,0,1,1,0,0,0,0
"POINT (7.452285122000035 51.532527042000027)",Unfall 164513 (2021) Kat:3, Licht: 2,164513,3,6,0,2,17,3,1,2,1,1,0,0,0,0
"POINT (7.625185349000049 51.536434136000082)",Unfall 164615 (2021) Kat:3, Licht: 0,164615,3,7,6,9,9,5,0,0,0,1,1,0,0,0
"POINT (7.615751489000047 51.538409255000033)",Unfall 164773 (2021) Kat:3, Licht: 0,164773,3,3,5,10,14,5,0,0,1,1,0,0,0,0
"POINT (7.623678125000026 51.538414245000070)",Unfall 165124 (2021) Kat:2, Licht: 2,165124,2,1,8,1,22,6,0,2,1,0,0,0,0,0
"POINT (7.630634456000053 51.540540783000040)",Unfall 165523 (2021) Kat:3, Licht: 2,165523,3,5,1,2,19,6,0,2,0,1,0,1,0,0
"POINT (7.447294306000060 51.553554445000032)",Unfall 168886 (2021) Kat:3, Licht: 0,168886,3,3,0,7,5,6,0,0,1,1,0,0,0,0
"POINT (7.504746461000025 51.506396317000053)",Unfall 168897 (2021) Kat:3, Licht: 1,168897,3,3,5,8,19,3,1,1,0,1,0,0,0,0
"POINT (7.466550385000062 51.529030698000042)",Unfall 168929 (2021) Kat:3, Licht: 0,168929,3,6,4,7,12,3,0,0,0,1,0,1,0,0
"POINT (7.459560116000034 51.513285530000076)",Unfall 168951 (2021) Kat:3, Licht: 0,168951,3,4,6,8,16,6,0,0,0,1,1,0,0,0
"POINT (7.529212094000059 51.549189151000064)",Unfall 168960 (2021) Kat:3, Licht: 0,168960,3,7,0,4,17,3,0,0,0,1,1,0,0,0
"POINT (7.370727336000073 51.488123257000041)",Unfall 168972 (2021) Kat:3, Licht: 0,168972,3,2,4,8,8,4,1,0,1,1,0,0,0,0
"POINT (7.475984344000040 51.521177778000038)",Unfall 168974 (2021) Kat:3, Licht: 0,168974,3,5,1,4,17,6,0,0,0,1,0,0,0,1
"POINT (7.487579054000037 51.512050265000028)",Unfall 168985 (2021) Kat:3, Licht: 0,168985,3,6,1,5,17,4,0,0,0,1,0,0,0,0
"POINT (7.383777707000036 51.561043254000026)",Unfall 169008 (2021) Kat:3, Licht: 0,169008,3,5,0,8,18,1,0,0,0,1,0,1,0,0
"POINT (7.364598961000070 51.487911625000038)",Unfall 169021 (2021) Kat:3, Licht: 0,169021,3,3,5,8,17,4,0,0,0,1,0,0,0,0
"POINT (7.519973224000069 51.521710525000060)",Unfall 169023 (2021) Kat:3, Licht: 0,169023,3,7,1,8,11,7,0,0,0,1,0,0,0,0
"POINT (7.485830424000028 51.557638193000059)",Unfall 169043 (2021) Kat:3, Licht: 0,169043,3,7,6,7,9,2,0,0,0,1,1,0,0,0
"POINT (7.516119836000030 51.495410166000056)",Unfall 169045 (2021) Kat:3, Licht: 0,169045,3,5,0,8,14,4,0,0,0,1,0,0,0,1
"POINT (7.499941813000021 51.491946394000081)",Unfall 169055 (2021) Kat:3, Licht: 0,169055,3,3,1,8,10,7,0,0,0,1,0,0,0,1
"POINT (7.540371420000042 51.458338280000078)",Unfall 169065 (2021) Kat:3, Licht: 2,169065,3,1,1,8,23,6,1,2,0,1,0,0,0,0
"POINT (7.471965141000055 51.526502212000082)",Unfall 169072 (2021) Kat:3, Licht: 0,169072,3,3,2,8,14,5,0,0,1,1,0,0,0,0
"POINT (7.506480217000046 51.575937758000066)",Unfall 169074 (2021) Kat:3, Licht: 0,169074,3,7,0,6,14,7,0,0,0,0,0,0,0,1
"POINT (7.564207135000061 51.516264566000075)",Unfall 169080 (2021) Kat:3, Licht: 0,169080,3,2,6,7,18,7,0,0,0,1,1,0,0,0
"POINT (7.435520649000068 51.475028008000038)",Unfall 169104 (2021) Kat:3, Licht: 0,169104,3,1,0,8,10,1,0,0,1,0,0,0,0,0
"POINT (7.487064235000048 51.508949708000046)",Unfall 169106 (2021) Kat:2, Licht: 2,169106,2,3,0,7,1,2,0,2,0,0,0,0,0,1
"POINT (7.422686740000074 51.511021761000052)",Unfall 169126 (2021) Kat:3, Licht: 0,169126,3,7,0,6,16,2,0,0,0,0,0,0,0,1
"POINT (7.397701661000042 51.558796891000043)",Unfall 169160 (2021) Kat:3, Licht: 0,169160,3,3,5,8,10,4,0,0,1,1,0,0,0,0
"POINT (7.615486236000038 51.536575420000077)",Unfall 169162 (2021) Kat:2, Licht: 0,169162,2,7,0,7,14,7,0,0,1,0,0,0,0,0
"POINT (7.466682057000071 51.535098802000050)",Unfall 169167 (2021) Kat:3, Licht: 0,169167,3,7,4,7,13,7,0,0,0,1,0,1,0,0
"POINT (7.453427789000045 51.519293575000063)",Unfall 169174 (2021) Kat:3, Licht: 0,169174,3,3,5,4,15,2,0,0,0,1,0,0,0,0
"POINT (7.508423019000077 51.501038351000034)",Unfall 169178 (2021) Kat:3, Licht: 0,169178,3,1,6,8,19,7,0,0,0,1,1,0,0,0
"POINT (7.490821991000075 51.487297620000049)",Unfall 169189 (2021) Kat:3, Licht: 0,169189,3,1,1,8,12,5,0,0,1,1,0,0,0,0
"POINT (7.469409126000073 51.524247466000077)",Unfall 169191 (2021) Kat:3, Licht: 0,169191,3,5,0,4,15,2,0,0,0,1,0,0,0,1
"POINT (7.408583113000020 51.516831690000060)",Unfall 169201 (2021) Kat:3, Licht: 0,169201,3,7,0,8,10,3,0,0,0,0,0,0,0,1
"POINT (7.560161238000035 51.487031450000075)",Unfall 169225 (2021) Kat:3, Licht: 0,169225,3,7,0,8,11,6,0,0,0,0,0,0,0,1
"POINT (7.408300107000059 51.528584787000057)",Unfall 169227 (2021) Kat:3, Licht: 0,169227,3,5,4,7,14,3,0,0,0,1,0,1,0,0
"POINT (7.476094562000071 51.513740696000070)",Unfall 169236 (2021) Kat:2, Licht: 0,169236,2,2,3,7,14,5,0,0,0,1,0,0,0,1
"POINT (7.508431615000063 51.493206663000080)",Unfall 169272 (2021) Kat:3, Licht: 1,169272,3,7,0,2,6,2,0,1,1,0,0,0,0,0
"POINT (7.374326708000069 51.567998157000034)",Unfall 169276 (2021) Kat:3, Licht: 0,169276,3,2,6,7,14,5,0,0,0,1,1,0,0,0
"POINT (7.456849734000059 51.550534675000051)",Unfall 169284 (2021) Kat:3, Licht: 1,169284,3,2,5,8,20,6,1,1,1,1,0,0,0,0
"POINT (7.488328409000076 51.521748671000068)",Unfall 169318 (2021) Kat:3, Licht: 0,169318,3,3,5,7,10,6,0,0,0,1,0,0,0,0
"POINT (7.502907555000036 51.514754509000056)",Unfall 169327 (2021) Kat:2, Licht: 0,169327,2,3,5,6,20,3,0,0,0,1,0,0,0,0
"POINT (7.530670196000074 51.550143002000027)",Unfall 169329 (2021) Kat:3, Licht: 0,169329,3,1,0,7,15,7,0,0,1,0,0,0,0,0
"POINT (7.451206701000046 51.531567083000027)",Unfall 169331 (2021) Kat:3, Licht: 0,169331,3,7,3,8,12,4,0,0,1,1,0,0,0,0
"POINT (7.498155695000037 51.507769487000076)",Unfall 169332 (2021) Kat:3, Licht: 0,169332,3,3,5,7,12,7,0,0,1,1,0,0,0,0
"POINT (7.506543000000022 51.522574567000049)",Unfall 169343 (2021) Kat:3, Licht: 0,169343,3,6,2,8,8,4,0,0,0,1,0,0,0,0
"POINT (7.447715315000039 51.515398553000068)",Unfall 169353 (2021) Kat:3, Licht: 2,169353,3,1,0,8,23,7,0,2,1,0,0,0,0,0
"POINT (7.382994012000040 51.580074127000046)",Unfall 169356 (2021) Kat:3, Licht: 0,169356,3,6,4,7,15,5,0,0,0,1,0,0,0,0
"POINT (7.466670336000050 51.515417034000052)",Unfall 169365 (2021) Kat:3, Licht: 0,169365,3,7,0,8,9,3,0,0,1,0,0,0,0,0
"POINT (7.443541536000055 51.531510844000081)",Unfall 169377 (2021) Kat:3, Licht: 0,169377,3,3,5,8,19,7,0,0,0,1,0,0,0,0
"POINT (7.409370746000036 51.500595359000044)",Unfall 169378 (2021) Kat:3, Licht: 0,169378,3,3,5,6,12,5,0,0,0,1,0,0,0,1
"POINT (7.427146834000041 51.454094193000060)",Unfall 169420 (2021) Kat:3, Licht: 0,169420,3,6,3,4,20,4,0,0,1,1,0,0,0,0
"POINT (7.462827139000069 51.531836380000072)",Unfall 169433 (2021) Kat:3, Licht: 0,169433,3,6,4,8,11,7,0,0,0,1,0,0,0,0
"POINT (7.460825138000075 51.527640312000074)",Unfall 169441 (2021) Kat:3, Licht: 0,169441,3,4,6,8,16,5,0,0,0,1,1,0,0,0
"POINT (7.425567771000033 51.512833713000077)",Unfall 169450 (2021) Kat:3, Licht: 0,169450,3,7,2,7,7,6,0,0,0,0,0,0,0,1
"POINT (7.526495197000031 51.566326427000035)",Unfall 169452 (2021) Kat:3, Licht: 0,169452,3,2,5,6,12,3,0,0,0,1,0,1,0,0
"POINT (7.506572137000035 51.506214637000028)",Unfall 169461 (2021) Kat:3, Licht: 0,169461,3,3,5,8,14,3,0,0,0,1,0,0,0,1
"POINT (7.475894447000030 51.511757119000038)",Unfall 169483 (2021) Kat:3, Licht: 0,169483,3,7,8,8,15,5,0,0,0,1,0,0,0,0
"POINT (7.506378824000024 51.490049293000027)",Unfall 169485 (2021) Kat:3, Licht: 0,169485,3,7,6,8,15,7,0,0,0,0,1,0,0,1
"POINT (7.551581626000029 51.526631617000078)",Unfall 169487 (2021) Kat:3, Licht: 0,169487,3,6,2,8,19,1,1,0,0,1,0,0,0,0
"POINT (7.521662146000040 51.573841592000065)",Unfall 169489 (2021) Kat:3, Licht: 0,169489,3,4,6,8,14,3,0,0,0,0,1,1,0,0
"POINT (7.469912422000050 51.513432271000056)",Unfall 169495 (2021) Kat:3, Licht: 0,169495,3,7,0,4,16,7,1,0,1,0,0,0,0,1
"POINT (7.471320425000044 51.552831924000031)",Unfall 169497 (2021) Kat:3, Licht: 0,169497,3,7,0,8,14,3,0,0,0,1,0,1,0,0
"POINT (7.405316034000066 51.540281400000026)",Unfall 169499 (2021) Kat:3, Licht: 0,169499,3,3,5,4,13,4,0,0,0,1,0,0,0,0
"POINT (7.415443039000024 51.494521254000063)",Unfall 169531 (2021) Kat:3, Licht: 0,169531,3,7,6,8,13,7,0,0,0,1,1,0,0,0
"POINT (7.442904283000075 51.474260022000067)",Unfall 169563 (2021) Kat:3, Licht: 0,169563,3,7,3,8,8,4,0,0,1,1,0,0,0,0
"POINT (7.552845100000070 51.489967826000054)",Unfall 169603 (2021) Kat:3, Licht: 0,169603,3,1,0,8,8,4,0,0,0,0,0,0,0,1
"POINT (7.527377489000060 51.529103435000081)",Unfall 169605 (2021) Kat:3, Licht: 0,169605,3,2,5,8,14,2,0,0,0,1,0,0,0,0
"POINT (7.425175096000032 51.534256060000075)",Unfall 169631 (2021) Kat:3, Licht: 0,169631,3,6,3,7,19,2,0,0,0,1,0,0,0,1
"POINT (7.458681359000025 51.515562102000047)",Unfall 169648 (2021) Kat:3, Licht: 0,169648,3,7,0,7,7,6,0,0,0,1,0,0,0,1
"POINT (7.514461254000025 51.508383705000028)",Unfall 169659 (2021) Kat:3, Licht: 0,169659,3,3,2,7,17,7,0,0,1,1,0,0,0,0
"POINT (7.545740671000033 51.522233552000046)",Unfall 169684 (2021) Kat:3, Licht: 0,169684,3,6,2,4,12,5,0,0,0,1,0,0,0,0
"POINT (7.468346160000067 51.514513080000029)",Unfall 169692 (2021) Kat:3, Licht: 0,169692,3,7,6,7,20,5,0,0,1,0,1,0,0,0
"POINT (7.464275267000062 51.504912021000052)",Unfall 169697 (2021) Kat:3, Licht: 0,169697,3,7,1,2,16,2,0,0,0,1,0,0,0,0