WKT,Name,OBJECTID,UKATEGORIE,UTYP1,UART,UMONAT,USTUNDE,UWOCHENTAG,STRZUSTAND,ULICHTVERH,ISTRAD,ISTPKW,ISTFUSS,ISTKRAD,ISTGKFZ,ISTSONSTIG
"POINT (7.560502351000030 51.494773220000098)",Unfall 34168 (2022) Kat:3, Licht: 0,34168,3,4,6,04,16,4,0,0,0,1,1,0,0,0
"POINT (7.540669617000050 51.537927937000099)",Unfall 34173 (2022) Kat:3, Licht: 0,34173,3,3,5,04,11,2,0,0,1,1,0,0,0,0
"POINT (7.439904644000020 51.481753185999999)",Unfall 34184 (2022) Kat:2, Licht: 0,34184,2,1,0,05,15,3,0,0,1,0,0,0,0,0
"POINT (7.425942077000060 51.583986607000000)",Unfall 34250 (2022) Kat:3, Licht: 0,34250,3,6,2,04,16,5,0,0,0,1,0,0,1,0
"POINT (7.589784612000070 51.495173682000001)",Unfall 34255 (2022) Kat:2, Licht: 0,34255,2,6,4,05,07,4,0,0,0,1,0,1,0,0
"POINT (7.321922485000070 51.503692022999999)",Unfall 34277 (2022) Kat:3, Licht: 0,34277,3,6,2,05,17,5,0,0,0,1,0,0,0,0
"POINT (7.362461271000030 51.561268204000001)",Unfall 34290 (2022) Kat:3, Licht: 0,34290,3,6,2,05,07,3,0,0,0,1,0,0,1,0
"POINT (7.363591783000060 51.526179388999999)",Unfall 34403 (2022) Kat:3, Licht: 0,34403,3,5,0,04,16,7,0,0,1,1,0,0,0,0
"POINT (7.455553087000060 51.514430644000100)",Unfall 34410 (2022) Kat:3, Licht: 0,34410,3,3,5,04,19,5,0,0,1,1,0,0,0,0
"POINT (7.505957978000030 51.578831446000002)",Unfall 34439 (2022) Kat:3, Licht: 0,34439,3,6,9,04,08,6,0,0,0,1,0,0,0,0
"POINT (7.459428198000070 51.524437769000002)",Unfall 34447 (2022) Kat:3, Licht: 2,34447,3,6,3,05,00,3,0,2,0,1,0,0,0,0
"POINT (7.512191234000060 51.518402107000000)",Unfall 34496 (2022) Kat:3, Licht: 0,34496,3,1,0,04,07,3,0,0,1,0,0,0,0,0
"POINT (7.474460856000060 51.534344379000103)",Unfall 34524 (2022) Kat:3, Licht: 0,34524,3,6,2,05,14,3,0,0,0,1,0,1,0,0
"POINT (7.362558228000070 51.497085611000003)",Unfall 34579 (2022) Kat:3, Licht: 0,34579,3,1,2,04,14,3,0,0,0,1,0,0,1,0
"POINT (7.459624273000030 51.441579558999997)",Unfall 34624 (2022) Kat:3, Licht: 0,34624,3,6,2,04,07,5,0,0,0,1,0,0,0,0
"POINT (7.576127239000070 51.507786211999999)",Unfall 34703 (2022) Kat:3, Licht: 2,34703,3,2,4,04,23,6,0,2,0,1,0,0,0,0
"POINT (7.554054775000050 51.491219760000000)",Unfall 34718 (2022) Kat:3, Licht: 0,34718,3,5,0,05,07,5,0,0,1,1,0,0,0,0
"POINT (7.537508878000040 51.546159269999997)",Unfall 34785 (2022) Kat:3, Licht: 0,34785,3,3,5,05,16,3,0,0,1,1,0,0,0,0
"POINT (7.468065994000030 51.525274539000101)",Unfall 34790 (2022) Kat:3, Licht: 0,34790,3,6,2,04,17,4,0,0,0,1,0,0,0,0
"POINT (7.468211431000040 51.509895675999999)",Unfall 34903 (2022) Kat:3, Licht: 0,34903,3,6,2,04,09,5,0,0,0,1,0,0,0,0
"POINT (7.483143121000070 51.559126784999997)",Unfall 34940 (2022) Kat:3, Licht: 0,34940,3,6,2,04,15,6,0,0,0,1,0,0,1,0
"POINT (7.471383726000060 51.526570630999998)",Unfall 34946 (2022) Kat:3, Licht: 0,34946,3,6,2,05,13,6,0,0,0,1,0,0,0,0
"POINT (7.461101251000060 51.510800402000001)",Unfall 34969 (2022) Kat:3, Licht: 0,34969,3,7,8,05,18,4,0,0,0,1,0,0,0,0
"POINT (7.482473024000060 51.500775858000097)",Unfall 35021 (2022) Kat:3, Licht: 0,35021,3,3,5,05,12,1,0,0,0,1,0,0,0,0
"POINT (7.470105347000070 51.521922926000101)",Unfall 35046 (2022) Kat:3, Licht: 0,35046,3,3,6,05,19,5,0,0,0,0,1,0,0,1
"POINT (7.522228476000070 51.452593345000103)",Unfall 35079 (2022) Kat:3, Licht: 0,35079,3,3,5,05,06,3,1,0,0,1,0,0,0,0
"POINT (7.468228918000020 51.483951028000000)",Unfall 35113 (2022) Kat:3, Licht: 0,35113,3,2,5,05,17,2,0,0,0,1,0,1,0,0
"POINT (7.511630645000030 51.517970863000102)",Unfall 35180 (2022) Kat:3, Licht: 0,35180,3,2,5,05,14,2,0,0,0,1,0,0,0,0
"POINT (7.461904894000040 51.509490894000102)",Unfall 35256 (2022) Kat:3, Licht: 0,35256,3,6,2,05,16,3,0,0,1,1,0,0,0,0
"POINT (7.475044594000050 51.525397609999999)",Unfall 35258 (2022) Kat:3, Licht: 0,35258,3,2,5,05,19,4,0,0,1,1,0,0,0,0
"POINT (7.394081086000030 51.580915451000102)",Unfall 35293 (2022) Kat:2, Licht: 0,35293,2,3,5,05,08,3,0,0,0,1,0,0,0,0
"POINT (7.444536799000050 51.524143133000102)",Unfall 35323 (2022) Kat:3, Licht: 0,35323,3,6,1,05,07,6,0,0,0,1,0,0,0,0
"POINT (7.534028647000070 51.522555734999997)",Unfall 35358 (2022) Kat:3, Licht: 0,35358,3,4,6,05,20,5,0,0,0,1,1,0,0,0
"POINT (7.531857822000060 51.443920315000099)",Unfall 35377 (2022) Kat:2, Licht: 0,35377,2,6,4,05,18,3,0,0,0,1,0,1,0,0
"POINT (7.515133186000070 51.541577829000097)",Unfall 35443 (2022) Kat:3, Licht: 0,35443,3,6,3,05,18,1,0,0,0,1,0,0,0,0
"POINT (7.577662765000070 51.523718938000101)",Unfall 35468 (2022) Kat:3, Licht: 2,35468,3,3,5,05,22,5,0,2,0,1,0,0,0,0
"POINT (7.465919747000040 51.509823582000102)",Unfall 35482 (2022) Kat:3, Licht: 2,35482,3,6,2,05,21,2,0,2,0,1,0,0,0,0
"POINT (7.329128772000050 51.500156521000100)",Unfall 35547 (2022) Kat:3, Licht: 0,35547,3,2,6,05,15,6,0,0,0,1,1,0,0,0
"POINT (7.462281915000060 51.498506319999997)",Unfall 35566 (2022) Kat:3, Licht: 0,35566,3,6,2,05,13,1,0,0,0,1,0,0,0,0
"POINT (7.451504343000070 51.504386289000102)",Unfall 35583 (2022) Kat:3, Licht: 0,35583,3,3,5,05,07,3,0,0,0,1,0,0,0,0
"POINT (7.446821096000060 51.547714229000100)",Unfall 35638 (2022) Kat:3, Licht: 0,35638,3,6,5,05,17,6,0,0,0,0,0,1,1,0
"POINT (7.437762690000060 51.512502978000001)",Unfall 35676 (2022) Kat:2, Licht: 0,35676,2,1,0,05,20,1,0,0,1,0,0,0,0,0
"POINT (7.535763101000040 51.522597851999997)",Unfall 35696 (2022) Kat:2, Licht: 0,35696,2,3,4,05,15,2,0,0,0,1,0,0,0,0
"POINT (7.470829674000070 51.525295643000000)",Unfall 35753 (2022) Kat:3, Licht: 0,35753,3,6,2,05,15,5,0,0,0,1,0,0,0,0
"POINT (7.607483133000070 51.531769064000102)",Unfall 35804 (2022) Kat:3, Licht: 0,35804,3,6,2,05,10,6,0,0,0,1,0,0,0,0
"POINT (7.376266050000030 51.569514986000101)",Unfall 35820 (2022) Kat:3, Licht: 0,35820,3,7,6,05,16,4,0,0,1,0,1,0,0,0
"POINT (7.432953518000030 51.511891240000097)",Unfall 35937 (2022) Kat:3, Licht: 0,35937,3,1,0,05,08,2,0,0,0,0,0,1,0,0
"POINT (7.464678402000060 51.518710270000000)",Unfall 35969 (2022) Kat:3, Licht: 0,35969,3,6,2,05,18,3,0,0,0,1,0,0,0,0
"POINT (7.509497176000020 51.487483441999998)",Unfall 35996 (2022) Kat:3, Licht: 1,35996,3,3,5,05,05,6,0,1,0,1,0,1,0,0
"POINT (7.429679300000030 51.555119010000098)",Unfall 36011 (2022) Kat:3, Licht: 0,36011,3,7,9,05,11,4,0,0,0,1,0,0,0,0
"POINT (7.412315919000040 51.512589323000000)",Unfall 36125 (2022) Kat:3, Licht: 0,36125,3,1,0,05,17,5,0,0,1,0,0,0,0,0
"POINT (7.414755357000050 51.531609543000101)",Unfall 36133 (2022) Kat:3, Licht: 0,36133,3,7,0,05,18,5,0,0,0,1,0,0,0,0
"POINT (7.450757237000060 51.512700146999997)",Unfall 36143 (2022) Kat:3, Licht: 2,36143,3,1,0,05,02,1,0,2,0,0,0,1,0,0
"POINT (7.521624517000020 51.505244670000103)",Unfall 36173 (2022) Kat:3, Licht: 0,36173,3,1,2,06,15,4,1,0,0,1,0,0,0,0
"POINT (7.325262706000050 51.521026118000101)",Unfall 36179 (2022) Kat:2, Licht: 2,36179,2,2,5,05,23,6,0,2,1,1,0,0,0,0
"POINT (7.461548933000070 51.517043252000100)",Unfall 36195 (2022) Kat:3, Licht: 2,36195,3,3,5,05,00,2,0,2,0,1,0,0,0,1
"POINT (7.519774189000030 51.456866698000098)",Unfall 36197 (2022) Kat:3, Licht: 0,36197,3,6,2,05,17,5,1,0,0,1,0,0,0,0
"POINT (7.573277881000020 51.506930204000099)",Unfall 36260 (2022) Kat:2, Licht: 0,36260,2,7,2,05,11,6,0,0,0,1,0,0,0,0
"POINT (7.496291027000040 51.503305142999999)",Unfall 36262 (2022) Kat:3, Licht: 0,36262,3,6,2,05,11,6,0,0,0,1,0,0,0,0
"POINT (7.359442479000050 51.527040210000102)",Unfall 36265 (2022) Kat:3, Licht: 0,36265,3,6,2,05,16,1,0,0,0,1,0,0,0,0
"POINT (7.461769571000050 51.547725137000000)",Unfall 36312 (2022) Kat:3, Licht: 0,36312,3,3,5,06,16,5,0,0,1,1,0,0,0,0
"POINT (7.452663460000050 51.523836320999997)",Unfall 36354 (2022) Kat:3, Licht: 2,36354,3,2,5,05,22,5,0,2,0,1,0,0,0,0
"POINT (7.498117209000040 51.553588202000100)",Unfall 36380 (2022) Kat:3, Licht: 0,36380,3,6,2,05,19,6,1,0,0,1,0,0,0,0
"POINT (7.537932454000040 51.547587487999998)",Unfall 36423 (2022) Kat:3, Licht: 0,36423,3,4,6,06,15,4,0,0,0,1,1,0,0,0
"POINT (7.546623488000020 51.524100669000099)",Unfall 36449 (2022) Kat:3, Licht: 0,36449,3,3,1,05,17,2,0,0,1,1,0,0,0,0
"POINT (7.450315111000070 51.545672750999998)",Unfall 36452 (2022) Kat:3, Licht: 0,36452,3,3,5,05,11,6,0,0,0,1,0,0,0,0
"POINT (7.365162170000080 51.577895684000097)",Unfall 36466 (2022) Kat:3, Licht: 0,36466,3,1,2,05,10,3,0,0,0,0,0,0,1,0
"POINT (7.458805684000030 51.488064602000101)",Unfall 36501 (2022) Kat:3, Licht: 0,36501,3,1,0,06,10,5,0,0,1,0,0,0,0,0
"POINT (7.426177128000060 51.496915962999999)",Unfall 36502 (2022) Kat:3, Licht: 0,36502,3,6,1,06,12,4,0,0,0,1,0,0,0,0
"POINT (7.472799924000070 51.512588697000098)",Unfall 36510 (2022) Kat:3, Licht: 0,36510,3,6,2,05,16,6,1,0,0,1,0,1,0,0
"POINT (7.403399428000060 51.585847231000102)",Unfall 36552 (2022) Kat:3, Licht: 0,36552,3,6,2,05,06,2,0,0,0,1,0,0,0,1
"POINT (7.468821445000060 51.498733911000002)",Unfall 36567 (2022) Kat:3, Licht: 0,36567,3,7,4,05,16,4,0,0,1,0,0,0,0,0
"POINT (7.538497270000050 51.522665224000001)",Unfall 36573 (2022) Kat:3, Licht: 0,36573,3,3,5,05,17,3,0,0,0,1,0,0,0,0
"POINT (7.436344801000080 51.512328232000101)",Unfall 36606 (2022) Kat:3, Licht: 2,36606,3,1,0,05,02,5,0,2,0,0,0,0,0,1
"POINT (7.470886261000030 51.510919678000100)",Unfall 36647 (2022) Kat:3, Licht: 0,36647,3,2,5,05,15,7,0,0,1,1,0,0,0,0
"POINT (7.461923178000060 51.522070565000000)",Unfall 36686 (2022) Kat:3, Licht: 2,36686,3,6,2,05,00,4,0,2,0,1,0,0,0,0
"POINT (7.508356031000060 51.561286111000101)",Unfall 36851 (2022) Kat:3, Licht: 0,36851,3,6,2,05,16,4,0,0,0,1,0,0,0,0
"POINT (7.498265024000030 51.503827159000103)",Unfall 36947 (2022) Kat:3, Licht: 1,36947,3,6,2,05,21,2,0,1,0,1,0,0,0,0
"POINT (7.607950477000030 51.479601346999999)",Unfall 36992 (2022) Kat:3, Licht: 0,36992,3,3,5,05,14,1,0,0,1,1,0,0,0,0
"POINT (7.392581399000050 51.583804069000102)",Unfall 37035 (2022) Kat:2, Licht: 0,37035,2,6,1,05,08,4,0,0,0,0,0,0,1,0
"POINT (7.480513868000060 51.471533075000103)",Unfall 37051 (2022) Kat:2, Licht: 0,37051,2,6,4,05,15,6,0,0,1,0,0,0,0,0
"POINT (7.363126618000020 51.561555484000102)",Unfall 37065 (2022) Kat:3, Licht: 2,37065,3,2,5,05,22,2,1,2,0,1,0,0,0,1
"POINT (7.469021484000050 51.516982214999999)",Unfall 37090 (2022) Kat:2, Licht: 1,37090,2,1,0,05,21,3,0,1,0,0,0,0,0,1
"POINT (7.456738492000060 51.454653811000099)",Unfall 37100 (2022) Kat:3, Licht: 0,37100,3,7,6,05,08,4,0,0,0,1,1,0,0,0
"POINT (7.634180359000030 51.528076495999997)",Unfall 37132 (2022) Kat:3, Licht: 0,37132,3,1,8,05,10,3,1,0,0,1,0,0,0,0
"POINT (7.509240922000060 51.503721594000098)",Unfall 37134 (2022) Kat:3, Licht: 0,37134,3,6,3,05,13,6,0,0,0,1,0,0,1,0
"POINT (7.378535601000070 51.584967968000100)",Unfall 37147 (2022) Kat:1, Licht: 0,37147,1,6,1,05,09,5,0,0,0,0,0,0,1,0
"POINT (7.375239647000060 51.515904145000000)",Unfall 37153 (2022) Kat:3, Licht: 0,37153,3,2,5,05,15,2,0,0,0,1,0,0,0,1
"POINT (7.470500207000040 51.524374957000099)",Unfall 37180 (2022) Kat:3, Licht: 0,37180,3,2,5,06,16,4,1,0,0,1,0,0,0,1
"POINT (7.417410349000020 51.461390643000101)",Unfall 37181 (2022) Kat:3, Licht: 0,37181,3,6,2,05,07,4,0,0,0,1,0,0,1,0
"POINT (7.409516873000030 51.481251450999999)",Unfall 37219 (2022) Kat:3, Licht: 0,37219,3,7,2,05,16,5,0,0,0,1,0,1,0,0
"POINT (7.566241875000060 51.497118591000103)",Unfall 37257 (2022) Kat:2, Licht: 0,37257,2,2,3,06,08,4,0,0,1,1,0,0,0,0
"POINT (7.472748766000050 51.513771371000097)",Unfall 37314 (2022) Kat:2, Licht: 0,37314,2,6,3,05,13,3,0,0,0,1,0,0,1,0
"POINT (7.451201459000060 51.505642520000002)",Unfall 37324 (2022) Kat:3, Licht: 0,37324,3,6,2,05,15,7,0,0,0,1,0,0,0,0
"POINT (7.411987473000070 51.540164631000003)",Unfall 37330 (2022) Kat:3, Licht: 2,37330,3,1,8,05,03,6,0,2,0,1,0,0,0,0
"POINT (7.462232557000050 51.509881689000103)",Unfall 37363 (2022) Kat:3, Licht: 0,37363,3,6,2,05,15,2,0,0,0,1,0,0,0,0
"POINT (7.376913356000050 51.545777423000096)",Unfall 37366 (2022) Kat:3, Licht: 0,37366,3,7,0,05,09,4,0,0,0,0,0,0,0,1
"POINT (7.343502346000040 51.517628653000003)",Unfall 37396 (2022) Kat:3, Licht: 0,37396,3,1,0,05,17,2,1,0,1,0,0,0,0,0
"POINT (7.388332544000040 51.509038386999997)",Unfall 37439 (2022) Kat:3, Licht: 1,37439,3,2,5,05,05,4,0,1,1,1,0,0,0,0
"POINT (7.429444946000050 51.583243434000103)",Unfall 37453 (2022) Kat:3, Licht: 0,37453,3,6,2,05,15,2,0,0,0,1,0,0,1,0
"POINT (7.509448011000070 51.516539010000002)",Unfall 37516 (2022) Kat:2, Licht: 0,37516,2,4,6,05,14,6,0,0,1,0,1,0,0,0
"POINT (7.374624223000070 51.522289076000000)",Unfall 37529 (2022) Kat:3, Licht: 0,37529,3,3,5,06,10,4,0,0,0,1,0,1,0,0
"POINT (7.460906788000050 51.508018345000004)",Unfall 37530 (2022) Kat:3, Licht: 0,37530,3,6,2,05,08,4,0,0,0,1,0,0,0,0
"POINT (7.473513547000040 51.514910863000097)",Unfall 37547 (2022) Kat:3, Licht: 0,37547,3,6,3,05,20,4,0,0,0,1,0,0,0,0
"POINT (7.498716052000020 51.503558155000100)",Unfall 37551 (2022) Kat:3, Licht: 0,37551,3,6,3,05,11,5,0,0,0,1,0,0,1,0
"POINT (7.380574934000040 51.584524420999998)",Unfall 37572 (2022) Kat:3, Licht: 0,37572,3,1,8,05,13,4,0,0,0,0,0,0,1,0
"POINT (7.472371472000020 51.499303652999998)",Unfall 37663 (2022) Kat:3, Licht: 0,37663,3,6,2,06,14,5,0,0,0,1,0,0,1,0
"POINT (7.448532383000040 51.474437926000100)",Unfall 37708 (2022) Kat:3, Licht: 2,37708,3,1,7,05,23,3,1,2,1,0,0,0,0,0
"POINT (7.378762255000030 51.524178450000100)",Unfall 37713 (2022) Kat:2, Licht: 2,37713,2,7,8,05,02,1,0,2,0,1,0,0,0,0
"POINT (7.396746710000060 51.473355663000099)",Unfall 37732 (2022) Kat:3, Licht: 0,37732,3,3,5,05,12,6,0,0,0,1,0,0,0,0
"POINT (7.603650594000040 51.530696576000103)",Unfall 37748 (2022) Kat:3, Licht: 1,37748,3,6,2,06,20,5,0,1,0,1,0,0,0,0
"POINT (7.380076376000030 51.510055845000103)",Unfall 37826 (2022) Kat:3, Licht: 0,37826,3,7,0,06,19,7,0,0,0,0,0,0,0,1
"POINT (7.455790899000020 51.513592055000103)",Unfall 37828 (2022) Kat:3, Licht: 0,37828,3,3,5,06,14,7,0,0,0,1,0,0,0,1
"POINT (7.451691684000020 51.503508109999999)",Unfall 37832 (2022) Kat:3, Licht: 2,37832,3,1,6,06,01,1,0,2,0,0,1,0,0,1
"POINT (7.509843845000030 51.474953652000103)",Unfall 37865 (2022) Kat:3, Licht: 0,37865,3,3,5,06,11,2,0,0,1,1,0,0,0,0
"POINT (7.559417114000040 51.503004623999999)",Unfall 37887 (2022) Kat:3, Licht: 0,37887,3,7,6,06,12,4,0,0,0,1,1,0,0,0
"POINT (7.322429806000060 51.496218812999999)",Unfall 37934 (2022) Kat:3, Licht: 0,37934,3,6,2,06,06,2,1,0,0,1,0,0,1,0
"POINT (7.513186769000070 51.453360136000100)",Unfall 37938 (2022) Kat:2, Licht: 0,37938,2,1,9,06,13,6,0,0,0,1,0,0,0,0
"POINT (7.489969412000050 51.496931095000001)",Unfall 38047 (2022) Kat:3, Licht: 0,38047,3,6,0,06,08,2,1,0,1,1,0,0,0,0
"POINT (7.465107742000040 51.524901801000098)",Unfall 38059 (2022) Kat:3, Licht: 0,38059,3,4,6,06,18,4,1,0,0,1,1,0,0,0
"POINT (7.462463202000040 51.510146407999997)",Unfall 38074 (2022) Kat:3, Licht: 0,38074,3,3,5,06,07,6,0,0,1,1,0,0,0,0
"POINT (7.381247543000030 51.508188416000102)",Unfall 38075 (2022) Kat:2, Licht: 0,38075,2,7,0,06,09,3,0,0,1,1,0,0,0,0
"POINT (7.447041293000040 51.579189503000102)",Unfall 38087 (2022) Kat:2, Licht: 0,38087,2,1,2,06,19,6,1,0,0,1,0,0,0,1
"POINT (7.364864823000060 51.577017241000100)",Unfall 38150 (2022) Kat:3, Licht: 0,38150,3,6,2,06,16,4,0,0,0,1,0,0,0,0
"POINT (7.386445473000040 51.493372598000100)",Unfall 38178 (2022) Kat:3, Licht: 0,38178,3,6,2,06,15,6,0,0,0,1,0,0,0,1
"POINT (7.545044533000070 51.476867628999997)",Unfall 38182 (2022) Kat:3, Licht: 2,38182,3,1,8,06,00,7,0,2,0,1,0,0,0,0
"POINT (7.372569786000040 51.518858799999997)",Unfall 38191 (2022) Kat:3, Licht: 0,38191,3,6,2,06,11,6,0,0,0,1,0,0,0,0
"POINT (7.497094406000030 51.503726251000003)",Unfall 38195 (2022) Kat:3, Licht: 0,38195,3,2,3,06,21,2,0,0,0,1,0,1,0,0
"POINT (7.536529887000030 51.563925978000000)",Unfall 38210 (2022) Kat:3, Licht: 0,38210,3,6,2,06,11,6,0,0,0,1,0,0,0,0
"POINT (7.581752420000040 51.558026441000003)",Unfall 38213 (2022) Kat:3, Licht: 0,38213,3,2,5,06,12,4,0,0,0,1,0,1,0,0
"POINT (7.495391131000080 51.482932612000099)",Unfall 38229 (2022) Kat:2, Licht: 0,38229,2,4,6,06,12,6,0,0,0,1,1,0,0,0
"POINT (7.470377951000050 51.521988727000100)",Unfall 38243 (2022) Kat:2, Licht: 0,38243,2,4,6,06,12,4,0,0,0,1,1,0,0,0
"POINT (7.451307883000030 51.505221200999998)",Unfall 38256 (2022) Kat:3, Licht: 0,38256,3,7,0,06,16,4,0,0,1,1,0,0,0,0
"POINT (7.465495298000060 51.558393383000102)",Unfall 38339 (2022) Kat:3, Licht: 0,38339,3,5,8,06,20,6,0,0,0,1,0,0,0,0
"POINT (7.450876618000050 51.508860257999999)",Unfall 38392 (2022) Kat:3, Licht: 0,38392,3,7,6,06,18,6,0,0,1,0,1,0,0,0
"POINT (7.441095332000030 51.492908230000097)",Unfall 38431 (2022) Kat:3, Licht: 0,38431,3,1,4,06,15,4,0,0,1,0,0,0,0,0
"POINT (7.469838148000060 51.508171264000097)",Unfall 38450 (2022) Kat:3, Licht: 0,38450,3,3,3,06,20,6,0,0,1,1,0,0,0,0
"POINT (7.493421250000040 51.495017335000099)",Unfall 38453 (2022) Kat:3, Licht: 0,38453,3,5,5,06,18,4,0,0,1,1,0,0,0,0
"POINT (7.538657203000070 51.490877080000097)",Unfall 38493 (2022) Kat:3, Licht: 0,38493,3,1,0,06,18,2,0,0,0,0,0,0,0,1
"POINT (7.512456299000060 51.503733185999998)",Unfall 38592 (2022) Kat:3, Licht: 0,38592,3,1,2,06,17,6,0,0,0,1,0,0,0,0
"POINT (7.516135279000030 51.551150237999998)",Unfall 38608 (2022) Kat:2, Licht: 0,38608,2,6,2,06,13,4,0,0,0,1,0,1,0,0
"POINT (7.398519453000060 51.482432191999997)",Unfall 38641 (2022) Kat:3, Licht: 0,38641,3,1,1,06,15,7,0,0,0,1,0,0,0,0
"POINT (7.407339024000070 51.498338096000097)",Unfall 38723 (2022) Kat:3, Licht: 0,38723,3,6,2,06,14,3,0,0,0,1,0,0,0,0
"POINT (7.464880845000040 51.561814979000097)",Unfall 38748 (2022) Kat:2, Licht: 0,38748,2,6,0,06,16,1,0,0,0,1,0,1,0,0
"POINT (7.348404101000030 51.544251154000101)",Unfall 38809 (2022) Kat:2, Licht: 0,38809,2,6,9,06,16,4,0,0,0,1,0,0,0,1
"POINT (7.492830437000070 51.502772919999998)",Unfall 38837 (2022) Kat:3, Licht: 0,38837,3,6,2,06,18,4,1,0,0,1,0,0,0,0
"POINT (7.493216154000040 51.495251263000100)",Unfall 38842 (2022) Kat:3, Licht: 0,38842,3,2,5,06,11,5,0,0,1,1,0,0,0,0
"POINT (7.465333307000040 51.427550177999997)",Unfall 38881 (2022) Kat:2, Licht: 0,38881,2,2,9,06,08,2,1,0,0,1,0,0,0,0
"POINT (7.366511769000060 51.504941127999999)",Unfall 38885 (2022) Kat:3, Licht: 0,38885,3,2,4,06,14,6,0,0,0,1,0,1,0,0
"POINT (7.493219384000040 51.495247580000097)",Unfall 38910 (2022) Kat:1, Licht: 0,38910,1,6,3,06,16,4,0,0,0,1,0,1,0,0
"POINT (7.505260395000050 51.480780924000001)",Unfall 38940 (2022) Kat:3, Licht: 0,38940,3,3,5,06,06,4,0,0,1,1,0,0,0,0
"POINT (7.472946854000040 51.514338204000097)",Unfall 38945 (2022) Kat:3, Licht: 2,38945,3,1,0,06,01,4,1,2,1,0,0,0,0,0
"POINT (7.457364406000070 51.446916297000001)",Unfall 38989 (2022) Kat:3, Licht: 0,38989,3,2,4,06,14,4,0,0,0,1,0,0,0,0
"POINT (7.517218459000050 51.520699364000102)",Unfall 39019 (2022) Kat:3, Licht: 0,39019,3,7,3,06,16,3,0,0,0,1,0,0,0,1
"POINT (7.494799250000030 51.476494549999998)",Unfall 39029 (2022) Kat:3, Licht: 0,39029,3,6,2,06,14,5,0,0,0,1,0,0,0,0
"POINT (7.444209104000040 51.512940506000099)",Unfall 39050 (2022) Kat:3, Licht: 0,39050,3,6,3,06,18,6,0,0,0,1,0,1,0,0
"POINT (7.325461605000040 51.519437240999999)",Unfall 39100 (2022) Kat:3, Licht: 0,39100,3,3,5,06,13,2,0,0,0,1,0,1,0,0
"POINT (7.475217987000060 51.505168564000002)",Unfall 39134 (2022) Kat:2, Licht: 0,39134,2,1,0,06,13,5,1,0,0,0,0,1,0,0
"POINT (7.468617306000060 51.509795306999997)",Unfall 39196 (2022) Kat:3, Licht: 2,39196,3,1,2,06,01,7,0,2,0,1,0,0,0,0
"POINT (7.448812405000070 51.474222066000003)",Unfall 39209 (2022) Kat:3, Licht: 0,39209,3,7,0,06,13,2,0,0,1,0,0,0,0,0
"POINT (7.436937730000070 51.512400962000100)",Unfall 39228 (2022) Kat:3, Licht: 2,39228,3,6,0,06,03,7,0,2,0,1,0,0,0,1
"POINT (7.551280755000050 51.524007777000101)",Unfall 39252 (2022) Kat:3, Licht: 0,39252,3,2,6,06,09,2,1,0,0,1,1,0,0,0
"POINT (7.382190670000060 51.509901493000001)",Unfall 39258 (2022) Kat:3, Licht: 0,39258,3,6,2,06,08,3,0,0,0,1,0,0,0,0
"POINT (7.497300278000070 51.503416196000003)",Unfall 39276 (2022) Kat:3, Licht: 0,39276,3,6,1,06,12,2,0,0,0,1,0,0,0,1
"POINT (7.488948640000050 51.474912717000102)",Unfall 39289 (2022) Kat:3, Licht: 0,39289,3,6,2,06,13,6,0,0,0,1,0,0,0,0
"POINT (7.463473518000060 51.574758363999997)",Unfall 39347 (2022) Kat:3, Licht: 0,39347,3,1,0,06,18,1,0,0,0,0,0,1,0,0
"POINT (7.506321718000040 51.488212998000101)",Unfall 39372 (2022) Kat:2, Licht: 0,39372,2,2,5,06,15,2,0,0,0,1,0,0,0,1
"POINT (7.460192181000020 51.470807313000101)",Unfall 39398 (2022) Kat:3, Licht: 0,39398,3,3,5,06,07,6,0,0,1,1,0,0,0,0
"POINT (7.509830081000080 51.474988779000100)",Unfall 39401 (2022) Kat:3, Licht: 0,39401,3,2,0,06,08,4,0,0,0,1,0,0,0,1
"POINT (7.456481022000050 51.531560941000102)",Unfall 39404 (2022) Kat:2, Licht: 2,39404,2,1,9,06,01,5,1,2,0,1,0,0,0,0
"POINT (7.498126043000070 51.503508619000101)",Unfall 39476 (2022) Kat:3, Licht: 0,39476,3,6,2,06,18,6,0,0,0,1,0,0,0,0
"POINT (7.462169980000060 51.509806687000001)",Unfall 39486 (2022) Kat:3, Licht: 0,39486,3,6,2,06,13,6,0,0,0,1,0,0,0,0
"POINT (7.612870795000050 51.533427201000102)",Unfall 39535 (2022) Kat:2, Licht: 1,39535,2,7,8,06,05,1,0,1,0,1,0,0,0,0
"POINT (7.338629280000020 51.496795890999998)",Unfall 39538 (2022) Kat:3, Licht: 2,39538,3,1,8,06,00,5,0,2,0,1,0,0,0,0
"POINT (7.476141526000050 51.504478289000097)",Unfall 39589 (2022) Kat:3, Licht: 0,39589,3,3,0,06,14,6,0,0,1,0,0,0,0,1
"POINT (7.457967797000040 51.530676227000100)",Unfall 39590 (2022) Kat:3, Licht: 1,39590,3,2,5,06,20,6,0,1,0,1,0,0,0,1
"POINT (7.460774914000070 51.524578690000098)",Unfall 39592 (2022) Kat:3, Licht: 0,39592,3,3,5,06,17,3,0,0,0,1,0,0,0,0
"POINT (7.324039069000040 51.507294713000100)",Unfall 39602 (2022) Kat:3, Licht: 0,39602,3,4,6,06,08,5,0,0,0,1,1,0,0,0
"POINT (7.382000002000040 51.575071665999999)",Unfall 39630 (2022) Kat:3, Licht: 0,39630,3,1,1,06,12,6,1,0,0,1,0,0,0,0