WKT,Name,OBJECTID,UKATEGORIE,UTYP1,UART,UMONAT,USTUNDE,UWOCHENTAG,STRZUSTAND,ULICHTVERH,ISTRAD,ISTPKW,ISTFUSS,ISTKRAD,ISTGKFZ,ISTSONSTIG
"POINT (7.469296877000030 51.517059916000100)",Unfall 39666 (2022) Kat:3, Licht: 0,39666,3,7,2,06,11,4,0,0,0,1,0,0,0,1
"POINT (7.537758015000070 51.547662981000002)",Unfall 39701 (2022) Kat:3, Licht: 0,39701,3,6,2,06,18,1,0,0,1,1,0,0,0,0
"POINT (7.417973390000040 51.512500465000102)",Unfall 39723 (2022) Kat:3, Licht: 0,39723,3,7,0,06,13,4,0,0,1,0,0,0,0,0
"POINT (7.611888126000050 51.535578209999997)",Unfall 39764 (2022) Kat:3, Licht: 0,39764,3,7,0,06,19,6,0,0,0,1,0,1,0,0
"POINT (7.460807119000040 51.524481944999998)",Unfall 39782 (2022) Kat:3, Licht: 0,39782,3,3,3,06,20,2,0,0,0,1,0,0,0,1
"POINT (7.443287715000050 51.494865507000000)",Unfall 39806 (2022) Kat:3, Licht: 0,39806,3,2,5,06,13,6,0,0,1,1,0,0,0,0
"POINT (7.539792923000050 51.539103496000102)",Unfall 39808 (2022) Kat:3, Licht: 0,39808,3,7,0,06,19,7,0,0,1,0,0,0,0,0
"POINT (7.598463180000070 51.561678159000103)",Unfall 39841 (2022) Kat:3, Licht: 0,39841,3,2,5,06,09,6,0,0,0,1,0,0,0,0
"POINT (7.460855048000040 51.510773360000002)",Unfall 39866 (2022) Kat:3, Licht: 0,39866,3,3,0,06,17,4,0,0,1,1,0,0,0,0
"POINT (7.390040883000040 51.510981356999999)",Unfall 40000 (2022) Kat:3, Licht: 0,40000,3,6,3,06,10,6,0,0,0,1,0,0,1,0
"POINT (7.506044120000070 51.576320265000000)",Unfall 40021 (2022) Kat:3, Licht: 2,40021,3,7,9,06,02,6,0,2,0,1,0,0,0,0
"POINT (7.545191454000080 51.492667580000003)",Unfall 40091 (2022) Kat:3, Licht: 0,40091,3,6,2,06,14,6,0,0,0,1,0,0,0,0
"POINT (7.596470183000060 51.470583766000097)",Unfall 40268 (2022) Kat:3, Licht: 0,40268,3,3,0,07,09,5,0,0,1,1,0,0,0,0
"POINT (7.461584276000050 51.517156966000101)",Unfall 40283 (2022) Kat:3, Licht: 0,40283,3,2,0,06,17,3,0,0,0,1,0,0,0,1
"POINT (7.482102425000050 51.468646892000002)",Unfall 40314 (2022) Kat:3, Licht: 0,40314,3,3,5,06,12,3,0,0,0,1,0,0,0,0
"POINT (7.448604506000040 51.523900374999997)",Unfall 40322 (2022) Kat:2, Licht: 0,40322,2,4,5,07,17,2,0,0,0,0,1,0,0,1
"POINT (7.374126226000040 51.516150910000100)",Unfall 40363 (2022) Kat:3, Licht: 0,40363,3,1,8,06,13,4,0,0,0,1,0,0,0,0
"POINT (7.377193692000050 51.527954002999998)",Unfall 40409 (2022) Kat:3, Licht: 0,40409,3,6,2,07,16,5,0,0,0,1,0,0,0,0
"POINT (7.455970747000040 51.513130149000098)",Unfall 40442 (2022) Kat:3, Licht: 0,40442,3,3,5,06,14,2,0,0,1,1,0,0,0,0
"POINT (7.587843836000050 51.497392897000097)",Unfall 40494 (2022) Kat:3, Licht: 0,40494,3,7,8,06,13,7,0,0,0,1,0,0,0,0
"POINT (7.495412927000070 51.485147892000001)",Unfall 40502 (2022) Kat:3, Licht: 0,40502,3,3,5,07,06,6,0,0,0,1,0,0,0,0
"POINT (7.364477647000060 51.494753435000099)",Unfall 40516 (2022) Kat:3, Licht: 0,40516,3,6,2,07,11,7,0,0,0,1,0,0,0,0
"POINT (7.411918282000040 51.481237247000102)",Unfall 40559 (2022) Kat:2, Licht: 0,40559,2,7,6,06,16,2,0,0,1,0,1,0,0,0
"POINT (7.487557038000030 51.524037960999998)",Unfall 40606 (2022) Kat:3, Licht: 0,40606,3,2,4,06,16,3,0,0,0,1,0,0,0,1
"POINT (7.387045936000050 51.578285589000103)",Unfall 40614 (2022) Kat:3, Licht: 0,40614,3,2,2,07,13,7,0,0,0,1,0,0,0,1
"POINT (7.459584610000040 51.511612331999999)",Unfall 40629 (2022) Kat:3, Licht: 0,40629,3,3,5,07,13,2,0,0,0,1,0,0,0,1
"POINT (7.524107703000030 51.464454527000001)",Unfall 40740 (2022) Kat:3, Licht: 0,40740,3,6,2,06,14,4,0,0,0,1,0,0,0,0
"POINT (7.494276237000070 51.494190527999997)",Unfall 40743 (2022) Kat:3, Licht: 0,40743,3,1,0,07,13,5,1,0,0,0,0,1,0,0
"POINT (7.540572958000040 51.508122570000097)",Unfall 40745 (2022) Kat:3, Licht: 0,40745,3,6,3,06,09,3,0,0,0,1,0,0,1,0
"POINT (7.470457123000070 51.507787130000096)",Unfall 40773 (2022) Kat:3, Licht: 2,40773,3,1,6,06,02,3,0,2,0,0,1,0,0,1
"POINT (7.602461713000030 51.530391849000097)",Unfall 40794 (2022) Kat:3, Licht: 0,40794,3,5,8,07,07,3,0,0,0,1,0,0,0,0
"POINT (7.368280217000060 51.563860357000102)",Unfall 40797 (2022) Kat:3, Licht: 0,40797,3,6,2,07,12,7,0,0,0,1,0,0,0,0
"POINT (7.327925549000040 51.521078825000103)",Unfall 40803 (2022) Kat:3, Licht: 0,40803,3,3,4,06,15,3,0,0,1,1,0,0,0,0
"POINT (7.554311459000080 51.486938838000100)",Unfall 40839 (2022) Kat:3, Licht: 0,40839,3,1,0,07,16,6,0,0,0,0,0,1,0,0
"POINT (7.434304698000060 51.482132661000001)",Unfall 40858 (2022) Kat:3, Licht: 0,40858,3,3,1,07,10,5,1,0,0,1,0,1,0,0
"POINT (7.488303454000060 51.513622341000001)",Unfall 40887 (2022) Kat:3, Licht: 0,40887,3,4,0,06,13,5,0,0,0,0,1,0,0,1
"POINT (7.475617528000040 51.482486122000097)",Unfall 40940 (2022) Kat:3, Licht: 0,40940,3,6,3,07,11,4,0,0,0,1,0,0,0,0
"POINT (7.391679632000030 51.583871379000101)",Unfall 41001 (2022) Kat:2, Licht: 0,41001,2,6,2,06,12,5,0,0,0,1,0,0,1,1
"POINT (7.554311459000080 51.486938838000100)",Unfall 41037 (2022) Kat:3, Licht: 0,41037,3,3,5,07,07,7,0,0,0,1,0,0,0,0
"POINT (7.585835919000030 51.541465263000099)",Unfall 41134 (2022) Kat:3, Licht: 0,41134,3,1,0,07,16,6,0,0,0,0,0,1,0,0
"POINT (7.485928676000070 51.501162824000097)",Unfall 41152 (2022) Kat:3, Licht: 0,41152,3,1,2,06,15,4,0,0,0,1,0,0,0,1
"POINT (7.450757237000060 51.512700146999997)",Unfall 41159 (2022) Kat:2, Licht: 2,41159,2,1,0,06,22,5,1,2,1,0,0,0,0,0
"POINT (7.403975767000080 51.511139084000000)",Unfall 41201 (2022) Kat:3, Licht: 0,41201,3,1,0,07,05,5,1,0,0,0,0,1,0,0
"POINT (7.462735692000020 51.481660048999998)",Unfall 41235 (2022) Kat:3, Licht: 0,41235,3,3,4,07,17,3,0,0,0,1,0,0,0,0
"POINT (7.481763933000020 51.589263935000098)",Unfall 41251 (2022) Kat:1, Licht: 2,41251,1,1,8,06,00,1,0,2,0,1,0,0,0,0
"POINT (7.505478102000040 51.480867897000103)",Unfall 41335 (2022) Kat:3, Licht: 0,41335,3,2,6,07,09,6,0,0,0,0,1,0,1,0
"POINT (7.453409643000040 51.523883279000103)",Unfall 41336 (2022) Kat:3, Licht: 2,41336,3,7,0,06,03,2,1,2,0,0,0,1,0,0
"POINT (7.554585797000070 51.510977468000100)",Unfall 41374 (2022) Kat:3, Licht: 0,41374,3,2,5,07,08,6,0,0,0,1,0,0,0,0
"POINT (7.522274238000020 51.509790671000097)",Unfall 41563 (2022) Kat:3, Licht: 2,41563,3,6,2,07,14,6,0,2,0,1,0,0,0,0
"POINT (7.479955741000030 51.461686600000100)",Unfall 41569 (2022) Kat:2, Licht: 0,41569,2,1,0,07,19,5,0,0,1,0,0,0,0,0
"POINT (7.469739859000070 51.519942753000102)",Unfall 41618 (2022) Kat:3, Licht: 0,41618,3,7,1,07,12,7,0,0,0,1,0,0,0,0
"POINT (7.460770240000040 51.528473824000102)",Unfall 41648 (2022) Kat:3, Licht: 0,41648,3,7,0,07,14,5,1,0,0,1,0,0,0,1
"POINT (7.479393611000030 51.469888594000103)",Unfall 41650 (2022) Kat:3, Licht: 2,41650,3,3,4,07,23,6,0,2,0,1,0,0,0,0
"POINT (7.398784418000050 51.482571213000000)",Unfall 41652 (2022) Kat:3, Licht: 0,41652,3,3,5,07,14,3,0,0,0,1,0,0,0,0
"POINT (7.481165031000050 51.523250869999998)",Unfall 41656 (2022) Kat:3, Licht: 0,41656,3,1,2,07,15,6,0,0,0,1,0,1,0,0
"POINT (7.436817103000070 51.581547937000003)",Unfall 41694 (2022) Kat:3, Licht: 0,41694,3,6,2,07,16,6,0,0,0,1,0,0,0,1
"POINT (7.544733057000030 51.508814764000100)",Unfall 41703 (2022) Kat:3, Licht: 0,41703,3,6,3,07,17,4,0,0,0,1,0,0,0,1
"POINT (7.511271154000040 51.470912626000001)",Unfall 41755 (2022) Kat:3, Licht: 0,41755,3,2,3,07,19,7,0,0,1,1,0,0,0,0
"POINT (7.497663649000060 51.503787289999998)",Unfall 41758 (2022) Kat:3, Licht: 0,41758,3,4,6,07,11,4,0,0,0,1,1,0,0,0
"POINT (7.471795224000060 51.484686599000000)",Unfall 41760 (2022) Kat:3, Licht: 0,41760,3,3,5,07,09,4,0,0,1,1,0,0,0,0
"POINT (7.444575967000050 51.579609887000103)",Unfall 41768 (2022) Kat:2, Licht: 0,41768,2,7,8,07,10,5,1,0,0,0,0,0,1,1
"POINT (7.476355603000060 51.518583654000103)",Unfall 41798 (2022) Kat:3, Licht: 0,41798,3,5,1,07,14,2,0,0,1,1,0,0,0,0
"POINT (7.556287139000060 51.559083913000102)",Unfall 41821 (2022) Kat:3, Licht: 0,41821,3,7,8,07,06,2,0,0,0,1,0,0,0,0
"POINT (7.570096587000020 51.569028635000102)",Unfall 41830 (2022) Kat:3, Licht: 1,41830,3,1,8,07,04,1,0,1,0,1,0,0,0,0
"POINT (7.470471315000050 51.507915300999997)",Unfall 41854 (2022) Kat:2, Licht: 0,41854,2,1,0,07,08,3,1,0,0,0,0,1,0,0
"POINT (7.451734915000030 51.500121919999998)",Unfall 41900 (2022) Kat:3, Licht: 0,41900,3,6,2,07,16,4,0,0,0,1,0,0,0,0
"POINT (7.456260513000070 51.498128690999998)",Unfall 41924 (2022) Kat:3, Licht: 0,41924,3,6,3,07,15,2,0,0,0,1,0,0,0,0
"POINT (7.456533642000070 51.539100878000099)",Unfall 41941 (2022) Kat:3, Licht: 1,41941,3,3,5,07,05,3,0,1,1,1,0,0,0,0
"POINT (7.398725942000060 51.482577142000103)",Unfall 41966 (2022) Kat:3, Licht: 0,41966,3,3,5,07,07,4,0,0,0,1,0,0,0,1
"POINT (7.595098099000040 51.529503706000099)",Unfall 42101 (2022) Kat:3, Licht: 0,42101,3,2,5,07,17,6,0,0,0,1,0,0,0,0
"POINT (7.325932400000060 51.495050974999998)",Unfall 42106 (2022) Kat:3, Licht: 0,42106,3,3,5,07,18,2,0,0,0,1,0,0,0,0
"POINT (7.424897684000030 51.521946640000102)",Unfall 42130 (2022) Kat:3, Licht: 1,42130,3,1,0,07,05,4,1,1,0,1,0,0,0,0
"POINT (7.436977245000040 51.581511069000001)",Unfall 42170 (2022) Kat:3, Licht: 0,42170,3,6,3,07,06,6,0,0,0,1,0,0,1,0
"POINT (7.436877083000070 51.512393523000100)",Unfall 42192 (2022) Kat:3, Licht: 0,42192,3,7,5,07,11,2,0,0,1,1,0,0,0,0
"POINT (7.404195699000070 51.496984504000103)",Unfall 42201 (2022) Kat:3, Licht: 0,42201,3,3,5,07,13,3,0,0,0,1,0,0,0,1
"POINT (7.486200383000040 51.513563855000001)",Unfall 42226 (2022) Kat:3, Licht: 0,42226,3,6,3,07,19,7,0,0,1,0,0,0,0,1
"POINT (7.558497773000060 51.494447880999999)",Unfall 42286 (2022) Kat:3, Licht: 0,42286,3,1,0,07,19,4,0,0,1,0,0,0,0,0
"POINT (7.461997159000020 51.509600808000101)",Unfall 42294 (2022) Kat:3, Licht: 0,42294,3,6,2,07,13,5,1,0,0,1,0,1,0,0
"POINT (7.617619257000060 51.533046585000100)",Unfall 42362 (2022) Kat:3, Licht: 0,42362,3,3,5,07,12,7,0,0,0,1,0,1,0,0
"POINT (7.432722634000070 51.482244684000101)",Unfall 42365 (2022) Kat:3, Licht: 0,42365,3,2,5,07,18,4,0,0,1,1,0,0,0,0
"POINT (7.415857254000060 51.502239455999998)",Unfall 42482 (2022) Kat:3, Licht: 0,42482,3,7,0,07,11,7,0,0,0,0,0,0,0,1
"POINT (7.497848791000020 51.503801468000098)",Unfall 42500 (2022) Kat:3, Licht: 0,42500,3,6,2,07,06,4,0,0,0,1,0,0,0,1
"POINT (7.348007194000050 51.503600693000102)",Unfall 42501 (2022) Kat:3, Licht: 0,42501,3,1,8,07,08,6,0,0,0,1,0,0,0,0
"POINT (7.476152800000020 51.499520591000099)",Unfall 42509 (2022) Kat:3, Licht: 0,42509,3,6,2,07,07,4,0,0,0,1,0,0,0,0
"POINT (7.463678706000050 51.551140410000102)",Unfall 42514 (2022) Kat:3, Licht: 0,42514,3,5,0,07,13,1,0,0,0,1,0,0,0,1
"POINT (7.577103364000040 51.558392457000103)",Unfall 42520 (2022) Kat:3, Licht: 0,42520,3,1,8,07,17,4,0,0,0,1,0,0,0,0
"POINT (7.428824140000070 51.482521491000099)",Unfall 42523 (2022) Kat:3, Licht: 0,42523,3,3,5,07,18,2,0,0,1,1,0,0,0,0
"POINT (7.430622713000050 51.511602348000103)",Unfall 42525 (2022) Kat:3, Licht: 0,42525,3,1,0,07,17,4,0,0,1,0,0,0,0,0
"POINT (7.472170517000050 51.506776563000102)",Unfall 42533 (2022) Kat:2, Licht: 2,42533,2,1,8,07,23,6,0,2,1,0,0,0,0,0
"POINT (7.421864165000040 51.594310426000000)",Unfall 42543 (2022) Kat:3, Licht: 2,42543,3,6,3,07,04,5,0,2,0,1,1,0,0,0
"POINT (7.417099941000060 51.533105406000097)",Unfall 42636 (2022) Kat:3, Licht: 0,42636,3,6,2,07,09,2,0,0,1,0,0,0,1,0
"POINT (7.527715922000030 51.566931069000098)",Unfall 42644 (2022) Kat:3, Licht: 0,42644,3,7,6,07,08,4,0,0,0,0,0,0,1,1
"POINT (7.477837519000050 51.524793132000099)",Unfall 42675 (2022) Kat:3, Licht: 0,42675,3,3,5,07,13,3,0,0,1,0,0,0,0,1
"POINT (7.420828289000040 51.530007574000102)",Unfall 42723 (2022) Kat:3, Licht: 1,42723,3,6,2,07,20,4,0,1,0,1,0,0,0,0
"POINT (7.465291406000060 51.509838753000103)",Unfall 42731 (2022) Kat:3, Licht: 0,42731,3,2,3,07,13,3,0,0,1,1,0,0,0,0
"POINT (7.461271392000070 51.546928636000104)",Unfall 42742 (2022) Kat:3, Licht: 0,42742,3,2,4,07,17,4,1,0,0,1,0,0,0,1
"POINT (7.325931394000070 51.495041282999999)",Unfall 42894 (2022) Kat:2, Licht: 0,42894,2,3,0,07,15,2,0,0,0,1,0,0,0,0
"POINT (7.417153218000070 51.461581142000099)",Unfall 42902 (2022) Kat:3, Licht: 0,42902,3,6,3,07,12,4,0,0,0,1,0,0,0,0
"POINT (7.474937551000040 51.505181977000099)",Unfall 42947 (2022) Kat:3, Licht: 0,42947,3,6,2,07,16,2,0,0,0,1,0,0,0,0
"POINT (7.537683831000040 51.556515541000103)",Unfall 42976 (2022) Kat:2, Licht: 0,42976,2,4,6,07,16,4,0,0,0,1,1,0,0,0
"POINT (7.598406823000060 51.561611474000102)",Unfall 42985 (2022) Kat:3, Licht: 0,42985,3,3,5,07,16,5,1,0,1,1,0,0,0,0
"POINT (7.369902235000040 51.498346871000102)",Unfall 43005 (2022) Kat:3, Licht: 0,43005,3,1,9,07,10,3,0,0,0,1,0,0,1,0
"POINT (7.463715719000050 51.517558239000003)",Unfall 43088 (2022) Kat:3, Licht: 0,43088,3,6,1,07,17,6,0,0,0,1,0,0,0,0
"POINT (7.531253489000050 51.488212883000102)",Unfall 43113 (2022) Kat:3, Licht: 0,43113,3,7,0,08,15,4,0,0,1,0,0,0,0,0
"POINT (7.495539364000020 51.486129052000102)",Unfall 43165 (2022) Kat:3, Licht: 0,43165,3,4,6,08,15,5,0,0,0,1,1,0,0,0
"POINT (7.343502346000040 51.517628653000003)",Unfall 43169 (2022) Kat:2, Licht: 0,43169,2,1,8,08,13,2,0,0,0,0,0,1,0,0
"POINT (7.448876582000030 51.513132452999997)",Unfall 43205 (2022) Kat:2, Licht: 0,43205,2,7,0,08,11,4,0,0,0,0,0,0,0,1
"POINT (7.422368465000030 51.455576901000001)",Unfall 43268 (2022) Kat:3, Licht: 2,43268,3,1,8,07,20,1,1,2,0,1,0,0,0,0
"POINT (7.497675132000040 51.493998839000000)",Unfall 43278 (2022) Kat:2, Licht: 0,43278,2,3,5,08,18,1,0,0,1,0,0,0,0,1
"POINT (7.605934565000040 51.531290011000102)",Unfall 43294 (2022) Kat:3, Licht: 0,43294,3,2,3,07,09,5,0,0,0,1,0,0,0,1
"POINT (7.458785106000050 51.502458734000101)",Unfall 43304 (2022) Kat:3, Licht: 0,43304,3,4,5,08,16,3,0,0,0,1,1,0,0,0
"POINT (7.473594629000050 51.457148146000101)",Unfall 43306 (2022) Kat:3, Licht: 0,43306,3,2,6,08,16,4,0,0,0,1,1,0,0,0
"POINT (7.325929076000020 51.495024442000002)",Unfall 43362 (2022) Kat:3, Licht: 0,43362,3,3,5,08,13,3,0,0,0,1,0,1,0,0
"POINT (7.472102306000070 51.506815840000101)",Unfall 43383 (2022) Kat:3, Licht: 0,43383,3,7,7,08,20,2,0,0,1,0,0,0,0,0
"POINT (7.453800985000040 51.524005021999997)",Unfall 43386 (2022) Kat:3, Licht: 0,43386,3,6,2,08,14,5,0,0,0,1,0,0,0,0
"POINT (7.510973272000060 51.578472241999997)",Unfall 43417 (2022) Kat:3, Licht: 0,43417,3,6,2,07,13,7,0,0,0,1,0,0,0,1
"POINT (7.484585266000070 51.545372010000101)",Unfall 43453 (2022) Kat:3, Licht: 0,43453,3,3,5,08,18,7,0,0,0,1,0,0,0,1
"POINT (7.325937586000070 51.495100962000002)",Unfall 43470 (2022) Kat:3, Licht: 0,43470,3,3,5,07,11,5,0,0,0,1,0,0,0,0
"POINT (7.459307526000030 51.467004150999998)",Unfall 43481 (2022) Kat:3, Licht: 0,43481,3,2,3,07,10,6,0,0,1,1,0,0,0,0
"POINT (7.432522566000050 51.582390412000102)",Unfall 43516 (2022) Kat:3, Licht: 2,43516,3,6,3,08,22,1,1,2,0,1,0,0,0,0
"POINT (7.325795286000070 51.498984389999997)",Unfall 43535 (2022) Kat:3, Licht: 0,43535,3,2,5,08,08,2,0,0,0,1,0,0,0,0
"POINT (7.536741725000070 51.543904603999998)",Unfall 43576 (2022) Kat:2, Licht: 0,43576,2,3,5,07,20,5,0,0,0,1,0,0,0,1
"POINT (7.394798634000040 51.503239458000103)",Unfall 43614 (2022) Kat:3, Licht: 0,43614,3,6,2,08,15,6,0,0,0,1,0,1,0,0
"POINT (7.406228262000070 51.505780346000101)",Unfall 43615 (2022) Kat:3, Licht: 0,43615,3,7,1,08,12,2,0,0,1,1,0,0,0,0
"POINT (7.451268892000030 51.505386618000003)",Unfall 43626 (2022) Kat:3, Licht: 2,43626,3,7,2,08,23,1,0,2,0,1,0,0,0,0
"POINT (7.384845069000050 51.497693683000101)",Unfall 43656 (2022) Kat:3, Licht: 1,43656,3,6,3,08,21,1,0,1,0,1,0,1,0,0
"POINT (7.565914431000070 51.496989100000100)",Unfall 43665 (2022) Kat:3, Licht: 0,43665,3,7,0,08,09,7,0,0,0,0,0,0,0,1
"POINT (7.552524670000030 51.469874986999997)",Unfall 43706 (2022) Kat:3, Licht: 0,43706,3,6,2,08,10,2,0,0,0,1,0,0,1,0
"POINT (7.518296443000050 51.466930870000098)",Unfall 43752 (2022) Kat:3, Licht: 1,43752,3,1,0,08,21,4,0,1,1,0,0,0,0,0
"POINT (7.474490955000020 51.509597730999999)",Unfall 43848 (2022) Kat:2, Licht: 0,43848,2,7,0,08,19,3,0,0,1,0,0,0,0,0
"POINT (7.493482738000070 51.579728258000003)",Unfall 43868 (2022) Kat:3, Licht: 0,43868,3,1,9,08,20,5,0,0,0,0,0,1,0,0
"POINT (7.456893130000030 51.512685899000097)",Unfall 43894 (2022) Kat:3, Licht: 2,43894,3,7,2,08,02,7,0,2,0,1,0,0,0,0
"POINT (7.471544264000040 51.526910277000098)",Unfall 43911 (2022) Kat:3, Licht: 0,43911,3,6,2,08,18,3,0,0,0,1,0,0,0,0
"POINT (7.473106564000030 51.530901960999998)",Unfall 43914 (2022) Kat:3, Licht: 2,43914,3,6,2,07,22,1,1,2,0,1,0,0,0,0
"POINT (7.538295643000030 51.549518320000097)",Unfall 43941 (2022) Kat:3, Licht: 0,43941,3,6,2,07,14,6,0,0,0,1,0,0,0,0
"POINT (7.391179667000070 51.484071645000000)",Unfall 44072 (2022) Kat:2, Licht: 0,44072,2,1,8,08,14,5,0,0,0,1,0,0,0,0
"POINT (7.485511754000070 51.500948633000100)",Unfall 44080 (2022) Kat:3, Licht: 0,44080,3,7,1,08,07,6,0,0,0,1,0,0,0,0
"POINT (7.455127032000060 51.515152006000100)",Unfall 44101 (2022) Kat:3, Licht: 2,44101,3,7,0,08,22,7,0,2,0,0,0,0,0,1
"POINT (7.397891466000030 51.526315879000002)",Unfall 44117 (2022) Kat:3, Licht: 2,44117,3,1,0,07,23,7,0,2,0,0,0,0,0,1
"POINT (7.452826365000020 51.523846249000002)",Unfall 44142 (2022) Kat:3, Licht: 0,44142,3,3,5,08,11,3,0,0,0,1,0,0,0,1
"POINT (7.493958100000040 51.578014778000103)",Unfall 44145 (2022) Kat:2, Licht: 0,44145,2,7,0,07,13,1,1,0,0,0,0,1,0,0
"POINT (7.462463202000040 51.510146407999997)",Unfall 44193 (2022) Kat:3, Licht: 2,44193,3,1,0,08,01,1,0,2,0,0,0,0,0,1
"POINT (7.474559305000070 51.507770469000000)",Unfall 44316 (2022) Kat:3, Licht: 0,44316,3,6,3,08,16,3,0,0,0,1,0,1,0,0
"POINT (7.550003131000040 51.564406707000003)",Unfall 44360 (2022) Kat:3, Licht: 0,44360,3,6,8,08,14,2,0,0,0,1,0,1,0,0
"POINT (7.504483511000050 51.569847281000101)",Unfall 44380 (2022) Kat:3, Licht: 0,44380,3,6,1,07,12,5,0,0,0,1,0,0,0,0
"POINT (7.467969771000070 51.508591630000097)",Unfall 44493 (2022) Kat:3, Licht: 0,44493,3,7,0,07,17,6,0,0,0,1,0,0,0,1
"POINT (7.444361655000020 51.523990767999997)",Unfall 44516 (2022) Kat:2, Licht: 0,44516,2,4,6,08,18,2,0,0,0,1,1,0,0,0
"POINT (7.554538764000030 51.487727773000103)",Unfall 44533 (2022) Kat:3, Licht: 0,44533,3,6,2,08,18,1,0,0,0,1,0,0,0,0
"POINT (7.545008623000060 51.523509228000101)",Unfall 44560 (2022) Kat:3, Licht: 0,44560,3,7,0,07,12,7,0,0,0,1,0,0,0,0
"POINT (7.529235895000060 51.486349959999998)",Unfall 44579 (2022) Kat:3, Licht: 0,44579,3,6,2,08,18,3,0,0,0,1,0,0,0,0
"POINT (7.474500012000020 51.510049406000100)",Unfall 44713 (2022) Kat:2, Licht: 0,44713,2,4,6,08,11,6,1,0,0,0,1,0,1,0
"POINT (7.344058049000070 51.496899092000000)",Unfall 44796 (2022) Kat:2, Licht: 0,44796,2,2,3,08,08,4,0,0,0,1,0,1,0,0
"POINT (7.460533799000070 51.545843381000097)",Unfall 44817 (2022) Kat:3, Licht: 2,44817,3,2,5,07,22,5,0,2,1,1,0,0,0,0
"POINT (7.404680359000050 51.477896454000103)",Unfall 44828 (2022) Kat:3, Licht: 0,44828,3,2,5,07,15,6,0,0,0,1,0,1,0,0
"POINT (7.487653510000030 51.474208216000100)",Unfall 44841 (2022) Kat:3, Licht: 0,44841,3,7,0,08,12,3,1,0,0,0,0,1,0,1
"POINT (7.512219357000050 51.578578776000001)",Unfall 44850 (2022) Kat:3, Licht: 0,44850,3,6,2,07,10,6,0,0,0,1,0,0,0,0
"POINT (7.525211899000060 51.484610795000002)",Unfall 44854 (2022) Kat:3, Licht: 0,44854,3,2,5,08,08,3,0,0,0,1,0,0,0,0
"POINT (7.461599382000030 51.509109963000100)",Unfall 44879 (2022) Kat:3, Licht: 0,44879,3,4,6,07,12,1,0,0,0,1,1,0,0,0
"POINT (7.458787736000030 51.502425001000098)",Unfall 44891 (2022) Kat:3, Licht: 2,44891,3,2,5,08,21,2,0,2,1,1,0,0,0,0
"POINT (7.460633070000030 51.524924424000098)",Unfall 44892 (2022) Kat:3, Licht: 0,44892,3,4,6,08,17,7,0,0,0,1,1,0,0,0
"POINT (7.538516125000060 51.552755223000098)",Unfall 44952 (2022) Kat:3, Licht: 0,44952,3,2,5,08,10,6,0,0,0,1,0,0,0,0
"POINT (7.324972066000040 51.522021561000003)",Unfall 44991 (2022) Kat:3, Licht: 0,44991,3,3,5,08,19,6,0,0,1,1,0,0,0,0
"POINT (7.596774295000050 51.559657330999997)",Unfall 44992 (2022) Kat:3, Licht: 0,44992,3,3,5,08,07,2,0,0,1,1,0,0,0,0
"POINT (7.366304544000060 51.538690955000000)",Unfall 45057 (2022) Kat:3, Licht: 0,45057,3,6,8,07,18,1,1,0,0,1,0,0,0,0
"POINT (7.458836768000030 51.516691711000099)",Unfall 45103 (2022) Kat:3, Licht: 2,45103,3,2,5,08,00,5,0,2,1,1,0,0,0,0
"POINT (7.363458678000030 51.572699135000100)",Unfall 45113 (2022) Kat:3, Licht: 0,45113,3,6,2,08,09,4,0,0,0,0,0,0,1,1
"POINT (7.505949558000050 51.480376100000100)",Unfall 45126 (2022) Kat:3, Licht: 0,45126,3,6,3,08,11,4,0,0,1,1,0,0,0,0
"POINT (7.455158201000070 51.515298057999999)",Unfall 45146 (2022) Kat:3, Licht: 2,45146,3,6,2,07,22,6,0,2,0,1,0,1,0,0
"POINT (7.545187811000060 51.523533753999999)",Unfall 45265 (2022) Kat:3, Licht: 0,45265,3,1,0,07,14,1,0,0,1,0,0,0,0,0
"POINT (7.387622498000040 51.524615965000102)",Unfall 45276 (2022) Kat:3, Licht: 0,45276,3,3,0,08,17,5,0,0,0,1,0,0,0,1
"POINT (7.538091484000060 51.547716600999998)",Unfall 45286 (2022) Kat:3, Licht: 0,45286,3,3,5,08,09,4,0,0,1,1,0,0,0,0
"POINT (7.456306094000070 51.524112553000101)",Unfall 45455 (2022) Kat:3, Licht: 0,45455,3,6,2,08,13,7,0,0,0,1,0,0,0,0
"POINT (7.469159387000050 51.509950552000099)",Unfall 45470 (2022) Kat:3, Licht: 2,45470,3,6,3,08,21,4,0,2,0,1,0,0,0,0
"POINT (7.367881739000040 51.524731630000097)",Unfall 45499 (2022) Kat:3, Licht: 0,45499,3,4,6,08,16,6,0,0,0,1,1,0,0,0
"POINT (7.526928556000030 51.486410773000003)",Unfall 45513 (2022) Kat:3, Licht: 0,45513,3,6,2,08,13,7,0,0,0,1,0,0,0,0
"POINT (7.549316460000060 51.581142974000002)",Unfall 45517 (2022) Kat:3, Licht: 0,45517,3,3,5,08,17,5,0,0,0,1,0,0,0,0
"POINT (7.325211763000030 51.521203913000100)",Unfall 45547 (2022) Kat:3, Licht: 0,45547,3,3,0,08,18,5,0,0,0,1,1,0,0,0
"POINT (7.459193659000050 51.466140617000100)",Unfall 45554 (2022) Kat:2, Licht: 0,45554,2,1,0,08,20,7,0,0,0,0,0,0,0,1