WKT,Name,OBJECTID,UKATEGORIE,UTYP1,UART,UMONAT,USTUNDE,UWOCHENTAG,STRZUSTAND,ULICHTVERH,ISTRAD,ISTPKW,ISTFUSS,ISTKRAD,ISTGKFZ,ISTSONSTIG
"POINT (7.494806109000020 51.561037880000100)",Unfall 45619 (2022) Kat:3, Licht: 0,45619,3,6,2,08,16,5,0,0,0,1,0,0,0,0
"POINT (7.474425977000070 51.534254841000099)",Unfall 45640 (2022) Kat:3, Licht: 0,45640,3,3,5,08,07,7,1,0,0,1,0,0,0,1
"POINT (7.494917054000040 51.476537039999997)",Unfall 45657 (2022) Kat:3, Licht: 0,45657,3,7,5,08,16,5,0,0,1,1,0,0,0,0
"POINT (7.403110097000020 51.564612572000001)",Unfall 45693 (2022) Kat:3, Licht: 0,45693,3,3,5,08,12,7,0,0,0,1,0,0,0,0
"POINT (7.459895879000040 51.470678347000003)",Unfall 45705 (2022) Kat:3, Licht: 0,45705,3,6,3,08,17,6,0,0,1,1,0,0,0,0
"POINT (7.552772774000060 51.514859434000101)",Unfall 45722 (2022) Kat:2, Licht: 0,45722,2,4,6,08,13,7,0,0,0,0,1,0,0,1
"POINT (7.486200383000040 51.513563855000001)",Unfall 45726 (2022) Kat:2, Licht: 0,45726,2,7,0,08,17,4,0,0,1,0,0,0,0,0
"POINT (7.462463202000040 51.510146407999997)",Unfall 45762 (2022) Kat:3, Licht: 0,45762,3,3,5,08,14,4,0,0,0,1,0,0,0,1
"POINT (7.444846431000030 51.524137518000003)",Unfall 45807 (2022) Kat:3, Licht: 0,45807,3,6,2,08,14,4,0,0,0,1,0,0,0,0
"POINT (7.420827118000030 51.529575327000003)",Unfall 45812 (2022) Kat:3, Licht: 0,45812,3,2,5,08,16,6,0,0,1,1,0,0,0,0
"POINT (7.359840410000060 51.503400210999999)",Unfall 45850 (2022) Kat:3, Licht: 0,45850,3,3,5,08,08,5,0,0,1,0,0,1,0,0
"POINT (7.469294349000050 51.432648804000102)",Unfall 45866 (2022) Kat:3, Licht: 0,45866,3,6,2,08,18,4,0,0,0,1,0,0,0,0
"POINT (7.532283952000060 51.488697194000103)",Unfall 45867 (2022) Kat:3, Licht: 0,45867,3,5,1,08,06,5,0,0,0,1,0,0,0,0
"POINT (7.458845334000050 51.516692624000001)",Unfall 45869 (2022) Kat:3, Licht: 0,45869,3,5,5,08,08,3,0,0,1,1,0,0,0,0
"POINT (7.545947272000030 51.526336894000103)",Unfall 45900 (2022) Kat:3, Licht: 0,45900,3,6,5,08,07,6,0,0,0,1,0,0,0,1
"POINT (7.531253489000050 51.488212883000102)",Unfall 45905 (2022) Kat:3, Licht: 0,45905,3,6,2,08,16,4,0,0,0,1,0,0,0,1
"POINT (7.497201689000060 51.503405348000101)",Unfall 46000 (2022) Kat:3, Licht: 0,46000,3,3,5,08,18,4,0,0,0,1,0,0,0,0
"POINT (7.554347693000070 51.511586814000097)",Unfall 46045 (2022) Kat:3, Licht: 0,46045,3,6,2,08,11,4,0,0,0,1,0,0,0,0
"POINT (7.468335406000050 51.496208004000003)",Unfall 46098 (2022) Kat:3, Licht: 0,46098,3,3,5,08,17,7,0,0,1,1,0,0,0,0
"POINT (7.475720934000040 51.437430534999997)",Unfall 46144 (2022) Kat:2, Licht: 0,46144,2,6,2,08,13,4,0,0,0,1,0,0,0,0
"POINT (7.481334180000030 51.500226284000099)",Unfall 46159 (2022) Kat:3, Licht: 1,46159,3,6,2,08,20,5,0,1,0,1,0,0,0,0
"POINT (7.612614109000050 51.532558928000100)",Unfall 46184 (2022) Kat:3, Licht: 0,46184,3,7,0,08,11,1,0,0,1,0,0,0,0,0
"POINT (7.535641522000050 51.522594850000097)",Unfall 46192 (2022) Kat:2, Licht: 0,46192,2,4,6,08,17,6,0,0,0,1,1,0,0,0
"POINT (7.537040466000060 51.544338421000099)",Unfall 46249 (2022) Kat:3, Licht: 0,46249,3,6,2,08,14,6,0,0,0,1,0,0,0,0
"POINT (7.389156051000040 51.508832194000000)",Unfall 46254 (2022) Kat:2, Licht: 0,46254,2,7,6,08,17,4,0,0,0,0,1,0,0,1
"POINT (7.495387740000070 51.482966650999998)",Unfall 46271 (2022) Kat:3, Licht: 0,46271,3,7,6,08,09,5,0,0,0,1,1,0,0,0
"POINT (7.450880473000040 51.507999603000002)",Unfall 46347 (2022) Kat:3, Licht: 0,46347,3,6,3,08,14,2,0,0,0,1,0,1,0,0
"POINT (7.421437233000060 51.529184291000000)",Unfall 46385 (2022) Kat:3, Licht: 0,46385,3,6,2,08,15,5,0,0,0,1,0,1,0,0
"POINT (7.425018167000080 51.595128196000097)",Unfall 46393 (2022) Kat:3, Licht: 0,46393,3,6,1,08,15,6,0,0,0,1,0,0,0,0
"POINT (7.475440856000030 51.537505526000103)",Unfall 46420 (2022) Kat:3, Licht: 0,46420,3,2,5,08,14,7,0,0,1,0,0,0,0,0
"POINT (7.544051340000070 51.523330870999999)",Unfall 46441 (2022) Kat:3, Licht: 0,46441,3,1,0,08,16,5,0,0,0,0,0,1,0,0
"POINT (7.610974462000060 51.532341901000102)",Unfall 46445 (2022) Kat:2, Licht: 0,46445,2,2,6,08,15,6,0,0,0,0,1,0,1,0
"POINT (7.468570319000040 51.517097771000103)",Unfall 46447 (2022) Kat:3, Licht: 0,46447,3,6,2,08,14,2,0,0,0,1,0,0,0,0
"POINT (7.474256608000080 51.513897057000101)",Unfall 46490 (2022) Kat:3, Licht: 2,46490,3,3,5,08,22,4,0,2,1,1,0,0,0,0
"POINT (7.419833678000030 51.530840264000098)",Unfall 46527 (2022) Kat:3, Licht: 0,46527,3,1,0,08,18,5,0,0,1,0,0,0,0,0
"POINT (7.367896640000030 51.524728197999998)",Unfall 46573 (2022) Kat:3, Licht: 0,46573,3,6,3,08,14,6,0,0,1,0,0,0,1,0
"POINT (7.445103657000060 51.495994475000003)",Unfall 46577 (2022) Kat:3, Licht: 0,46577,3,3,1,08,11,1,0,0,1,1,0,0,0,0
"POINT (7.475010318000050 51.457524509000102)",Unfall 46631 (2022) Kat:2, Licht: 0,46631,2,5,3,09,15,1,0,0,1,1,0,0,0,0
"POINT (7.330801899000050 51.520543675000098)",Unfall 46649 (2022) Kat:3, Licht: 0,46649,3,3,5,09,11,5,0,0,0,1,0,0,0,0
"POINT (7.450701304000060 51.477495648000101)",Unfall 46650 (2022) Kat:3, Licht: 0,46650,3,7,0,09,13,5,1,0,1,0,1,0,0,0
"POINT (7.470983293000070 51.525727113000102)",Unfall 46660 (2022) Kat:3, Licht: 0,46660,3,3,5,08,18,4,0,0,0,1,0,0,0,1
"POINT (7.432539889000050 51.482257627000102)",Unfall 46700 (2022) Kat:3, Licht: 0,46700,3,3,0,09,15,7,0,0,0,1,0,0,0,1
"POINT (7.482235184000050 51.500796986000097)",Unfall 46713 (2022) Kat:3, Licht: 0,46713,3,3,5,08,19,3,0,0,1,1,0,0,0,0
"POINT (7.476675351000040 51.525061396000098)",Unfall 46769 (2022) Kat:3, Licht: 0,46769,3,6,0,08,16,3,0,0,0,1,0,0,0,1
"POINT (7.510091654000060 51.503999618000101)",Unfall 46795 (2022) Kat:3, Licht: 1,46795,3,3,5,09,06,4,0,1,1,0,0,0,0,1
"POINT (7.460128467000060 51.469589782000099)",Unfall 46810 (2022) Kat:3, Licht: 0,46810,3,2,1,09,08,6,0,0,1,1,0,0,0,0
"POINT (7.443300875000030 51.494875109000098)",Unfall 46818 (2022) Kat:3, Licht: 0,46818,3,2,5,09,15,3,0,0,1,1,0,0,0,0
"POINT (7.503720286000030 51.441959060000002)",Unfall 46865 (2022) Kat:2, Licht: 0,46865,2,6,2,09,11,6,0,0,0,1,0,0,0,0
"POINT (7.325785291000050 51.499012391000100)",Unfall 46916 (2022) Kat:3, Licht: 2,46916,3,7,0,08,20,1,0,2,0,0,0,0,0,1
"POINT (7.484641677000070 51.513648676000102)",Unfall 46943 (2022) Kat:3, Licht: 0,46943,3,6,2,09,09,6,0,0,0,1,0,0,0,0
"POINT (7.472502190000060 51.506734526999999)",Unfall 46961 (2022) Kat:3, Licht: 0,46961,3,6,3,08,16,3,0,0,0,1,0,1,0,0
"POINT (7.576170029000020 51.527543633000100)",Unfall 46982 (2022) Kat:3, Licht: 0,46982,3,2,4,08,13,3,0,0,0,1,0,0,1,0
"POINT (7.471383726000060 51.526570630999998)",Unfall 46992 (2022) Kat:3, Licht: 1,46992,3,1,0,09,07,5,1,1,1,0,0,0,0,0
"POINT (7.462818029000060 51.481711828000101)",Unfall 46995 (2022) Kat:3, Licht: 0,46995,3,2,2,08,06,2,0,0,0,1,0,0,0,1
"POINT (7.319048354000070 51.496208895000102)",Unfall 47044 (2022) Kat:3, Licht: 0,47044,3,6,1,09,09,5,0,0,0,1,0,0,0,0
"POINT (7.460807119000040 51.524481946999998)",Unfall 47056 (2022) Kat:3, Licht: 2,47056,3,1,8,09,20,6,0,2,0,1,0,0,0,0
"POINT (7.501494204000040 51.562507142000101)",Unfall 47095 (2022) Kat:3, Licht: 0,47095,3,6,0,09,16,7,0,0,0,1,0,1,0,0
"POINT (7.499211272000030 51.503877271000100)",Unfall 47179 (2022) Kat:3, Licht: 0,47179,3,6,3,09,00,5,1,0,0,1,0,0,1,0
"POINT (7.484294414000030 51.523565387000097)",Unfall 47232 (2022) Kat:3, Licht: 0,47232,3,1,0,08,16,1,0,0,0,0,0,1,0,0
"POINT (7.401203263000070 51.549107971000097)",Unfall 47258 (2022) Kat:2, Licht: 1,47258,2,3,0,09,20,5,1,1,1,1,0,0,0,0
"POINT (7.485753226000040 51.472511892999997)",Unfall 47302 (2022) Kat:3, Licht: 0,47302,3,2,6,08,18,3,0,0,0,1,1,0,0,0
"POINT (7.467856767000060 51.431454315000103)",Unfall 47311 (2022) Kat:3, Licht: 0,47311,3,2,5,09,09,5,0,0,0,1,0,0,0,0
"POINT (7.510897325000030 51.481934862999999)",Unfall 47312 (2022) Kat:3, Licht: 0,47312,3,6,2,09,13,5,1,0,0,1,0,0,0,1
"POINT (7.457464718000040 51.582460280000099)",Unfall 47322 (2022) Kat:2, Licht: 0,47322,2,2,4,08,12,4,0,0,0,1,0,0,0,1
"POINT (7.625039661000070 51.525903232000097)",Unfall 47352 (2022) Kat:2, Licht: 0,47352,2,3,5,09,06,6,0,0,1,1,0,0,0,0
"POINT (7.325477346000070 51.519484456999997)",Unfall 47385 (2022) Kat:3, Licht: 0,47385,3,7,0,08,09,1,0,0,0,1,0,0,0,1
"POINT (7.433806794000080 51.482167978000099)",Unfall 47435 (2022) Kat:3, Licht: 0,47435,3,3,4,08,17,4,0,0,1,1,0,0,0,0
"POINT (7.606262337000030 51.531383946000098)",Unfall 47442 (2022) Kat:3, Licht: 0,47442,3,3,5,08,17,2,0,0,0,1,0,0,0,1
"POINT (7.353061142000060 51.497492434999998)",Unfall 47459 (2022) Kat:3, Licht: 0,47459,3,3,1,09,19,5,0,0,1,1,0,0,0,0
"POINT (7.460053694000070 51.516761662000100)",Unfall 47492 (2022) Kat:2, Licht: 0,47492,2,7,5,09,12,7,0,0,0,1,0,0,0,0
"POINT (7.410287615000070 51.584325052000104)",Unfall 47544 (2022) Kat:3, Licht: 0,47544,3,6,8,08,13,3,0,0,0,0,0,0,1,1
"POINT (7.612624293000070 51.532559902999999)",Unfall 47603 (2022) Kat:3, Licht: 0,47603,3,7,0,09,10,6,0,0,1,0,1,0,0,0
"POINT (7.422671992000060 51.511025291000102)",Unfall 47631 (2022) Kat:3, Licht: 0,47631,3,3,5,09,16,5,0,0,0,1,0,0,0,1
"POINT (7.420658744000040 51.530184437999999)",Unfall 47642 (2022) Kat:3, Licht: 0,47642,3,2,5,08,13,4,0,0,0,1,0,1,0,0
"POINT (7.415061228000070 51.538324010000103)",Unfall 47706 (2022) Kat:3, Licht: 0,47706,3,6,0,09,06,5,0,0,0,0,0,1,0,1
"POINT (7.460292167000030 51.493753998999999)",Unfall 47726 (2022) Kat:3, Licht: 2,47726,3,4,6,09,20,3,0,2,0,0,1,0,0,1
"POINT (7.468719649000040 51.525357317999998)",Unfall 47821 (2022) Kat:3, Licht: 2,47821,3,6,2,09,20,1,0,2,0,1,0,0,0,0
"POINT (7.490345863000070 51.577633061000000)",Unfall 47823 (2022) Kat:3, Licht: 0,47823,3,1,8,08,12,1,0,0,0,1,0,0,0,0
"POINT (7.509303606000060 51.516475280000101)",Unfall 47825 (2022) Kat:3, Licht: 0,47825,3,6,3,09,16,5,0,0,0,1,1,0,0,1
"POINT (7.445407002000020 51.497335907000000)",Unfall 47836 (2022) Kat:3, Licht: 2,47836,3,6,2,09,01,4,0,2,0,1,0,0,0,0
"POINT (7.438453475000070 51.490384536000100)",Unfall 47977 (2022) Kat:2, Licht: 0,47977,2,2,5,09,18,5,0,0,1,1,0,0,0,0
"POINT (7.482888678000050 51.500447904000097)",Unfall 47978 (2022) Kat:3, Licht: 2,47978,3,1,0,09,21,5,1,2,1,0,0,0,0,0
"POINT (7.458747680000040 51.502942135000097)",Unfall 47981 (2022) Kat:3, Licht: 0,47981,3,6,3,08,07,2,0,0,0,1,0,1,0,0
"POINT (7.482618007000040 51.500433049999998)",Unfall 48061 (2022) Kat:3, Licht: 0,48061,3,1,0,08,17,4,0,0,1,0,0,0,0,0
"POINT (7.476375055000060 51.541186842999998)",Unfall 48081 (2022) Kat:2, Licht: 0,48081,2,2,5,09,19,7,0,0,0,1,0,0,0,0
"POINT (7.573623692000070 51.500009136000102)",Unfall 48088 (2022) Kat:3, Licht: 0,48088,3,2,4,09,14,5,0,0,1,1,0,0,0,0
"POINT (7.527366047000040 51.567041263000100)",Unfall 48090 (2022) Kat:3, Licht: 0,48090,3,1,0,09,16,6,1,0,0,0,0,1,0,0
"POINT (7.455913477000020 51.477429382000103)",Unfall 48099 (2022) Kat:3, Licht: 0,48099,3,7,0,08,18,4,0,0,1,0,0,0,0,0
"POINT (7.460957663000040 51.508114826000103)",Unfall 48131 (2022) Kat:3, Licht: 0,48131,3,6,2,09,11,3,0,0,0,1,0,1,0,0
"POINT (7.500729465000060 51.568963602000103)",Unfall 48138 (2022) Kat:3, Licht: 0,48138,3,6,2,09,15,6,0,0,0,1,0,0,0,0
"POINT (7.451187616000030 51.505695053000103)",Unfall 48233 (2022) Kat:3, Licht: 0,48233,3,7,0,09,11,3,1,0,0,0,0,1,0,0
"POINT (7.470115746000030 51.521980916000103)",Unfall 48256 (2022) Kat:3, Licht: 2,48256,3,3,5,09,20,1,0,2,1,1,0,0,0,0
"POINT (7.483871901000040 51.499782418000102)",Unfall 48275 (2022) Kat:3, Licht: 1,48275,3,6,9,09,06,7,1,1,0,1,0,0,0,0
"POINT (7.609507106000020 51.532148055999997)",Unfall 48282 (2022) Kat:3, Licht: 0,48282,3,2,3,09,07,5,0,0,0,1,0,0,0,1
"POINT (7.325792016000040 51.498993552000101)",Unfall 48324 (2022) Kat:3, Licht: 2,48324,3,2,5,09,21,2,1,2,0,1,0,0,0,0
"POINT (7.463493795000030 51.498593346000099)",Unfall 48343 (2022) Kat:3, Licht: 0,48343,3,6,3,09,09,4,0,0,0,1,0,0,1,0
"POINT (7.325657458000020 51.499642692000101)",Unfall 48360 (2022) Kat:2, Licht: 2,48360,2,2,4,09,22,6,0,2,0,1,0,0,0,0
"POINT (7.524561453000050 51.482313411000099)",Unfall 48457 (2022) Kat:3, Licht: 0,48457,3,7,0,09,15,2,0,0,0,0,0,1,0,0
"POINT (7.474178890000080 51.457181843999997)",Unfall 48492 (2022) Kat:3, Licht: 0,48492,3,6,2,09,11,4,1,0,0,1,0,0,0,1
"POINT (7.461495536000030 51.508979434000103)",Unfall 48493 (2022) Kat:3, Licht: 0,48493,3,5,1,09,09,2,0,0,1,1,0,0,0,0
"POINT (7.522635955000060 51.504754068000103)",Unfall 48516 (2022) Kat:3, Licht: 0,48516,3,7,0,09,12,4,0,0,0,0,0,1,0,0
"POINT (7.448899007000020 51.441997960999998)",Unfall 48569 (2022) Kat:2, Licht: 0,48569,2,6,2,09,16,6,1,0,0,1,0,0,0,0
"POINT (7.463017139000040 51.580886349000103)",Unfall 48584 (2022) Kat:3, Licht: 0,48584,3,6,2,09,15,7,0,0,0,1,0,0,0,0
"POINT (7.438691384000040 51.490247152000101)",Unfall 48614 (2022) Kat:3, Licht: 0,48614,3,2,3,09,14,1,0,0,1,1,0,0,0,0
"POINT (7.569344533000050 51.507333973000101)",Unfall 48673 (2022) Kat:3, Licht: 0,48673,3,6,2,09,09,5,0,0,0,1,0,0,0,0
"POINT (7.475707074000070 51.538190459000099)",Unfall 48699 (2022) Kat:3, Licht: 0,48699,3,2,3,09,14,7,0,0,0,1,0,0,0,1
"POINT (7.486890433000040 51.523821267000102)",Unfall 48720 (2022) Kat:3, Licht: 2,48720,3,3,5,09,00,4,1,2,1,1,0,0,0,0
"POINT (7.336484710000040 51.519435268999999)",Unfall 48793 (2022) Kat:3, Licht: 0,48793,3,1,8,09,16,2,1,0,0,1,0,0,0,0
"POINT (7.542140049000070 51.522954062000103)",Unfall 48799 (2022) Kat:3, Licht: 1,48799,3,2,6,09,06,4,1,1,0,1,1,0,0,0
"POINT (7.455928929000040 51.533061816000000)",Unfall 48809 (2022) Kat:3, Licht: 1,48809,3,7,0,09,20,4,0,1,0,0,1,0,0,1
"POINT (7.548726789000060 51.492479074000101)",Unfall 48819 (2022) Kat:3, Licht: 0,48819,3,2,1,09,12,1,0,0,0,1,0,1,0,0
"POINT (7.462030966000040 51.521880422000002)",Unfall 48868 (2022) Kat:3, Licht: 0,48868,3,3,5,09,13,5,0,0,0,1,0,0,0,0
"POINT (7.467319876000030 51.525180046999999)",Unfall 48947 (2022) Kat:3, Licht: 0,48947,3,6,3,09,18,7,1,0,1,0,0,0,0,1
"POINT (7.460308196000030 51.526290203000002)",Unfall 48987 (2022) Kat:3, Licht: 0,48987,3,3,5,09,17,4,1,0,0,1,0,0,0,1
"POINT (7.544563844000040 51.523425365999998)",Unfall 49005 (2022) Kat:2, Licht: 1,49005,2,7,0,09,18,1,0,1,1,0,0,0,0,0
"POINT (7.452701214000060 51.523929056999997)",Unfall 49129 (2022) Kat:3, Licht: 2,49129,3,3,5,09,01,7,1,2,0,1,1,0,0,0
"POINT (7.426485342000030 51.512239491000102)",Unfall 49137 (2022) Kat:3, Licht: 0,49137,3,3,5,09,13,7,0,0,1,0,0,1,0,0
"POINT (7.452552031000040 51.523831915000102)",Unfall 49200 (2022) Kat:2, Licht: 0,49200,2,3,5,09,17,4,0,0,0,1,0,0,0,1
"POINT (7.461969250000040 51.510319070000001)",Unfall 49209 (2022) Kat:3, Licht: 2,49209,3,1,9,09,00,2,0,2,0,1,0,0,0,0
"POINT (7.510095822000040 51.487326963999998)",Unfall 49217 (2022) Kat:2, Licht: 2,49217,2,4,6,09,22,6,0,2,0,1,1,0,0,0
"POINT (7.519952839000040 51.504598289000100)",Unfall 49228 (2022) Kat:3, Licht: 0,49228,3,6,3,09,06,3,0,0,0,1,0,0,1,1
"POINT (7.459523562000070 51.511503833000098)",Unfall 49247 (2022) Kat:3, Licht: 2,49247,3,1,0,09,01,7,0,2,0,0,0,0,0,1
"POINT (7.382925718000020 51.548703708000097)",Unfall 49255 (2022) Kat:3, Licht: 2,49255,3,4,6,09,05,4,0,2,0,0,1,0,0,1
"POINT (7.403105325000070 51.564593651999999)",Unfall 49364 (2022) Kat:3, Licht: 0,49364,3,6,2,09,10,5,0,0,0,1,0,0,0,0
"POINT (7.376095070000080 51.515558606000099)",Unfall 49387 (2022) Kat:3, Licht: 0,49387,3,6,2,09,15,4,1,0,0,1,0,0,0,0
"POINT (7.532010518000050 51.488609290000099)",Unfall 49390 (2022) Kat:2, Licht: 0,49390,2,2,5,10,18,7,1,0,0,1,0,0,0,0
"POINT (7.459785532000070 51.524463703999999)",Unfall 49483 (2022) Kat:3, Licht: 0,49483,3,6,1,09,17,2,1,0,0,1,0,0,0,0
"POINT (7.442818699000040 51.494264835000102)",Unfall 49601 (2022) Kat:3, Licht: 2,49601,3,7,0,09,06,7,1,2,0,1,0,0,0,0
"POINT (7.467780477000080 51.509777139999997)",Unfall 49617 (2022) Kat:3, Licht: 0,49617,3,6,2,09,13,1,0,0,0,1,0,1,0,0
"POINT (7.370319189000040 51.521871701000101)",Unfall 49656 (2022) Kat:3, Licht: 2,49656,3,2,6,09,22,4,0,2,0,0,1,0,0,1
"POINT (7.416429554000050 51.481457345000102)",Unfall 49698 (2022) Kat:3, Licht: 2,49698,3,1,0,09,23,1,0,2,0,0,0,0,0,1
"POINT (7.575917308000040 51.504810414000097)",Unfall 49724 (2022) Kat:3, Licht: 2,49724,3,2,4,09,20,5,0,2,0,1,0,0,0,0
"POINT (7.471222250000040 51.526230149000099)",Unfall 49837 (2022) Kat:3, Licht: 0,49837,3,6,3,09,11,5,0,0,0,0,0,1,1,0
"POINT (7.416453423000060 51.536427072999999)",Unfall 49844 (2022) Kat:3, Licht: 0,49844,3,6,2,09,11,3,0,0,0,1,0,0,0,0
"POINT (7.383849611000070 51.549215754999999)",Unfall 49845 (2022) Kat:3, Licht: 0,49845,3,7,0,09,18,6,1,0,0,0,0,0,0,1
"POINT (7.412042729000060 51.590210322000097)",Unfall 49869 (2022) Kat:2, Licht: 0,49869,2,7,8,09,16,2,1,0,0,1,0,0,0,0
"POINT (7.537531363000030 51.542270727000101)",Unfall 49904 (2022) Kat:2, Licht: 0,49904,2,1,8,09,13,1,0,0,0,1,0,0,0,0
"POINT (7.438411628000040 51.490325196000100)",Unfall 49956 (2022) Kat:2, Licht: 0,49956,2,2,5,09,07,2,0,0,0,0,0,0,0,1
"POINT (7.554574317000060 51.511004296000102)",Unfall 49995 (2022) Kat:2, Licht: 2,49995,2,2,4,09,05,5,0,2,0,1,0,1,0,0
"POINT (7.475312345000020 51.537114600999999)",Unfall 49999 (2022) Kat:3, Licht: 0,49999,3,6,2,09,13,7,0,0,0,1,0,0,0,1
"POINT (7.462929042000040 51.510058365000098)",Unfall 50003 (2022) Kat:3, Licht: 0,50003,3,6,2,09,09,4,0,0,0,1,0,0,0,0
"POINT (7.586471389000050 51.505718258999998)",Unfall 50030 (2022) Kat:3, Licht: 0,50030,3,6,2,10,18,7,1,0,0,1,0,0,0,0
"POINT (7.366471856000030 51.581413830000002)",Unfall 50060 (2022) Kat:3, Licht: 2,50060,3,6,1,09,20,5,0,2,0,1,0,0,0,0
"POINT (7.465354377000040 51.509837232999999)",Unfall 50063 (2022) Kat:3, Licht: 2,50063,3,6,2,09,04,1,1,2,0,1,0,0,0,0
"POINT (7.494358655000040 51.503020806000102)",Unfall 50092 (2022) Kat:3, Licht: 0,50092,3,6,2,09,17,1,1,0,0,1,0,0,0,0
"POINT (7.459847395000050 51.470909351000003)",Unfall 50126 (2022) Kat:3, Licht: 0,50126,3,3,5,09,10,4,1,0,0,1,0,0,0,0
"POINT (7.501543744000060 51.493511560000101)",Unfall 50183 (2022) Kat:3, Licht: 0,50183,3,7,9,09,10,6,0,0,0,0,0,1,0,0
"POINT (7.458012487000080 51.530648955000103)",Unfall 50191 (2022) Kat:2, Licht: 0,50191,2,2,5,09,11,6,0,0,0,1,0,0,0,0
"POINT (7.616191350000070 51.532877155999998)",Unfall 50192 (2022) Kat:3, Licht: 0,50192,3,1,6,09,11,7,0,0,0,1,1,0,0,0
"POINT (7.397997833000030 51.472472853000099)",Unfall 50207 (2022) Kat:3, Licht: 0,50207,3,1,8,09,13,4,1,0,0,1,0,0,0,0
"POINT (7.480463260000020 51.478693610000100)",Unfall 50283 (2022) Kat:3, Licht: 2,50283,3,1,8,09,23,7,1,2,0,1,0,0,0,0
"POINT (7.379153070000030 51.508913457000098)",Unfall 50311 (2022) Kat:3, Licht: 0,50311,3,7,0,09,13,5,0,0,1,1,0,0,0,0
"POINT (7.554574317000060 51.511004296000102)",Unfall 50323 (2022) Kat:3, Licht: 2,50323,3,2,5,09,20,4,1,2,0,1,0,0,0,0
"POINT (7.461043938000050 51.524027019000101)",Unfall 50324 (2022) Kat:3, Licht: 0,50324,3,2,9,09,14,2,0,0,0,1,0,0,0,0
"POINT (7.475863250000030 51.499645799000099)",Unfall 50360 (2022) Kat:3, Licht: 0,50360,3,3,3,09,13,5,1,0,0,1,0,0,1,0
"POINT (7.470327061000030 51.521726149000102)",Unfall 50375 (2022) Kat:3, Licht: 2,50375,3,6,2,09,20,2,1,2,0,1,0,0,0,0
"POINT (7.506894145000050 51.479403100000098)",Unfall 50387 (2022) Kat:3, Licht: 0,50387,3,7,0,09,12,7,1,0,1,0,1,0,0,0
"POINT (7.527028614000070 51.486007106999999)",Unfall 50469 (2022) Kat:3, Licht: 2,50469,3,6,2,09,21,3,0,2,0,1,0,0,0,0
"POINT (7.376197148000070 51.550854911000002)",Unfall 50486 (2022) Kat:3, Licht: 0,50486,3,7,0,09,11,4,1,0,0,1,1,0,0,0
"POINT (7.451094008000040 51.523953424000098)",Unfall 50498 (2022) Kat:3, Licht: 0,50498,3,6,2,09,16,7,1,0,0,1,0,0,0,0
"POINT (7.552070706000050 51.493438426000097)",Unfall 50513 (2022) Kat:3, Licht: 0,50513,3,3,5,09,13,6,1,0,0,1,0,0,0,0
"POINT (7.402919663000030 51.564656907000000)",Unfall 50520 (2022) Kat:3, Licht: 0,50520,3,3,5,09,17,3,0,0,0,1,0,0,0,0
"POINT (7.390042098000040 51.511308164000098)",Unfall 50582 (2022) Kat:3, Licht: 0,50582,3,6,3,09,08,4,0,0,0,1,0,0,1,0
"POINT (7.532278411000050 51.488695413000102)",Unfall 50597 (2022) Kat:3, Licht: 0,50597,3,6,2,09,16,3,0,0,0,1,0,0,0,0
"POINT (7.468712589000060 51.509975247000099)",Unfall 50610 (2022) Kat:3, Licht: 0,50610,3,7,2,09,08,5,0,0,0,1,0,0,0,0
"POINT (7.456827800000040 51.454108007000102)",Unfall 50647 (2022) Kat:3, Licht: 0,50647,3,3,5,10,10,2,0,0,0,1,0,0,0,0
"POINT (7.481041168000050 51.501670244000103)",Unfall 50663 (2022) Kat:3, Licht: 0,50663,3,3,5,10,11,2,0,0,1,1,0,0,0,0
"POINT (7.566241875000060 51.497118591000103)",Unfall 50679 (2022) Kat:3, Licht: 0,50679,3,2,2,10,17,5,0,0,1,1,0,0,0,0
"POINT (7.555146715000030 51.493948183999997)",Unfall 50697 (2022) Kat:3, Licht: 0,50697,3,6,0,10,16,3,0,0,0,1,0,0,0,0
"POINT (7.537306472000070 51.565725787000098)",Unfall 50768 (2022) Kat:3, Licht: 0,50768,3,2,4,10,13,4,0,0,0,1,0,0,0,0
"POINT (7.325845294000030 51.498800959999997)",Unfall 50774 (2022) Kat:3, Licht: 0,50774,3,2,5,10,09,3,0,0,0,1,0,0,0,0
"POINT (7.460483848000020 51.524413514999999)",Unfall 50802 (2022) Kat:3, Licht: 0,50802,3,6,2,10,13,6,0,0,0,1,0,0,0,0
"POINT (7.332328920000070 51.496969761999999)",Unfall 50815 (2022) Kat:3, Licht: 0,50815,3,6,2,10,16,6,1,0,0,1,0,0,0,0
"POINT (7.442947770000050 51.512945573000103)",Unfall 50822 (2022) Kat:3, Licht: 1,50822,3,2,5,10,18,1,0,1,0,1,0,0,0,0
"POINT (7.470811278000040 51.525218705999997)",Unfall 50823 (2022) Kat:2, Licht: 2,50823,2,1,9,10,19,2,1,2,0,1,0,0,0,0
"POINT (7.450513754000040 51.499361825999998)",Unfall 50894 (2022) Kat:3, Licht: 0,50894,3,3,5,10,18,4,0,0,0,1,0,0,0,1
"POINT (7.512713407000040 51.518803954000099)",Unfall 50966 (2022) Kat:2, Licht: 2,50966,2,4,6,10,20,4,0,2,0,1,1,0,0,0
"POINT (7.476887621000060 51.518883066000100)",Unfall 50973 (2022) Kat:2, Licht: 2,50973,2,1,0,10,05,3,1,2,0,1,0,0,0,1