WKT,Name,OBJECTID,UKATEGORIE,UTYP1,UART,UMONAT,USTUNDE,UWOCHENTAG,STRZUSTAND,ULICHTVERH,ISTRAD,ISTPKW,ISTFUSS,ISTKRAD,ISTGKFZ,ISTSONSTIG
"POINT (7.451942041000050 51.513436765999998)",Unfall 56246 (2022) Kat:3, Licht: 1,56246,3,3,5,11,07,7,0,1,1,1,0,0,0,0
"POINT (7.447018785000070 51.496816901000003)",Unfall 56269 (2022) Kat:3, Licht: 0,56269,3,3,5,11,13,3,1,0,1,1,0,0,0,0
"POINT (7.324265929000030 51.506620691000101)",Unfall 56366 (2022) Kat:3, Licht: 2,56366,3,2,6,11,18,5,0,2,0,1,1,0,0,0
"POINT (7.460600137000030 51.529097137000100)",Unfall 56372 (2022) Kat:3, Licht: 2,56372,3,3,5,11,17,2,1,2,1,1,0,0,0,0
"POINT (7.502450425000060 51.492280459000000)",Unfall 56405 (2022) Kat:3, Licht: 2,56405,3,4,6,11,17,5,0,2,0,1,1,0,0,0
"POINT (7.479946507000020 51.468680481000000)",Unfall 56414 (2022) Kat:3, Licht: 0,56414,3,3,5,12,14,5,1,0,0,1,0,1,0,0
"POINT (7.451392935000060 51.497859756000103)",Unfall 56430 (2022) Kat:3, Licht: 2,56430,3,6,3,11,16,4,0,2,0,1,0,0,1,0
"POINT (7.462677920000030 51.549432857000099)",Unfall 56453 (2022) Kat:3, Licht: 2,56453,3,7,0,11,18,4,1,2,0,1,0,0,0,1
"POINT (7.422009100000030 51.508143961000002)",Unfall 56496 (2022) Kat:3, Licht: 2,56496,3,2,5,11,04,6,1,2,0,0,0,0,0,1
"POINT (7.361863237000020 51.560476109000000)",Unfall 56510 (2022) Kat:3, Licht: 0,56510,3,6,3,11,08,4,1,0,0,1,0,0,1,0
"POINT (7.468726720000060 51.517200776999999)",Unfall 56534 (2022) Kat:3, Licht: 1,56534,3,2,6,11,07,6,1,1,0,1,1,0,0,0
"POINT (7.397934465000050 51.526335041000003)",Unfall 56564 (2022) Kat:2, Licht: 0,56564,2,3,5,12,14,5,0,0,0,1,0,1,0,0
"POINT (7.460300090000030 51.526325391000100)",Unfall 56577 (2022) Kat:3, Licht: 2,56577,3,4,0,12,19,6,1,2,0,1,1,0,0,0
"POINT (7.475116510000020 51.525383041000097)",Unfall 56600 (2022) Kat:3, Licht: 0,56600,3,2,6,11,14,4,1,0,0,1,1,0,0,0
"POINT (7.558126705000060 51.505516899000000)",Unfall 56605 (2022) Kat:3, Licht: 0,56605,3,6,2,11,09,4,1,0,0,1,0,0,0,0
"POINT (7.456089138000040 51.538363244999999)",Unfall 56609 (2022) Kat:3, Licht: 1,56609,3,7,0,11,16,7,0,1,0,1,1,0,0,0
"POINT (7.487788606000040 51.474324822000000)",Unfall 56614 (2022) Kat:3, Licht: 2,56614,3,2,6,11,05,6,0,2,0,1,1,0,0,0
"POINT (7.462463202000040 51.510146407999997)",Unfall 56627 (2022) Kat:3, Licht: 2,56627,3,5,1,11,18,3,0,2,0,1,0,0,0,0
"POINT (7.479619336000040 51.469943909999998)",Unfall 56667 (2022) Kat:3, Licht: 2,56667,3,6,2,11,17,7,0,2,0,1,0,1,0,0
"POINT (7.538258059000040 51.549339940999999)",Unfall 56686 (2022) Kat:3, Licht: 1,56686,3,4,6,11,16,4,1,1,0,1,1,0,0,0
"POINT (7.609306645000060 51.532125730000097)",Unfall 56692 (2022) Kat:3, Licht: 1,56692,3,4,6,11,07,3,1,1,0,1,1,0,0,0
"POINT (7.376913356000050 51.545777423000096)",Unfall 56699 (2022) Kat:3, Licht: 0,56699,3,4,0,11,15,2,1,0,0,1,1,0,0,0
"POINT (7.485267231000020 51.499016970000099)",Unfall 56709 (2022) Kat:3, Licht: 2,56709,3,4,6,11,06,3,0,2,0,1,1,0,0,0
"POINT (7.504251446000070 51.488002033999997)",Unfall 56718 (2022) Kat:3, Licht: 2,56718,3,3,5,11,19,2,1,2,0,1,0,0,0,0
"POINT (7.504319817000070 51.566855663000098)",Unfall 56756 (2022) Kat:3, Licht: 1,56756,3,6,2,11,07,3,0,1,0,1,0,0,0,0
"POINT (7.375186837000060 51.515916393000097)",Unfall 56799 (2022) Kat:3, Licht: 2,56799,3,3,5,11,17,2,1,2,1,1,0,0,0,0
"POINT (7.504251446000070 51.488002033999997)",Unfall 56808 (2022) Kat:3, Licht: 0,56808,3,6,2,11,14,3,0,0,0,1,0,0,0,0
"POINT (7.503819728000050 51.488684763999998)",Unfall 56837 (2022) Kat:2, Licht: 0,56837,2,2,5,11,15,2,1,0,0,1,0,0,0,0
"POINT (7.514713977000040 51.531905999999999)",Unfall 56906 (2022) Kat:3, Licht: 2,56906,3,1,9,11,17,1,1,2,0,0,0,1,0,0
"POINT (7.587734438000040 51.498654545000100)",Unfall 56920 (2022) Kat:3, Licht: 2,56920,3,7,3,12,07,2,1,2,1,1,0,0,0,0
"POINT (7.475215129000050 51.525362766999997)",Unfall 56925 (2022) Kat:3, Licht: 2,56925,3,7,3,12,00,4,1,2,1,0,0,0,0,0
"POINT (7.438893165000020 51.481808654000098)",Unfall 56963 (2022) Kat:3, Licht: 2,56963,3,2,4,12,19,4,1,2,0,1,0,0,0,0
"POINT (7.387575119000080 51.505255163000101)",Unfall 56968 (2022) Kat:3, Licht: 2,56968,3,6,2,12,06,5,1,2,0,1,0,0,0,1
"POINT (7.557519758000070 51.506948787000098)",Unfall 56973 (2022) Kat:3, Licht: 1,56973,3,3,5,12,16,3,1,1,0,1,0,1,0,0
"POINT (7.529345074000050 51.470804110000103)",Unfall 56995 (2022) Kat:3, Licht: 0,56995,3,6,2,12,11,5,1,0,0,1,0,0,0,0
"POINT (7.553451022000050 51.484088935999999)",Unfall 57036 (2022) Kat:3, Licht: 0,57036,3,5,5,12,10,3,1,0,0,1,0,0,0,0
"POINT (7.555484775000020 51.491134900000098)",Unfall 57039 (2022) Kat:3, Licht: 2,57039,3,1,0,12,21,7,0,2,0,1,0,0,0,0
"POINT (7.463927906000040 51.509990340000101)",Unfall 57045 (2022) Kat:3, Licht: 2,57045,3,6,2,12,16,2,0,2,0,1,0,0,0,0
"POINT (7.484909991000050 51.545271221000100)",Unfall 57104 (2022) Kat:3, Licht: 2,57104,3,7,9,12,02,5,1,2,0,1,0,0,0,0
"POINT (7.392472907000070 51.583000558999998)",Unfall 57175 (2022) Kat:3, Licht: 0,57175,3,6,1,12,15,7,1,0,0,1,0,0,0,0
"POINT (7.517409098000030 51.522657751000096)",Unfall 57220 (2022) Kat:2, Licht: 2,57220,2,1,9,12,18,5,1,2,0,1,0,0,0,0
"POINT (7.444352138000060 51.523990022000099)",Unfall 57248 (2022) Kat:3, Licht: 2,57248,3,6,1,12,07,2,1,2,0,1,0,0,0,0
"POINT (7.377619585000050 51.572291168000000)",Unfall 57259 (2022) Kat:2, Licht: 2,57259,2,2,6,12,08,5,1,2,0,1,1,0,0,0
"POINT (7.393912315000020 51.581119758000099)",Unfall 57296 (2022) Kat:3, Licht: 2,57296,3,6,2,12,17,4,0,2,0,1,0,0,0,0
"POINT (7.439906258000060 51.512932626000101)",Unfall 57309 (2022) Kat:2, Licht: 2,57309,2,6,3,12,20,7,2,2,0,1,0,0,0,1
"POINT (7.544733054000060 51.508814764000100)",Unfall 57325 (2022) Kat:3, Licht: 0,57325,3,6,3,12,08,3,0,0,0,1,0,0,0,0
"POINT (7.546893873000040 51.523556788000100)",Unfall 57329 (2022) Kat:3, Licht: 2,57329,3,4,6,12,16,2,1,2,0,0,1,0,0,1
"POINT (7.485199239000050 51.443129914000103)",Unfall 57372 (2022) Kat:3, Licht: 0,57372,3,1,9,12,15,6,0,0,0,1,0,0,0,0
"POINT (7.340375179000030 51.496895235000103)",Unfall 57373 (2022) Kat:3, Licht: 0,57373,3,2,3,12,14,7,0,0,0,1,0,1,0,0
"POINT (7.444003948000050 51.495386625000002)",Unfall 57379 (2022) Kat:3, Licht: 0,57379,3,2,3,12,14,2,1,0,1,1,0,0,0,0
"POINT (7.443494512000030 51.480481576000003)",Unfall 57415 (2022) Kat:3, Licht: 0,57415,3,6,1,12,15,1,0,0,0,1,0,0,0,0
"POINT (7.506189276000040 51.485803772000097)",Unfall 57432 (2022) Kat:3, Licht: 0,57432,3,3,5,12,14,5,1,0,0,1,0,0,0,0
"POINT (7.492275919000060 51.476010275000100)",Unfall 57451 (2022) Kat:3, Licht: 0,57451,3,6,2,12,15,6,0,0,0,1,0,0,0,0
"POINT (7.361004673000020 51.493627188000097)",Unfall 57454 (2022) Kat:3, Licht: 2,57454,3,6,2,12,07,6,1,2,0,1,0,0,0,0
"POINT (7.560838503000070 51.499063239000101)",Unfall 57501 (2022) Kat:3, Licht: 0,57501,3,4,6,12,10,3,0,0,0,1,1,0,0,0
"POINT (7.435997382000040 51.486684863999997)",Unfall 57609 (2022) Kat:3, Licht: 2,57609,3,2,9,12,23,2,0,2,0,1,0,0,0,0
"POINT (7.467546163000070 51.500685267000101)",Unfall 57705 (2022) Kat:3, Licht: 0,57705,3,5,8,12,10,4,0,0,0,1,0,0,0,0
"POINT (7.446517336000060 51.496777375000100)",Unfall 57708 (2022) Kat:2, Licht: 2,57708,2,2,5,12,07,2,1,2,1,1,0,0,0,0
"POINT (7.368366703000050 51.563931906000100)",Unfall 57721 (2022) Kat:3, Licht: 0,57721,3,2,5,12,10,2,0,0,0,1,0,0,0,0
"POINT (7.363040497000040 51.561521671000001)",Unfall 57728 (2022) Kat:3, Licht: 2,57728,3,2,4,12,17,7,0,2,0,1,0,0,0,0
"POINT (7.561523337000040 51.495197142999999)",Unfall 57737 (2022) Kat:3, Licht: 0,57737,3,2,5,12,14,5,1,0,1,1,0,0,0,0
"POINT (7.546900168000040 51.523540882000098)",Unfall 57787 (2022) Kat:3, Licht: 0,57787,3,2,5,12,08,6,0,0,1,1,0,0,0,0
"POINT (7.360120711000040 51.547111381999997)",Unfall 57817 (2022) Kat:3, Licht: 2,57817,3,3,5,12,19,7,2,2,0,1,0,0,0,1
"POINT (7.544733054000060 51.508814764000100)",Unfall 57868 (2022) Kat:3, Licht: 2,57868,3,7,2,12,08,4,0,2,0,1,0,0,0,1
"POINT (7.460169488000080 51.545235153000100)",Unfall 57911 (2022) Kat:3, Licht: 0,57911,3,3,5,12,08,4,0,0,1,1,0,0,0,0
"POINT (7.468211431000040 51.509895675999999)",Unfall 57952 (2022) Kat:3, Licht: 2,57952,3,2,5,12,21,4,1,2,0,1,0,0,0,0
"POINT (7.448409164000050 51.513206501000099)",Unfall 57990 (2022) Kat:3, Licht: 0,57990,3,6,1,12,12,4,0,0,0,1,0,0,1,0
"POINT (7.459997576000030 51.479936818000098)",Unfall 58000 (2022) Kat:3, Licht: 0,58000,3,3,5,12,15,6,0,0,0,1,0,0,0,0
"POINT (7.401020031000030 51.549371264000101)",Unfall 58068 (2022) Kat:3, Licht: 0,58068,3,6,1,12,14,2,1,0,0,1,0,0,0,0
"POINT (7.498218566000050 51.494131625000101)",Unfall 58075 (2022) Kat:3, Licht: 2,58075,3,3,6,12,18,2,1,2,0,1,1,0,0,0
"POINT (7.487528512000040 51.524034298000103)",Unfall 58088 (2022) Kat:3, Licht: 1,58088,3,1,2,12,16,4,1,1,0,1,0,0,0,0
"POINT (7.399015402000030 51.482547222999997)",Unfall 58121 (2022) Kat:3, Licht: 2,58121,3,6,2,12,21,5,1,2,0,1,0,0,0,0
"POINT (7.437294718000030 51.484943803000100)",Unfall 58140 (2022) Kat:3, Licht: 0,58140,3,3,5,12,12,6,0,0,0,1,0,0,0,0
"POINT (7.615000559000070 51.532759597999998)",Unfall 58152 (2022) Kat:3, Licht: 0,58152,3,6,2,12,10,4,1,0,0,1,0,1,0,0
"POINT (7.467278954000050 51.501523837000001)",Unfall 58161 (2022) Kat:3, Licht: 2,58161,3,2,4,12,19,4,1,2,1,1,0,0,0,0
"POINT (7.482578083000020 51.467979323000101)",Unfall 58170 (2022) Kat:3, Licht: 0,58170,3,6,2,12,10,5,1,0,0,1,0,0,0,0
"POINT (7.367023692000030 51.495945800000101)",Unfall 58204 (2022) Kat:3, Licht: 2,58204,3,6,2,12,17,6,0,2,0,1,0,0,0,0
"POINT (7.401959177000040 51.527130573000100)",Unfall 58279 (2022) Kat:3, Licht: 2,58279,3,2,5,12,17,3,1,2,1,1,0,0,0,0
"POINT (7.379845415000030 51.497767666000101)",Unfall 58313 (2022) Kat:3, Licht: 2,58313,3,6,2,12,17,2,0,2,0,1,0,0,0,0
"POINT (7.379337088000060 51.546837476000100)",Unfall 58349 (2022) Kat:3, Licht: 0,58349,3,4,6,12,11,2,1,0,0,1,1,0,0,0
"POINT (7.561603357000020 51.495232686000101)",Unfall 58368 (2022) Kat:3, Licht: 0,58368,3,4,6,12,09,5,1,0,0,1,1,0,0,0
"POINT (7.459247265000040 51.479476941000001)",Unfall 58424 (2022) Kat:3, Licht: 0,58424,3,7,6,12,11,6,0,0,0,0,1,0,0,1
"POINT (7.527479869000050 51.567041650000100)",Unfall 58431 (2022) Kat:3, Licht: 2,58431,3,6,2,12,18,5,1,2,0,1,0,0,0,0
"POINT (7.472924326000050 51.531260525000100)",Unfall 58437 (2022) Kat:3, Licht: 0,58437,3,6,1,12,15,6,0,0,0,1,0,0,0,0
"POINT (7.378167304000040 51.497719615999998)",Unfall 58470 (2022) Kat:2, Licht: 1,58470,2,6,2,12,16,3,0,1,0,1,0,0,0,0
"POINT (7.368185447000030 51.537297950999999)",Unfall 58480 (2022) Kat:3, Licht: 2,58480,3,6,0,12,22,6,0,2,0,1,0,0,0,0
"POINT (7.468246599000050 51.505574373999998)",Unfall 58522 (2022) Kat:3, Licht: 0,58522,3,2,4,12,14,5,1,0,0,1,0,0,0,0
"POINT (7.464559247000070 51.517900213000097)",Unfall 58524 (2022) Kat:3, Licht: 0,58524,3,3,5,12,13,4,0,0,1,0,0,0,0,1
"POINT (7.511704015000020 51.578443614999998)",Unfall 58563 (2022) Kat:3, Licht: 2,58563,3,6,2,12,00,7,0,2,0,1,0,0,0,0
"POINT (7.476359832000070 51.541164832000000)",Unfall 58606 (2022) Kat:3, Licht: 0,58606,3,2,5,12,14,4,0,0,0,1,0,0,0,0
"POINT (7.459561004000020 51.516783994000001)",Unfall 58609 (2022) Kat:3, Licht: 1,58609,3,7,6,12,17,3,2,1,0,1,1,0,0,0
"POINT (7.366048319000070 51.538898747000097)",Unfall 58696 (2022) Kat:3, Licht: 0,58696,3,1,3,07,18,1,1,0,0,1,0,0,0,0
"POINT (7.482888678000050 51.500447904000097)",Unfall 58895 (2022) Kat:3, Licht: 2,58895,3,3,5,12,18,7,0,2,0,1,0,0,0,0
"POINT (7.568586325000070 51.514593609000002)",Unfall 58919 (2022) Kat:3, Licht: 0,58919,3,6,1,12,12,6,1,0,0,1,0,0,0,0
"POINT (7.550741752000020 51.524024103000002)",Unfall 59085 (2022) Kat:3, Licht: 0,59085,3,6,3,12,11,6,0,0,1,0,0,0,0,1
"POINT (7.392536442000050 51.585139527000102)",Unfall 59108 (2022) Kat:3, Licht: 2,59108,3,6,2,12,06,6,1,2,0,1,0,0,0,0
"POINT (7.470423764000030 51.522225105000103)",Unfall 59253 (2022) Kat:3, Licht: 2,59253,3,6,2,12,20,7,0,2,0,1,0,0,0,0
"POINT (7.466771638000070 51.441901303000101)",Unfall 59403 (2022) Kat:3, Licht: 2,59403,3,6,2,12,20,2,0,2,0,1,0,0,0,0
"POINT (7.508324521000080 51.487795974999997)",Unfall 59421 (2022) Kat:3, Licht: 1,59421,3,6,4,12,16,6,1,1,0,1,0,0,1,0
"POINT (7.587805567000030 51.495288659000003)",Unfall 59492 (2022) Kat:3, Licht: 0,59492,3,1,8,12,14,6,1,0,0,1,0,0,0,0
"POINT (7.469957869000040 51.499581585000001)",Unfall 59549 (2022) Kat:3, Licht: 0,59549,3,1,0,12,10,4,1,0,0,0,0,1,0,0
"POINT (7.459605797000050 51.511463336000098)",Unfall 59554 (2022) Kat:3, Licht: 2,59554,3,6,2,01,21,1,0,2,0,1,0,0,0,0
"POINT (7.458898387000030 51.504486667000002)",Unfall 59610 (2022) Kat:3, Licht: 2,59610,3,2,5,02,07,6,1,2,1,1,0,0,0,0
"POINT (7.363607545000040 51.494568332000000)",Unfall 59655 (2022) Kat:3, Licht: 0,59655,3,1,9,12,08,1,1,0,0,1,0,0,0,0
"POINT (7.495842311000050 51.493835590000103)",Unfall 59730 (2022) Kat:3, Licht: 2,59730,3,1,8,12,18,1,1,2,0,1,0,0,0,0
"POINT (7.614134308000080 51.532689830999999)",Unfall 59796 (2022) Kat:2, Licht: 0,59796,2,1,0,12,10,4,1,0,1,0,0,0,0,0
"POINT (7.457953821000050 51.512216999000003)",Unfall 59801 (2022) Kat:3, Licht: 2,59801,3,6,3,02,20,4,0,2,0,1,0,0,0,0
"POINT (7.500657613000040 51.488213261000098)",Unfall 59835 (2022) Kat:2, Licht: 2,59835,2,7,6,12,20,5,1,2,0,1,1,0,0,0
"POINT (7.409516873000030 51.481251450999999)",Unfall 60069 (2022) Kat:3, Licht: 2,60069,3,4,6,12,17,6,1,2,0,1,1,0,0,0
"POINT (7.494136410000070 51.514239267000100)",Unfall 60121 (2022) Kat:3, Licht: 2,60121,3,6,2,12,19,6,1,2,0,1,0,0,0,0
"POINT (7.447742205000050 51.513029668000101)",Unfall 60128 (2022) Kat:2, Licht: 0,60128,2,4,6,01,16,6,1,0,0,1,1,0,0,0
"POINT (7.482534000000040 51.468103008000099)",Unfall 60214 (2022) Kat:3, Licht: 2,60214,3,7,6,12,18,7,0,2,0,1,1,0,0,0
"POINT (7.498032903000020 51.493563105000099)",Unfall 166266 (2022) Kat:2, Licht: 1,166266,2,7,6,01,16,3,1,1,0,0,1,0,0,1
"POINT (7.387894202000040 51.560500912000101)",Unfall 166591 (2022) Kat:3, Licht: 0,166591,3,3,5,01,09,5,1,0,0,1,0,1,0,0
"POINT (7.335263044000040 51.498962463000098)",Unfall 166730 (2022) Kat:3, Licht: 0,166730,3,7,6,01,16,7,0,0,0,1,1,0,0,0
"POINT (7.365383239000040 51.555067235000102)",Unfall 166736 (2022) Kat:3, Licht: 0,166736,3,6,2,01,10,2,0,0,0,1,0,0,0,0
"POINT (7.536049451000050 51.506210721000102)",Unfall 166764 (2022) Kat:3, Licht: 2,166764,3,2,5,01,06,7,1,2,0,1,0,0,0,0
"POINT (7.454718332000030 51.524722863000100)",Unfall 166823 (2022) Kat:3, Licht: 2,166823,3,3,5,01,07,3,1,2,0,1,0,0,0,0
"POINT (7.537510620000030 51.514980739000102)",Unfall 166831 (2022) Kat:2, Licht: 2,166831,2,1,0,01,20,5,2,2,0,1,0,0,0,0
"POINT (7.499092613000070 51.507556935000103)",Unfall 167192 (2022) Kat:3, Licht: 0,167192,3,3,5,01,12,2,0,0,1,1,0,0,0,0
"POINT (7.508808562000070 51.503135971000098)",Unfall 167318 (2022) Kat:3, Licht: 0,167318,3,7,0,01,13,2,0,0,0,0,1,0,0,1
"POINT (7.457331745000030 51.519968550999998)",Unfall 167393 (2022) Kat:3, Licht: 2,167393,3,4,6,01,22,4,1,2,0,1,1,0,0,0
"POINT (7.456675938000050 51.526792790000101)",Unfall 167459 (2022) Kat:3, Licht: 2,167459,3,5,0,01,00,7,1,2,0,1,0,0,0,1
"POINT (7.467503480000060 51.520761247999999)",Unfall 167705 (2022) Kat:3, Licht: 2,167705,3,4,6,01,22,5,0,2,0,1,1,0,0,0
"POINT (7.551715745000020 51.524633512000001)",Unfall 167718 (2022) Kat:2, Licht: 2,167718,2,4,0,01,07,4,0,2,0,1,1,0,0,0
"POINT (7.453050823000070 51.551806976000101)",Unfall 167783 (2022) Kat:3, Licht: 2,167783,3,7,0,01,22,1,0,2,0,1,0,0,0,0
"POINT (7.454125825000060 51.528195392999997)",Unfall 167797 (2022) Kat:3, Licht: 0,167797,3,3,5,01,13,6,0,0,0,1,0,0,0,0
"POINT (7.377224033000060 51.563329179999997)",Unfall 167874 (2022) Kat:2, Licht: 1,167874,2,2,4,02,17,7,0,1,0,1,0,1,0,0
"POINT (7.549679786000070 51.491271792000099)",Unfall 167917 (2022) Kat:2, Licht: 2,167917,2,2,5,01,19,7,1,2,0,1,0,0,0,0
"POINT (7.378679124000030 51.487637181000103)",Unfall 167992 (2022) Kat:3, Licht: 0,167992,3,3,5,02,13,7,0,0,0,1,0,0,0,0
"POINT (7.528412091000060 51.494813420000099)",Unfall 168041 (2022) Kat:2, Licht: 0,168041,2,2,6,02,16,2,0,0,0,1,1,0,0,0
"POINT (7.409682245000060 51.460709927000003)",Unfall 168050 (2022) Kat:3, Licht: 0,168050,3,1,0,01,09,6,2,0,0,0,0,1,0,0
"POINT (7.449375216000020 51.505217689000098)",Unfall 168093 (2022) Kat:3, Licht: 0,168093,3,3,5,02,12,2,0,0,0,1,0,0,1,0
"POINT (7.468980438000070 51.503219012999999)",Unfall 168099 (2022) Kat:3, Licht: 0,168099,3,5,1,01,10,6,0,0,1,0,0,0,0,1
"POINT (7.438912527000070 51.474730560000097)",Unfall 168106 (2022) Kat:3, Licht: 0,168106,3,7,8,02,16,4,0,0,0,1,0,0,0,0
"POINT (7.547545775000060 51.549018318000002)",Unfall 168113 (2022) Kat:3, Licht: 0,168113,3,3,5,02,15,3,0,0,0,1,0,0,0,0
"POINT (7.527889234000040 51.528053328000098)",Unfall 168157 (2022) Kat:3, Licht: 2,168157,3,3,5,02,05,4,1,2,1,1,0,0,0,0
"POINT (7.457558234000030 51.550302702000103)",Unfall 168182 (2022) Kat:2, Licht: 2,168182,2,3,5,01,19,2,0,2,0,1,0,0,0,1
"POINT (7.523280930000060 51.459320646999998)",Unfall 168191 (2022) Kat:3, Licht: 0,168191,3,7,8,01,18,1,0,0,1,1,0,0,0,0
"POINT (7.504272237000070 51.496761553000098)",Unfall 168192 (2022) Kat:2, Licht: 2,168192,2,1,8,01,17,4,0,2,0,1,0,0,0,0
"POINT (7.420721495000070 51.488575099000101)",Unfall 168215 (2022) Kat:3, Licht: 1,168215,3,2,5,02,07,5,1,1,1,1,0,0,0,0
"POINT (7.441312048000040 51.460422870000102)",Unfall 168232 (2022) Kat:3, Licht: 0,168232,3,1,0,01,15,3,0,0,0,1,0,0,0,1
"POINT (7.346809901000030 51.516512855000002)",Unfall 168241 (2022) Kat:3, Licht: 0,168241,3,3,5,02,14,6,0,0,0,1,0,0,0,0
"POINT (7.446995092000070 51.505243753000101)",Unfall 168257 (2022) Kat:3, Licht: 2,168257,3,6,2,01,18,4,1,2,0,1,0,0,0,0
"POINT (7.534396125000060 51.510147055000097)",Unfall 168289 (2022) Kat:2, Licht: 0,168289,2,7,5,01,13,3,0,0,1,0,0,1,0,0
"POINT (7.456868035000070 51.445464733999998)",Unfall 168311 (2022) Kat:3, Licht: 2,168311,3,4,6,01,18,5,1,2,0,1,1,0,0,0
"POINT (7.508608242000040 51.512059610999998)",Unfall 168313 (2022) Kat:2, Licht: 2,168313,2,3,5,01,18,6,0,2,1,1,0,0,0,0
"POINT (7.463667322000050 51.506862132999998)",Unfall 168370 (2022) Kat:3, Licht: 0,168370,3,1,9,01,08,3,0,0,0,1,0,0,0,0
"POINT (7.499608878000060 51.495829606000001)",Unfall 168381 (2022) Kat:3, Licht: 0,168381,3,3,5,02,13,3,0,0,0,1,0,0,0,1
"POINT (7.488630158000030 51.519950168000001)",Unfall 168403 (2022) Kat:3, Licht: 2,168403,3,2,6,01,20,4,0,2,0,1,1,0,0,0
"POINT (7.494157097000030 51.470210850000100)",Unfall 168429 (2022) Kat:3, Licht: 0,168429,3,3,5,01,13,2,1,0,0,1,0,0,0,0
"POINT (7.447750092000040 51.515287269000098)",Unfall 168476 (2022) Kat:2, Licht: 2,168476,2,2,5,01,07,2,0,2,1,1,0,0,0,0
"POINT (7.453518067000060 51.519342664000099)",Unfall 168493 (2022) Kat:3, Licht: 2,168493,3,2,5,01,17,3,0,2,0,1,0,0,0,1
"POINT (7.473920736000030 51.519915857000100)",Unfall 168521 (2022) Kat:3, Licht: 0,168521,3,6,2,02,11,4,0,0,0,1,0,0,0,1
"POINT (7.465272893000080 51.469354908000099)",Unfall 168541 (2022) Kat:3, Licht: 0,168541,3,6,0,01,10,7,1,0,1,0,0,0,0,0
"POINT (7.473522083000030 51.520766659000103)",Unfall 168553 (2022) Kat:3, Licht: 2,168553,3,2,6,01,18,4,1,2,0,1,1,0,0,0
"POINT (7.473554666000040 51.522489409000102)",Unfall 168641 (2022) Kat:3, Licht: 0,168641,3,7,0,01,15,1,0,0,0,0,0,0,0,1
"POINT (7.453368608000060 51.519988112000100)",Unfall 168648 (2022) Kat:3, Licht: 2,168648,3,7,6,01,21,3,0,2,0,1,1,0,0,0
"POINT (7.461558269000020 51.519947482000099)",Unfall 168659 (2022) Kat:3, Licht: 2,168659,3,6,2,01,18,5,1,2,0,1,0,0,0,0
"POINT (7.428686274000030 51.540888394000000)",Unfall 168682 (2022) Kat:3, Licht: 2,168682,3,3,5,02,20,6,1,2,0,1,0,0,0,0
"POINT (7.380658471000060 51.558996428000100)",Unfall 168696 (2022) Kat:3, Licht: 0,168696,3,6,2,02,14,4,1,0,0,1,0,0,0,0
"POINT (7.442903923000070 51.500811262000099)",Unfall 168701 (2022) Kat:3, Licht: 0,168701,3,6,0,02,15,7,0,0,1,1,0,0,0,0
"POINT (7.333220981000070 51.500015605999998)",Unfall 168731 (2022) Kat:2, Licht: 0,168731,2,7,6,02,17,2,0,0,0,1,1,0,0,0
"POINT (7.459108435000080 51.509115845000103)",Unfall 168772 (2022) Kat:2, Licht: 0,168772,2,2,5,02,17,6,1,0,1,1,0,0,0,0
"POINT (7.580702527000030 51.490097311000099)",Unfall 168787 (2022) Kat:2, Licht: 0,168787,2,1,8,02,10,7,0,0,0,0,0,1,0,0
"POINT (7.452319915000030 51.532530788000003)",Unfall 168788 (2022) Kat:3, Licht: 0,168788,3,6,2,02,14,3,1,0,0,1,0,0,0,1
"POINT (7.428923848000070 51.539887335000103)",Unfall 168794 (2022) Kat:3, Licht: 0,168794,3,6,1,03,07,6,0,0,0,1,0,0,0,0
"POINT (7.480397254000020 51.522942233999999)",Unfall 168832 (2022) Kat:3, Licht: 2,168832,3,7,6,02,18,7,0,2,0,1,1,0,0,0
"POINT (7.519327303000070 51.569340091000100)",Unfall 168851 (2022) Kat:3, Licht: 0,168851,3,4,6,02,14,1,0,0,0,1,1,0,0,0
"POINT (7.332824412000040 51.498908712999999)",Unfall 168866 (2022) Kat:3, Licht: 0,168866,3,4,6,03,10,6,0,0,0,1,1,0,0,0
"POINT (7.449375216000020 51.505217689000098)",Unfall 168878 (2022) Kat:3, Licht: 0,168878,3,3,5,02,17,5,1,0,1,1,0,0,0,0
"POINT (7.382497144000070 51.508512130000000)",Unfall 168897 (2022) Kat:3, Licht: 2,168897,3,7,6,02,22,6,0,2,0,1,1,0,0,0
"POINT (7.453325865000070 51.445372337999999)",Unfall 168952 (2022) Kat:2, Licht: 0,168952,2,1,0,02,13,1,0,0,1,0,0,0,0,0
"POINT (7.505970773000060 51.564750795000101)",Unfall 168955 (2022) Kat:3, Licht: 0,168955,3,6,1,02,14,6,1,0,0,1,0,0,0,0
"POINT (7.564578623000050 51.486843784000001)",Unfall 168972 (2022) Kat:3, Licht: 0,168972,3,3,5,02,07,4,0,0,0,1,0,1,0,0
"POINT (7.482183418000030 51.524882249000001)",Unfall 168989 (2022) Kat:3, Licht: 1,168989,3,1,0,02,17,3,1,1,0,0,0,1,0,0
"POINT (7.413325278000060 51.494239816000103)",Unfall 169056 (2022) Kat:3, Licht: 2,169056,3,7,2,02,23,6,0,2,0,1,0,1,0,0