WKT,Name,OBJECTID,UKATEGORIE,UTYP1,UART,UMONAT,USTUNDE,UWOCHENTAG,STRZUSTAND,ULICHTVERH,ISTRAD,ISTPKW,ISTFUSS,ISTKRAD,ISTGKFZ,ISTSONSTIG
"POINT (7.434425836000060 51.474543761000099)",Unfall 169062 (2022) Kat:3, Licht: 0,169062,3,3,5,03,16,7,0,0,0,1,0,0,0,0
"POINT (7.484886351000060 51.487899214000002)",Unfall 169094 (2022) Kat:3, Licht: 0,169094,3,6,0,02,15,1,0,0,1,0,0,0,0,1
"POINT (7.517362022000040 51.510435696000101)",Unfall 169121 (2022) Kat:3, Licht: 2,169121,3,3,5,02,20,5,1,2,1,1,0,0,0,0
"POINT (7.377773724000060 51.572974170000101)",Unfall 169125 (2022) Kat:3, Licht: 0,169125,3,6,2,03,17,6,0,0,0,1,0,0,0,1
"POINT (7.418534071000070 51.517908718000101)",Unfall 169164 (2022) Kat:2, Licht: 2,169164,2,3,5,02,21,5,1,2,0,1,0,0,0,0
"POINT (7.470329298000020 51.514377035000102)",Unfall 169213 (2022) Kat:3, Licht: 2,169213,3,1,0,03,02,7,0,2,0,0,0,0,0,1
"POINT (7.509317749000050 51.542943305000101)",Unfall 169244 (2022) Kat:2, Licht: 2,169244,2,4,6,03,18,4,0,2,0,0,1,1,0,0
"POINT (7.455262431000050 51.532903373000103)",Unfall 169296 (2022) Kat:3, Licht: 0,169296,3,6,2,02,11,2,1,0,0,1,0,0,0,0
"POINT (7.541004555000030 51.482305719000102)",Unfall 169333 (2022) Kat:2, Licht: 0,169333,2,1,8,02,16,1,0,0,0,1,0,0,0,0
"POINT (7.454125825000060 51.528195392999997)",Unfall 169337 (2022) Kat:3, Licht: 2,169337,3,3,5,02,19,5,1,2,0,1,0,0,0,0
"POINT (7.411303522000030 51.533345206000000)",Unfall 169426 (2022) Kat:3, Licht: 2,169426,3,4,6,02,21,5,1,2,0,1,1,0,0,0
"POINT (7.468446712000060 51.523998316000103)",Unfall 169436 (2022) Kat:3, Licht: 2,169436,3,4,6,02,17,7,0,2,0,1,1,0,0,0
"POINT (7.428601929000020 51.542481666000100)",Unfall 169441 (2022) Kat:2, Licht: 0,169441,2,5,1,03,12,4,0,0,0,1,0,0,0,0
"POINT (7.484801354000070 51.503802911999998)",Unfall 169477 (2022) Kat:3, Licht: 0,169477,3,5,1,03,13,7,0,0,1,1,0,0,0,0
"POINT (7.501616427000040 51.495914598000098)",Unfall 169484 (2022) Kat:2, Licht: 1,169484,2,4,6,02,07,6,1,1,0,1,1,0,0,0
"POINT (7.390389268000040 51.521085438999997)",Unfall 169589 (2022) Kat:3, Licht: 2,169589,3,6,2,02,17,4,1,2,0,1,0,0,0,0
"POINT (7.458888115000040 51.504475851000102)",Unfall 169633 (2022) Kat:3, Licht: 2,169633,3,1,0,02,00,1,0,2,0,0,0,0,0,1
"POINT (7.382489434000040 51.508719951000003)",Unfall 169664 (2022) Kat:3, Licht: 0,169664,3,1,0,02,17,4,0,0,0,0,0,0,0,1
"POINT (7.452857508000020 51.522896033999999)",Unfall 169691 (2022) Kat:3, Licht: 2,169691,3,3,5,03,21,5,0,2,0,1,0,0,0,0
"POINT (7.509761568000040 51.523787281000097)",Unfall 169717 (2022) Kat:3, Licht: 0,169717,3,2,3,03,09,4,0,0,0,1,0,0,0,0
"POINT (7.472429827000040 51.515040472000102)",Unfall 169719 (2022) Kat:3, Licht: 0,169719,3,3,5,03,18,1,0,0,1,1,0,0,0,0
"POINT (7.510475743000030 51.495674392000097)",Unfall 169765 (2022) Kat:2, Licht: 0,169765,2,3,5,03,08,4,0,0,0,1,0,0,0,0
"POINT (7.448104160000070 51.507413217000099)",Unfall 169797 (2022) Kat:3, Licht: 0,169797,3,7,7,03,11,6,0,0,0,0,0,0,0,1
"POINT (7.430549860000040 51.537414383000097)",Unfall 169851 (2022) Kat:3, Licht: 0,169851,3,3,5,03,14,6,0,0,0,1,0,1,0,0
"POINT (7.460207885000050 51.579256310000098)",Unfall 169853 (2022) Kat:3, Licht: 0,169853,3,3,5,03,10,1,0,0,1,1,0,0,0,0
"POINT (7.442847155000040 51.473386884000000)",Unfall 169859 (2022) Kat:3, Licht: 0,169859,3,2,0,03,07,5,0,0,0,0,0,1,0,0
"POINT (7.446672064000040 51.516805408000003)",Unfall 169895 (2022) Kat:3, Licht: 0,169895,3,6,3,03,16,5,0,0,0,0,0,1,1,0
"POINT (7.452839992000070 51.522995368000103)",Unfall 169905 (2022) Kat:3, Licht: 0,169905,3,2,6,03,14,2,0,0,0,1,1,0,0,0
"POINT (7.435986204000070 51.482525687000098)",Unfall 169911 (2022) Kat:3, Licht: 2,169911,3,6,3,03,20,3,0,2,1,1,0,0,0,0
"POINT (7.440600948000050 51.530417274999998)",Unfall 169979 (2022) Kat:3, Licht: 0,169979,3,7,1,03,14,2,0,0,0,1,0,0,1,0
"POINT (7.446643995000040 51.469207206000100)",Unfall 170019 (2022) Kat:3, Licht: 2,170019,3,7,0,03,21,1,0,2,0,1,1,0,0,0
"POINT (7.501666463000050 51.485073720000102)",Unfall 170043 (2022) Kat:3, Licht: 2,170043,3,2,6,03,19,4,0,2,0,1,1,0,0,0
"POINT (7.466622665000050 51.521933315000098)",Unfall 170044 (2022) Kat:3, Licht: 2,170044,3,5,0,03,20,1,0,2,1,0,0,0,0,1
"POINT (7.461558267000040 51.519947482000099)",Unfall 170056 (2022) Kat:3, Licht: 2,170056,3,6,2,03,18,7,0,2,0,1,0,0,0,0
"POINT (7.463082275000030 51.511697076000097)",Unfall 170114 (2022) Kat:3, Licht: 0,170114,3,7,3,03,16,3,0,0,0,1,0,1,0,0
"POINT (7.515252298000060 51.492221202000103)",Unfall 170139 (2022) Kat:3, Licht: 0,170139,3,6,6,03,16,1,0,0,1,0,1,0,0,0
"POINT (7.463609467000030 51.527342154000102)",Unfall 170157 (2022) Kat:2, Licht: 0,170157,2,4,6,03,13,7,0,0,0,1,1,0,0,0
"POINT (7.484779969000040 51.524877575000097)",Unfall 170258 (2022) Kat:3, Licht: 0,170258,3,4,6,03,16,1,0,0,0,0,1,0,0,1
"POINT (7.428686274000030 51.540888394000000)",Unfall 170271 (2022) Kat:3, Licht: 2,170271,3,3,5,03,05,2,1,2,0,1,0,0,0,0
"POINT (7.488691114000060 51.520090721000003)",Unfall 170292 (2022) Kat:3, Licht: 0,170292,3,3,5,03,08,6,0,0,0,1,0,0,0,0
"POINT (7.466670336000050 51.515417034000102)",Unfall 170306 (2022) Kat:3, Licht: 2,170306,3,7,6,03,19,5,0,2,1,0,1,0,0,0
"POINT (7.462710430000070 51.511726643000003)",Unfall 170317 (2022) Kat:3, Licht: 0,170317,3,3,5,03,17,6,0,0,1,1,0,0,0,0
"POINT (7.500819053000040 51.487060643000099)",Unfall 170371 (2022) Kat:3, Licht: 0,170371,3,3,6,03,15,4,0,0,0,1,1,0,0,0
"POINT (7.463557087000030 51.516457251000098)",Unfall 170397 (2022) Kat:3, Licht: 2,170397,3,4,6,03,19,5,0,2,0,1,1,0,0,0
"POINT (7.533996301000060 51.552781392000000)",Unfall 170418 (2022) Kat:3, Licht: 0,170418,3,1,0,03,15,6,0,0,0,0,0,0,0,1
"POINT (7.488186632000070 51.519252522000002)",Unfall 170426 (2022) Kat:3, Licht: 1,170426,3,2,5,03,19,5,0,1,0,1,0,0,0,0
"POINT (7.450662841000050 51.532340521999998)",Unfall 170450 (2022) Kat:3, Licht: 0,170450,3,7,1,03,15,4,0,0,0,1,0,1,0,0
"POINT (7.381968959000060 51.559589817000102)",Unfall 170475 (2022) Kat:3, Licht: 2,170475,3,3,5,03,19,5,0,2,0,1,0,0,0,0
"POINT (7.479961903000060 51.485609397000097)",Unfall 170481 (2022) Kat:3, Licht: 0,170481,3,1,8,03,15,6,0,0,1,0,0,0,0,1
"POINT (7.557975511000050 51.520769440999999)",Unfall 170542 (2022) Kat:3, Licht: 0,170542,3,6,4,03,07,4,0,0,1,1,0,0,0,0
"POINT (7.445525120000070 51.517783098000102)",Unfall 170544 (2022) Kat:3, Licht: 2,170544,3,1,8,03,01,7,0,2,0,1,0,0,0,0
"POINT (7.547679020000030 51.552622670000098)",Unfall 170551 (2022) Kat:3, Licht: 0,170551,3,3,5,03,18,3,0,0,1,1,0,0,0,0
"POINT (7.431457703000040 51.467745872000101)",Unfall 170614 (2022) Kat:3, Licht: 2,170614,3,7,6,03,21,5,0,2,0,1,1,0,0,0
"POINT (7.529650978000060 51.463993356000103)",Unfall 170634 (2022) Kat:2, Licht: 0,170634,2,1,1,03,16,1,0,0,1,1,0,0,0,0
"POINT (7.452857508000020 51.522896033999999)",Unfall 170669 (2022) Kat:3, Licht: 0,170669,3,3,4,03,15,2,0,0,1,1,0,0,0,0
"POINT (7.479300180000050 51.511664596000102)",Unfall 170676 (2022) Kat:3, Licht: 0,170676,3,3,5,03,17,6,0,0,1,1,0,0,0,0
"POINT (7.380791406000070 51.571154363000097)",Unfall 170681 (2022) Kat:3, Licht: 0,170681,3,7,6,03,13,7,0,0,0,1,1,0,0,0
"POINT (7.447439224000050 51.526175775000098)",Unfall 170707 (2022) Kat:2, Licht: 0,170707,2,7,6,03,17,7,0,0,0,1,1,0,0,0
"POINT (7.369209920000060 51.521953011000100)",Unfall 170726 (2022) Kat:3, Licht: 0,170726,3,6,3,03,08,5,0,0,1,1,0,0,0,0
"POINT (7.479082429000070 51.476949821000098)",Unfall 170764 (2022) Kat:3, Licht: 0,170764,3,6,8,04,16,3,0,0,1,0,0,0,0,0
"POINT (7.507858822000060 51.523070157000099)",Unfall 170853 (2022) Kat:3, Licht: 0,170853,3,7,2,04,07,3,0,0,0,1,0,0,0,0
"POINT (7.488380062000030 51.460976330000101)",Unfall 170885 (2022) Kat:3, Licht: 0,170885,3,6,1,03,07,4,0,0,0,1,0,0,0,0
"POINT (7.342276225000030 51.497543243000102)",Unfall 170895 (2022) Kat:3, Licht: 0,170895,3,7,0,03,15,3,0,0,0,0,0,0,0,1
"POINT (7.352454742000020 51.516074050999997)",Unfall 170946 (2022) Kat:3, Licht: 0,170946,3,3,5,03,15,5,1,0,1,1,0,0,0,0
"POINT (7.503719368000080 51.495905452000002)",Unfall 170959 (2022) Kat:3, Licht: 0,170959,3,6,4,04,12,5,0,0,0,1,0,0,1,0
"POINT (7.606885047000050 51.531531008999998)",Unfall 170984 (2022) Kat:3, Licht: 0,170984,3,3,5,04,08,5,0,0,0,1,0,0,0,1
"POINT (7.479316824000020 51.556120378000102)",Unfall 171013 (2022) Kat:3, Licht: 0,171013,3,3,5,04,19,5,0,0,0,1,0,0,0,0
"POINT (7.462997418000040 51.450625658000000)",Unfall 171035 (2022) Kat:3, Licht: 0,171035,3,6,8,04,10,6,0,0,0,0,1,0,1,1
"POINT (7.344327800000030 51.499052546000001)",Unfall 171038 (2022) Kat:3, Licht: 0,171038,3,1,9,04,15,3,0,0,0,1,0,0,0,0
"POINT (7.497226083000040 51.498869667000100)",Unfall 171049 (2022) Kat:2, Licht: 0,171049,2,2,4,04,19,2,0,0,1,1,0,0,0,0
"POINT (7.555291415000060 51.497675362999999)",Unfall 171124 (2022) Kat:3, Licht: 0,171124,3,2,6,04,15,5,1,0,0,1,1,0,0,0
"POINT (7.409369047000040 51.535203353999997)",Unfall 171144 (2022) Kat:3, Licht: 2,171144,3,4,6,04,20,2,1,2,0,1,1,0,0,0
"POINT (7.397580183000060 51.558789487000098)",Unfall 171151 (2022) Kat:3, Licht: 0,171151,3,2,5,03,17,3,0,0,0,1,0,0,0,0
"POINT (7.518611757000030 51.526031322000101)",Unfall 171179 (2022) Kat:3, Licht: 2,171179,3,2,3,04,21,7,0,2,1,1,0,0,0,0
"POINT (7.382907224000060 51.570564368000099)",Unfall 171202 (2022) Kat:3, Licht: 0,171202,3,4,6,03,16,5,1,0,0,1,1,0,0,0
"POINT (7.431227562000060 51.480527309000102)",Unfall 171216 (2022) Kat:3, Licht: 0,171216,3,5,1,04,14,7,0,0,1,1,0,0,0,0
"POINT (7.503775064000020 51.482704544000100)",Unfall 171295 (2022) Kat:3, Licht: 0,171295,3,5,0,04,07,2,0,0,1,1,0,0,0,0
"POINT (7.436716797000030 51.511352792000103)",Unfall 171372 (2022) Kat:3, Licht: 0,171372,3,6,2,04,15,3,0,0,0,1,0,0,0,0
"POINT (7.536049451000050 51.506210721000102)",Unfall 171382 (2022) Kat:2, Licht: 0,171382,2,6,2,04,11,5,0,0,0,1,0,1,0,0
"POINT (7.381268830000070 51.571164727000102)",Unfall 171385 (2022) Kat:3, Licht: 0,171385,3,3,6,04,15,3,0,0,0,1,1,0,0,0
"POINT (7.455329888000050 51.524768747000103)",Unfall 171413 (2022) Kat:3, Licht: 0,171413,3,4,6,04,13,1,0,0,0,1,1,0,0,0
"POINT (7.468604807000080 51.578857248000098)",Unfall 171432 (2022) Kat:3, Licht: 0,171432,3,6,2,04,16,2,0,0,0,1,0,1,0,0
"POINT (7.466501428000070 51.525516912999997)",Unfall 171445 (2022) Kat:3, Licht: 0,171445,3,7,6,04,13,6,1,0,0,1,1,0,0,0
"POINT (7.476875683000060 51.487134518000097)",Unfall 171447 (2022) Kat:3, Licht: 0,171447,3,7,0,03,18,2,0,0,1,1,0,0,0,0
"POINT (7.466217399000070 51.526698280000097)",Unfall 171519 (2022) Kat:2, Licht: 0,171519,2,2,6,04,15,2,0,0,0,1,1,0,0,0
"POINT (7.544421426000040 51.508216085000100)",Unfall 171521 (2022) Kat:3, Licht: 0,171521,3,1,0,04,08,4,0,0,0,0,0,1,0,0
"POINT (7.388632776000070 51.566551797999999)",Unfall 171534 (2022) Kat:3, Licht: 0,171534,3,1,0,04,16,4,0,0,0,1,0,0,0,1
"POINT (7.461788507000050 51.515246937000001)",Unfall 171572 (2022) Kat:3, Licht: 0,171572,3,2,5,04,17,5,0,0,1,1,0,0,0,0
"POINT (7.457825900000050 51.519857444000102)",Unfall 171655 (2022) Kat:3, Licht: 0,171655,3,6,2,04,12,6,0,0,0,1,0,0,0,1
"POINT (7.455704891000040 51.509017094000100)",Unfall 171668 (2022) Kat:3, Licht: 0,171668,3,5,1,03,08,3,0,0,1,1,0,0,0,0
"POINT (7.452498355000050 51.506703536000003)",Unfall 171672 (2022) Kat:3, Licht: 2,171672,3,5,1,04,21,7,0,2,1,1,0,0,0,0
"POINT (7.476246952000050 51.512663988000000)",Unfall 171693 (2022) Kat:3, Licht: 0,171693,3,3,0,03,08,4,0,0,1,1,0,0,0,0
"POINT (7.509252941000060 51.488617154000103)",Unfall 171701 (2022) Kat:3, Licht: 2,171701,3,2,2,04,22,1,0,2,0,1,0,0,0,0
"POINT (7.464632021000060 51.504973260000000)",Unfall 171716 (2022) Kat:2, Licht: 0,171716,2,7,6,03,09,5,1,0,0,1,1,0,0,0
"POINT (7.377252300000070 51.571133009999997)",Unfall 171728 (2022) Kat:3, Licht: 0,171728,3,3,5,04,12,6,0,0,0,1,0,0,0,1
"POINT (7.454635943000030 51.508986254000000)",Unfall 171758 (2022) Kat:3, Licht: 0,171758,3,3,3,04,18,2,0,0,0,1,0,1,0,0
"POINT (7.450035100000040 51.502416418999999)",Unfall 171798 (2022) Kat:3, Licht: 0,171798,3,3,5,04,07,3,0,0,1,1,0,0,0,0
"POINT (7.515257344000080 51.528463291000001)",Unfall 171861 (2022) Kat:3, Licht: 0,171861,3,6,1,05,12,2,0,0,0,1,0,0,0,0
"POINT (7.535850013000070 51.478108263000102)",Unfall 171972 (2022) Kat:2, Licht: 0,171972,2,6,2,05,18,3,0,0,0,1,0,0,0,0
"POINT (7.579670425000070 51.530985083000097)",Unfall 171991 (2022) Kat:3, Licht: 0,171991,3,1,0,04,13,3,0,0,0,0,0,1,0,0
"POINT (7.374030451000070 51.569155776999999)",Unfall 172023 (2022) Kat:2, Licht: 0,172023,2,7,0,04,13,2,0,0,0,1,0,0,0,0
"POINT (7.414297951000040 51.524387861000001)",Unfall 172055 (2022) Kat:3, Licht: 0,172055,3,3,5,05,07,4,0,0,1,0,0,0,0,1
"POINT (7.522738655000070 51.488837169000099)",Unfall 172061 (2022) Kat:3, Licht: 0,172061,3,7,9,05,16,2,0,0,0,1,0,0,0,0
"POINT (7.415443039000020 51.494521254000098)",Unfall 172087 (2022) Kat:2, Licht: 0,172087,2,3,5,04,17,5,0,0,1,1,0,0,0,0
"POINT (7.449756203000050 51.518347437999999)",Unfall 172118 (2022) Kat:2, Licht: 0,172118,2,3,5,04,15,6,0,0,0,1,0,1,0,0
"POINT (7.446357086000030 51.554779256000103)",Unfall 172245 (2022) Kat:2, Licht: 0,172245,2,1,9,05,18,2,0,0,0,1,0,0,0,0
"POINT (7.492949154000030 51.495112080000098)",Unfall 172247 (2022) Kat:3, Licht: 1,172247,3,3,5,04,06,5,0,1,1,1,0,0,0,0
"POINT (7.518746459000060 51.543937598000099)",Unfall 172279 (2022) Kat:3, Licht: 0,172279,3,4,6,05,13,6,0,0,0,1,1,0,0,0
"POINT (7.551995129000030 51.486297661999998)",Unfall 172293 (2022) Kat:3, Licht: 0,172293,3,3,5,05,12,7,0,0,1,1,0,0,0,0
"POINT (7.547157667000020 51.557826853999998)",Unfall 172334 (2022) Kat:3, Licht: 0,172334,3,6,2,05,15,3,0,0,0,1,0,1,0,0
"POINT (7.498122286000070 51.478775968000001)",Unfall 172363 (2022) Kat:2, Licht: 0,172363,2,7,4,05,16,2,0,0,0,1,0,0,0,0
"POINT (7.396917368000060 51.460155368000102)",Unfall 172384 (2022) Kat:3, Licht: 0,172384,3,6,2,04,11,7,0,0,0,1,0,0,0,0
"POINT (7.433552034000060 51.532751690000097)",Unfall 172392 (2022) Kat:3, Licht: 0,172392,3,3,5,04,17,1,0,0,0,1,0,0,0,0
"POINT (7.421375073000040 51.519176072999997)",Unfall 172428 (2022) Kat:3, Licht: 0,172428,3,1,2,04,08,2,1,0,0,1,0,0,0,0
"POINT (7.500645660000030 51.487270148999997)",Unfall 172441 (2022) Kat:3, Licht: 0,172441,3,2,5,05,07,5,0,0,1,1,0,0,0,0
"POINT (7.494276272000040 51.475494782000098)",Unfall 172452 (2022) Kat:3, Licht: 0,172452,3,7,9,05,19,1,0,0,0,1,0,0,0,0
"POINT (7.520539239000070 51.521793860000102)",Unfall 172574 (2022) Kat:3, Licht: 0,172574,3,3,0,05,17,3,0,0,0,1,0,0,0,1
"POINT (7.488161271000020 51.519212629000002)",Unfall 172581 (2022) Kat:3, Licht: 0,172581,3,2,5,04,14,7,0,0,0,1,0,0,0,0
"POINT (7.381747041000040 51.569789601000103)",Unfall 172613 (2022) Kat:3, Licht: 0,172613,3,2,0,05,14,6,0,0,1,1,0,0,0,0
"POINT (7.444529166000050 51.501203267000101)",Unfall 172624 (2022) Kat:3, Licht: 0,172624,3,7,0,05,08,4,0,0,1,1,0,0,0,0
"POINT (7.465752592000060 51.532787308000103)",Unfall 172632 (2022) Kat:3, Licht: 0,172632,3,2,2,04,16,4,0,0,1,1,0,0,0,0
"POINT (7.456607269000070 51.526077187000098)",Unfall 172663 (2022) Kat:3, Licht: 0,172663,3,3,5,05,06,6,0,0,1,1,0,0,0,0
"POINT (7.526626091000030 51.455818886000003)",Unfall 172686 (2022) Kat:3, Licht: 0,172686,3,6,0,05,09,3,0,0,1,0,0,0,0,1
"POINT (7.565393397000040 51.495980121999999)",Unfall 172698 (2022) Kat:3, Licht: 0,172698,3,1,9,05,13,4,0,0,0,1,0,0,0,0
"POINT (7.463654661000020 51.506926225000001)",Unfall 172772 (2022) Kat:3, Licht: 0,172772,3,6,5,05,07,3,0,0,1,1,0,0,0,0
"POINT (7.402126862000050 51.585633168000101)",Unfall 172835 (2022) Kat:2, Licht: 0,172835,2,4,6,05,18,4,0,0,0,0,1,0,1,0
"POINT (7.458435885000030 51.503179337000098)",Unfall 172852 (2022) Kat:3, Licht: 2,172852,3,7,6,05,23,2,1,2,0,0,1,0,1,0
"POINT (7.448353773000060 51.519644956999997)",Unfall 172866 (2022) Kat:3, Licht: 0,172866,3,1,0,05,19,4,0,0,0,0,0,0,0,1
"POINT (7.362242262000050 51.515340393000002)",Unfall 172871 (2022) Kat:3, Licht: 0,172871,3,6,2,05,17,3,0,0,0,1,0,0,0,0
"POINT (7.550994828000060 51.563358493000102)",Unfall 172905 (2022) Kat:3, Licht: 0,172905,3,1,0,05,13,4,0,0,1,0,0,0,0,0
"POINT (7.450589546000060 51.472827195000001)",Unfall 172940 (2022) Kat:3, Licht: 0,172940,3,3,5,05,16,7,0,0,0,1,0,1,0,0
"POINT (7.504396453000030 51.510325072999997)",Unfall 172956 (2022) Kat:3, Licht: 0,172956,3,5,1,05,12,4,0,0,1,1,0,0,0,0
"POINT (7.412984336000020 51.531748880000102)",Unfall 173020 (2022) Kat:3, Licht: 0,173020,3,7,5,05,18,2,1,0,0,1,0,0,0,0
"POINT (7.518160081000080 51.569524446999999)",Unfall 173047 (2022) Kat:3, Licht: 0,173047,3,7,8,05,06,5,0,0,0,1,0,0,0,0
"POINT (7.382913846000060 51.570075217000102)",Unfall 173069 (2022) Kat:3, Licht: 0,173069,3,4,6,05,17,4,0,0,1,0,1,0,0,0
"POINT (7.518882805000030 51.467555679999997)",Unfall 173074 (2022) Kat:3, Licht: 0,173074,3,1,0,05,10,5,0,0,0,1,0,0,1,0
"POINT (7.505540489000050 51.492479361000100)",Unfall 173130 (2022) Kat:2, Licht: 0,173130,2,6,1,05,11,5,0,0,1,1,0,0,0,0
"POINT (7.551394766000040 51.495201557000001)",Unfall 173148 (2022) Kat:2, Licht: 0,173148,2,7,1,05,13,2,0,0,0,1,0,0,0,0
"POINT (7.429630882000030 51.540912594000098)",Unfall 173167 (2022) Kat:3, Licht: 0,173167,3,7,0,05,16,1,0,0,1,0,0,0,0,0
"POINT (7.473537766000050 51.547064846000097)",Unfall 173219 (2022) Kat:3, Licht: 0,173219,3,7,0,05,20,3,0,0,0,0,0,0,0,1
"POINT (7.418525978000050 51.490809429000102)",Unfall 173230 (2022) Kat:3, Licht: 0,173230,3,1,2,05,07,4,0,0,0,1,0,1,0,0
"POINT (7.440924503000080 51.509357567999999)",Unfall 173234 (2022) Kat:3, Licht: 0,173234,3,6,2,05,09,4,0,0,0,0,0,1,0,1
"POINT (7.424669129000050 51.453613556000100)",Unfall 173246 (2022) Kat:2, Licht: 0,173246,2,7,9,05,07,5,1,0,0,1,0,0,0,0
"POINT (7.455964449000020 51.532929451000001)",Unfall 173285 (2022) Kat:3, Licht: 2,173285,3,1,9,05,01,1,0,2,0,1,0,0,0,0
"POINT (7.462721508000070 51.523052737999997)",Unfall 173334 (2022) Kat:3, Licht: 0,173334,3,4,6,05,18,3,0,0,0,1,1,0,0,0
"POINT (7.435610150000060 51.474073243000099)",Unfall 173339 (2022) Kat:3, Licht: 1,173339,3,7,1,05,17,2,1,1,1,1,0,0,0,0
"POINT (7.432070806000070 51.523934837000098)",Unfall 173378 (2022) Kat:3, Licht: 2,173378,3,7,8,05,00,3,1,2,0,1,0,0,0,0
"POINT (7.452371348000040 51.525758011000100)",Unfall 173428 (2022) Kat:3, Licht: 0,173428,3,3,3,05,13,1,0,0,1,0,0,1,0,0
"POINT (7.454706706000020 51.519567917000103)",Unfall 173443 (2022) Kat:3, Licht: 0,173443,3,7,4,05,16,1,0,0,0,1,0,0,0,0
"POINT (7.468119884000030 51.578735244000001)",Unfall 173453 (2022) Kat:3, Licht: 0,173453,3,2,5,05,10,4,0,0,0,1,0,0,0,0
"POINT (7.459087748000060 51.573405492000099)",Unfall 173463 (2022) Kat:2, Licht: 0,173463,2,7,0,05,07,5,0,0,0,1,0,0,0,0
"POINT (7.500109741000070 51.487162648999998)",Unfall 173482 (2022) Kat:3, Licht: 0,173482,3,7,6,05,16,6,1,0,0,1,1,0,0,0
"POINT (7.531405733000040 51.530385674000101)",Unfall 173488 (2022) Kat:3, Licht: 0,173488,3,3,5,05,14,4,0,0,0,1,0,0,0,0
"POINT (7.458094300000030 51.526022539000103)",Unfall 173521 (2022) Kat:3, Licht: 0,173521,3,4,6,05,20,4,0,0,0,1,1,0,0,0
"POINT (7.407475045000070 51.462786531000098)",Unfall 173531 (2022) Kat:3, Licht: 0,173531,3,1,8,05,07,5,1,0,0,1,0,0,0,0
"POINT (7.458506357000030 51.511219834000002)",Unfall 173583 (2022) Kat:3, Licht: 0,173583,3,7,6,05,09,6,0,0,0,1,1,0,0,0
"POINT (7.416988797000040 51.532589889000100)",Unfall 173730 (2022) Kat:3, Licht: 0,173730,3,2,0,05,10,4,0,0,1,0,0,0,0,0
"POINT (7.442803291000080 51.500787327000097)",Unfall 173743 (2022) Kat:3, Licht: 0,173743,3,5,1,05,17,4,0,0,1,1,0,0,0,0
"POINT (7.383266914000050 51.570778921000098)",Unfall 173799 (2022) Kat:3, Licht: 0,173799,3,3,4,05,13,7,0,0,0,0,0,0,0,1
"POINT (7.526968088000050 51.480607585000001)",Unfall 173815 (2022) Kat:3, Licht: 0,173815,3,4,6,05,09,4,0,0,0,1,1,0,0,0
"POINT (7.449375216000020 51.505217689000098)",Unfall 173834 (2022) Kat:3, Licht: 0,173834,3,7,5,05,07,2,0,0,1,1,0,0,0,0
"POINT (7.385534901000030 51.557636815000102)",Unfall 173847 (2022) Kat:3, Licht: 0,173847,3,7,0,05,10,4,0,0,0,0,0,0,0,1
"POINT (7.364400096000050 51.541164410000100)",Unfall 173896 (2022) Kat:2, Licht: 0,173896,2,3,5,06,15,1,0,0,1,1,0,0,0,0
"POINT (7.485910225000050 51.511695202000098)",Unfall 173928 (2022) Kat:2, Licht: 2,173928,2,3,5,06,22,4,1,2,1,1,0,0,0,0
"POINT (7.480758121000060 51.524103203999999)",Unfall 173935 (2022) Kat:3, Licht: 0,173935,3,1,6,05,18,6,0,0,0,0,1,0,0,1
"POINT (7.386901847000050 51.571842082000003)",Unfall 173943 (2022) Kat:3, Licht: 0,173943,3,6,2,06,15,2,0,0,1,1,0,0,0,0
"POINT (7.487824692000060 51.488839161000001)",Unfall 173947 (2022) Kat:2, Licht: 1,173947,2,7,0,06,21,1,0,1,1,0,0,0,0,0
"POINT (7.529938736000080 51.478528967999999)",Unfall 173961 (2022) Kat:3, Licht: 0,173961,3,6,3,06,07,5,0,0,1,1,0,0,0,0
"POINT (7.560082112000030 51.522244835000002)",Unfall 173994 (2022) Kat:3, Licht: 1,173994,3,6,5,06,20,4,1,1,1,1,0,0,0,0
"POINT (7.491785257000060 51.493986963000097)",Unfall 174009 (2022) Kat:3, Licht: 0,174009,3,5,1,06,16,5,0,0,1,1,0,0,0,0
"POINT (7.520833034000020 51.493332768000101)",Unfall 174017 (2022) Kat:3, Licht: 0,174017,3,3,5,06,08,6,0,0,1,0,0,0,1,0
"POINT (7.511190518000030 51.501668983999998)",Unfall 174034 (2022) Kat:2, Licht: 0,174034,2,4,6,05,15,7,0,0,0,1,1,0,0,0
"POINT (7.433736945000020 51.484839948999998)",Unfall 174035 (2022) Kat:3, Licht: 0,174035,3,7,0,06,09,1,0,0,1,0,0,0,0,0
"POINT (7.482233652000050 51.525022609000096)",Unfall 174041 (2022) Kat:3, Licht: 0,174041,3,1,0,06,08,3,0,0,1,0,0,0,0,0
"POINT (7.335241583000030 51.498959368000001)",Unfall 174066 (2022) Kat:3, Licht: 0,174066,3,4,6,06,13,6,0,0,1,0,1,0,0,1