WKT,Name,OBJECTID,UKATEGORIE,UTYP1,UART,UMONAT,USTUNDE,UWOCHENTAG,STRZUSTAND,ULICHTVERH,ISTRAD,ISTPKW,ISTFUSS,ISTKRAD,ISTGKFZ,ISTSONSTIG
"POINT (7.462153806000060 51.514332264000103)",Unfall 174088 (2022) Kat:3, Licht: 0,174088,3,7,6,06,14,3,0,0,0,0,1,0,0,1
"POINT (7.503972297000080 51.566245170999998)",Unfall 174102 (2022) Kat:3, Licht: 0,174102,3,2,5,06,10,4,0,0,1,1,0,0,0,0
"POINT (7.457238901000040 51.522859814000100)",Unfall 174108 (2022) Kat:3, Licht: 0,174108,3,5,0,05,15,3,0,0,1,1,0,0,0,0
"POINT (7.464771192000060 51.514242749000097)",Unfall 174141 (2022) Kat:3, Licht: 0,174141,3,6,6,06,19,3,0,0,0,0,1,0,0,1
"POINT (7.432651610000050 51.484033404999998)",Unfall 174146 (2022) Kat:3, Licht: 0,174146,3,6,6,05,10,6,0,0,1,0,1,0,0,0
"POINT (7.550864702000070 51.559365860000099)",Unfall 174158 (2022) Kat:3, Licht: 0,174158,3,3,5,06,16,1,0,0,1,0,0,0,0,0
"POINT (7.451647086000040 51.530087652000098)",Unfall 174163 (2022) Kat:3, Licht: 0,174163,3,2,5,05,15,7,0,0,1,1,0,0,0,0
"POINT (7.469173246000030 51.527064874000096)",Unfall 174199 (2022) Kat:3, Licht: 0,174199,3,3,5,06,19,2,0,0,1,1,0,0,0,0
"POINT (7.444291948000060 51.457893789000103)",Unfall 174200 (2022) Kat:3, Licht: 0,174200,3,3,5,06,05,6,0,0,0,1,0,0,0,0
"POINT (7.320201761000020 51.520594177000099)",Unfall 174202 (2022) Kat:3, Licht: 0,174202,3,3,5,06,17,2,0,0,1,1,0,0,0,0
"POINT (7.463801289000060 51.506097479000097)",Unfall 174236 (2022) Kat:3, Licht: 2,174236,3,1,0,06,23,4,1,2,0,0,0,1,0,0
"POINT (7.417973390000040 51.512500465000102)",Unfall 174259 (2022) Kat:3, Licht: 0,174259,3,1,0,06,15,7,0,0,1,0,0,0,0,0
"POINT (7.387205397000060 51.545119726000102)",Unfall 174306 (2022) Kat:3, Licht: 0,174306,3,1,0,06,05,1,0,0,1,0,0,0,0,0
"POINT (7.416644812000070 51.529803893000100)",Unfall 174322 (2022) Kat:3, Licht: 0,174322,3,4,6,06,20,6,0,0,1,0,1,0,0,0
"POINT (7.442866114000030 51.486618255000103)",Unfall 174327 (2022) Kat:3, Licht: 0,174327,3,5,0,06,11,7,0,0,1,1,0,0,0,0
"POINT (7.494530289000070 51.518550248000103)",Unfall 174329 (2022) Kat:3, Licht: 1,174329,3,1,1,05,21,3,0,1,0,1,0,1,0,0
"POINT (7.391922573000040 51.561385771000097)",Unfall 174332 (2022) Kat:3, Licht: 0,174332,3,1,8,06,14,2,0,0,0,1,0,0,0,0
"POINT (7.465581687000050 51.520322364000002)",Unfall 174338 (2022) Kat:3, Licht: 0,174338,3,4,6,06,17,3,0,0,0,1,1,0,0,0
"POINT (7.378679124000030 51.487637181000103)",Unfall 174503 (2022) Kat:3, Licht: 0,174503,3,4,6,06,15,4,1,0,0,0,1,0,0,1
"POINT (7.537460097000060 51.498300813000100)",Unfall 174538 (2022) Kat:3, Licht: 0,174538,3,4,6,05,17,7,0,0,0,1,1,0,0,0
"POINT (7.491933961000030 51.523871347000103)",Unfall 174555 (2022) Kat:3, Licht: 0,174555,3,3,5,06,20,3,0,0,1,1,0,0,0,0
"POINT (7.482328486000030 51.525287584000097)",Unfall 174627 (2022) Kat:3, Licht: 0,174627,3,3,5,06,06,4,1,0,1,1,0,0,0,0
"POINT (7.443635038000020 51.455540931000002)",Unfall 174637 (2022) Kat:3, Licht: 0,174637,3,6,3,06,17,4,1,0,1,0,0,0,0,1
"POINT (7.461244898000070 51.531707798000099)",Unfall 174650 (2022) Kat:3, Licht: 0,174650,3,3,5,06,13,6,0,0,0,1,0,0,0,1
"POINT (7.568439206000050 51.501739811999997)",Unfall 174722 (2022) Kat:3, Licht: 2,174722,3,2,4,06,22,3,0,2,0,1,0,0,0,0
"POINT (7.526543708000080 51.494232823000097)",Unfall 174753 (2022) Kat:2, Licht: 0,174753,2,5,1,06,17,1,0,0,0,1,0,1,0,0
"POINT (7.462134141000040 51.499354556000100)",Unfall 174832 (2022) Kat:3, Licht: 0,174832,3,5,9,06,08,6,0,0,0,1,0,0,0,1
"POINT (7.467519566000020 51.515151631000002)",Unfall 174845 (2022) Kat:3, Licht: 0,174845,3,1,0,05,14,2,0,0,1,0,0,0,0,0
"POINT (7.428697193000060 51.540794511999998)",Unfall 174849 (2022) Kat:3, Licht: 0,174849,3,1,9,06,10,3,0,0,0,1,0,0,0,0
"POINT (7.409814049000030 51.460628775000004)",Unfall 174883 (2022) Kat:3, Licht: 0,174883,3,1,0,06,16,4,1,0,1,0,0,0,0,0
"POINT (7.537578118000060 51.529394297000103)",Unfall 174892 (2022) Kat:2, Licht: 0,174892,2,1,1,06,14,1,1,0,0,1,0,1,0,0
"POINT (7.413932357000020 51.532128691000104)",Unfall 174907 (2022) Kat:2, Licht: 0,174907,2,4,6,06,18,6,0,0,0,1,1,0,0,0
"POINT (7.468960898000030 51.514451379999997)",Unfall 174909 (2022) Kat:3, Licht: 0,174909,3,7,6,06,14,4,1,0,1,0,1,0,0,0
"POINT (7.491446400000030 51.506909157999999)",Unfall 174928 (2022) Kat:3, Licht: 0,174928,3,6,3,06,09,5,0,0,1,0,0,0,0,1
"POINT (7.609867884000040 51.534679561000097)",Unfall 174953 (2022) Kat:3, Licht: 0,174953,3,5,1,06,18,1,0,0,1,1,0,0,0,0
"POINT (7.424678286000070 51.473665598000103)",Unfall 174965 (2022) Kat:3, Licht: 0,174965,3,1,7,07,21,6,0,0,0,0,0,0,0,1
"POINT (7.488125595000040 51.486968367000003)",Unfall 174969 (2022) Kat:3, Licht: 0,174969,3,2,5,06,19,2,0,0,0,1,0,0,0,0
"POINT (7.470645836000070 51.582802408000099)",Unfall 174976 (2022) Kat:2, Licht: 0,174976,2,1,0,06,14,1,0,0,0,0,0,1,0,0
"POINT (7.334962770000060 51.498931499999998)",Unfall 175002 (2022) Kat:3, Licht: 0,175002,3,5,0,06,14,3,0,0,0,1,0,0,0,1
"POINT (7.502464705000020 51.520978272999997)",Unfall 175019 (2022) Kat:3, Licht: 0,175019,3,2,0,06,09,3,0,0,1,1,0,0,0,0
"POINT (7.486155656000050 51.524119161000002)",Unfall 175039 (2022) Kat:3, Licht: 0,175039,3,5,1,06,12,7,0,0,0,1,0,0,0,1
"POINT (7.468740834000070 51.516213608999998)",Unfall 175125 (2022) Kat:3, Licht: 0,175125,3,3,0,06,16,4,0,0,1,1,0,0,0,0
"POINT (7.626927488000040 51.533977012999998)",Unfall 175151 (2022) Kat:2, Licht: 2,175151,2,1,1,06,00,4,0,2,0,1,0,1,0,0
"POINT (7.544071972000040 51.528149809000098)",Unfall 175181 (2022) Kat:3, Licht: 0,175181,3,6,4,06,19,2,0,0,1,1,0,0,0,0
"POINT (7.535890556000030 51.478090344000101)",Unfall 175208 (2022) Kat:3, Licht: 0,175208,3,4,6,06,16,5,0,0,0,1,1,0,0,0
"POINT (7.526061125000070 51.550486208999999)",Unfall 175267 (2022) Kat:3, Licht: 2,175267,3,1,6,06,23,5,0,2,1,0,1,0,0,0
"POINT (7.462274139000040 51.515223752000097)",Unfall 175273 (2022) Kat:3, Licht: 1,175273,3,3,5,06,20,5,1,1,0,1,0,0,0,1
"POINT (7.517561524000030 51.493298786000103)",Unfall 175292 (2022) Kat:3, Licht: 0,175292,3,7,0,06,09,3,0,0,0,0,0,0,0,1
"POINT (7.497514089000050 51.484552174999997)",Unfall 175349 (2022) Kat:3, Licht: 0,175349,3,3,5,06,11,4,0,0,1,1,0,0,0,0
"POINT (7.418117922000020 51.529592999999998)",Unfall 175377 (2022) Kat:3, Licht: 0,175377,3,3,5,06,14,6,0,0,0,1,0,0,0,0
"POINT (7.524169527000030 51.569015972000003)",Unfall 175401 (2022) Kat:3, Licht: 0,175401,3,4,6,06,14,3,0,0,0,1,1,0,0,0
"POINT (7.453547241000020 51.518879486000102)",Unfall 175442 (2022) Kat:3, Licht: 2,175442,3,4,6,06,00,5,0,2,0,1,1,0,0,0
"POINT (7.537971184000070 51.531728921000102)",Unfall 175480 (2022) Kat:3, Licht: 0,175480,3,4,0,06,08,3,0,0,0,1,1,0,0,0
"POINT (7.464387918000060 51.529321602000003)",Unfall 175482 (2022) Kat:3, Licht: 2,175482,3,3,5,06,23,5,1,2,0,1,0,0,0,0
"POINT (7.487725131000050 51.516506397999997)",Unfall 175513 (2022) Kat:3, Licht: 0,175513,3,1,0,06,10,6,0,0,0,0,0,0,0,1
"POINT (7.401244022000070 51.531354204000102)",Unfall 175521 (2022) Kat:3, Licht: 0,175521,3,7,6,06,21,1,0,0,0,1,1,0,0,0
"POINT (7.564947960000040 51.577603533000101)",Unfall 175594 (2022) Kat:3, Licht: 0,175594,3,3,5,06,10,4,0,0,0,1,0,0,0,0
"POINT (7.382646827000030 51.572646370000001)",Unfall 175595 (2022) Kat:3, Licht: 0,175595,3,4,6,06,09,6,0,0,1,0,1,0,0,0
"POINT (7.493449670000080 51.464592798000098)",Unfall 175649 (2022) Kat:3, Licht: 0,175649,3,1,0,06,18,3,0,0,0,1,0,0,0,0
"POINT (7.446258076000050 51.501846944000100)",Unfall 175678 (2022) Kat:3, Licht: 0,175678,3,6,0,06,17,3,0,0,1,1,0,0,0,0
"POINT (7.336541883000050 51.499183680999998)",Unfall 175782 (2022) Kat:3, Licht: 0,175782,3,4,6,06,12,7,0,0,0,1,1,0,0,0
"POINT (7.444941448000070 51.527852692000103)",Unfall 175785 (2022) Kat:3, Licht: 0,175785,3,1,9,06,05,2,1,0,0,1,0,0,0,0
"POINT (7.501169730000070 51.510374558000102)",Unfall 175787 (2022) Kat:3, Licht: 0,175787,3,3,5,06,18,7,0,0,1,1,0,0,0,0
"POINT (7.540831249000060 51.552725598000102)",Unfall 175800 (2022) Kat:3, Licht: 0,175800,3,7,0,06,15,5,0,0,0,0,0,0,0,1
"POINT (7.446450482000050 51.517010288999998)",Unfall 175857 (2022) Kat:3, Licht: 0,175857,3,6,4,06,18,2,0,0,1,0,0,0,0,0
"POINT (7.529665913000030 51.510737319000000)",Unfall 175881 (2022) Kat:2, Licht: 0,175881,2,4,6,06,11,5,0,0,0,1,1,0,0,0
"POINT (7.511865604000040 51.545138788000003)",Unfall 175918 (2022) Kat:3, Licht: 0,175918,3,6,2,06,12,6,1,0,0,1,0,0,0,0
"POINT (7.411977604000070 51.526420833000003)",Unfall 175960 (2022) Kat:3, Licht: 0,175960,3,5,6,07,11,3,0,0,0,1,1,0,0,0
"POINT (7.331150357000070 51.500098670000099)",Unfall 175978 (2022) Kat:3, Licht: 0,175978,3,5,0,07,12,3,0,0,1,1,0,0,0,0
"POINT (7.588045355000080 51.528867996000002)",Unfall 175992 (2022) Kat:3, Licht: 0,175992,3,1,5,07,10,6,0,0,1,1,0,0,0,0
"POINT (7.503358167000040 51.512565691000098)",Unfall 175994 (2022) Kat:3, Licht: 0,175994,3,3,4,07,12,7,0,0,1,1,0,0,0,0
"POINT (7.409871232000060 51.531630307000100)",Unfall 175995 (2022) Kat:3, Licht: 0,175995,3,1,0,07,13,3,0,0,0,0,0,1,0,0
"POINT (7.451993039000060 51.527213618000097)",Unfall 176036 (2022) Kat:3, Licht: 0,176036,3,3,0,07,13,5,0,0,1,1,0,0,0,0
"POINT (7.501483804000030 51.559128725000100)",Unfall 176068 (2022) Kat:2, Licht: 2,176068,2,7,0,07,22,6,0,2,0,0,0,0,0,1
"POINT (7.523769015000030 51.499656449000000)",Unfall 176091 (2022) Kat:3, Licht: 0,176091,3,4,6,07,15,4,0,0,0,1,1,0,0,0
"POINT (7.498072114000020 51.487733632000101)",Unfall 176133 (2022) Kat:3, Licht: 0,176133,3,4,6,07,17,2,0,0,0,1,1,0,0,0
"POINT (7.368857053000060 51.562340384000002)",Unfall 176142 (2022) Kat:2, Licht: 0,176142,2,5,9,07,11,1,0,0,0,0,0,1,0,1
"POINT (7.474420797000050 51.549507866000098)",Unfall 176180 (2022) Kat:2, Licht: 0,176180,2,3,5,07,07,5,0,0,0,1,0,1,0,0
"POINT (7.323130717000030 51.510888232000099)",Unfall 176193 (2022) Kat:3, Licht: 0,176193,3,1,6,07,17,6,0,0,0,0,1,1,0,0
"POINT (7.454073361000040 51.515504966000002)",Unfall 176222 (2022) Kat:3, Licht: 2,176222,3,6,3,07,22,6,0,2,0,1,0,0,0,0
"POINT (7.346636622000060 51.494560327000002)",Unfall 176234 (2022) Kat:3, Licht: 0,176234,3,3,5,07,13,5,1,0,0,1,0,1,0,0
"POINT (7.453518067000060 51.519342664000099)",Unfall 176275 (2022) Kat:3, Licht: 0,176275,3,2,3,07,14,1,0,0,0,1,0,0,0,1
"POINT (7.508608242000040 51.512059610999998)",Unfall 176344 (2022) Kat:3, Licht: 0,176344,3,3,5,07,13,1,1,0,0,1,0,0,0,1
"POINT (7.466179055000050 51.501267181999999)",Unfall 176345 (2022) Kat:3, Licht: 0,176345,3,7,3,07,17,5,0,0,0,1,0,1,0,0
"POINT (7.451979325000020 51.512928748000000)",Unfall 176356 (2022) Kat:3, Licht: 0,176356,3,7,4,07,18,6,0,0,1,1,0,0,0,0
"POINT (7.373504783000040 51.519671123000101)",Unfall 176479 (2022) Kat:3, Licht: 1,176479,3,2,4,07,04,4,0,1,0,1,0,1,0,0
"POINT (7.476821310000050 51.543700561000001)",Unfall 176486 (2022) Kat:3, Licht: 0,176486,3,5,1,07,12,6,0,0,0,1,0,0,0,0
"POINT (7.457506219000040 51.521778551000097)",Unfall 176530 (2022) Kat:3, Licht: 2,176530,3,2,6,07,00,5,0,2,0,1,1,0,0,0
"POINT (7.490027948000030 51.506759444000103)",Unfall 176536 (2022) Kat:3, Licht: 0,176536,3,3,5,07,21,7,0,0,1,1,0,0,0,0
"POINT (7.504327418000060 51.484574689000098)",Unfall 176540 (2022) Kat:2, Licht: 0,176540,2,6,4,07,10,2,0,0,0,1,0,0,0,0
"POINT (7.367652554000070 51.544169576999998)",Unfall 176684 (2022) Kat:3, Licht: 0,176684,3,5,1,07,10,3,0,0,1,1,0,0,0,0
"POINT (7.514032833000040 51.506661560000097)",Unfall 176768 (2022) Kat:3, Licht: 0,176768,3,6,4,07,18,5,1,0,1,1,0,0,0,0
"POINT (7.447750092000040 51.515287269000098)",Unfall 176798 (2022) Kat:3, Licht: 0,176798,3,2,5,07,12,5,1,0,1,1,0,0,0,0
"POINT (7.483284808000060 51.511532451000100)",Unfall 176805 (2022) Kat:3, Licht: 0,176805,3,3,5,07,07,2,0,0,0,1,0,0,0,1
"POINT (7.461664318000030 51.519833142000003)",Unfall 176816 (2022) Kat:3, Licht: 0,176816,3,7,6,07,15,6,0,0,0,0,1,0,0,1
"POINT (7.460941150000050 51.515184642000101)",Unfall 176885 (2022) Kat:3, Licht: 0,176885,3,4,6,07,20,6,0,0,0,0,1,0,0,1
"POINT (7.498435869000050 51.495629114000103)",Unfall 176912 (2022) Kat:3, Licht: 0,176912,3,3,5,07,08,3,0,0,0,1,0,0,0,1
"POINT (7.466999182000050 51.513005908000103)",Unfall 176977 (2022) Kat:3, Licht: 0,176977,3,6,2,08,09,6,0,0,0,1,0,0,0,0
"POINT (7.456318044000060 51.528686650000097)",Unfall 177004 (2022) Kat:3, Licht: 0,177004,3,5,1,08,15,4,0,0,1,1,0,0,0,0
"POINT (7.452253809000070 51.525749371000103)",Unfall 177010 (2022) Kat:2, Licht: 0,177010,2,4,0,08,13,5,0,0,0,1,1,0,0,0
"POINT (7.405485397000060 51.540318453000097)",Unfall 177038 (2022) Kat:3, Licht: 0,177038,3,3,5,08,14,3,0,0,0,1,0,0,0,0
"POINT (7.457503985000070 51.509069283000002)",Unfall 177049 (2022) Kat:3, Licht: 0,177049,3,7,0,08,18,3,0,0,1,0,0,0,0,1
"POINT (7.465538208000050 51.495611588000003)",Unfall 177057 (2022) Kat:3, Licht: 0,177057,3,3,5,08,15,4,0,0,1,1,0,0,0,0
"POINT (7.496016105000020 51.503565626000103)",Unfall 177097 (2022) Kat:3, Licht: 2,177097,3,1,0,08,23,5,0,2,0,0,0,0,0,1
"POINT (7.517067706000030 51.544347889999997)",Unfall 177134 (2022) Kat:3, Licht: 0,177134,3,3,0,08,14,6,0,0,1,1,0,0,0,0
"POINT (7.486959893000060 51.503208689000097)",Unfall 177181 (2022) Kat:3, Licht: 1,177181,3,4,6,08,21,4,0,1,0,1,1,0,0,0
"POINT (7.465179196000070 51.501265930000002)",Unfall 177182 (2022) Kat:2, Licht: 0,177182,2,2,6,07,12,7,0,0,0,1,1,0,0,0
"POINT (7.487464738000030 51.548402209000102)",Unfall 177200 (2022) Kat:3, Licht: 0,177200,3,7,0,08,17,2,0,0,0,0,0,0,0,1
"POINT (7.367594176000070 51.507357474999999)",Unfall 177209 (2022) Kat:3, Licht: 0,177209,3,3,5,08,09,4,0,0,0,1,0,1,0,0
"POINT (7.412901273000050 51.464376097000098)",Unfall 177212 (2022) Kat:3, Licht: 0,177212,3,1,0,08,14,1,0,0,0,0,0,1,0,0
"POINT (7.466607000000070 51.535140193000103)",Unfall 177296 (2022) Kat:3, Licht: 0,177296,3,3,5,07,11,6,0,0,0,1,0,0,0,1
"POINT (7.341413476000070 51.506821958000003)",Unfall 177313 (2022) Kat:3, Licht: 0,177313,3,7,6,08,14,2,0,0,0,1,1,0,0,0
"POINT (7.370992324000040 51.555218371000102)",Unfall 177316 (2022) Kat:3, Licht: 0,177316,3,7,6,08,19,3,0,0,1,0,1,0,0,0
"POINT (7.452928125000030 51.494188346000001)",Unfall 177323 (2022) Kat:3, Licht: 2,177323,3,7,0,08,21,7,0,2,0,1,1,0,0,0
"POINT (7.520907470000050 51.493880966000098)",Unfall 177350 (2022) Kat:3, Licht: 0,177350,3,1,0,08,07,6,1,0,1,0,0,0,0,0
"POINT (7.446475294000040 51.516986947000099)",Unfall 177415 (2022) Kat:2, Licht: 0,177415,2,2,5,08,20,3,0,0,0,0,0,1,0,1
"POINT (7.512092892000060 51.505059062000001)",Unfall 177426 (2022) Kat:2, Licht: 0,177426,2,4,6,07,17,5,0,0,1,0,1,0,0,0
"POINT (7.474644888000060 51.554966342000100)",Unfall 177460 (2022) Kat:3, Licht: 0,177460,3,3,5,08,17,2,0,0,1,1,0,0,0,0
"POINT (7.568609726000030 51.492892428000097)",Unfall 177476 (2022) Kat:2, Licht: 0,177476,2,3,0,08,12,4,0,0,1,0,0,0,1,0
"POINT (7.429905789000030 51.490679160000099)",Unfall 177588 (2022) Kat:3, Licht: 0,177588,3,1,0,07,18,1,1,0,1,0,0,0,0,0
"POINT (7.449388037000060 51.512303057000103)",Unfall 177602 (2022) Kat:3, Licht: 0,177602,3,4,6,07,14,7,0,0,1,0,1,0,0,0
"POINT (7.468124680000070 51.515210341000099)",Unfall 177608 (2022) Kat:3, Licht: 0,177608,3,7,6,07,15,4,0,0,1,0,1,0,0,0
"POINT (7.461620986000070 51.502693475999997)",Unfall 177612 (2022) Kat:2, Licht: 0,177612,2,3,5,08,14,2,0,0,0,1,0,0,0,0
"POINT (7.560800938000060 51.515600007000003)",Unfall 177625 (2022) Kat:3, Licht: 0,177625,3,6,4,08,11,5,0,0,1,1,0,0,0,0
"POINT (7.384669966000050 51.552925449999996)",Unfall 177632 (2022) Kat:3, Licht: 0,177632,3,6,2,07,13,5,0,0,0,1,0,0,0,0
"POINT (7.479329673000050 51.512661631000100)",Unfall 177634 (2022) Kat:3, Licht: 0,177634,3,3,5,07,13,7,0,0,0,1,0,0,0,0
"POINT (7.508608242000040 51.512059610999998)",Unfall 177734 (2022) Kat:3, Licht: 0,177734,3,3,0,07,11,7,0,0,1,1,0,0,0,0
"POINT (7.536049451000050 51.506210721000102)",Unfall 177736 (2022) Kat:2, Licht: 0,177736,2,2,5,08,13,2,0,0,0,1,0,0,0,0
"POINT (7.511842028000050 51.524453786999999)",Unfall 177740 (2022) Kat:3, Licht: 0,177740,3,6,2,08,12,3,0,0,0,1,0,0,0,0
"POINT (7.536099993000050 51.506247252999998)",Unfall 177757 (2022) Kat:3, Licht: 0,177757,3,2,4,08,14,1,0,0,0,1,0,0,0,0
"POINT (7.491127603000050 51.550253888999997)",Unfall 177779 (2022) Kat:3, Licht: 0,177779,3,2,5,07,15,4,0,0,0,1,0,0,0,1
"POINT (7.471054031000050 51.521007896000100)",Unfall 177831 (2022) Kat:3, Licht: 0,177831,3,6,2,08,12,2,0,0,0,1,0,0,0,0
"POINT (7.384101415000030 51.572087920999998)",Unfall 177848 (2022) Kat:3, Licht: 0,177848,3,5,0,08,10,3,0,0,1,1,0,0,0,1
"POINT (7.407120337000040 51.457457668000103)",Unfall 177855 (2022) Kat:3, Licht: 0,177855,3,5,0,07,18,5,0,0,1,1,0,0,0,0
"POINT (7.468657138000030 51.512108171000101)",Unfall 177927 (2022) Kat:3, Licht: 0,177927,3,7,0,07,16,6,0,0,0,0,0,0,0,1
"POINT (7.489215668000040 51.506184168000097)",Unfall 177972 (2022) Kat:3, Licht: 0,177972,3,5,1,08,18,3,0,0,1,1,0,0,0,0
"POINT (7.454514273000030 51.525915510000097)",Unfall 178004 (2022) Kat:3, Licht: 2,178004,3,3,5,08,23,3,0,2,0,1,0,0,0,0
"POINT (7.581657011000060 51.522485983000102)",Unfall 178013 (2022) Kat:3, Licht: 0,178013,3,6,2,08,12,1,0,0,1,0,0,0,0,0
"POINT (7.452315668000040 51.525402128000103)",Unfall 178038 (2022) Kat:2, Licht: 0,178038,2,3,5,08,06,5,0,0,1,1,0,0,0,0
"POINT (7.598111185000050 51.528618426999998)",Unfall 178060 (2022) Kat:2, Licht: 0,178060,2,7,0,08,10,1,0,0,1,0,0,0,0,0
"POINT (7.334983341000050 51.500160945000097)",Unfall 178094 (2022) Kat:3, Licht: 0,178094,3,1,0,08,15,5,0,0,1,0,0,0,0,0
"POINT (7.464232543000040 51.515052895000103)",Unfall 178133 (2022) Kat:3, Licht: 0,178133,3,1,6,08,11,6,0,0,0,0,1,1,0,1
"POINT (7.477743615000070 51.520807470000101)",Unfall 178188 (2022) Kat:3, Licht: 0,178188,3,6,1,08,08,2,0,0,0,1,0,0,0,0
"POINT (7.403454684000050 51.523119635000100)",Unfall 178332 (2022) Kat:3, Licht: 0,178332,3,6,2,08,06,6,0,0,0,1,0,0,0,0
"POINT (7.494423284000050 51.547143667000100)",Unfall 178381 (2022) Kat:2, Licht: 0,178381,2,3,5,08,13,6,0,0,0,1,0,1,0,0
"POINT (7.394613571000040 51.586495845000101)",Unfall 178387 (2022) Kat:3, Licht: 0,178387,3,1,4,08,17,7,0,0,1,1,0,0,0,0
"POINT (7.462587507000020 51.575128053000100)",Unfall 178402 (2022) Kat:3, Licht: 0,178402,3,7,1,08,10,3,0,0,0,1,0,0,0,0
"POINT (7.546048098000030 51.547251220000099)",Unfall 178409 (2022) Kat:3, Licht: 2,178409,3,5,1,08,00,7,0,2,0,1,0,0,0,0
"POINT (7.498187967000040 51.480339995000101)",Unfall 178473 (2022) Kat:3, Licht: 1,178473,3,7,0,08,20,3,0,1,0,0,0,0,0,1
"POINT (7.558739044000050 51.474805695999997)",Unfall 178478 (2022) Kat:3, Licht: 0,178478,3,4,0,08,07,2,0,0,0,0,1,1,0,0
"POINT (7.529211744000070 51.549186220000102)",Unfall 178490 (2022) Kat:3, Licht: 0,178490,3,7,0,08,07,5,0,0,0,0,0,1,0,0
"POINT (7.506446224000060 51.522536425000098)",Unfall 178499 (2022) Kat:3, Licht: 0,178499,3,2,3,08,15,2,0,0,1,1,0,0,0,0
"POINT (7.505639839000030 51.496491759999998)",Unfall 178511 (2022) Kat:3, Licht: 0,178511,3,7,6,08,15,6,0,0,0,1,1,0,0,0
"POINT (7.493134828000050 51.470091667000098)",Unfall 178577 (2022) Kat:3, Licht: 0,178577,3,6,6,08,16,6,0,0,0,1,1,0,0,0
"POINT (7.608790284000070 51.532724050000098)",Unfall 178599 (2022) Kat:3, Licht: 0,178599,3,7,1,08,09,3,0,0,0,1,0,0,0,1
"POINT (7.460131702000070 51.509145682000103)",Unfall 178632 (2022) Kat:3, Licht: 0,178632,3,5,1,08,13,5,0,0,1,1,0,0,0,0
"POINT (7.453048774000020 51.513284108999997)",Unfall 178662 (2022) Kat:3, Licht: 0,178662,3,1,0,08,16,6,0,0,0,1,0,0,0,1
"POINT (7.474491637000030 51.484826937000001)",Unfall 178667 (2022) Kat:3, Licht: 0,178667,3,1,0,08,19,1,0,0,0,0,0,0,0,1
"POINT (7.468889915000030 51.550259524000097)",Unfall 178690 (2022) Kat:3, Licht: 0,178690,3,2,5,08,16,7,0,0,0,1,0,0,0,0
"POINT (7.517250820000070 51.510288580000100)",Unfall 178729 (2022) Kat:3, Licht: 0,178729,3,2,5,08,18,4,0,0,1,1,0,0,0,0
"POINT (7.492019604000060 51.513013310000098)",Unfall 178731 (2022) Kat:3, Licht: 0,178731,3,3,5,08,06,6,0,0,1,1,0,0,0,0
"POINT (7.507233554000040 51.496238692000098)",Unfall 178746 (2022) Kat:3, Licht: 0,178746,3,3,0,08,09,2,0,0,0,1,0,0,0,0
"POINT (7.453094110000050 51.521593328000101)",Unfall 178822 (2022) Kat:3, Licht: 2,178822,3,3,5,08,21,7,0,2,1,1,0,0,0,0
"POINT (7.466351499000040 51.461832876000102)",Unfall 178881 (2022) Kat:3, Licht: 0,178881,3,3,5,08,09,5,0,0,1,1,0,0,0,0
"POINT (7.497252139000070 51.495360077000001)",Unfall 178883 (2022) Kat:3, Licht: 0,178883,3,3,5,08,07,6,0,0,0,1,0,0,0,1
"POINT (7.479112433000070 51.551111708000100)",Unfall 178908 (2022) Kat:3, Licht: 2,178908,3,3,5,08,22,6,0,2,0,1,0,0,0,0
"POINT (7.459012549000020 51.544211113000102)",Unfall 178988 (2022) Kat:2, Licht: 0,178988,2,2,5,08,12,4,0,0,0,1,0,1,0,0
"POINT (7.497663708000060 51.498782075000101)",Unfall 179000 (2022) Kat:3, Licht: 0,179000,3,6,2,08,11,3,0,0,0,1,0,0,0,0
"POINT (7.501786991000070 51.520539888000002)",Unfall 179039 (2022) Kat:3, Licht: 0,179039,3,6,2,09,15,5,0,0,0,1,0,0,0,0
"POINT (7.397084235000020 51.530765319000103)",Unfall 179043 (2022) Kat:3, Licht: 0,179043,3,1,1,09,18,7,0,0,1,1,0,0,0,0
"POINT (7.461212540000080 51.464273282000100)",Unfall 179054 (2022) Kat:3, Licht: 0,179054,3,5,1,09,18,2,0,0,1,1,0,0,0,0
"POINT (7.366939014000020 51.507082822000001)",Unfall 179075 (2022) Kat:3, Licht: 0,179075,3,6,2,09,13,6,0,0,0,1,0,0,0,0
"POINT (7.472190379000040 51.501922463000000)",Unfall 179077 (2022) Kat:3, Licht: 0,179077,3,5,1,09,11,7,0,0,0,1,0,0,0,0
"POINT (7.464853550000040 51.520962637000103)",Unfall 179113 (2022) Kat:3, Licht: 0,179113,3,4,0,09,11,2,0,0,1,0,1,0,0,0
"POINT (7.515970539000020 51.495099712000098)",Unfall 179170 (2022) Kat:3, Licht: 0,179170,3,3,6,08,11,4,0,0,0,1,1,0,0,0
"POINT (7.533466283000050 51.505073552000098)",Unfall 179196 (2022) Kat:3, Licht: 0,179196,3,6,4,09,07,5,0,0,1,0,0,0,0,0