WKT,Name,OBJECTID,UKATEGORIE,UTYP1,UART,UMONAT,USTUNDE,UWOCHENTAG,STRZUSTAND,ULICHTVERH,ISTRAD,ISTPKW,ISTFUSS,ISTKRAD,ISTGKFZ,ISTSONSTIG
"POINT (7.547726778000030 51.553792301999998)",Unfall 179279 (2022) Kat:3, Licht: 0,179279,3,6,2,08,14,2,0,0,0,1,0,0,0,0
"POINT (7.621286571000040 51.533468200000101)",Unfall 179303 (2022) Kat:3, Licht: 0,179303,3,2,6,09,14,7,0,0,0,1,1,0,0,0
"POINT (7.464600343000030 51.516559430000001)",Unfall 179306 (2022) Kat:3, Licht: 2,179306,3,7,1,09,20,1,0,2,0,1,0,0,0,1
"POINT (7.444255000000060 51.475623953000103)",Unfall 179323 (2022) Kat:3, Licht: 1,179323,3,3,5,09,06,6,0,1,0,1,0,1,0,0
"POINT (7.506613741000020 51.488384001999997)",Unfall 179358 (2022) Kat:3, Licht: 0,179358,3,2,5,08,08,3,0,0,1,1,0,0,0,0
"POINT (7.473878856000060 51.503590066000100)",Unfall 179370 (2022) Kat:3, Licht: 0,179370,3,4,6,08,16,4,0,0,0,1,1,0,0,0
"POINT (7.518765296000030 51.525087820000103)",Unfall 179395 (2022) Kat:3, Licht: 0,179395,3,6,2,09,17,5,0,0,1,1,0,0,0,0
"POINT (7.462383353000060 51.527871441000102)",Unfall 179466 (2022) Kat:3, Licht: 0,179466,3,3,5,08,17,2,0,0,0,1,0,0,0,0
"POINT (7.543161762000070 51.487162626000000)",Unfall 179494 (2022) Kat:3, Licht: 0,179494,3,7,0,09,11,7,0,0,0,0,0,1,0,0
"POINT (7.538178557000040 51.556891190000002)",Unfall 179512 (2022) Kat:3, Licht: 0,179512,3,7,0,08,10,3,0,0,0,0,0,0,0,1
"POINT (7.594422280000060 51.553669417999998)",Unfall 179514 (2022) Kat:2, Licht: 0,179514,2,4,6,09,15,5,0,0,0,1,1,0,0,0
"POINT (7.377751651000040 51.562707736999997)",Unfall 179523 (2022) Kat:3, Licht: 0,179523,3,2,5,08,15,4,0,0,1,1,0,0,0,0
"POINT (7.539660021000030 51.550442267000101)",Unfall 179532 (2022) Kat:3, Licht: 0,179532,3,3,0,09,19,2,0,0,1,1,0,0,0,0
"POINT (7.462967447000040 51.579729794999999)",Unfall 179541 (2022) Kat:3, Licht: 2,179541,3,2,5,09,23,6,0,2,1,1,0,0,0,0
"POINT (7.466039251000040 51.516222237000100)",Unfall 179568 (2022) Kat:3, Licht: 0,179568,3,6,6,09,13,6,0,0,0,0,1,0,0,1
"POINT (7.508016160000070 51.513252645000101)",Unfall 179666 (2022) Kat:3, Licht: 0,179666,3,7,4,09,09,7,0,0,1,1,0,0,0,0
"POINT (7.337706145000030 51.500294376000099)",Unfall 179741 (2022) Kat:3, Licht: 0,179741,3,3,0,09,12,6,0,0,0,1,0,0,0,0
"POINT (7.504885949000030 51.493906025000101)",Unfall 179759 (2022) Kat:3, Licht: 2,179759,3,6,4,09,22,1,0,2,0,1,0,0,0,0
"POINT (7.320916354000080 51.520844943000000)",Unfall 179784 (2022) Kat:3, Licht: 0,179784,3,2,5,09,18,5,0,0,0,1,0,0,0,0
"POINT (7.488076546000060 51.475491777999999)",Unfall 179792 (2022) Kat:3, Licht: 0,179792,3,7,0,09,16,6,0,0,1,0,0,0,0,0
"POINT (7.464457076000030 51.503011442000101)",Unfall 179793 (2022) Kat:3, Licht: 0,179793,3,3,5,08,16,4,0,0,0,1,0,0,0,0
"POINT (7.338929002000040 51.499363643000002)",Unfall 179901 (2022) Kat:3, Licht: 0,179901,3,3,5,08,14,1,0,0,0,1,0,0,0,0
"POINT (7.569104422000070 51.501104642000001)",Unfall 179959 (2022) Kat:3, Licht: 2,179959,3,1,9,09,05,6,0,2,0,1,0,0,0,0
"POINT (7.460595199000070 51.510143721000098)",Unfall 179985 (2022) Kat:3, Licht: 0,179985,3,3,1,08,18,3,0,0,0,1,0,0,0,0
"POINT (7.368504179000070 51.554237614999998)",Unfall 180016 (2022) Kat:3, Licht: 0,180016,3,7,1,08,16,1,0,0,1,1,0,0,0,0
"POINT (7.383061983000060 51.510656165000100)",Unfall 180065 (2022) Kat:3, Licht: 0,180065,3,3,5,08,18,1,0,0,0,1,0,0,0,1
"POINT (7.542321820000040 51.547139616999999)",Unfall 180076 (2022) Kat:3, Licht: 0,180076,3,3,5,09,10,1,0,0,0,1,0,0,0,0
"POINT (7.474029737000020 51.543810657999998)",Unfall 180131 (2022) Kat:3, Licht: 0,180131,3,3,5,09,09,3,1,0,1,1,0,0,0,0
"POINT (7.458666881000060 51.526225512000103)",Unfall 180164 (2022) Kat:3, Licht: 0,180164,3,2,6,09,19,3,0,0,0,0,1,0,0,1
"POINT (7.362193257000060 51.544135099000101)",Unfall 180170 (2022) Kat:3, Licht: 0,180170,3,6,0,10,16,7,1,0,0,1,0,0,0,0
"POINT (7.511476864000030 51.538426275000099)",Unfall 180204 (2022) Kat:3, Licht: 0,180204,3,6,2,09,13,2,0,0,0,1,0,0,0,0
"POINT (7.413991522000060 51.537950114000097)",Unfall 180217 (2022) Kat:3, Licht: 0,180217,3,2,4,09,17,2,1,0,0,1,0,0,1,0
"POINT (7.403674866000070 51.492942597000102)",Unfall 180247 (2022) Kat:3, Licht: 2,180247,3,3,3,09,05,4,0,2,1,1,0,0,0,0
"POINT (7.469014949000040 51.527045244000099)",Unfall 180301 (2022) Kat:3, Licht: 0,180301,3,7,6,09,12,4,1,0,0,1,1,0,0,0
"POINT (7.512462036000040 51.554853563999998)",Unfall 180306 (2022) Kat:3, Licht: 0,180306,3,4,6,09,18,7,1,0,0,1,1,0,0,0
"POINT (7.544495526000050 51.519665372000098)",Unfall 180310 (2022) Kat:3, Licht: 0,180310,3,4,0,10,17,2,0,0,0,1,1,0,0,0
"POINT (7.591554155000040 51.533852997000103)",Unfall 180379 (2022) Kat:3, Licht: 0,180379,3,5,1,09,13,2,0,0,1,1,0,0,0,0
"POINT (7.469013823000070 51.523931183999998)",Unfall 180411 (2022) Kat:3, Licht: 2,180411,3,6,1,09,19,7,0,2,0,1,0,0,0,0
"POINT (7.456005179000040 51.552526329999999)",Unfall 180431 (2022) Kat:3, Licht: 0,180431,3,5,1,10,10,2,0,0,0,1,1,0,0,0
"POINT (7.411207205000040 51.513935688000103)",Unfall 180466 (2022) Kat:2, Licht: 0,180466,2,3,5,09,13,2,1,0,1,1,0,0,0,0
"POINT (7.484249570000030 51.462055251999999)",Unfall 180467 (2022) Kat:3, Licht: 0,180467,3,3,2,09,10,6,0,0,1,1,0,0,0,0
"POINT (7.508795487000040 51.510404110000103)",Unfall 180488 (2022) Kat:3, Licht: 0,180488,3,7,0,09,09,6,0,0,0,0,0,0,0,1
"POINT (7.488303246000040 51.519435952000002)",Unfall 180493 (2022) Kat:3, Licht: 1,180493,3,7,6,09,19,2,1,1,0,1,1,0,0,0
"POINT (7.382301774000040 51.570487936000099)",Unfall 180591 (2022) Kat:3, Licht: 0,180591,3,6,2,09,12,3,0,0,1,0,0,0,0,0
"POINT (7.480498266000040 51.556126538000100)",Unfall 180592 (2022) Kat:3, Licht: 0,180592,3,3,5,09,05,2,1,0,0,1,0,0,0,0
"POINT (7.510928128000050 51.570541757000100)",Unfall 180659 (2022) Kat:3, Licht: 0,180659,3,3,5,09,08,5,0,0,0,1,0,1,0,0
"POINT (7.465734172000050 51.549515010999997)",Unfall 180679 (2022) Kat:3, Licht: 0,180679,3,3,5,09,07,4,1,0,0,1,0,0,0,0
"POINT (7.507696474000060 51.502659266000101)",Unfall 180731 (2022) Kat:3, Licht: 0,180731,3,7,2,09,16,3,0,0,0,1,0,0,0,0
"POINT (7.480935145000050 51.548222420999998)",Unfall 180836 (2022) Kat:3, Licht: 0,180836,3,5,4,09,13,5,0,0,0,1,0,1,0,0
"POINT (7.483460191000060 51.499212364000101)",Unfall 180917 (2022) Kat:3, Licht: 0,180917,3,4,0,09,18,3,0,0,0,1,1,1,0,0
"POINT (7.372579809000060 51.569742601000002)",Unfall 180919 (2022) Kat:3, Licht: 0,180919,3,7,0,09,13,5,0,0,1,1,0,0,0,0
"POINT (7.369190292000040 51.521999709000099)",Unfall 180926 (2022) Kat:3, Licht: 0,180926,3,2,4,09,17,5,0,0,0,1,0,0,0,1
"POINT (7.454460507000020 51.508979982000000)",Unfall 180927 (2022) Kat:2, Licht: 2,180927,2,1,8,10,00,1,1,2,0,0,0,0,0,1
"POINT (7.471184872000040 51.517231936000002)",Unfall 180950 (2022) Kat:2, Licht: 2,180950,2,1,0,09,00,6,0,2,0,0,0,0,0,1
"POINT (7.362274381000020 51.555751462000003)",Unfall 180989 (2022) Kat:3, Licht: 0,180989,3,4,6,09,10,1,1,0,0,1,1,0,0,0
"POINT (7.450095469000080 51.502418003000102)",Unfall 180991 (2022) Kat:3, Licht: 0,180991,3,1,0,09,09,4,1,0,0,0,0,1,0,0
"POINT (7.369395642000030 51.570010811000003)",Unfall 181038 (2022) Kat:3, Licht: 0,181038,3,3,5,09,13,3,0,0,1,1,0,0,0,0
"POINT (7.442641738000020 51.511770042000101)",Unfall 181078 (2022) Kat:3, Licht: 1,181078,3,5,6,09,19,5,0,1,0,1,1,0,0,0
"POINT (7.451353177000040 51.508873594000100)",Unfall 181134 (2022) Kat:3, Licht: 0,181134,3,3,5,09,08,2,1,0,0,1,0,0,0,0
"POINT (7.547132781000070 51.504781719000100)",Unfall 181144 (2022) Kat:3, Licht: 2,181144,3,2,6,09,06,1,1,2,0,1,1,0,0,0
"POINT (7.454120587000030 51.515279050000103)",Unfall 181167 (2022) Kat:3, Licht: 0,181167,3,3,5,10,15,4,0,0,1,1,0,0,0,0
"POINT (7.580766852000070 51.531938298000100)",Unfall 181194 (2022) Kat:3, Licht: 0,181194,3,3,5,10,16,5,1,0,0,1,0,0,0,0
"POINT (7.439471409000020 51.532893081000097)",Unfall 181222 (2022) Kat:3, Licht: 0,181222,3,3,5,10,11,2,0,0,0,1,0,0,1,0
"POINT (7.487212180000030 51.516293576000102)",Unfall 181287 (2022) Kat:3, Licht: 2,181287,3,5,1,10,20,1,0,2,1,1,0,0,0,0
"POINT (7.325807069000060 51.506809633000003)",Unfall 181298 (2022) Kat:3, Licht: 0,181298,3,3,5,10,14,6,1,0,0,1,0,0,0,0
"POINT (7.378245178000040 51.562300362000002)",Unfall 181400 (2022) Kat:2, Licht: 0,181400,2,7,0,10,13,5,0,0,0,1,0,0,0,0
"POINT (7.381667970000020 51.527198968000100)",Unfall 181403 (2022) Kat:3, Licht: 0,181403,3,4,6,10,16,5,0,0,0,1,1,0,0,0
"POINT (7.489991170000050 51.506916116000099)",Unfall 181436 (2022) Kat:3, Licht: 2,181436,3,1,5,10,20,4,0,2,1,1,0,0,0,0
"POINT (7.557133024000050 51.521697467000102)",Unfall 181488 (2022) Kat:3, Licht: 0,181488,3,2,0,10,15,6,1,0,1,0,0,0,0,0
"POINT (7.422214851000040 51.489538567000103)",Unfall 181510 (2022) Kat:3, Licht: 0,181510,3,5,0,10,11,3,0,0,1,1,0,0,0,0
"POINT (7.450898303000030 51.502439067000097)",Unfall 181577 (2022) Kat:3, Licht: 0,181577,3,5,1,10,16,6,1,0,0,1,0,1,0,0
"POINT (7.451051184000050 51.532407810999999)",Unfall 181595 (2022) Kat:3, Licht: 2,181595,3,3,5,10,21,5,1,2,0,1,0,0,0,0
"POINT (7.449817056000030 51.468295046999998)",Unfall 181611 (2022) Kat:3, Licht: 0,181611,3,4,6,10,15,6,1,0,0,1,1,0,0,0
"POINT (7.524238515000040 51.524544974000001)",Unfall 181648 (2022) Kat:2, Licht: 0,181648,2,3,0,10,15,5,1,0,0,1,0,0,0,0
"POINT (7.502031388000030 51.517194980000099)",Unfall 181655 (2022) Kat:3, Licht: 0,181655,3,5,1,10,15,2,0,0,0,1,0,0,0,0
"POINT (7.427803118000040 51.485275538000103)",Unfall 181695 (2022) Kat:3, Licht: 0,181695,3,6,0,10,10,2,1,0,0,0,0,0,0,1
"POINT (7.512214154000050 51.537317365000000)",Unfall 181702 (2022) Kat:3, Licht: 2,181702,3,2,4,10,05,4,0,2,0,1,0,0,0,0
"POINT (7.513825013000030 51.494781429000099)",Unfall 181745 (2022) Kat:3, Licht: 0,181745,3,3,0,10,15,6,0,0,1,1,0,0,0,0
"POINT (7.492907035000030 51.467554464999999)",Unfall 181746 (2022) Kat:2, Licht: 0,181746,2,7,0,10,12,2,0,0,1,0,0,0,0,1
"POINT (7.615780769000030 51.538409883000000)",Unfall 181784 (2022) Kat:3, Licht: 0,181784,3,3,5,10,07,3,0,0,1,1,0,0,0,0
"POINT (7.481014087000060 51.525458807000099)",Unfall 181786 (2022) Kat:3, Licht: 2,181786,3,7,7,10,19,4,0,2,1,0,0,0,0,0
"POINT (7.444654995000060 51.524452601000100)",Unfall 181798 (2022) Kat:3, Licht: 2,181798,3,1,0,10,05,1,0,2,0,1,0,0,0,0
"POINT (7.483983899000070 51.527266763999997)",Unfall 181806 (2022) Kat:3, Licht: 0,181806,3,4,6,10,13,5,0,0,0,1,1,0,0,0
"POINT (7.489280146000060 51.507771358000099)",Unfall 181813 (2022) Kat:3, Licht: 0,181813,3,6,2,10,12,7,1,0,0,1,0,0,0,0
"POINT (7.466090814000040 51.514885723000098)",Unfall 181842 (2022) Kat:3, Licht: 0,181842,3,7,5,10,16,4,0,0,1,0,0,0,0,0
"POINT (7.508608242000040 51.512059610999998)",Unfall 181886 (2022) Kat:3, Licht: 0,181886,3,3,5,10,12,3,0,0,1,1,0,0,0,0
"POINT (7.515634347000060 51.569620460000102)",Unfall 181897 (2022) Kat:3, Licht: 2,181897,3,2,6,10,19,6,1,2,0,1,1,0,0,0
"POINT (7.598393483000050 51.531388542000101)",Unfall 181907 (2022) Kat:2, Licht: 2,181907,2,5,1,10,22,7,0,2,0,1,0,0,0,0
"POINT (7.344690253000070 51.486916211999997)",Unfall 181964 (2022) Kat:2, Licht: 2,181964,2,1,8,10,22,5,1,2,0,1,0,0,0,0
"POINT (7.517467626000040 51.570914496000100)",Unfall 181990 (2022) Kat:3, Licht: 0,181990,3,1,8,10,07,6,1,0,0,1,0,0,0,0
"POINT (7.373386796000030 51.490905616000099)",Unfall 182001 (2022) Kat:3, Licht: 0,182001,3,1,2,10,15,4,0,0,0,1,0,0,0,0
"POINT (7.435531436000080 51.485696128000001)",Unfall 182011 (2022) Kat:3, Licht: 0,182011,3,6,3,10,10,5,0,0,1,1,0,0,0,0
"POINT (7.361620867000060 51.503328259000099)",Unfall 182021 (2022) Kat:2, Licht: 0,182021,2,4,6,10,08,4,0,0,0,1,1,0,0,0
"POINT (7.492166107000060 51.487576024000099)",Unfall 182048 (2022) Kat:3, Licht: 0,182048,3,7,6,10,17,3,0,0,0,1,1,0,0,0
"POINT (7.416465365000020 51.472786958000000)",Unfall 182087 (2022) Kat:2, Licht: 0,182087,2,2,4,10,17,4,0,0,1,1,0,0,0,0
"POINT (7.503844380000030 51.494030081000098)",Unfall 182098 (2022) Kat:3, Licht: 0,182098,3,6,6,10,10,1,0,0,1,0,1,0,0,0
"POINT (7.540424674000060 51.528440351000000)",Unfall 182125 (2022) Kat:3, Licht: 0,182125,3,4,6,10,11,5,0,0,1,0,1,0,0,0
"POINT (7.506725708000030 51.522643431000098)",Unfall 182127 (2022) Kat:3, Licht: 0,182127,3,6,2,10,13,1,0,0,0,1,0,1,0,0
"POINT (7.479722722000080 51.505215276999998)",Unfall 182147 (2022) Kat:3, Licht: 0,182147,3,4,6,10,13,4,0,0,0,1,1,0,0,0
"POINT (7.594076207000060 51.471851055999998)",Unfall 182149 (2022) Kat:3, Licht: 0,182149,3,5,1,10,14,7,0,0,0,1,0,0,0,0
"POINT (7.397580183000060 51.558789487000098)",Unfall 182173 (2022) Kat:3, Licht: 2,182173,3,2,4,11,07,6,1,2,0,1,0,1,0,0
"POINT (7.440322995000030 51.489545602000099)",Unfall 182177 (2022) Kat:3, Licht: 1,182177,3,5,1,11,07,4,1,1,0,1,0,0,0,0
"POINT (7.453946258000030 51.516589703000101)",Unfall 182183 (2022) Kat:3, Licht: 1,182183,3,2,5,10,07,3,0,1,1,1,0,0,0,0
"POINT (7.521881074000020 51.573321754000098)",Unfall 182204 (2022) Kat:3, Licht: 0,182204,3,2,5,10,14,7,0,0,0,1,0,1,0,0
"POINT (7.511868143000070 51.550031336000103)",Unfall 182231 (2022) Kat:3, Licht: 0,182231,3,3,5,10,17,3,0,0,0,1,0,0,0,0
"POINT (7.486890904000060 51.552183304000003)",Unfall 182252 (2022) Kat:3, Licht: 0,182252,3,4,6,10,17,7,0,0,0,1,1,0,0,0
"POINT (7.466161387000060 51.527063027000104)",Unfall 182289 (2022) Kat:3, Licht: 2,182289,3,7,1,10,21,6,0,2,1,1,0,0,0,0
"POINT (7.446924450000040 51.511011598000003)",Unfall 182295 (2022) Kat:3, Licht: 0,182295,3,2,4,10,16,4,0,0,1,1,0,0,0,0
"POINT (7.461732888000030 51.514328502000097)",Unfall 182388 (2022) Kat:3, Licht: 0,182388,3,7,6,11,10,6,0,0,0,0,1,0,0,1
"POINT (7.380608848000070 51.559076804000000)",Unfall 182394 (2022) Kat:3, Licht: 0,182394,3,2,5,10,09,1,0,0,0,1,0,0,0,0
"POINT (7.446600531000060 51.542603830000097)",Unfall 182405 (2022) Kat:3, Licht: 0,182405,3,1,4,10,15,4,0,0,0,1,0,0,0,0
"POINT (7.458456671000020 51.466431315000101)",Unfall 182453 (2022) Kat:2, Licht: 0,182453,2,2,6,11,09,7,1,0,0,1,1,0,0,0
"POINT (7.530137820000050 51.521143042000098)",Unfall 182460 (2022) Kat:3, Licht: 1,182460,3,3,5,11,07,6,1,1,0,1,0,1,0,0
"POINT (7.400130807000040 51.460690667999998)",Unfall 182641 (2022) Kat:2, Licht: 2,182641,2,1,8,11,16,3,0,2,0,1,0,0,0,0
"POINT (7.397894014000030 51.557391178000003)",Unfall 182689 (2022) Kat:3, Licht: 1,182689,3,2,5,10,06,3,1,1,0,1,0,1,0,0
"POINT (7.536112014000030 51.506255942000102)",Unfall 182691 (2022) Kat:3, Licht: 0,182691,3,3,4,11,07,3,0,0,0,1,0,0,0,0
"POINT (7.485386385000030 51.512874548000099)",Unfall 182740 (2022) Kat:3, Licht: 0,182740,3,6,4,10,16,6,0,0,1,1,0,0,0,0
"POINT (7.418856894000040 51.490648270000101)",Unfall 182753 (2022) Kat:3, Licht: 0,182753,3,1,0,11,09,5,0,0,1,0,0,0,0,0
"POINT (7.467051708000040 51.549691830000000)",Unfall 182764 (2022) Kat:3, Licht: 2,182764,3,6,1,11,17,6,0,2,0,1,0,0,0,0
"POINT (7.476190468000030 51.506957686000099)",Unfall 182767 (2022) Kat:3, Licht: 1,182767,3,4,6,11,16,5,0,1,0,1,1,0,0,0
"POINT (7.498272254000030 51.498652749000001)",Unfall 182799 (2022) Kat:2, Licht: 1,182799,2,2,6,11,17,4,0,1,0,0,1,0,1,0
"POINT (7.463704453000050 51.515091097999999)",Unfall 182819 (2022) Kat:3, Licht: 0,182819,3,7,0,11,09,3,0,0,1,0,0,0,0,0
"POINT (7.462305287000050 51.513767078000100)",Unfall 182834 (2022) Kat:3, Licht: 2,182834,3,7,0,10,04,1,0,2,0,0,0,0,0,1
"POINT (7.463553102000050 51.527198083000002)",Unfall 182838 (2022) Kat:3, Licht: 0,182838,3,3,5,10,17,2,1,0,1,0,0,0,0,1
"POINT (7.457397875000030 51.510356190000003)",Unfall 182873 (2022) Kat:3, Licht: 0,182873,3,1,6,10,15,7,0,0,0,1,1,0,0,0
"POINT (7.506790319000060 51.493144434999998)",Unfall 182890 (2022) Kat:3, Licht: 0,182890,3,7,0,11,15,3,0,0,1,0,0,0,0,1
"POINT (7.387110435000070 51.566095027000102)",Unfall 182900 (2022) Kat:3, Licht: 0,182900,3,3,5,11,11,5,0,0,1,1,0,0,0,0
"POINT (7.358863157000030 51.518844170000101)",Unfall 182940 (2022) Kat:3, Licht: 2,182940,3,1,0,11,04,3,1,2,1,0,0,0,0,0
"POINT (7.392124054000020 51.563031011000099)",Unfall 182954 (2022) Kat:3, Licht: 0,182954,3,7,8,11,06,6,2,0,1,0,0,0,0,0
"POINT (7.573824318000050 51.577369093000101)",Unfall 183013 (2022) Kat:3, Licht: 2,183013,3,6,4,11,17,5,0,2,1,0,0,1,0,0
"POINT (7.592975009000040 51.496187878999997)",Unfall 183025 (2022) Kat:2, Licht: 0,183025,2,1,2,10,07,2,0,0,0,1,0,0,0,1
"POINT (7.447128826000040 51.516244090999997)",Unfall 183112 (2022) Kat:2, Licht: 2,183112,2,7,5,11,17,5,1,2,1,1,0,0,0,0
"POINT (7.449375216000020 51.505217689000098)",Unfall 183193 (2022) Kat:3, Licht: 0,183193,3,3,5,10,12,1,0,0,1,1,0,0,0,0
"POINT (7.500806344000070 51.479598099000000)",Unfall 183213 (2022) Kat:3, Licht: 1,183213,3,2,5,11,07,6,1,1,0,1,0,0,0,0
"POINT (7.336914808000070 51.499246739999997)",Unfall 183237 (2022) Kat:3, Licht: 0,183237,3,1,3,11,14,2,1,0,0,0,0,0,0,1
"POINT (7.466703354000060 51.512920504000100)",Unfall 183242 (2022) Kat:3, Licht: 2,183242,3,1,6,11,19,4,0,2,0,1,1,0,0,0
"POINT (7.455555987000030 51.526001459000000)",Unfall 183268 (2022) Kat:3, Licht: 2,183268,3,3,5,11,21,6,1,2,0,1,0,0,0,0
"POINT (7.475997612000070 51.504244923999998)",Unfall 183269 (2022) Kat:3, Licht: 2,183269,3,3,5,11,17,4,0,2,1,1,0,0,0,0
"POINT (7.432653931000060 51.475415783000102)",Unfall 183310 (2022) Kat:3, Licht: 0,183310,3,4,0,11,11,4,0,0,1,0,1,0,0,0
"POINT (7.456373734000070 51.515251007000103)",Unfall 183479 (2022) Kat:3, Licht: 0,183479,3,1,6,12,19,1,0,0,0,1,1,0,0,0
"POINT (7.379055551000020 51.528230221000101)",Unfall 183500 (2022) Kat:3, Licht: 0,183500,3,7,0,11,11,2,1,0,0,0,0,0,0,1
"POINT (7.451791411000040 51.498094362000103)",Unfall 183513 (2022) Kat:3, Licht: 0,183513,3,7,5,11,15,5,0,0,1,1,0,0,0,0
"POINT (7.487360772000050 51.527249110000099)",Unfall 183516 (2022) Kat:3, Licht: 0,183516,3,4,6,11,13,6,1,0,0,1,1,0,0,0
"POINT (7.508819458000060 51.495984681000003)",Unfall 183553 (2022) Kat:3, Licht: 0,183553,3,5,1,12,11,6,0,0,1,0,0,0,0,1
"POINT (7.449375216000020 51.505217689000098)",Unfall 183601 (2022) Kat:3, Licht: 2,183601,3,3,5,11,06,5,1,2,0,1,0,0,0,0
"POINT (7.488185394000030 51.512649532000097)",Unfall 183632 (2022) Kat:3, Licht: 2,183632,3,4,6,11,17,6,1,2,0,1,0,0,0,1
"POINT (7.501092281000070 51.520426329000003)",Unfall 183634 (2022) Kat:3, Licht: 1,183634,3,3,5,11,15,2,0,1,0,1,0,0,0,0
"POINT (7.515418950000030 51.569613456000098)",Unfall 183636 (2022) Kat:3, Licht: 0,183636,3,3,5,11,08,5,1,0,1,1,0,0,0,0
"POINT (7.464776908000030 51.504998129999997)",Unfall 183647 (2022) Kat:3, Licht: 0,183647,3,2,6,11,08,5,1,0,0,1,1,0,0,0
"POINT (7.412630166000040 51.469769310000103)",Unfall 183649 (2022) Kat:3, Licht: 1,183649,3,3,5,12,07,1,0,1,0,1,0,0,0,0
"POINT (7.541091162000040 51.557184908000103)",Unfall 183651 (2022) Kat:3, Licht: 0,183651,3,7,0,12,14,5,0,0,0,1,0,0,0,1
"POINT (7.479380894000030 51.513431642999997)",Unfall 183706 (2022) Kat:2, Licht: 1,183706,2,7,0,11,07,2,1,1,0,0,0,1,0,0
"POINT (7.563014338000070 51.577157939000102)",Unfall 183716 (2022) Kat:3, Licht: 0,183716,3,3,5,11,15,4,1,0,1,1,0,0,0,0
"POINT (7.449092420000060 51.515401016000098)",Unfall 183733 (2022) Kat:3, Licht: 2,183733,3,3,6,11,07,2,0,2,0,1,1,0,0,0
"POINT (7.517999798000060 51.525951212999999)",Unfall 183742 (2022) Kat:2, Licht: 2,183742,2,2,5,12,18,5,0,2,0,1,0,0,0,0
"POINT (7.473608040000040 51.544717427000101)",Unfall 183761 (2022) Kat:2, Licht: 2,183761,2,7,8,11,22,7,0,2,0,1,0,0,0,0
"POINT (7.449879793000040 51.502412180000100)",Unfall 183764 (2022) Kat:3, Licht: 2,183764,3,3,5,11,19,6,1,2,1,1,0,0,0,0
"POINT (7.417174027000040 51.490929833000102)",Unfall 183787 (2022) Kat:3, Licht: 1,183787,3,3,5,11,07,6,0,1,1,1,0,0,0,0
"POINT (7.432932601000060 51.510968628999997)",Unfall 183896 (2022) Kat:3, Licht: 0,183896,3,1,4,11,08,2,0,0,1,1,0,0,0,0
"POINT (7.515259297000060 51.492221216000097)",Unfall 183937 (2022) Kat:2, Licht: 2,183937,2,7,6,11,17,7,0,2,1,0,1,0,0,0
"POINT (7.349433306000040 51.498733528000102)",Unfall 183962 (2022) Kat:3, Licht: 1,183962,3,7,6,12,06,5,1,1,0,1,1,0,0,0
"POINT (7.468219497000060 51.509832655000103)",Unfall 183978 (2022) Kat:3, Licht: 2,183978,3,2,3,11,16,1,1,2,1,1,0,0,0,0
"POINT (7.400487736000060 51.500037562000003)",Unfall 183990 (2022) Kat:3, Licht: 0,183990,3,3,5,12,11,6,0,0,0,1,0,0,0,0
"POINT (7.493392510000040 51.524479258000000)",Unfall 184023 (2022) Kat:3, Licht: 0,184023,3,3,5,11,14,5,1,0,0,1,0,0,0,0
"POINT (7.516814969000050 51.544409452000103)",Unfall 184035 (2022) Kat:3, Licht: 0,184035,3,1,2,11,10,6,1,0,0,1,0,0,0,0
"POINT (7.465929271000050 51.524658423000098)",Unfall 184052 (2022) Kat:3, Licht: 0,184052,3,5,1,11,13,4,1,0,0,1,0,0,0,1
"POINT (7.470525869000030 51.525063183999997)",Unfall 184062 (2022) Kat:3, Licht: 0,184062,3,1,0,11,10,4,1,0,0,1,0,0,0,1
"POINT (7.523838660000020 51.501673877000002)",Unfall 184076 (2022) Kat:3, Licht: 0,184076,3,3,4,11,14,6,0,0,1,1,0,0,0,0
"POINT (7.488009256000050 51.518973511000098)",Unfall 184104 (2022) Kat:3, Licht: 2,184104,3,3,2,11,17,6,1,2,1,1,0,0,0,0
"POINT (7.478240879000050 51.488391214000004)",Unfall 184111 (2022) Kat:2, Licht: 0,184111,2,1,7,11,13,1,0,0,1,0,0,0,0,0
"POINT (7.452037194000070 51.552159737000103)",Unfall 184129 (2022) Kat:2, Licht: 2,184129,2,7,4,11,05,6,1,2,0,1,0,0,0,1
"POINT (7.505733499000030 51.497446068000002)",Unfall 184247 (2022) Kat:3, Licht: 2,184247,3,6,8,11,07,5,1,2,1,1,0,0,0,0
"POINT (7.488099737000030 51.505194072000101)",Unfall 184317 (2022) Kat:3, Licht: 0,184317,3,3,5,12,09,5,1,0,1,1,0,0,0,0
"POINT (7.447745499000060 51.553433617000103)",Unfall 184380 (2022) Kat:3, Licht: 0,184380,3,7,0,12,15,7,1,0,1,1,0,0,0,0
"POINT (7.537757142000030 51.531626612000103)",Unfall 184423 (2022) Kat:3, Licht: 2,184423,3,2,6,12,06,2,1,2,0,1,1,0,0,0