WKT,Name,OBJECTID,UKATEGORIE,UTYP1,UART,UMONAT,USTUNDE,UWOCHENTAG,STRZUSTAND,ULICHTVERH,ISTRAD,ISTPKW,ISTFUSS,ISTKRAD,ISTGKFZ,ISTSONSTIG
"POINT (7.512021301000060 51.567714937000098)",Unfall 184483 (2022) Kat:3, Licht: 0,184483,3,3,5,12,07,4,1,0,0,1,0,0,0,0
"POINT (7.383635194000020 51.518170085000101)",Unfall 184484 (2022) Kat:3, Licht: 0,184484,3,1,8,12,15,6,2,0,0,1,0,0,0,0
"POINT (7.450133916000030 51.501263997000102)",Unfall 184506 (2022) Kat:3, Licht: 0,184506,3,2,6,12,11,6,0,0,0,1,1,0,0,0
"POINT (7.481165031000050 51.523250869999998)",Unfall 184528 (2022) Kat:3, Licht: 0,184528,3,2,6,12,13,6,0,0,0,1,1,0,0,0
"POINT (7.476707160000050 51.521459172000000)",Unfall 184553 (2022) Kat:3, Licht: 0,184553,3,4,6,12,14,3,0,0,0,0,1,0,0,1
"POINT (7.461620986000070 51.502693475999997)",Unfall 184574 (2022) Kat:3, Licht: 0,184574,3,3,5,12,09,2,1,0,0,1,0,0,0,0
"POINT (7.498718855000050 51.481760785000098)",Unfall 184594 (2022) Kat:3, Licht: 2,184594,3,3,5,12,22,6,0,2,0,1,0,0,0,0
"POINT (7.346820357000070 51.516498620999997)",Unfall 184646 (2022) Kat:3, Licht: 2,184646,3,3,5,12,18,7,1,2,0,1,0,0,0,0
"POINT (7.537757142000030 51.531626612000103)",Unfall 184656 (2022) Kat:3, Licht: 2,184656,3,7,2,12,16,5,1,2,0,1,0,0,0,0
"POINT (7.489960594000020 51.516569633000103)",Unfall 184660 (2022) Kat:3, Licht: 0,184660,3,3,5,12,09,5,2,0,0,1,0,1,0,0
"POINT (7.448483301000070 51.506580898000003)",Unfall 184689 (2022) Kat:3, Licht: 2,184689,3,6,2,12,21,2,1,2,0,1,0,0,0,1
"POINT (7.479427720000050 51.525665840000002)",Unfall 184748 (2022) Kat:3, Licht: 1,184748,3,7,5,12,08,4,1,1,0,1,0,0,0,0
"POINT (7.497021727000060 51.503793689000098)",Unfall 184771 (2022) Kat:3, Licht: 2,184771,3,2,5,12,05,2,1,2,0,1,0,0,0,1
"POINT (7.515057535000040 51.509158695000103)",Unfall 184801 (2022) Kat:3, Licht: 2,184801,3,5,0,12,17,3,0,2,0,1,1,0,0,0
"POINT (7.452250076000040 51.525770410000099)",Unfall 184874 (2022) Kat:3, Licht: 1,184874,3,3,0,12,15,6,0,1,0,1,0,0,0,1
"POINT (7.382992791000050 51.485711576000000)",Unfall 184892 (2022) Kat:3, Licht: 0,184892,3,6,2,12,11,6,0,0,0,1,0,0,1,0
"POINT (7.465466605000070 51.519239869000003)",Unfall 184901 (2022) Kat:3, Licht: 2,184901,3,7,6,12,18,7,0,2,0,1,1,0,0,0
"POINT (7.453518067000060 51.519342664000099)",Unfall 184905 (2022) Kat:3, Licht: 2,184905,3,4,6,12,22,1,1,2,0,1,1,0,0,0
"POINT (7.537852872000030 51.531672370000102)",Unfall 184918 (2022) Kat:3, Licht: 2,184918,3,2,6,12,17,3,0,2,0,1,1,0,0,0
"POINT (7.463246463000080 51.515136269000003)",Unfall 184976 (2022) Kat:2, Licht: 2,184976,2,7,0,12,16,3,1,2,1,0,1,0,0,0
"POINT (7.459123574000050 51.525064198000102)",Unfall 185065 (2022) Kat:3, Licht: 2,185065,3,1,0,12,23,7,0,2,0,0,0,0,0,1
"POINT (7.435442620000060 51.486294138000098)",Unfall 185121 (2022) Kat:3, Licht: 2,185121,3,2,5,12,18,3,1,2,1,1,0,0,0,0
"POINT (7.506057768000060 51.564615608000103)",Unfall 185134 (2022) Kat:3, Licht: 2,185134,3,1,2,12,17,6,0,2,0,1,0,0,0,1
"POINT (7.449776826000060 51.518408712999999)",Unfall 185166 (2022) Kat:3, Licht: 0,185166,3,3,5,12,16,3,0,0,0,1,0,0,0,0
"POINT (7.512169519000050 51.496003574000000)",Unfall 185214 (2022) Kat:3, Licht: 0,185214,3,3,5,12,15,5,1,0,0,1,0,0,0,0
"POINT (7.516838683000060 51.544403676000101)",Unfall 185247 (2022) Kat:3, Licht: 0,185247,3,4,6,12,13,6,0,0,0,1,1,0,0,0
"POINT (7.449623734000060 51.503950500000002)",Unfall 185259 (2022) Kat:3, Licht: 0,185259,3,4,6,12,15,3,0,0,1,0,1,0,0,0
"POINT (7.552344156000061 51.470029329000056)",Unfall 22347 (2023) Kat:3, Licht: 2,22347,3,6,3,01,00,3,1,2,0,1,0,0,0,0
"POINT (7.354374116000031 51.497619686000064)",Unfall 22348 (2023) Kat:3, Licht: 2,22348,3,7,9,01,05,3,0,2,0,1,0,0,0,0
"POINT (7.462311096000064 51.498261570000068)",Unfall 22436 (2023) Kat:3, Licht: 2,22436,3,1,9,01,04,1,0,2,0,1,0,0,0,0
"POINT (7.355218903000036 51.572463500000026)",Unfall 22803 (2023) Kat:3, Licht: 2,22803,3,1,8,01,05,3,1,2,0,1,0,0,0,0
"POINT (7.370351070000027 51.524316766000027)",Unfall 22965 (2023) Kat:3, Licht: 2,22965,3,6,2,01,17,3,0,2,0,1,0,0,0,0
"POINT (7.542612894000058 51.475294617000031)",Unfall 25242 (2023) Kat:2, Licht: 2,25242,2,2,5,01,17,3,0,2,0,1,0,0,0,0
"POINT (7.486701662000030 51.443463544000053)",Unfall 25597 (2023) Kat:3, Licht: 2,25597,3,6,0,01,06,3,2,2,0,1,0,0,0,0
"POINT (7.596021404000055 51.559201147000067)",Unfall 25600 (2023) Kat:3, Licht: 0,25600,3,3,5,01,15,3,0,0,1,1,0,0,0,0
"POINT (7.554564954000057 51.511027471000034)",Unfall 25601 (2023) Kat:3, Licht: 2,25601,3,2,5,01,06,3,1,2,0,1,0,0,0,0
"POINT (7.461584276000053 51.517156966000073)",Unfall 25603 (2023) Kat:3, Licht: 0,25603,3,3,2,01,15,3,0,0,0,1,0,0,0,0
"POINT (7.334868788000051 51.496384415000080)",Unfall 25712 (2023) Kat:3, Licht: 0,25712,3,6,0,01,09,2,1,0,0,1,0,0,1,0
"POINT (7.393865313000049 51.509127755000065)",Unfall 25713 (2023) Kat:3, Licht: 2,25713,3,1,9,01,21,2,1,2,0,1,0,0,0,0
"POINT (7.403996184000050 51.496963043000051)",Unfall 25714 (2023) Kat:3, Licht: 1,25714,3,3,5,01,08,2,0,1,0,1,0,0,0,1
"POINT (7.413158124000063 51.481297560000030)",Unfall 25715 (2023) Kat:3, Licht: 2,25715,3,6,2,01,18,2,1,2,0,1,0,0,0,0
"POINT (7.387485741000035 51.505115262000061)",Unfall 25833 (2023) Kat:3, Licht: 0,25833,3,6,2,01,13,7,1,0,0,1,0,0,0,0
"POINT (7.326135443000055 51.495059496000067)",Unfall 25838 (2023) Kat:3, Licht: 2,25838,3,2,6,01,17,7,1,2,0,1,1,0,0,0
"POINT (7.470756429000062 51.525750249000055)",Unfall 25839 (2023) Kat:3, Licht: 2,25839,3,4,6,01,21,7,1,2,0,1,1,0,0,0
"POINT (7.437442103000024 51.512463536000041)",Unfall 25840 (2023) Kat:3, Licht: 2,25840,3,7,0,01,21,7,1,2,1,1,0,0,0,0
"POINT (7.487684218000027 51.513669056000026)",Unfall 25841 (2023) Kat:3, Licht: 0,25841,3,7,0,01,11,7,1,0,1,0,0,0,0,0
"POINT (7.385518553000054 51.501186324000059)",Unfall 25887 (2023) Kat:3, Licht: 2,25887,3,6,2,01,06,2,1,2,0,1,0,0,0,0
"POINT (7.538208610000027 51.549094056000058)",Unfall 25953 (2023) Kat:3, Licht: 1,25953,3,6,2,01,07,6,0,1,0,1,0,0,0,0
"POINT (7.451928505000069 51.500229135000041)",Unfall 25955 (2023) Kat:3, Licht: 2,25955,3,6,2,01,18,6,0,2,0,1,0,0,0,0
"POINT (7.323768447000020 51.494832585000040)",Unfall 26095 (2023) Kat:3, Licht: 1,26095,3,6,1,01,15,5,1,1,0,1,0,0,0,0
"POINT (7.465517249000072 51.554429437000067)",Unfall 26096 (2023) Kat:3, Licht: 2,26096,3,6,2,01,17,5,1,2,0,1,0,0,0,1
"POINT (7.371839009000041 51.521660893000046)",Unfall 26097 (2023) Kat:2, Licht: 0,26097,2,4,6,01,08,5,1,0,0,1,1,0,0,0
"POINT (7.457772284000043 51.463599963000036)",Unfall 26098 (2023) Kat:3, Licht: 2,26098,3,2,6,01,17,5,1,2,0,1,1,0,0,0
"POINT (7.498658671000044 51.488504548000037)",Unfall 26099 (2023) Kat:3, Licht: 2,26099,3,4,6,01,17,5,1,2,0,1,1,0,0,0
"POINT (7.575988360000053 51.507840990000034)",Unfall 26218 (2023) Kat:2, Licht: 2,26218,2,2,5,01,07,4,1,2,0,1,0,1,0,0
"POINT (7.554315913000039 51.486953662000076)",Unfall 26219 (2023) Kat:2, Licht: 0,26219,2,3,5,01,14,4,0,0,0,1,0,0,0,0
"POINT (7.571230160000027 51.499060807000035)",Unfall 26220 (2023) Kat:3, Licht: 2,26220,3,2,5,01,17,4,0,2,0,1,0,0,0,0
"POINT (7.394090810000023 51.580905945000040)",Unfall 26221 (2023) Kat:2, Licht: 2,26221,2,2,5,01,19,4,0,2,0,1,0,0,0,0
"POINT (7.369978701000036 51.565531898000074)",Unfall 26222 (2023) Kat:3, Licht: 2,26222,3,2,6,01,07,4,1,2,0,1,1,0,0,0
"POINT (7.428824140000074 51.482521491000057)",Unfall 26223 (2023) Kat:3, Licht: 2,26223,3,2,6,01,07,4,0,2,0,1,1,0,0,0
"POINT (7.405499557000041 51.481655739000075)",Unfall 26224 (2023) Kat:3, Licht: 0,26224,3,1,0,01,13,4,1,0,1,0,0,0,0,0
"POINT (7.504533487000060 51.488045669000030)",Unfall 26225 (2023) Kat:2, Licht: 0,26225,2,3,5,01,12,4,1,0,1,0,0,0,1,0
"POINT (7.515265248000048 51.520212423000032)",Unfall 26348 (2023) Kat:3, Licht: 1,26348,3,7,5,01,18,3,1,1,0,1,0,0,0,1
"POINT (7.479343922000055 51.460903675000054)",Unfall 26350 (2023) Kat:3, Licht: 2,26350,3,3,5,01,18,3,1,2,0,1,0,0,0,0
"POINT (7.381923994000033 51.584869758000082)",Unfall 26447 (2023) Kat:3, Licht: 2,26447,3,6,3,01,07,2,1,2,0,1,0,0,1,0
"POINT (7.476118778000057 51.540550505000056)",Unfall 26449 (2023) Kat:3, Licht: 2,26449,3,6,3,01,20,2,1,2,0,1,0,0,0,0
"POINT (7.460995405000062 51.524548622000054)",Unfall 26450 (2023) Kat:3, Licht: 2,26450,3,2,6,01,18,2,1,2,0,0,1,0,0,1
"POINT (7.472202881000044 51.529436195000073)",Unfall 26452 (2023) Kat:3, Licht: 2,26452,3,6,2,01,20,2,1,2,0,1,0,0,0,0
"POINT (7.443186817000026 51.512944542000071)",Unfall 26453 (2023) Kat:2, Licht: 2,26453,2,7,9,01,22,2,1,2,0,1,0,0,0,0
"POINT (7.513502280000068 51.519352346000062)",Unfall 26503 (2023) Kat:3, Licht: 2,26503,3,2,5,01,17,1,0,2,0,1,1,0,0,0
"POINT (7.460982691000027 51.528854770000066)",Unfall 26505 (2023) Kat:2, Licht: 2,26505,2,1,8,01,03,1,1,2,0,1,0,0,0,0
"POINT (7.468904497000040 51.509856428000035)",Unfall 26506 (2023) Kat:3, Licht: 2,26506,3,1,9,01,23,1,1,2,0,1,0,0,0,0
"POINT (7.580475003000060 51.559413409000058)",Unfall 26569 (2023) Kat:3, Licht: 0,26569,3,3,5,01,12,7,0,0,0,1,0,0,0,0
"POINT (7.615601048000030 51.532812503000059)",Unfall 26570 (2023) Kat:3, Licht: 0,26570,3,7,0,01,13,7,0,0,0,0,1,0,0,1
"POINT (7.582450594000022 51.503466598000045)",Unfall 26571 (2023) Kat:2, Licht: 0,26571,2,2,4,01,15,7,0,0,1,1,0,0,0,0
"POINT (7.387480722000021 51.497586870000077)",Unfall 26647 (2023) Kat:3, Licht: 1,26647,3,6,3,01,07,6,1,1,0,1,0,0,0,1
"POINT (7.566709442000047 51.497303667000040)",Unfall 26649 (2023) Kat:3, Licht: 2,26649,3,2,2,01,19,6,1,2,0,1,0,0,0,0
"POINT (7.540813641000057 51.508158461000050)",Unfall 26650 (2023) Kat:3, Licht: 0,26650,3,6,2,01,16,6,1,0,0,1,0,0,0,0
"POINT (7.489316916000064 51.548205270000039)",Unfall 26653 (2023) Kat:3, Licht: 0,26653,3,7,6,01,14,6,0,0,0,1,1,0,0,0
"POINT (7.376777257000072 51.497660100000076)",Unfall 26736 (2023) Kat:2, Licht: 2,26736,2,6,2,01,17,5,0,2,0,1,0,0,0,0
"POINT (7.486608523000029 51.513426460000062)",Unfall 26850 (2023) Kat:3, Licht: 2,26850,3,1,0,02,18,2,0,2,1,0,0,0,0,0
"POINT (7.503166577000059 51.503960033000055)",Unfall 26887 (2023) Kat:3, Licht: 2,26887,3,3,5,02,21,1,1,2,1,1,0,0,0,0
"POINT (7.451285528000028 51.505316042000061)",Unfall 26888 (2023) Kat:3, Licht: 0,26888,3,2,5,02,14,1,1,0,1,1,0,0,0,0
"POINT (7.503540350000037 51.565508578000049)",Unfall 26946 (2023) Kat:3, Licht: 2,26946,3,6,2,02,18,7,0,2,0,1,0,0,0,1
"POINT (7.462794079000048 51.524609303000034)",Unfall 26947 (2023) Kat:3, Licht: 1,26947,3,7,0,02,18,7,0,1,0,0,0,0,0,1
"POINT (7.481032333000030 51.476398058000029)",Unfall 26948 (2023) Kat:3, Licht: 2,26948,3,6,2,02,18,7,0,2,0,1,0,0,0,0
"POINT (7.449110088000054 51.498174019000032)",Unfall 26949 (2023) Kat:3, Licht: 0,26949,3,2,0,02,14,7,0,0,1,1,0,0,0,0
"POINT (7.383734823000054 51.497665261000066)",Unfall 27009 (2023) Kat:3, Licht: 2,27009,3,6,8,02,18,6,1,2,0,1,0,0,0,0
"POINT (7.598065910000059 51.478056522000031)",Unfall 27010 (2023) Kat:3, Licht: 2,27010,3,7,6,02,18,6,0,2,0,1,1,0,0,0
"POINT (7.474080140000069 51.469651611000074)",Unfall 27011 (2023) Kat:2, Licht: 0,27011,2,6,1,02,10,6,1,0,0,1,0,0,0,1
"POINT (7.545345156000053 51.523550786000044)",Unfall 27122 (2023) Kat:1, Licht: 0,27122,1,4,6,02,11,5,1,0,0,1,1,0,0,0
"POINT (7.457239960000038 51.540289293000058)",Unfall 27123 (2023) Kat:3, Licht: 1,27123,3,6,3,02,16,5,0,1,0,1,0,0,0,0
"POINT (7.467463357000042 51.501483272000030)",Unfall 27124 (2023) Kat:3, Licht: 2,27124,3,3,5,02,19,5,1,2,0,1,0,0,0,0
"POINT (7.506749900000045 51.479577755000037)",Unfall 27196 (2023) Kat:3, Licht: 2,27196,3,4,6,02,20,4,1,2,0,1,1,0,0,0
"POINT (7.372955604000026 51.534137406000070)",Unfall 27265 (2023) Kat:3, Licht: 0,27265,3,6,2,02,14,6,1,0,0,1,0,0,0,0
"POINT (7.377619585000048 51.572291168000049)",Unfall 27268 (2023) Kat:3, Licht: 0,27268,3,2,6,01,13,3,1,0,0,1,1,0,0,0
"POINT (7.455829960000074 51.533983853000052)",Unfall 27269 (2023) Kat:3, Licht: 0,27269,3,5,5,01,11,3,1,0,0,0,0,1,1,0
"POINT (7.462671291000049 51.549421391000067)",Unfall 27375 (2023) Kat:3, Licht: 0,27375,3,6,3,01,11,2,0,0,0,1,0,0,0,1
"POINT (7.464547777000064 51.517917289000081)",Unfall 27376 (2023) Kat:3, Licht: 2,27376,3,2,0,01,05,2,1,2,1,1,0,0,0,0
"POINT (7.364602406000074 51.494977666000068)",Unfall 27450 (2023) Kat:3, Licht: 2,27450,3,6,2,01,17,7,0,2,0,1,0,0,0,0
"POINT (7.581752405000032 51.558010652000064)",Unfall 27531 (2023) Kat:3, Licht: 1,27531,3,3,5,01,07,6,0,1,0,1,0,0,0,1
"POINT (7.613158879000025 51.532611103000079)",Unfall 27532 (2023) Kat:3, Licht: 0,27532,3,7,0,01,10,6,0,0,0,1,0,0,0,1
"POINT (7.510345124000025 51.516989971000044)",Unfall 27534 (2023) Kat:3, Licht: 2,27534,3,6,3,01,07,6,0,2,0,1,0,1,0,0
"POINT (7.400993590000041 51.496856668000078)",Unfall 27535 (2023) Kat:2, Licht: 1,27535,2,2,5,01,17,6,1,1,0,1,0,0,0,0
"POINT (7.360319251000021 51.566012774000058)",Unfall 27622 (2023) Kat:3, Licht: 2,27622,3,1,2,01,19,5,1,2,0,1,0,0,0,0
"POINT (7.561454198000035 51.573982361000049)",Unfall 27625 (2023) Kat:3, Licht: 0,27625,3,1,0,01,09,5,2,0,1,0,0,0,0,0
"POINT (7.494823326000073 51.551487565000059)",Unfall 27626 (2023) Kat:3, Licht: 1,27626,3,6,3,01,07,5,1,1,0,1,0,0,0,0
"POINT (7.472894866000047 51.531179523000048)",Unfall 27627 (2023) Kat:2, Licht: 0,27627,2,3,5,01,15,5,1,0,0,1,0,0,0,0
"POINT (7.469370829000070 51.517044748000046)",Unfall 27628 (2023) Kat:3, Licht: 0,27628,3,6,3,01,07,5,1,0,0,1,0,0,0,0
"POINT (7.390376772000025 51.584349979000081)",Unfall 27709 (2023) Kat:3, Licht: 2,27709,3,6,2,01,06,4,0,2,0,1,0,0,0,0
"POINT (7.476646109000058 51.525067443000069)",Unfall 27764 (2023) Kat:3, Licht: 0,27764,3,4,6,02,14,6,1,0,0,1,1,0,0,0
"POINT (7.385288134000064 51.497775289000060)",Unfall 27793 (2023) Kat:3, Licht: 2,27793,3,1,2,01,17,3,0,2,0,1,0,0,0,0
"POINT (7.509191066000028 51.503721421000080)",Unfall 27795 (2023) Kat:3, Licht: 2,27795,3,6,2,01,07,3,0,2,0,1,0,0,0,0
"POINT (7.326044886000034 51.496135214000049)",Unfall 27796 (2023) Kat:2, Licht: 0,27796,2,7,8,01,14,3,0,0,0,1,0,0,0,0
"POINT (7.417754190000039 51.593362249000052)",Unfall 27869 (2023) Kat:3, Licht: 0,27869,3,1,8,01,14,2,1,0,0,1,0,0,0,0
"POINT (7.407377272000076 51.498357193000061)",Unfall 27870 (2023) Kat:3, Licht: 0,27870,3,3,5,01,14,2,0,0,0,1,0,0,0,0
"POINT (7.473620009000058 51.484399787000029)",Unfall 27871 (2023) Kat:3, Licht: 0,27871,3,2,0,01,09,2,1,0,0,0,0,0,0,1
"POINT (7.619602037000050 51.533294706000049)",Unfall 27941 (2023) Kat:3, Licht: 0,27941,3,2,6,01,12,3,0,0,0,1,1,0,0,0
"POINT (7.537381823000032 51.565701539000031)",Unfall 27958 (2023) Kat:3, Licht: 0,27958,3,3,5,01,14,7,0,0,0,1,0,0,0,0
"POINT (7.553048147000027 51.483028679000029)",Unfall 27959 (2023) Kat:2, Licht: 2,27959,2,1,9,01,03,7,2,2,0,1,0,0,0,0
"POINT (7.325759676000075 51.499119962000066)",Unfall 27960 (2023) Kat:3, Licht: 0,27960,3,6,3,01,12,7,0,0,0,1,0,0,0,0
"POINT (7.323450220000041 51.516791220000073)",Unfall 27961 (2023) Kat:3, Licht: 0,27961,3,1,0,01,13,7,0,0,0,0,0,0,0,1
"POINT (7.452639098000077 51.523835358000042)",Unfall 27962 (2023) Kat:3, Licht: 2,27962,3,2,5,01,19,7,0,2,0,1,0,0,0,0
"POINT (7.441087974000027 51.492902419000075)",Unfall 27963 (2023) Kat:3, Licht: 0,27963,3,4,6,01,09,7,0,0,0,1,1,0,0,0
"POINT (7.505947920000040 51.578674894000073)",Unfall 28068 (2023) Kat:3, Licht: 2,28068,3,6,3,01,07,6,0,2,0,1,0,0,1,0
"POINT (7.402912531000027 51.564633199000070)",Unfall 28074 (2023) Kat:3, Licht: 1,28074,3,2,5,01,18,7,0,1,0,1,0,0,0,0
"POINT (7.438885848000041 51.524123988000042)",Unfall 28247 (2023) Kat:3, Licht: 2,28247,3,1,0,01,06,5,2,2,0,1,0,0,0,0
"POINT (7.392544298000075 51.585019508000073)",Unfall 28249 (2023) Kat:3, Licht: 2,28249,3,2,5,01,17,5,1,2,0,1,0,0,0,0
"POINT (7.325817014000052 51.494210431000056)",Unfall 28250 (2023) Kat:3, Licht: 2,28250,3,6,2,01,08,5,2,2,0,1,0,0,0,0
"POINT (7.474989844000049 51.525408701000060)",Unfall 28251 (2023) Kat:3, Licht: 0,28251,3,6,4,01,14,5,1,0,1,0,0,0,0,1
"POINT (7.514623271000062 51.559877193000034)",Unfall 28356 (2023) Kat:3, Licht: 0,28356,3,6,2,01,10,4,2,0,0,1,0,0,0,0
"POINT (7.528917313000022 51.486232370000039)",Unfall 28358 (2023) Kat:3, Licht: 2,28358,3,2,5,01,18,4,0,2,0,1,0,0,0,0
"POINT (7.462281959000052 51.548654794000072)",Unfall 28365 (2023) Kat:3, Licht: 0,28365,3,4,6,02,15,2,0,0,0,1,1,0,0,0
"POINT (7.477587718000052 51.524857592000046)",Unfall 28459 (2023) Kat:3, Licht: 2,28459,3,7,7,01,23,2,0,2,0,0,0,0,0,1
"POINT (7.535049612000023 51.489605084000061)",Unfall 28512 (2023) Kat:3, Licht: 1,28512,3,2,3,03,06,3,1,1,1,1,0,0,0,0
"POINT (7.394255241000053 51.580998779000026)",Unfall 28513 (2023) Kat:3, Licht: 0,28513,3,6,2,03,11,3,1,0,0,1,0,0,0,0
"POINT (7.490072532000056 51.496886081000071)",Unfall 28514 (2023) Kat:3, Licht: 0,28514,3,2,0,03,14,3,2,0,1,0,0,0,1,0
"POINT (7.374299704000066 51.567985036000039)",Unfall 28703 (2023) Kat:3, Licht: 0,28703,3,2,4,03,17,6,0,0,0,1,0,1,0,0
"POINT (7.491061692000073 51.524661333000040)",Unfall 28704 (2023) Kat:3, Licht: 2,28704,3,1,2,03,18,6,0,2,0,1,0,0,0,0
"POINT (7.463484343000061 51.574721256000032)",Unfall 28787 (2023) Kat:2, Licht: 0,28787,2,6,1,03,11,5,0,0,0,1,0,1,0,0
"POINT (7.485215864000054 51.586894269000027)",Unfall 28863 (2023) Kat:3, Licht: 0,28863,3,6,2,03,10,4,0,0,0,1,0,0,1,1
"POINT (7.460103218000029 51.527081865000071)",Unfall 28864 (2023) Kat:3, Licht: 2,28864,3,7,0,03,18,4,0,2,0,1,0,0,0,1
"POINT (7.456164878000038 51.458171744000026)",Unfall 28865 (2023) Kat:3, Licht: 0,28865,3,7,0,03,11,4,0,0,0,1,0,0,0,0
"POINT (7.459457503000067 51.479605788000072)",Unfall 28866 (2023) Kat:3, Licht: 0,28866,3,7,0,03,15,4,0,0,0,0,0,0,0,1
"POINT (7.487909762000072 51.513702478000027)",Unfall 28867 (2023) Kat:3, Licht: 0,28867,3,2,5,03,16,4,0,0,0,1,0,0,0,0
"POINT (7.554803727000035 51.491188812000075)",Unfall 28948 (2023) Kat:3, Licht: 0,28948,3,5,0,02,10,3,0,0,0,1,0,0,0,1
"POINT (7.546864877000075 51.523630042000036)",Unfall 29027 (2023) Kat:3, Licht: 0,29027,3,6,3,02,10,2,0,0,0,1,0,0,0,0
"POINT (7.506209709000075 51.485784138000042)",Unfall 29029 (2023) Kat:3, Licht: 0,29029,3,4,6,02,17,2,0,0,0,1,1,0,0,0
"POINT (7.470551416000035 51.516795383000044)",Unfall 29030 (2023) Kat:3, Licht: 0,29030,3,6,3,02,15,2,0,0,0,1,0,0,1,0
"POINT (7.463470039000072 51.509869412000057)",Unfall 29065 (2023) Kat:2, Licht: 2,29065,2,1,8,02,03,1,0,2,0,0,0,0,0,1
"POINT (7.380011141000068 51.584864074000052)",Unfall 29130 (2023) Kat:3, Licht: 0,29130,3,6,3,02,12,7,0,0,0,1,0,0,0,0
"POINT (7.467691041000023 51.486298808000072)",Unfall 29131 (2023) Kat:3, Licht: 0,29131,3,6,3,02,14,7,0,0,1,0,0,0,0,0
"POINT (7.485720561000051 51.443729617000031)",Unfall 29310 (2023) Kat:1, Licht: 0,29310,1,6,2,02,15,5,1,0,0,1,0,0,1,1
"POINT (7.371814243000074 51.521756197000059)",Unfall 29311 (2023) Kat:3, Licht: 0,29311,3,6,2,02,15,5,1,0,0,1,0,0,0,0
"POINT (7.474921555000037 51.517969789000063)",Unfall 29312 (2023) Kat:3, Licht: 2,29312,3,2,2,02,06,5,1,2,0,1,0,0,0,0
"POINT (7.377461015000051 51.493620959000054)",Unfall 29393 (2023) Kat:2, Licht: 0,29393,2,7,1,02,09,4,0,0,0,1,0,0,0,1
"POINT (7.422009100000025 51.508143961000030)",Unfall 29394 (2023) Kat:3, Licht: 2,29394,3,2,5,02,18,4,0,2,1,1,0,0,0,0
"POINT (7.479110337000066 51.502904989000058)",Unfall 29395 (2023) Kat:3, Licht: 0,29395,3,6,2,02,11,4,0,0,0,1,0,0,0,0
"POINT (7.361633020000056 51.493832939000072)",Unfall 29463 (2023) Kat:3, Licht: 2,29463,3,6,2,02,18,3,0,2,0,1,0,0,0,0
"POINT (7.531207490000043 51.507001360000061)",Unfall 29464 (2023) Kat:3, Licht: 0,29464,3,6,2,02,08,3,1,0,0,1,0,1,0,0
"POINT (7.528910677000056 51.486242094000033)",Unfall 29465 (2023) Kat:3, Licht: 0,29465,3,2,5,02,11,3,0,0,0,1,0,0,0,0
"POINT (7.337837475000072 51.501992711000071)",Unfall 29466 (2023) Kat:3, Licht: 2,29466,3,2,6,02,19,6,1,2,0,1,1,0,0,0
"POINT (7.436402178000037 51.487726475000045)",Unfall 29467 (2023) Kat:2, Licht: 1,29467,2,4,0,02,07,3,1,1,0,0,1,0,0,1
"POINT (7.460607516000039 51.507449106000081)",Unfall 29468 (2023) Kat:3, Licht: 0,29468,3,2,3,02,10,3,1,0,1,1,0,0,0,0
"POINT (7.472545647000061 51.574835026000073)",Unfall 29501 (2023) Kat:3, Licht: 0,29501,3,6,2,02,13,2,0,0,0,1,0,0,0,0
"POINT (7.460106772000074 51.485313817000076)",Unfall 29517 (2023) Kat:3, Licht: 0,29517,3,7,0,02,14,2,0,0,1,0,0,0,0,0
"POINT (7.470728491000045 51.507765448000043)",Unfall 29518 (2023) Kat:3, Licht: 2,29518,3,7,0,02,22,2,0,2,0,1,0,0,0,0
"POINT (7.462678543000038 51.549433934000035)",Unfall 29563 (2023) Kat:3, Licht: 0,29563,3,6,2,02,14,1,1,0,0,1,0,0,0,0
"POINT (7.386332534000076 51.502989412000034)",Unfall 29630 (2023) Kat:3, Licht: 2,29630,3,6,3,02,20,7,1,2,0,1,0,0,0,0
"POINT (7.569876164000050 51.507240276000061)",Unfall 29632 (2023) Kat:3, Licht: 0,29632,3,6,1,02,12,7,1,0,0,1,0,0,0,0
"POINT (7.494493430000034 51.494073864000029)",Unfall 29633 (2023) Kat:3, Licht: 1,29633,3,1,3,02,07,7,1,1,0,1,0,0,0,0
"POINT (7.468198299000051 51.509768714000074)",Unfall 29634 (2023) Kat:3, Licht: 2,29634,3,2,5,02,19,7,1,2,0,1,0,0,0,0
"POINT (7.504213628000059 51.569921183000076)",Unfall 29715 (2023) Kat:3, Licht: 2,29715,3,2,9,02,18,6,1,2,0,1,0,0,0,0
"POINT (7.632712828000024 51.536106857000050)",Unfall 29716 (2023) Kat:3, Licht: 0,29716,3,1,8,02,14,6,0,0,0,0,0,1,0,0
"POINT (7.367615301000058 51.494403226000031)",Unfall 29718 (2023) Kat:3, Licht: 2,29718,3,2,5,02,19,6,0,2,0,1,0,0,0,0
"POINT (7.528903073000038 51.486253234000060)",Unfall 29748 (2023) Kat:3, Licht: 2,29748,3,2,5,02,18,5,1,2,0,1,0,0,0,0
"POINT (7.506014229000073 51.480313934000037)",Unfall 29830 (2023) Kat:3, Licht: 0,29830,3,6,4,03,07,2,1,0,1,0,0,0,0,0
"POINT (7.400271010000040 51.583368969000048)",Unfall 29922 (2023) Kat:3, Licht: 0,29922,3,6,3,02,12,4,0,0,0,1,0,0,0,1