WKT,Name,OBJECTID,UKATEGORIE,UTYP1,UART,UMONAT,USTUNDE,UWOCHENTAG,STRZUSTAND,ULICHTVERH,ISTRAD,ISTPKW,ISTFUSS,ISTKRAD,ISTGKFZ,ISTSONSTIG
"POINT (7.619579166000051 51.533322949000080)",Unfall 29923 (2023) Kat:3, Licht: 2,29923,3,2,5,02,06,4,0,2,0,1,0,0,0,0
"POINT (7.498617380000042 51.503846810000027)",Unfall 29924 (2023) Kat:3, Licht: 0,29924,3,6,3,02,14,4,0,0,0,1,0,1,0,0
"POINT (7.458989433000056 51.490279054000041)",Unfall 29925 (2023) Kat:3, Licht: 2,29925,3,1,0,02,23,4,0,2,0,0,0,0,0,1
"POINT (7.435881840000036 51.482020522000028)",Unfall 29960 (2023) Kat:2, Licht: 0,29960,2,6,2,02,10,4,0,0,0,1,0,0,0,0
"POINT (7.554286487000070 51.486856468000042)",Unfall 30024 (2023) Kat:3, Licht: 0,30024,3,3,5,02,13,4,0,0,0,1,0,0,0,0
"POINT (7.456217804000062 51.457859471000063)",Unfall 30027 (2023) Kat:3, Licht: 0,30027,3,7,0,03,08,4,0,0,0,0,0,0,0,1
"POINT (7.378565449000064 51.546476755000072)",Unfall 30060 (2023) Kat:3, Licht: 2,30060,3,4,6,02,21,3,0,2,0,0,1,1,0,0
"POINT (7.436141575000022 51.482002038000076)",Unfall 30061 (2023) Kat:3, Licht: 0,30061,3,3,5,02,08,3,0,0,1,1,0,0,0,0
"POINT (7.484495523000021 51.471660333000045)",Unfall 30070 (2023) Kat:3, Licht: 0,30070,3,6,1,02,15,4,0,0,0,0,0,1,1,0
"POINT (7.468473003000042 51.431965607000052)",Unfall 30095 (2023) Kat:3, Licht: 0,30095,3,6,2,03,07,3,1,0,0,1,0,0,0,0
"POINT (7.581673028000068 51.528030500000057)",Unfall 30099 (2023) Kat:3, Licht: 2,30099,3,6,2,02,21,7,0,2,0,1,0,0,0,0
"POINT (7.389067790000070 51.514838155000064)",Unfall 30179 (2023) Kat:3, Licht: 0,30179,3,6,1,02,10,2,0,0,0,1,0,0,1,0
"POINT (7.525211899000055 51.484610795000037)",Unfall 30183 (2023) Kat:3, Licht: 0,30183,3,2,6,02,07,2,0,0,1,1,1,0,0,0
"POINT (7.452664176000042 51.523836348000032)",Unfall 30231 (2023) Kat:3, Licht: 2,30231,3,2,4,02,21,1,0,2,0,1,0,0,0,0
"POINT (7.461032466000063 51.508252671000037)",Unfall 30232 (2023) Kat:3, Licht: 0,30232,3,5,0,02,12,1,0,0,0,1,0,0,0,1
"POINT (7.389253556000028 51.497580259000074)",Unfall 30308 (2023) Kat:3, Licht: 2,30308,3,1,0,02,20,7,0,2,0,1,0,0,0,0
"POINT (7.440237638000042 51.492226634000076)",Unfall 30309 (2023) Kat:3, Licht: 0,30309,3,7,0,03,17,6,0,0,1,0,0,0,0,0
"POINT (7.611613762000047 51.532430060000081)",Unfall 30310 (2023) Kat:3, Licht: 2,30310,3,1,7,02,21,7,1,2,0,1,1,0,0,0
"POINT (7.385851577000039 51.550813784000070)",Unfall 30312 (2023) Kat:3, Licht: 2,30312,3,2,4,02,18,7,0,2,0,1,0,0,0,0
"POINT (7.420759921000069 51.529703805000054)",Unfall 30415 (2023) Kat:3, Licht: 0,30415,3,2,5,02,14,7,1,0,0,1,0,0,0,0
"POINT (7.374725573000035 51.584937336000053)",Unfall 30448 (2023) Kat:3, Licht: 2,30448,3,6,3,02,06,6,0,2,0,1,0,0,0,0
"POINT (7.531373302000077 51.488333346000047)",Unfall 30449 (2023) Kat:3, Licht: 0,30449,3,7,0,02,07,6,1,0,1,0,0,0,0,0
"POINT (7.543280151000033 51.523190422000027)",Unfall 30451 (2023) Kat:3, Licht: 0,30451,3,6,2,02,10,6,0,0,0,1,0,0,0,0
"POINT (7.442557286000067 51.523660416000041)",Unfall 30452 (2023) Kat:3, Licht: 2,30452,3,7,0,02,18,6,0,2,0,1,0,1,0,0
"POINT (7.452983151000069 51.513537982000059)",Unfall 30454 (2023) Kat:3, Licht: 0,30454,3,2,3,02,07,6,0,0,1,1,0,0,0,0
"POINT (7.365809128000024 51.495500275000040)",Unfall 30544 (2023) Kat:3, Licht: 0,30544,3,1,2,02,17,5,0,0,0,1,0,0,0,1
"POINT (7.385490182000069 51.518871503000071)",Unfall 30546 (2023) Kat:3, Licht: 0,30546,3,6,2,02,08,5,0,0,0,1,0,0,0,1
"POINT (7.569160848000024 51.507366904000037)",Unfall 30648 (2023) Kat:3, Licht: 1,30648,3,6,2,02,07,4,0,1,0,1,0,0,0,0
"POINT (7.325795286000073 51.498984390000032)",Unfall 30649 (2023) Kat:3, Licht: 0,30649,3,2,4,02,07,4,2,0,1,0,0,0,1,0
"POINT (7.456292372000064 51.538710528000081)",Unfall 30650 (2023) Kat:3, Licht: 0,30650,3,2,0,02,12,4,0,0,0,1,0,0,0,1
"POINT (7.537320560000069 51.473790025000028)",Unfall 30759 (2023) Kat:2, Licht: 0,30759,2,7,0,03,14,4,0,0,0,1,0,0,0,1
"POINT (7.394221883000057 51.583842889000039)",Unfall 30786 (2023) Kat:3, Licht: 0,30786,3,6,1,02,09,3,1,0,0,0,0,0,1,1
"POINT (7.465335779000043 51.553910727000073)",Unfall 30788 (2023) Kat:3, Licht: 0,30788,3,1,1,02,11,3,0,0,0,1,0,0,0,1
"POINT (7.450411102000032 51.513264629000048)",Unfall 30789 (2023) Kat:3, Licht: 0,30789,3,3,5,02,15,3,0,0,0,1,0,0,0,0
"POINT (7.497094406000031 51.503726251000046)",Unfall 30790 (2023) Kat:3, Licht: 0,30790,3,6,2,02,11,3,0,0,0,1,0,0,0,0
"POINT (7.548900852000031 51.523904227000060)",Unfall 30835 (2023) Kat:3, Licht: 0,30835,3,6,3,03,14,3,0,0,0,1,0,0,0,0
"POINT (7.495587834000048 51.552189594000026)",Unfall 30836 (2023) Kat:3, Licht: 0,30836,3,6,6,03,15,3,0,0,0,0,1,0,0,1
"POINT (7.445721400000025 51.524111360000063)",Unfall 30911 (2023) Kat:3, Licht: 0,30911,3,6,1,03,13,2,0,0,0,1,0,0,0,0
"POINT (7.500840902000050 51.494471460000057)",Unfall 30912 (2023) Kat:3, Licht: 2,30912,3,7,0,03,20,2,1,2,1,0,0,0,0,0
"POINT (7.441933701000039 51.497374920000027)",Unfall 31054 (2023) Kat:3, Licht: 0,31054,3,6,2,03,14,7,0,0,0,1,0,0,0,0
"POINT (7.544614151000076 51.508984414000054)",Unfall 31055 (2023) Kat:3, Licht: 0,31055,3,6,2,03,14,7,0,0,0,1,0,0,0,0
"POINT (7.459302108000031 51.490750110000079)",Unfall 31057 (2023) Kat:3, Licht: 0,31057,3,2,1,03,14,7,0,0,0,1,0,0,0,0
"POINT (7.344323418000045 51.493635016000042)",Unfall 31137 (2023) Kat:3, Licht: 0,31137,3,6,3,03,08,6,0,0,0,1,0,0,0,1
"POINT (7.440726357000074 51.481709066000064)",Unfall 31138 (2023) Kat:2, Licht: 0,31138,2,7,0,03,18,6,0,0,1,0,0,0,0,0
"POINT (7.496480103000067 51.503325949000043)",Unfall 31139 (2023) Kat:3, Licht: 2,31139,3,6,3,03,19,6,0,2,0,1,0,0,0,0
"POINT (7.459862993000058 51.494945773000040)",Unfall 31140 (2023) Kat:3, Licht: 0,31140,3,6,3,03,15,6,0,0,1,1,0,0,0,0
"POINT (7.451294249000057 51.505279043000030)",Unfall 31141 (2023) Kat:3, Licht: 0,31141,3,2,5,03,17,6,0,0,1,1,0,0,0,0
"POINT (7.458776749000037 51.502566503000025)",Unfall 31179 (2023) Kat:3, Licht: 0,31179,3,2,5,03,18,6,0,0,1,1,0,0,0,0
"POINT (7.377349308000021 51.497684595000067)",Unfall 31215 (2023) Kat:3, Licht: 0,31215,3,6,2,03,16,5,0,0,0,1,0,0,0,0
"POINT (7.460171346000038 51.524490678000063)",Unfall 31218 (2023) Kat:3, Licht: 0,31218,3,6,3,03,13,5,0,0,0,1,0,0,0,0
"POINT (7.475158216000068 51.558698877000040)",Unfall 31304 (2023) Kat:2, Licht: 0,31304,2,2,0,03,14,4,0,0,1,1,0,0,0,0
"POINT (7.500781168000060 51.503942415000040)",Unfall 31382 (2023) Kat:3, Licht: 1,31382,3,6,2,03,06,3,1,1,0,1,0,0,0,0
"POINT (7.463337568000043 51.550566116000027)",Unfall 31383 (2023) Kat:3, Licht: 0,31383,3,4,6,03,08,3,1,0,0,1,1,0,0,0
"POINT (7.486676109000030 51.501224342000057)",Unfall 31384 (2023) Kat:3, Licht: 0,31384,3,3,5,03,10,3,1,0,1,1,0,0,0,0
"POINT (7.522404509000069 51.534646377000058)",Unfall 31464 (2023) Kat:3, Licht: 0,31464,3,6,2,03,07,2,1,0,0,1,0,0,0,0
"POINT (7.460522943000058 51.525189352000041)",Unfall 31466 (2023) Kat:3, Licht: 0,31466,3,7,5,03,14,2,0,0,1,1,0,0,0,0
"POINT (7.464482716000020 51.518053578000035)",Unfall 31467 (2023) Kat:3, Licht: 0,31467,3,6,2,03,10,2,1,0,0,1,0,1,0,0
"POINT (7.460008327000025 51.516860718000032)",Unfall 31517 (2023) Kat:3, Licht: 2,31517,3,6,2,03,00,1,0,2,0,1,0,0,0,0
"POINT (7.482737971000063 51.500822728000060)",Unfall 31590 (2023) Kat:3, Licht: 0,31590,3,3,5,03,08,7,1,0,0,1,0,0,0,0
"POINT (7.549156219000054 51.523945042000037)",Unfall 31702 (2023) Kat:2, Licht: 0,31702,2,6,0,03,09,6,1,0,0,0,0,0,0,1
"POINT (7.360109634000025 51.547104631000082)",Unfall 31703 (2023) Kat:3, Licht: 0,31703,3,3,5,03,08,6,1,0,0,1,0,1,0,0
"POINT (7.473979286000031 51.525613417000045)",Unfall 31801 (2023) Kat:3, Licht: 0,31801,3,2,3,03,16,5,1,0,1,1,0,0,0,0
"POINT (7.526303417000065 51.505850476000035)",Unfall 31923 (2023) Kat:3, Licht: 0,31923,3,6,3,03,13,4,1,0,0,1,0,0,1,1
"POINT (7.386452485000063 51.493355420000057)",Unfall 32026 (2023) Kat:3, Licht: 0,32026,3,1,2,04,18,2,0,0,0,1,0,0,0,1
"POINT (7.572065569000074 51.567850610000050)",Unfall 32027 (2023) Kat:3, Licht: 0,32027,3,1,8,04,15,2,0,0,0,0,0,0,0,1
"POINT (7.373200968000049 51.567512159000046)",Unfall 32072 (2023) Kat:3, Licht: 0,32072,3,6,4,04,11,1,0,0,0,1,0,0,0,1
"POINT (7.482575744000030 51.559047319000058)",Unfall 32073 (2023) Kat:3, Licht: 0,32073,3,2,4,04,08,1,0,0,0,1,0,0,0,0
"POINT (7.457991028000038 51.582358972000065)",Unfall 32074 (2023) Kat:3, Licht: 0,32074,3,1,0,04,18,1,0,0,1,0,0,0,0,0
"POINT (7.474656749000076 51.517857440000057)",Unfall 32075 (2023) Kat:3, Licht: 0,32075,3,7,5,04,16,1,0,0,0,1,0,0,0,0
"POINT (7.444578632000059 51.524007785000038)",Unfall 32125 (2023) Kat:3, Licht: 2,32125,3,1,8,04,23,7,0,2,0,1,0,0,0,1
"POINT (7.393081308000035 51.480191037000054)",Unfall 32126 (2023) Kat:3, Licht: 2,32126,3,3,5,04,21,7,0,2,0,1,0,1,0,0
"POINT (7.486231987000053 51.513439931000050)",Unfall 32128 (2023) Kat:3, Licht: 0,32128,3,5,1,04,14,7,0,0,1,0,0,0,0,0
"POINT (7.456678995000061 51.582607250000081)",Unfall 32158 (2023) Kat:3, Licht: 2,32158,3,1,0,04,21,6,1,2,0,0,0,1,0,0
"POINT (7.404666387000020 51.477890821000074)",Unfall 32159 (2023) Kat:3, Licht: 0,32159,3,3,5,04,18,6,1,0,0,1,0,0,0,0
"POINT (7.364551070000061 51.576111867000066)",Unfall 32238 (2023) Kat:3, Licht: 2,32238,3,6,2,04,22,5,1,2,0,1,0,0,0,0
"POINT (7.578867030000026 51.506007321000027)",Unfall 32240 (2023) Kat:3, Licht: 0,32240,3,6,2,04,16,5,0,0,0,1,0,0,0,0
"POINT (7.485574325000073 51.501260288000026)",Unfall 32242 (2023) Kat:3, Licht: 0,32242,3,6,2,04,16,5,0,0,0,1,0,0,0,1
"POINT (7.427002885000036 51.555047023000043)",Unfall 32244 (2023) Kat:3, Licht: 0,32244,3,6,4,04,18,5,1,0,0,1,0,0,0,0
"POINT (7.371779180000033 51.491630007000026)",Unfall 32245 (2023) Kat:3, Licht: 0,32245,3,2,5,04,12,5,0,0,0,1,0,0,0,0
"POINT (7.329616676000057 51.500249939000071)",Unfall 32246 (2023) Kat:3, Licht: 0,32246,3,3,5,04,15,5,0,0,0,1,0,0,0,0
"POINT (7.452677095000070 51.523927496000056)",Unfall 32247 (2023) Kat:3, Licht: 2,32247,3,2,6,04,20,5,1,2,0,1,1,0,0,0
"POINT (7.536884275000034 51.544062748000044)",Unfall 32327 (2023) Kat:2, Licht: 0,32327,2,1,0,04,07,4,0,0,1,0,0,0,0,0
"POINT (7.458601772000065 51.542596656000057)",Unfall 32328 (2023) Kat:3, Licht: 0,32328,3,6,0,04,17,4,0,0,0,1,0,1,0,0
"POINT (7.465841287000046 51.524994209000056)",Unfall 32329 (2023) Kat:3, Licht: 1,32329,3,2,0,04,05,4,0,1,1,1,0,0,0,0
"POINT (7.468945743000063 51.517001136000033)",Unfall 32330 (2023) Kat:3, Licht: 2,32330,3,6,3,04,00,4,0,2,0,1,0,0,0,0
"POINT (7.469944143000021 51.521025503000033)",Unfall 32425 (2023) Kat:3, Licht: 0,32425,3,3,0,04,16,3,0,0,1,1,0,0,0,0
"POINT (7.456552261000070 51.445711135000067)",Unfall 32426 (2023) Kat:3, Licht: 0,32426,3,6,2,04,16,3,0,0,0,1,0,0,0,0
"POINT (7.514035644000046 51.486622537000073)",Unfall 32427 (2023) Kat:3, Licht: 0,32427,3,2,4,04,13,3,0,0,0,1,0,1,0,0
"POINT (7.611753162000070 51.532449282000073)",Unfall 32510 (2023) Kat:3, Licht: 0,32510,3,4,6,04,10,2,0,0,0,1,1,0,0,0
"POINT (7.627245567000045 51.534705151000026)",Unfall 32511 (2023) Kat:2, Licht: 0,32511,2,7,6,04,13,2,0,0,0,1,1,0,0,0
"POINT (7.456825875000050 51.454119771000080)",Unfall 32512 (2023) Kat:3, Licht: 0,32512,3,2,8,04,16,2,0,0,0,0,0,1,0,0
"POINT (7.448508677000063 51.513214260000041)",Unfall 32513 (2023) Kat:3, Licht: 0,32513,3,7,5,04,11,2,0,0,0,1,0,0,0,0
"POINT (7.469183376000046 51.517083195000055)",Unfall 32639 (2023) Kat:3, Licht: 0,32639,3,2,2,04,16,7,1,0,0,1,0,0,0,0
"POINT (7.420759921000069 51.529703805000054)",Unfall 32745 (2023) Kat:3, Licht: 0,32745,3,2,5,03,07,6,1,0,0,1,0,0,0,0
"POINT (7.406519350000053 51.479014990000053)",Unfall 32746 (2023) Kat:3, Licht: 0,32746,3,3,3,03,17,6,1,0,1,1,0,0,0,0
"POINT (7.482405879000055 51.443404274000045)",Unfall 32844 (2023) Kat:3, Licht: 0,32844,3,6,3,03,13,5,0,0,0,1,0,0,1,0
"POINT (7.376967666000041 51.528675136000061)",Unfall 32846 (2023) Kat:3, Licht: 0,32846,3,6,2,03,17,5,1,0,0,1,0,0,0,0
"POINT (7.398728874000028 51.472186030000046)",Unfall 32847 (2023) Kat:2, Licht: 0,32847,2,6,2,03,07,5,0,0,0,1,0,0,0,1
"POINT (7.505384514000070 51.556177690000027)",Unfall 32850 (2023) Kat:3, Licht: 2,32850,3,3,5,03,04,5,0,2,0,1,0,0,0,0
"POINT (7.501051707000045 51.503672994000055)",Unfall 32851 (2023) Kat:3, Licht: 0,32851,3,6,3,03,10,5,0,0,0,1,0,0,1,0
"POINT (7.511444870000048 51.517827983000075)",Unfall 32853 (2023) Kat:3, Licht: 0,32853,3,3,0,03,12,5,0,0,1,1,0,0,0,0
"POINT (7.487279723000029 51.523869297000033)",Unfall 32854 (2023) Kat:3, Licht: 0,32854,3,6,2,03,14,5,1,0,0,1,0,0,0,0
"POINT (7.553577235000034 51.493678728000077)",Unfall 32866 (2023) Kat:3, Licht: 0,32866,3,6,2,04,17,4,0,0,0,1,0,1,0,0
"POINT (7.542912705000049 51.523123501000043)",Unfall 32941 (2023) Kat:3, Licht: 0,32941,3,3,5,03,10,4,0,0,0,0,0,0,0,1
"POINT (7.366439041000035 51.495015535000050)",Unfall 32942 (2023) Kat:3, Licht: 0,32942,3,6,0,03,11,4,0,0,0,1,0,0,0,1
"POINT (7.460088912000060 51.470837875000029)",Unfall 32943 (2023) Kat:2, Licht: 2,32943,2,2,6,03,06,4,1,2,0,1,1,0,0,0
"POINT (7.387292884000033 51.504813386000080)",Unfall 33044 (2023) Kat:3, Licht: 0,33044,3,6,2,03,14,3,0,0,0,1,0,0,0,0
"POINT (7.377558639000029 51.572164286000032)",Unfall 33047 (2023) Kat:3, Licht: 0,33047,3,2,6,03,18,3,0,0,0,1,1,0,0,0
"POINT (7.476360267000075 51.541165461000048)",Unfall 33048 (2023) Kat:3, Licht: 2,33048,3,2,5,03,06,3,0,2,0,1,0,0,0,0
"POINT (7.452356716000054 51.500598655000033)",Unfall 33049 (2023) Kat:3, Licht: 2,33049,3,3,5,03,06,3,0,2,0,1,0,0,0,0
"POINT (7.550717546000044 51.524024828000051)",Unfall 33171 (2023) Kat:3, Licht: 0,33171,3,1,0,03,17,2,1,0,0,0,0,1,0,0
"POINT (7.468066599000053 51.509676794000029)",Unfall 33172 (2023) Kat:3, Licht: 0,33172,3,2,6,03,07,2,0,0,0,1,1,0,0,0
"POINT (7.459989061000044 51.506189447000054)",Unfall 33173 (2023) Kat:3, Licht: 0,33173,3,7,3,03,15,2,0,0,1,1,0,0,0,0
"POINT (7.482185038000068 51.513997622000034)",Unfall 33174 (2023) Kat:3, Licht: 0,33174,3,3,5,03,08,2,0,0,1,1,0,0,0,0
"POINT (7.497979957000041 51.514450520000082)",Unfall 33226 (2023) Kat:3, Licht: 0,33226,3,1,0,03,19,1,1,0,0,0,0,1,0,0
"POINT (7.470200430000034 51.510369610000055)",Unfall 33243 (2023) Kat:3, Licht: 1,33243,3,1,9,04,06,1,0,1,0,1,0,0,0,0
"POINT (7.473697091000076 51.484455491000062)",Unfall 33300 (2023) Kat:3, Licht: 2,33300,3,2,6,03,22,5,1,2,0,1,1,0,0,0
"POINT (7.463015757000051 51.580865606000032)",Unfall 33307 (2023) Kat:3, Licht: 0,33307,3,6,2,03,12,7,1,0,0,1,0,0,0,0
"POINT (7.460357804000068 51.525586670000052)",Unfall 33308 (2023) Kat:3, Licht: 0,33308,3,5,1,03,14,7,1,0,1,1,0,0,0,0
"POINT (7.402445952000051 51.573793366000075)",Unfall 33425 (2023) Kat:3, Licht: 2,33425,3,1,8,03,23,6,0,2,1,0,0,0,0,0
"POINT (7.397934465000048 51.526335041000038)",Unfall 33426 (2023) Kat:3, Licht: 0,33426,3,4,6,03,18,6,1,0,0,1,1,0,0,0
"POINT (7.385854698000060 51.499742631000061)",Unfall 33501 (2023) Kat:3, Licht: 2,33501,3,7,7,03,23,5,1,2,0,1,0,0,1,0
"POINT (7.576915290000045 51.537354466000068)",Unfall 33505 (2023) Kat:3, Licht: 0,33505,3,6,2,03,15,5,1,0,0,1,0,0,1,0
"POINT (7.474366565000025 51.511209409000060)",Unfall 33507 (2023) Kat:3, Licht: 0,33507,3,6,2,03,16,5,0,0,0,1,0,0,0,0
"POINT (7.496910344000071 51.503700676000051)",Unfall 33533 (2023) Kat:3, Licht: 0,33533,3,6,2,03,14,4,0,0,0,1,0,0,0,0
"POINT (7.481120170000054 51.521967293000046)",Unfall 33578 (2023) Kat:3, Licht: 0,33578,3,3,5,03,18,3,0,0,0,1,0,0,0,1
"POINT (7.400993590000041 51.496856668000078)",Unfall 33598 (2023) Kat:3, Licht: 0,33598,3,6,1,03,18,4,0,0,0,1,0,0,0,1
"POINT (7.484657685000059 51.545401032000029)",Unfall 33599 (2023) Kat:3, Licht: 0,33599,3,6,2,03,07,4,0,0,0,1,0,0,0,0
"POINT (7.424912268000071 51.521922165000035)",Unfall 33600 (2023) Kat:3, Licht: 2,33600,3,3,5,03,20,4,0,2,0,1,0,0,0,0
"POINT (7.490375171000039 51.496753971000032)",Unfall 33602 (2023) Kat:3, Licht: 0,33602,3,6,2,03,12,4,0,0,0,1,0,1,0,0
"POINT (7.455595185000050 51.513500078000050)",Unfall 33603 (2023) Kat:3, Licht: 2,33603,3,2,9,03,23,4,1,2,0,1,0,0,0,0
"POINT (7.474605621000023 51.517334583000036)",Unfall 33604 (2023) Kat:3, Licht: 0,33604,3,3,5,03,09,4,0,0,1,1,0,0,0,0
"POINT (7.325538943000026 51.521188969000036)",Unfall 33755 (2023) Kat:3, Licht: 0,33755,3,7,0,05,10,5,0,0,0,1,0,0,0,0
"POINT (7.470563311000035 51.522980004000033)",Unfall 33756 (2023) Kat:3, Licht: 0,33756,3,6,2,05,18,5,0,0,0,1,0,0,0,0
"POINT (7.371895870000060 51.522325162000072)",Unfall 33757 (2023) Kat:3, Licht: 0,33757,3,2,5,05,18,5,0,0,1,1,0,0,0,0
"POINT (7.425748366000050 51.494999214000075)",Unfall 33758 (2023) Kat:3, Licht: 0,33758,3,3,5,05,18,5,0,0,1,1,0,0,0,0
"POINT (7.477855709000039 51.419667632000028)",Unfall 33759 (2023) Kat:3, Licht: 0,33759,3,1,9,05,17,5,0,0,0,0,0,1,0,0
"POINT (7.474603596000065 51.517134763000058)",Unfall 33760 (2023) Kat:3, Licht: 0,33760,3,1,9,05,15,5,0,0,0,1,0,0,0,0
"POINT (7.518699336000054 51.519633433000081)",Unfall 33866 (2023) Kat:2, Licht: 0,33866,2,6,2,05,16,4,0,0,0,1,0,0,0,0
"POINT (7.393485515000066 51.496678451000037)",Unfall 33939 (2023) Kat:3, Licht: 0,33939,3,1,0,05,13,3,0,0,0,1,0,0,0,0
"POINT (7.521974076000049 51.510483826000041)",Unfall 33942 (2023) Kat:3, Licht: 0,33942,3,6,2,05,07,3,0,0,0,1,0,0,0,0
"POINT (7.568791426000075 51.514525327000058)",Unfall 33943 (2023) Kat:2, Licht: 0,33943,2,4,6,05,18,3,0,0,0,1,1,0,0,0
"POINT (7.402990273000057 51.564891631000080)",Unfall 33944 (2023) Kat:3, Licht: 0,33944,3,6,2,05,07,3,1,0,0,1,0,1,0,0
"POINT (7.475450525000042 51.590092058000039)",Unfall 34010 (2023) Kat:3, Licht: 2,34010,3,7,8,05,02,2,0,2,0,1,0,0,0,0
"POINT (7.469036190000054 51.525526345000060)",Unfall 34019 (2023) Kat:3, Licht: 0,34019,3,6,2,05,07,4,0,0,0,1,0,0,0,0
"POINT (7.463410334000059 51.519997337000063)",Unfall 34107 (2023) Kat:3, Licht: 2,34107,3,1,0,04,03,1,0,2,0,0,0,0,0,1
"POINT (7.492568097000060 51.475736234000067)",Unfall 34108 (2023) Kat:3, Licht: 0,34108,3,1,0,04,12,1,0,0,0,0,0,0,0,1
"POINT (7.476350249000063 51.541150976000040)",Unfall 34168 (2023) Kat:2, Licht: 2,34168,2,1,8,04,01,7,1,2,0,1,0,0,0,0
"POINT (7.491372653000042 51.496425609000028)",Unfall 34169 (2023) Kat:3, Licht: 0,34169,3,6,3,04,12,7,0,0,0,1,0,0,0,0
"POINT (7.504607485000065 51.567982535000056)",Unfall 34260 (2023) Kat:3, Licht: 2,34260,3,7,4,04,22,6,1,2,0,1,0,0,0,0
"POINT (7.611650754000038 51.532435161000080)",Unfall 34261 (2023) Kat:2, Licht: 0,34261,2,4,6,04,18,6,0,0,0,1,1,0,0,0
"POINT (7.471067781000045 51.525904436000076)",Unfall 34262 (2023) Kat:3, Licht: 0,34262,3,6,2,04,11,6,1,0,0,1,0,0,0,0
"POINT (7.478310771000054 51.469706385000052)",Unfall 34321 (2023) Kat:3, Licht: 1,34321,3,6,0,04,08,7,1,1,0,1,0,1,0,0
"POINT (7.390020067000023 51.511754214000064)",Unfall 34355 (2023) Kat:3, Licht: 0,34355,3,6,2,04,08,5,0,0,0,1,0,0,0,0
"POINT (7.457729156000028 51.447493536000081)",Unfall 34361 (2023) Kat:3, Licht: 0,34361,3,7,8,04,17,5,0,0,0,1,1,0,0,0
"POINT (7.463333626000065 51.575228244000073)",Unfall 34434 (2023) Kat:3, Licht: 0,34434,3,6,2,04,09,4,0,0,0,1,0,0,0,0
"POINT (7.461352417000057 51.508784858000070)",Unfall 34435 (2023) Kat:3, Licht: 0,34435,3,2,5,04,16,4,0,0,1,1,0,0,0,0
"POINT (7.455395973000066 51.515077366000071)",Unfall 34436 (2023) Kat:3, Licht: 0,34436,3,6,3,04,07,4,0,0,0,1,0,0,0,0
"POINT (7.593808787000057 51.485142545000031)",Unfall 34536 (2023) Kat:3, Licht: 0,34536,3,1,1,04,18,3,0,0,0,1,0,0,0,1
"POINT (7.391646737000030 51.508458379000047)",Unfall 34538 (2023) Kat:2, Licht: 0,34538,2,1,0,04,07,3,1,0,0,0,0,1,0,0
"POINT (7.455171969000048 51.515362573000061)",Unfall 34539 (2023) Kat:3, Licht: 0,34539,3,6,2,04,14,3,0,0,0,1,0,0,0,0
"POINT (7.362851342000056 51.571760236000046)",Unfall 34629 (2023) Kat:3, Licht: 0,34629,3,6,3,04,08,2,1,0,0,1,0,0,1,0
"POINT (7.425170172000037 51.506884893000063)",Unfall 34632 (2023) Kat:3, Licht: 0,34632,3,6,8,04,09,2,1,0,0,0,0,0,1,1
"POINT (7.455669101000069 51.515945535000071)",Unfall 34633 (2023) Kat:3, Licht: 0,34633,3,7,0,04,16,2,0,0,0,0,1,0,0,1
"POINT (7.372777998000061 51.518058425000049)",Unfall 34796 (2023) Kat:3, Licht: 0,34796,3,6,2,04,11,7,0,0,0,1,0,0,0,0
"POINT (7.459377092000068 51.543902262000074)",Unfall 34800 (2023) Kat:3, Licht: 0,34800,3,1,2,04,15,7,0,0,0,1,0,0,0,0
"POINT (7.472801089000029 51.512451164000026)",Unfall 34801 (2023) Kat:3, Licht: 0,34801,3,1,2,04,17,7,1,0,0,1,0,0,0,0
"POINT (7.614101052000024 51.532687147000047)",Unfall 34912 (2023) Kat:3, Licht: 2,34912,3,3,5,04,21,6,0,2,1,1,0,0,0,0
"POINT (7.322725293000076 51.509943602000078)",Unfall 34913 (2023) Kat:3, Licht: 2,34913,3,6,2,04,22,6,1,2,0,1,0,0,0,0
"POINT (7.480747290000068 51.523749067000040)",Unfall 34914 (2023) Kat:3, Licht: 0,34914,3,7,0,04,15,6,0,0,0,0,1,0,0,1
"POINT (7.422009100000025 51.508143961000030)",Unfall 34916 (2023) Kat:3, Licht: 0,34916,3,6,0,04,08,6,1,0,0,0,0,1,0,0
"POINT (7.377412733000028 51.526476575000061)",Unfall 35160 (2023) Kat:3, Licht: 0,35160,3,6,2,04,18,4,0,0,0,1,0,0,0,0
"POINT (7.387968634000060 51.518023152000069)",Unfall 35161 (2023) Kat:3, Licht: 0,35161,3,1,9,04,10,4,0,0,0,0,0,1,0,0
"POINT (7.543544491000034 51.533983404000026)",Unfall 35163 (2023) Kat:3, Licht: 0,35163,3,2,2,04,17,4,0,0,0,1,0,0,0,0
"POINT (7.401168192000057 51.494542538000076)",Unfall 35165 (2023) Kat:3, Licht: 0,35165,3,6,1,04,08,4,0,0,0,1,0,0,0,0
"POINT (7.463705918000073 51.551184731000035)",Unfall 35166 (2023) Kat:3, Licht: 0,35166,3,2,3,04,09,4,0,0,1,1,0,0,0,0
"POINT (7.473397560000024 51.435952237000038)",Unfall 35167 (2023) Kat:3, Licht: 0,35167,3,6,2,04,08,4,0,0,0,1,0,0,0,0
"POINT (7.492144506000045 51.482495580000034)",Unfall 35168 (2023) Kat:3, Licht: 0,35168,3,3,5,04,17,4,0,0,0,1,0,0,0,0