WKT,Name,OBJECTID,UKATEGORIE,UTYP1,UART,UMONAT,USTUNDE,UWOCHENTAG,STRZUSTAND,ULICHTVERH,ISTRAD,ISTPKW,ISTFUSS,ISTKRAD,ISTGKFZ,ISTSONSTIG
"POINT (7.375228450000066 51.493149410000058)",Unfall 35294 (2023) Kat:3, Licht: 0,35294,3,6,2,04,08,3,0,0,0,1,0,0,1,0
"POINT (7.492091525000035 51.514278003000072)",Unfall 35422 (2023) Kat:2, Licht: 0,35422,2,2,5,04,09,2,1,0,0,1,0,0,0,0
"POINT (7.418381071000056 51.531805965000046)",Unfall 35424 (2023) Kat:3, Licht: 0,35424,3,1,0,04,10,2,0,0,1,0,0,0,0,0
"POINT (7.508746840000072 51.487682410000048)",Unfall 35426 (2023) Kat:3, Licht: 0,35426,3,2,5,04,07,2,1,0,1,1,0,0,0,0
"POINT (7.473689782000065 51.505900636000035)",Unfall 35462 (2023) Kat:3, Licht: 2,35462,3,1,9,04,01,1,1,2,0,1,0,0,0,0
"POINT (7.438925152000024 51.481806446000064)",Unfall 35531 (2023) Kat:3, Licht: 2,35531,3,2,6,04,21,7,1,2,0,1,1,0,0,0
"POINT (7.499228921000054 51.488520386000062)",Unfall 35598 (2023) Kat:3, Licht: 0,35598,3,7,0,05,17,4,0,0,0,0,0,0,0,1
"POINT (7.388949887000024 51.488705880000055)",Unfall 35646 (2023) Kat:3, Licht: 2,35646,3,1,9,04,00,6,0,2,0,1,0,0,0,0
"POINT (7.490741867000054 51.582238114000063)",Unfall 35649 (2023) Kat:3, Licht: 0,35649,3,6,2,04,10,6,0,0,0,0,0,0,0,1
"POINT (7.423172559000022 51.584430826000073)",Unfall 35650 (2023) Kat:3, Licht: 0,35650,3,6,2,04,16,6,0,0,0,1,0,0,0,0
"POINT (7.520714376000058 51.562645139000040)",Unfall 35651 (2023) Kat:3, Licht: 0,35651,3,3,5,04,12,6,0,0,0,1,0,0,0,0
"POINT (7.512215278000042 51.537363248000077)",Unfall 35741 (2023) Kat:3, Licht: 0,35741,3,2,5,04,08,5,0,0,0,1,0,0,1,0
"POINT (7.547957198000063 51.520622506000052)",Unfall 35742 (2023) Kat:3, Licht: 0,35742,3,6,2,04,16,5,0,0,0,1,0,0,0,0
"POINT (7.473007142000029 51.499312900000064)",Unfall 35848 (2023) Kat:3, Licht: 0,35848,3,6,3,04,11,5,1,0,0,1,0,0,1,0
"POINT (7.393008873000042 51.496710320000034)",Unfall 35857 (2023) Kat:3, Licht: 0,35857,3,6,2,04,11,4,1,0,0,1,0,0,0,0
"POINT (7.513338473000033 51.519244478000076)",Unfall 35859 (2023) Kat:3, Licht: 0,35859,3,1,8,04,13,4,0,0,0,0,0,1,0,0
"POINT (7.504280351000034 51.503692688000058)",Unfall 35860 (2023) Kat:3, Licht: 0,35860,3,3,1,04,16,4,1,0,1,1,0,0,0,0
"POINT (7.529685693000033 51.522207943000069)",Unfall 35862 (2023) Kat:2, Licht: 0,35862,2,2,5,04,15,4,0,0,0,1,0,0,0,0
"POINT (7.457967797000038 51.530676227000072)",Unfall 35863 (2023) Kat:3, Licht: 0,35863,3,2,5,04,16,4,1,0,0,1,0,0,0,0
"POINT (7.545144166000057 51.531058644000041)",Unfall 35958 (2023) Kat:3, Licht: 0,35958,3,6,1,04,14,3,0,0,0,1,0,0,0,0
"POINT (7.478811909000058 51.520212066000056)",Unfall 35959 (2023) Kat:3, Licht: 2,35959,3,7,0,04,05,3,1,2,1,0,0,0,0,0
"POINT (7.516682562000028 51.560807789000080)",Unfall 36075 (2023) Kat:3, Licht: 0,36075,3,6,2,05,14,2,0,0,0,1,0,0,0,0
"POINT (7.508742086000041 51.556625206000035)",Unfall 36076 (2023) Kat:3, Licht: 0,36076,3,2,5,05,17,2,0,0,0,1,0,0,0,1
"POINT (7.459997576000035 51.479936818000056)",Unfall 36077 (2023) Kat:3, Licht: 0,36077,3,1,0,05,15,2,0,0,0,0,0,0,0,1
"POINT (7.363328233000061 51.494283767000070)",Unfall 36147 (2023) Kat:3, Licht: 2,36147,3,6,2,05,21,1,1,2,0,1,0,0,0,0
"POINT (7.526699451000070 51.484631816000046)",Unfall 36148 (2023) Kat:3, Licht: 0,36148,3,6,2,05,15,1,0,0,0,1,0,0,0,0
"POINT (7.392095672000039 51.585092787000065)",Unfall 36249 (2023) Kat:3, Licht: 0,36249,3,6,2,05,16,7,0,0,0,1,0,0,0,0
"POINT (7.472438266000040 51.469796951000035)",Unfall 36251 (2023) Kat:2, Licht: 0,36251,2,6,2,05,12,7,0,0,0,1,0,0,0,0
"POINT (7.395313271000020 51.474582297000040)",Unfall 36372 (2023) Kat:3, Licht: 0,36372,3,6,3,05,11,6,0,0,0,1,0,0,0,0
"POINT (7.489312415000029 51.524325929000042)",Unfall 36374 (2023) Kat:3, Licht: 0,36374,3,1,3,05,15,6,0,0,0,1,0,0,0,0
"POINT (7.459611948000031 51.516791916000045)",Unfall 36375 (2023) Kat:3, Licht: 2,36375,3,1,6,05,22,6,0,2,0,0,1,0,0,1
"POINT (7.474317169000074 51.509617781000031)",Unfall 36376 (2023) Kat:3, Licht: 0,36376,3,2,5,05,15,6,0,0,0,1,0,0,0,1
"POINT (7.474736116000031 51.589565548000053)",Unfall 36487 (2023) Kat:3, Licht: 0,36487,3,5,0,05,17,5,1,0,0,1,0,0,0,0
"POINT (7.323610140000028 51.494812606000039)",Unfall 36599 (2023) Kat:3, Licht: 0,36599,3,7,0,05,13,4,0,0,0,1,0,0,1,0
"POINT (7.462775671000031 51.517311124000059)",Unfall 36600 (2023) Kat:3, Licht: 0,36600,3,7,5,05,18,4,0,0,1,1,0,0,0,0
"POINT (7.488011513000060 51.513717821000057)",Unfall 36603 (2023) Kat:3, Licht: 0,36603,3,7,0,05,09,4,0,0,0,1,0,0,0,1
"POINT (7.374659652000048 51.568175103000044)",Unfall 36636 (2023) Kat:3, Licht: 0,36636,3,6,3,05,16,1,0,0,0,1,0,0,1,0
"POINT (7.506445936000034 51.488208317000044)",Unfall 36668 (2023) Kat:3, Licht: 2,36668,3,2,6,05,21,5,1,2,0,1,1,0,0,0
"POINT (7.403866639000057 51.481943739000030)",Unfall 36685 (2023) Kat:3, Licht: 0,36685,3,5,3,05,16,3,1,0,0,1,0,0,0,0
"POINT (7.462725723000062 51.509922731000074)",Unfall 36808 (2023) Kat:3, Licht: 0,36808,3,1,0,05,13,2,0,0,0,0,0,1,0,0
"POINT (7.435987753000063 51.497585054000069)",Unfall 36870 (2023) Kat:3, Licht: 0,36870,3,6,2,05,16,1,0,0,0,1,0,0,0,1
"POINT (7.387775823000027 51.518906245000039)",Unfall 36871 (2023) Kat:3, Licht: 0,36871,3,1,9,05,12,1,0,0,0,1,0,0,0,0
"POINT (7.392953200000022 51.582859924000047)",Unfall 36876 (2023) Kat:3, Licht: 0,36876,3,1,0,05,12,1,0,0,0,0,0,1,0,0
"POINT (7.460867026000074 51.527891954000040)",Unfall 36879 (2023) Kat:2, Licht: 1,36879,2,5,8,05,05,1,0,1,0,1,0,0,0,0
"POINT (7.463547288000029 51.519737919000079)",Unfall 36880 (2023) Kat:2, Licht: 0,36880,2,3,5,05,15,1,0,0,0,1,0,1,0,0
"POINT (7.460349904000054 51.494129910000026)",Unfall 36881 (2023) Kat:3, Licht: 2,36881,3,1,0,05,21,1,1,2,0,1,0,1,0,0
"POINT (7.436929610000050 51.488247752000063)",Unfall 36951 (2023) Kat:3, Licht: 0,36951,3,3,5,05,12,5,0,0,1,1,0,0,0,0
"POINT (7.397566203000054 51.549870154000075)",Unfall 36996 (2023) Kat:3, Licht: 0,36996,3,6,1,05,07,7,0,0,0,1,0,0,0,0
"POINT (7.385868046000041 51.550812529000041)",Unfall 36997 (2023) Kat:3, Licht: 0,36997,3,2,5,05,17,7,0,0,0,1,0,0,0,0
"POINT (7.553519603000041 51.513668722000034)",Unfall 37132 (2023) Kat:3, Licht: 0,37132,3,1,0,05,11,6,0,0,0,0,0,0,0,1
"POINT (7.494960590000062 51.514223810000033)",Unfall 37133 (2023) Kat:2, Licht: 0,37133,2,6,2,05,19,6,1,0,0,1,0,0,0,0
"POINT (7.456498302000057 51.497879453000053)",Unfall 37134 (2023) Kat:3, Licht: 0,37134,3,6,2,05,15,5,1,0,0,1,0,0,0,0
"POINT (7.401452918000075 51.548764144000074)",Unfall 37135 (2023) Kat:3, Licht: 0,37135,3,7,8,05,11,6,0,0,0,1,0,0,0,0
"POINT (7.481187921000071 51.501574947000051)",Unfall 37136 (2023) Kat:3, Licht: 0,37136,3,6,4,05,12,6,0,0,1,0,0,0,0,1
"POINT (7.458707548000064 51.503442217000043)",Unfall 37137 (2023) Kat:3, Licht: 0,37137,3,3,1,05,15,6,1,0,1,1,0,0,0,0
"POINT (7.583719046000056 51.549206025000046)",Unfall 37208 (2023) Kat:3, Licht: 0,37208,3,1,0,05,12,3,0,0,1,0,0,0,0,0
"POINT (7.380518123000058 51.500227711000036)",Unfall 37209 (2023) Kat:3, Licht: 0,37209,3,3,5,05,13,3,0,0,0,1,0,0,0,0
"POINT (7.507486540000059 51.478616061000082)",Unfall 37295 (2023) Kat:3, Licht: 0,37295,3,7,0,05,17,2,0,0,0,0,0,0,0,1
"POINT (7.363348806000033 51.495010613000034)",Unfall 37380 (2023) Kat:3, Licht: 0,37380,3,1,9,05,15,1,0,0,0,1,0,0,0,0
"POINT (7.457967797000038 51.530676227000072)",Unfall 37381 (2023) Kat:3, Licht: 0,37381,3,2,4,05,14,1,0,0,0,1,0,0,0,0
"POINT (7.470152680000069 51.520914218000030)",Unfall 37382 (2023) Kat:3, Licht: 2,37382,3,2,5,05,23,1,0,2,0,1,0,0,0,0
"POINT (7.463575721000041 51.519683154000063)",Unfall 37383 (2023) Kat:3, Licht: 2,37383,3,7,0,05,22,1,0,2,0,0,0,0,0,1
"POINT (7.550040704000025 51.492149335000079)",Unfall 37496 (2023) Kat:3, Licht: 0,37496,3,3,4,05,19,7,0,0,0,1,0,0,0,0
"POINT (7.456363140000065 51.460389522000071)",Unfall 37497 (2023) Kat:3, Licht: 0,37497,3,6,2,05,10,7,0,0,0,1,0,1,0,0
"POINT (7.455558777000022 51.514407221000056)",Unfall 37498 (2023) Kat:3, Licht: 0,37498,3,7,6,05,19,7,0,0,0,1,1,0,0,0
"POINT (7.358529936000025 51.561188576000063)",Unfall 37521 (2023) Kat:2, Licht: 0,37521,2,6,3,05,15,3,0,0,0,1,0,1,0,0
"POINT (7.474816384000064 51.535266092000029)",Unfall 37585 (2023) Kat:3, Licht: 0,37585,3,4,0,05,12,7,0,0,0,0,1,0,0,1
"POINT (7.517435213000056 51.537233508000043)",Unfall 37620 (2023) Kat:3, Licht: 0,37620,3,6,3,05,07,6,0,0,0,1,0,0,0,0
"POINT (7.370931673000030 51.492152101000045)",Unfall 37624 (2023) Kat:2, Licht: 0,37624,2,1,0,05,21,6,0,0,0,1,0,0,0,0
"POINT (7.425776592000034 51.500777125000070)",Unfall 37625 (2023) Kat:3, Licht: 0,37625,3,7,9,05,06,6,0,0,0,1,0,0,0,0
"POINT (7.469261482000036 51.517804964000049)",Unfall 37626 (2023) Kat:3, Licht: 0,37626,3,2,5,05,15,6,0,0,1,1,0,0,0,0
"POINT (7.356401897000069 51.503414928000041)",Unfall 37653 (2023) Kat:3, Licht: 0,37653,3,5,0,05,15,1,0,0,1,1,0,0,0,0
"POINT (7.528923117000033 51.486223866000046)",Unfall 37731 (2023) Kat:2, Licht: 0,37731,2,3,5,05,16,5,0,0,0,1,0,1,0,0
"POINT (7.509704359000068 51.516652142000055)",Unfall 37732 (2023) Kat:3, Licht: 0,37732,3,6,2,05,15,5,0,0,0,1,0,0,0,0
"POINT (7.474510173000056 51.535200171000042)",Unfall 37733 (2023) Kat:3, Licht: 2,37733,3,2,5,05,23,5,0,2,0,1,0,0,0,0
"POINT (7.487528512000040 51.524034298000061)",Unfall 37734 (2023) Kat:3, Licht: 0,37734,3,3,5,05,14,5,0,0,1,1,0,0,0,0
"POINT (7.441179497000064 51.481666381000082)",Unfall 37735 (2023) Kat:3, Licht: 0,37735,3,7,6,05,14,5,0,0,0,1,1,0,0,0
"POINT (7.390685017000067 51.524595643000055)",Unfall 37814 (2023) Kat:3, Licht: 0,37814,3,2,5,05,10,4,0,0,0,1,0,0,0,0
"POINT (7.458159204000026 51.541875214000072)",Unfall 37815 (2023) Kat:3, Licht: 0,37815,3,2,3,05,12,4,0,0,0,1,0,1,0,0
"POINT (7.499937791000036 51.494378180000069)",Unfall 37816 (2023) Kat:3, Licht: 0,37816,3,1,1,05,13,4,0,0,1,1,0,0,0,0
"POINT (7.634212089000073 51.526933724000060)",Unfall 37902 (2023) Kat:3, Licht: 0,37902,3,6,4,05,13,3,0,0,0,1,0,0,0,1
"POINT (7.380518123000058 51.500227711000036)",Unfall 37905 (2023) Kat:3, Licht: 0,37905,3,3,5,05,16,3,0,0,0,1,0,1,0,0
"POINT (7.569556306000038 51.514024936000055)",Unfall 38018 (2023) Kat:3, Licht: 0,38018,3,6,2,05,18,2,0,0,0,1,0,0,0,0
"POINT (7.394092100000023 51.580904685000064)",Unfall 38019 (2023) Kat:3, Licht: 0,38019,3,2,5,05,18,2,0,0,0,1,0,0,0,0
"POINT (7.457782550000047 51.530606627000054)",Unfall 38020 (2023) Kat:3, Licht: 0,38020,3,2,0,05,16,2,0,0,0,1,0,0,0,0
"POINT (7.463512322000042 51.524700256000074)",Unfall 38021 (2023) Kat:3, Licht: 0,38021,3,5,1,05,13,2,0,0,1,1,0,0,0,0
"POINT (7.501352366000049 51.494495663000066)",Unfall 38022 (2023) Kat:3, Licht: 0,38022,3,2,2,05,09,2,0,0,0,1,0,0,0,0
"POINT (7.536901442000044 51.544064401000071)",Unfall 38094 (2023) Kat:3, Licht: 0,38094,3,1,8,05,05,1,0,0,0,1,0,0,0,0
"POINT (7.493418296000073 51.482433232000062)",Unfall 38096 (2023) Kat:2, Licht: 2,38096,2,5,9,05,22,1,1,2,0,1,0,0,0,0
"POINT (7.378397437000046 51.585118783000041)",Unfall 38097 (2023) Kat:3, Licht: 0,38097,3,6,2,05,17,1,0,0,0,1,0,0,0,0
"POINT (7.325795286000073 51.498984390000032)",Unfall 38179 (2023) Kat:3, Licht: 1,38179,3,2,5,05,20,7,0,1,0,1,0,0,0,0
"POINT (7.468734984000037 51.525359260000073)",Unfall 38180 (2023) Kat:3, Licht: 2,38180,3,5,1,05,00,7,0,2,0,1,1,0,0,0
"POINT (7.459904603000041 51.516841918000068)",Unfall 38181 (2023) Kat:3, Licht: 0,38181,3,7,2,05,18,7,0,0,0,1,0,0,0,1
"POINT (7.477579746000060 51.519391721000034)",Unfall 38298 (2023) Kat:3, Licht: 0,38298,3,2,5,05,11,6,0,0,0,1,0,0,0,0
"POINT (7.436902618000033 51.512396655000032)",Unfall 38299 (2023) Kat:3, Licht: 0,38299,3,1,0,05,16,6,0,0,1,0,0,0,0,0
"POINT (7.456826259000024 51.454117427000028)",Unfall 38300 (2023) Kat:3, Licht: 0,38300,3,3,5,05,13,6,0,0,0,1,0,0,0,1
"POINT (7.512676447000047 51.486846656000068)",Unfall 38302 (2023) Kat:3, Licht: 0,38302,3,6,2,05,12,6,0,0,0,1,0,0,0,0
"POINT (7.498168225000029 51.553928171000052)",Unfall 38422 (2023) Kat:3, Licht: 1,38422,3,7,0,05,05,5,0,1,0,1,0,0,0,0
"POINT (7.397948798000073 51.526341096000067)",Unfall 38423 (2023) Kat:3, Licht: 0,38423,3,2,5,05,12,5,0,0,1,1,0,0,0,0
"POINT (7.487421699000038 51.443456996000066)",Unfall 38572 (2023) Kat:3, Licht: 0,38572,3,6,2,05,17,4,0,0,0,1,0,0,1,0
"POINT (7.547150873000021 51.522907499000041)",Unfall 38575 (2023) Kat:1, Licht: 0,38575,1,1,8,05,14,4,0,0,1,0,0,0,1,0
"POINT (7.511229604000050 51.503728613000078)",Unfall 38576 (2023) Kat:3, Licht: 0,38576,3,6,2,05,07,4,0,0,0,1,0,0,0,0
"POINT (7.367590547000020 51.538575115000071)",Unfall 38579 (2023) Kat:3, Licht: 0,38579,3,6,3,05,09,4,0,0,0,1,0,0,0,0
"POINT (7.374722208000037 51.522257172000081)",Unfall 38580 (2023) Kat:3, Licht: 0,38580,3,7,1,05,14,4,0,0,0,1,0,0,0,1
"POINT (7.465080286000045 51.569350047000057)",Unfall 38655 (2023) Kat:3, Licht: 0,38655,3,3,5,05,17,7,0,0,1,1,0,0,0,0
"POINT (7.483747094000023 51.576199965000058)",Unfall 38720 (2023) Kat:3, Licht: 0,38720,3,6,2,05,08,3,0,0,0,1,0,0,0,1
"POINT (7.452677095000070 51.523927496000056)",Unfall 38828 (2023) Kat:3, Licht: 0,38828,3,6,2,06,16,5,0,0,0,1,0,0,0,0
"POINT (7.509847731000036 51.474943733000032)",Unfall 38829 (2023) Kat:3, Licht: 0,38829,3,3,5,06,16,5,0,0,0,1,1,0,0,0
"POINT (7.468211431000043 51.509895676000042)",Unfall 38830 (2023) Kat:3, Licht: 0,38830,3,6,1,06,17,5,0,0,0,1,0,1,0,0
"POINT (7.501130981000074 51.558912246000034)",Unfall 38954 (2023) Kat:3, Licht: 0,38954,3,6,2,06,13,4,0,0,0,1,0,0,0,0
"POINT (7.362915423000061 51.496893920000048)",Unfall 38955 (2023) Kat:3, Licht: 0,38955,3,2,6,06,09,4,0,0,0,1,1,0,0,0
"POINT (7.459383774000059 51.499768642000049)",Unfall 38956 (2023) Kat:3, Licht: 0,38956,3,2,3,06,13,4,0,0,1,1,0,0,0,0
"POINT (7.366468058000066 51.581401657000072)",Unfall 39080 (2023) Kat:3, Licht: 0,39080,3,6,2,06,14,3,0,0,0,1,0,0,0,0
"POINT (7.537375729000075 51.557869053000047)",Unfall 39081 (2023) Kat:3, Licht: 0,39081,3,2,2,06,18,3,0,0,1,1,0,0,0,0
"POINT (7.450374811000074 51.523848129000044)",Unfall 39082 (2023) Kat:3, Licht: 0,39082,3,4,6,06,08,3,0,0,0,1,1,0,0,0
"POINT (7.561470912000061 51.495173964000060)",Unfall 39206 (2023) Kat:3, Licht: 0,39206,3,2,5,06,16,2,0,0,0,1,0,0,0,0
"POINT (7.551477855000030 51.493322812000031)",Unfall 39207 (2023) Kat:3, Licht: 0,39207,3,4,6,06,17,2,0,0,0,1,1,0,0,0
"POINT (7.403396898000040 51.546478300000047)",Unfall 39285 (2023) Kat:3, Licht: 0,39285,3,6,2,06,16,1,0,0,0,1,0,0,0,0
"POINT (7.482575744000030 51.559047319000058)",Unfall 39286 (2023) Kat:3, Licht: 0,39286,3,3,5,06,18,1,0,0,0,1,0,0,0,0
"POINT (7.456406142000048 51.531699140000057)",Unfall 39287 (2023) Kat:2, Licht: 2,39287,2,4,6,06,23,1,0,2,0,1,1,0,0,0
"POINT (7.363477899000031 51.572746271000028)",Unfall 39504 (2023) Kat:3, Licht: 0,39504,3,1,0,06,16,6,0,0,0,1,0,0,0,0
"POINT (7.371765932000073 51.522291473000053)",Unfall 39508 (2023) Kat:3, Licht: 0,39508,3,2,5,06,20,6,0,0,0,1,0,1,0,0
"POINT (7.459997576000035 51.479936818000056)",Unfall 39509 (2023) Kat:3, Licht: 0,39509,3,3,5,06,20,6,0,0,1,1,0,0,0,0
"POINT (7.488178978000064 51.513604918000055)",Unfall 39510 (2023) Kat:3, Licht: 0,39510,3,1,2,06,15,6,0,0,0,1,0,0,0,0
"POINT (7.469815490000030 51.525496423000050)",Unfall 39570 (2023) Kat:3, Licht: 0,39570,3,6,2,06,07,5,0,0,1,0,0,0,0,1
"POINT (7.559460236000064 51.502912806000040)",Unfall 39592 (2023) Kat:3, Licht: 0,39592,3,1,1,06,17,5,0,0,0,1,0,1,0,0
"POINT (7.498871551000036 51.503859911000063)",Unfall 39726 (2023) Kat:3, Licht: 0,39726,3,6,2,06,17,4,1,0,0,1,0,0,1,0
"POINT (7.460002945000042 51.511395942000036)",Unfall 39728 (2023) Kat:3, Licht: 0,39728,3,6,2,06,17,4,1,0,0,1,0,0,0,0
"POINT (7.594371458000069 51.529416490000074)",Unfall 39841 (2023) Kat:2, Licht: 0,39841,2,7,5,06,08,3,0,0,0,1,0,0,0,1
"POINT (7.481490348000023 51.523003150000079)",Unfall 39842 (2023) Kat:3, Licht: 0,39842,3,2,8,06,13,3,0,0,1,1,0,0,0,0
"POINT (7.559743981000054 51.501831845000027)",Unfall 40003 (2023) Kat:3, Licht: 2,40003,3,1,9,06,23,2,0,2,0,1,0,1,0,0
"POINT (7.550719309000044 51.491957769000066)",Unfall 40005 (2023) Kat:3, Licht: 0,40005,3,2,5,06,08,2,0,0,0,1,0,0,0,1
"POINT (7.462573646000067 51.581495801000074)",Unfall 40006 (2023) Kat:3, Licht: 0,40006,3,6,2,06,07,2,0,0,0,1,0,0,0,0
"POINT (7.411446626000043 51.559712816000058)",Unfall 40114 (2023) Kat:3, Licht: 2,40114,3,7,8,06,23,1,0,2,0,1,0,0,0,0
"POINT (7.457680205000031 51.524309151000068)",Unfall 40115 (2023) Kat:3, Licht: 0,40115,3,6,2,06,18,1,0,0,0,1,0,0,0,0
"POINT (7.447636314000022 51.496822591000068)",Unfall 40116 (2023) Kat:3, Licht: 0,40116,3,3,5,06,15,1,0,0,1,1,0,0,0,0
"POINT (7.437323329000037 51.497714398000028)",Unfall 40266 (2023) Kat:3, Licht: 0,40266,3,1,8,06,06,7,0,0,0,1,0,0,0,0
"POINT (7.499700862000054 51.514985506000073)",Unfall 40267 (2023) Kat:3, Licht: 0,40267,3,1,0,06,16,7,0,0,1,0,0,0,0,0
"POINT (7.478211834000035 51.418295404000048)",Unfall 40268 (2023) Kat:3, Licht: 0,40268,3,2,5,06,19,7,0,0,1,1,0,0,0,0
"POINT (7.497300278000068 51.503416196000046)",Unfall 40269 (2023) Kat:3, Licht: 0,40269,3,6,2,06,17,7,0,0,0,1,0,1,0,0
"POINT (7.547233094000035 51.522699768000052)",Unfall 40420 (2023) Kat:3, Licht: 0,40420,3,7,0,06,15,6,0,0,0,0,0,0,0,1
"POINT (7.474538488000064 51.514783494000028)",Unfall 40422 (2023) Kat:3, Licht: 0,40422,3,2,5,06,12,6,0,0,1,1,0,0,0,0
"POINT (7.480147230000057 51.502399674000060)",Unfall 40423 (2023) Kat:3, Licht: 0,40423,3,6,6,06,07,6,0,0,0,0,1,0,0,1
"POINT (7.459302108000031 51.490750110000079)",Unfall 40494 (2023) Kat:3, Licht: 0,40494,3,6,2,06,17,3,0,0,0,1,0,0,0,0
"POINT (7.385989169000027 51.500563475000035)",Unfall 40576 (2023) Kat:3, Licht: 0,40576,3,6,2,06,15,5,0,0,0,1,0,0,0,0
"POINT (7.610837211000046 51.532322974000067)",Unfall 40578 (2023) Kat:3, Licht: 0,40578,3,4,6,06,11,5,0,0,0,1,1,0,0,0
"POINT (7.352733960000023 51.579280592000032)",Unfall 40579 (2023) Kat:2, Licht: 0,40579,2,7,8,06,18,5,0,0,0,0,0,1,0,0
"POINT (7.369923914000026 51.565469456000073)",Unfall 40580 (2023) Kat:3, Licht: 0,40580,3,5,8,06,16,5,0,0,0,1,0,0,0,0
"POINT (7.369626195000023 51.524775264000027)",Unfall 40581 (2023) Kat:2, Licht: 0,40581,2,2,3,06,15,5,0,0,1,1,0,0,0,0
"POINT (7.513281104000043 51.486759043000063)",Unfall 40582 (2023) Kat:3, Licht: 1,40582,3,3,5,06,20,5,0,1,0,1,0,0,0,0
"POINT (7.461702149000075 51.509238540000069)",Unfall 40583 (2023) Kat:3, Licht: 2,40583,3,5,1,06,01,5,0,2,0,1,1,0,0,0
"POINT (7.480007862000036 51.502487974000076)",Unfall 40584 (2023) Kat:3, Licht: 0,40584,3,7,0,06,16,5,0,0,0,0,1,0,0,1
"POINT (7.333731470000032 51.496710513000039)",Unfall 40761 (2023) Kat:3, Licht: 0,40761,3,6,2,05,08,4,0,0,0,1,0,0,0,0
"POINT (7.487592188000065 51.524042475000044)",Unfall 40763 (2023) Kat:3, Licht: 0,40763,3,3,5,05,07,4,0,0,1,0,0,0,0,1
"POINT (7.506414477000021 51.479973876000031)",Unfall 40764 (2023) Kat:3, Licht: 0,40764,3,6,1,05,13,4,0,0,1,0,0,0,0,0
"POINT (7.449206921000041 51.498148751000031)",Unfall 40765 (2023) Kat:3, Licht: 0,40765,3,3,5,05,15,4,0,0,1,1,0,0,0,0
"POINT (7.466981418000046 51.498599656000067)",Unfall 40767 (2023) Kat:3, Licht: 0,40767,3,2,2,05,09,4,0,0,0,1,0,0,0,0
"POINT (7.546891370000026 51.523631354000031)",Unfall 40989 (2023) Kat:2, Licht: 0,40989,2,1,0,06,20,7,0,0,1,0,0,0,0,0
"POINT (7.476350249000063 51.541150976000040)",Unfall 41088 (2023) Kat:3, Licht: 0,41088,3,1,8,06,07,6,0,0,0,0,0,1,1,0
"POINT (7.483137600000020 51.500464266000051)",Unfall 41089 (2023) Kat:3, Licht: 0,41089,3,3,5,06,11,6,0,0,0,1,0,0,0,0
"POINT (7.517926328000044 51.521280487000070)",Unfall 41195 (2023) Kat:2, Licht: 2,41195,2,6,1,06,14,5,0,2,0,1,0,0,0,0
"POINT (7.437694143000044 51.512494557000082)",Unfall 41196 (2023) Kat:3, Licht: 2,41196,3,2,6,06,22,5,1,2,0,1,1,0,0,0
"POINT (7.457780044000060 51.463617846000034)",Unfall 41197 (2023) Kat:2, Licht: 0,41197,2,3,5,06,18,5,1,0,1,1,0,0,0,0
"POINT (7.458888115000036 51.504475851000052)",Unfall 41198 (2023) Kat:3, Licht: 0,41198,3,2,5,06,11,5,0,0,1,1,0,0,0,0
"POINT (7.443570517000069 51.494820396000080)",Unfall 41199 (2023) Kat:2, Licht: 1,41199,2,4,6,06,19,5,1,1,0,0,1,0,0,1
"POINT (7.360015074000046 51.497775480000030)",Unfall 41336 (2023) Kat:3, Licht: 0,41336,3,1,0,06,16,4,0,0,0,1,0,0,0,0
"POINT (7.415051839000057 51.538336516000072)",Unfall 41337 (2023) Kat:3, Licht: 0,41337,3,6,2,06,14,4,0,0,0,1,0,0,0,0
"POINT (7.497130212000059 51.503730739000048)",Unfall 41339 (2023) Kat:3, Licht: 0,41339,3,2,5,06,11,4,0,0,0,1,0,1,0,0
"POINT (7.625024660000065 51.525905888000068)",Unfall 41475 (2023) Kat:3, Licht: 0,41475,3,3,5,06,20,3,0,0,0,1,0,1,0,0
"POINT (7.501829012000030 51.503954820000047)",Unfall 41476 (2023) Kat:3, Licht: 0,41476,3,6,2,06,15,3,0,0,0,1,0,0,0,0
"POINT (7.493832595000072 51.514244837000035)",Unfall 41477 (2023) Kat:2, Licht: 0,41477,2,7,3,06,08,3,0,0,0,1,1,0,0,0
"POINT (7.436259558000074 51.486067567000077)",Unfall 41478 (2023) Kat:3, Licht: 0,41478,3,5,1,06,09,6,0,0,1,0,0,0,0,1
"POINT (7.424258411000039 51.532491626000080)",Unfall 41479 (2023) Kat:3, Licht: 0,41479,3,3,5,06,06,3,1,0,0,0,0,1,1,0
"POINT (7.460849022000048 51.524439022000081)",Unfall 41480 (2023) Kat:3, Licht: 0,41480,3,4,6,06,11,3,0,0,0,1,1,0,0,0
"POINT (7.489349027000060 51.497203931000058)",Unfall 41481 (2023) Kat:3, Licht: 0,41481,3,2,5,06,07,3,0,0,1,1,0,0,0,0
"POINT (7.449109826000040 51.498183993000055)",Unfall 41482 (2023) Kat:3, Licht: 0,41482,3,3,5,06,18,3,0,0,1,1,0,0,0,0
"POINT (7.435758026000030 51.524270214000069)",Unfall 41595 (2023) Kat:3, Licht: 2,41595,3,6,2,06,23,2,0,2,0,1,0,0,0,0
"POINT (7.472423988000060 51.469798285000081)",Unfall 41597 (2023) Kat:3, Licht: 0,41597,3,3,5,06,15,2,0,0,1,1,0,0,0,0