WKT,Name,OBJECTID,UKATEGORIE,UTYP1,UART,UMONAT,USTUNDE,UWOCHENTAG,STRZUSTAND,ULICHTVERH,ISTRAD,ISTPKW,ISTFUSS,ISTKRAD,ISTGKFZ,ISTSONSTIG
"POINT (7.470886036000024 51.516699202000041)",Unfall 41598 (2023) Kat:3, Licht: 2,41598,3,7,8,06,23,2,0,2,0,0,0,0,0,1
"POINT (7.442605060000062 51.523659947000056)",Unfall 41687 (2023) Kat:3, Licht: 0,41687,3,7,2,06,14,1,0,0,0,1,0,1,0,0
"POINT (7.508611018000067 51.476758232000066)",Unfall 41688 (2023) Kat:3, Licht: 1,41688,3,3,5,06,04,1,0,1,0,1,0,1,0,0
"POINT (7.503739101000065 51.441955970000038)",Unfall 41818 (2023) Kat:3, Licht: 0,41818,3,6,3,06,09,7,0,0,0,1,0,0,0,0
"POINT (7.393388754000057 51.584032809000064)",Unfall 41821 (2023) Kat:3, Licht: 0,41821,3,6,2,06,13,7,0,0,0,1,0,0,0,0
"POINT (7.596571464000021 51.495579691000046)",Unfall 41823 (2023) Kat:3, Licht: 0,41823,3,7,6,06,15,7,0,0,0,1,1,0,0,0
"POINT (7.502940030000047 51.491061791000050)",Unfall 41827 (2023) Kat:3, Licht: 0,41827,3,3,5,06,11,7,0,0,1,1,0,0,0,0
"POINT (7.474389546000054 51.514937442000075)",Unfall 41828 (2023) Kat:3, Licht: 0,41828,3,2,5,06,13,7,0,0,0,1,0,0,0,1
"POINT (7.467465858000025 51.493753125000069)",Unfall 41829 (2023) Kat:3, Licht: 0,41829,3,1,0,06,17,7,0,0,1,0,0,0,0,0
"POINT (7.526495457000067 51.484615686000041)",Unfall 41996 (2023) Kat:2, Licht: 0,41996,2,6,2,06,17,6,0,0,0,1,0,0,0,0
"POINT (7.506850044000032 51.515843116000042)",Unfall 41997 (2023) Kat:3, Licht: 0,41997,3,7,6,06,17,6,0,0,0,1,1,0,0,0
"POINT (7.410896081000033 51.506519506000075)",Unfall 41999 (2023) Kat:3, Licht: 0,41999,3,6,4,06,16,6,0,0,0,1,0,0,0,0
"POINT (7.459935721000022 51.468435780000050)",Unfall 42000 (2023) Kat:3, Licht: 0,42000,3,6,0,06,14,6,0,0,0,1,0,0,0,0
"POINT (7.497649299000045 51.493991330000028)",Unfall 42001 (2023) Kat:3, Licht: 0,42001,3,1,0,06,17,6,0,0,0,0,0,0,0,1
"POINT (7.482200943000066 51.468833820000043)",Unfall 42002 (2023) Kat:3, Licht: 0,42002,3,3,5,06,11,6,0,0,0,1,0,1,0,0
"POINT (7.470176749000075 51.520996526000033)",Unfall 42024 (2023) Kat:2, Licht: 0,42024,2,2,6,06,09,7,0,0,0,1,1,0,0,0
"POINT (7.524521518000029 51.482281131000036)",Unfall 42152 (2023) Kat:3, Licht: 0,42152,3,3,5,07,11,4,0,0,0,1,0,0,0,0
"POINT (7.458627695000075 51.542638789000080)",Unfall 42155 (2023) Kat:3, Licht: 0,42155,3,6,2,07,16,4,0,0,0,1,0,0,0,0
"POINT (7.498134459000028 51.488558740000030)",Unfall 42156 (2023) Kat:3, Licht: 0,42156,3,3,5,07,11,4,0,0,1,1,0,0,0,0
"POINT (7.459614192000060 51.505291086000057)",Unfall 42157 (2023) Kat:3, Licht: 0,42157,3,3,4,07,11,4,0,0,1,1,0,0,0,0
"POINT (7.537151153000025 51.565440648000049)",Unfall 42239 (2023) Kat:2, Licht: 0,42239,2,6,2,07,18,3,0,0,0,1,0,0,0,0
"POINT (7.558506910000062 51.494447475000072)",Unfall 42240 (2023) Kat:3, Licht: 0,42240,3,4,6,07,19,3,0,0,1,0,1,0,0,0
"POINT (7.457255306000036 51.540318125000056)",Unfall 42244 (2023) Kat:2, Licht: 0,42244,2,7,0,07,17,3,0,0,1,0,0,0,0,0
"POINT (7.498535176000075 51.488507363000053)",Unfall 42245 (2023) Kat:3, Licht: 0,42245,3,7,4,07,18,3,0,0,0,0,0,1,0,1
"POINT (7.446518801000025 51.496774738000056)",Unfall 42246 (2023) Kat:3, Licht: 0,42246,3,3,5,07,13,3,0,0,1,1,0,0,0,0
"POINT (7.459087603000057 51.500982998000040)",Unfall 42247 (2023) Kat:3, Licht: 0,42247,3,1,0,07,08,3,0,0,0,0,0,1,0,0
"POINT (7.587977961000036 51.494811407000043)",Unfall 42329 (2023) Kat:3, Licht: 0,42329,3,3,5,07,15,2,0,0,0,1,0,1,0,0
"POINT (7.554069645000027 51.512385046000077)",Unfall 42407 (2023) Kat:3, Licht: 0,42407,3,1,0,07,16,1,0,0,1,0,0,0,0,0
"POINT (7.505478102000041 51.480867897000053)",Unfall 42408 (2023) Kat:3, Licht: 2,42408,3,1,0,07,01,1,0,2,0,0,0,0,0,1
"POINT (7.496151046000023 51.493837038000038)",Unfall 42409 (2023) Kat:3, Licht: 2,42409,3,1,8,07,01,1,0,2,0,1,0,0,0,0
"POINT (7.376420777000021 51.529461202000050)",Unfall 42477 (2023) Kat:3, Licht: 1,42477,3,6,9,07,20,7,0,1,0,1,0,0,0,0
"POINT (7.546864877000075 51.523630042000036)",Unfall 42479 (2023) Kat:3, Licht: 0,42479,3,4,6,07,16,7,0,0,0,1,1,0,0,0
"POINT (7.465434239000047 51.554971773000034)",Unfall 42480 (2023) Kat:3, Licht: 2,42480,3,1,9,07,22,7,0,2,0,1,0,0,0,0
"POINT (7.417622498000071 51.584809325000037)",Unfall 42614 (2023) Kat:2, Licht: 0,42614,2,1,8,07,18,6,0,0,0,1,0,0,0,0
"POINT (7.583588854000027 51.554563741000038)",Unfall 42615 (2023) Kat:3, Licht: 0,42615,3,1,1,07,14,6,0,0,0,1,0,1,0,0
"POINT (7.514429243000052 51.503741452000043)",Unfall 42616 (2023) Kat:3, Licht: 0,42616,3,2,5,07,08,6,0,0,1,1,0,0,0,0
"POINT (7.513631079000049 51.486697415000037)",Unfall 42618 (2023) Kat:3, Licht: 0,42618,3,6,1,07,14,6,0,0,0,1,0,0,0,0
"POINT (7.464678402000061 51.518710270000042)",Unfall 42801 (2023) Kat:3, Licht: 0,42801,3,7,7,07,17,4,0,0,1,0,1,0,0,0
"POINT (7.366261654000027 51.504867534000027)",Unfall 42802 (2023) Kat:3, Licht: 0,42802,3,1,2,07,17,4,0,0,0,1,0,0,0,0
"POINT (7.458196623000049 51.512122453000075)",Unfall 42803 (2023) Kat:3, Licht: 0,42803,3,6,2,07,17,4,0,0,0,1,0,0,0,0
"POINT (7.342890633000025 51.494088191000060)",Unfall 42908 (2023) Kat:3, Licht: 0,42908,3,7,1,07,11,3,0,0,0,1,0,0,1,1
"POINT (7.410506095000073 51.589321906000066)",Unfall 42909 (2023) Kat:2, Licht: 2,42909,2,1,8,07,04,3,0,2,0,1,0,0,0,0
"POINT (7.418027928000072 51.593460110000080)",Unfall 42910 (2023) Kat:3, Licht: 0,42910,3,3,1,07,05,3,0,0,0,1,0,0,0,0
"POINT (7.325336411000023 51.520768883000073)",Unfall 42911 (2023) Kat:3, Licht: 0,42911,3,6,2,07,16,3,0,0,0,1,0,0,0,0
"POINT (7.495619951000037 51.476790341000026)",Unfall 42912 (2023) Kat:3, Licht: 0,42912,3,6,2,07,19,3,0,0,0,1,0,1,0,0
"POINT (7.554645847000074 51.567512508000050)",Unfall 42969 (2023) Kat:3, Licht: 0,42969,3,7,0,07,18,2,0,0,1,0,0,0,0,0
"POINT (7.351652343000069 51.518653792000066)",Unfall 42973 (2023) Kat:3, Licht: 0,42973,3,3,5,07,13,2,0,0,0,1,0,0,0,0
"POINT (7.476423332000024 51.514556023000068)",Unfall 43053 (2023) Kat:2, Licht: 0,43053,2,6,0,07,18,1,0,0,1,1,0,0,0,0
"POINT (7.452356716000054 51.500598655000033)",Unfall 43054 (2023) Kat:3, Licht: 0,43054,3,3,5,07,21,1,0,0,1,1,0,0,0,0
"POINT (7.551673763000053 51.491666796000061)",Unfall 43145 (2023) Kat:3, Licht: 0,43145,3,7,5,07,13,7,1,0,0,1,0,0,0,0
"POINT (7.438693563000072 51.512617925000029)",Unfall 43146 (2023) Kat:3, Licht: 0,43146,3,3,5,07,13,7,1,0,1,1,0,0,0,0
"POINT (7.392117598000027 51.583997235000027)",Unfall 43264 (2023) Kat:3, Licht: 1,43264,3,6,2,06,22,6,0,1,0,1,0,0,0,0
"POINT (7.514826097000025 51.503754092000065)",Unfall 43266 (2023) Kat:3, Licht: 0,43266,3,6,2,06,06,6,0,0,0,1,0,0,1,0
"POINT (7.501714667000044 51.493960378000054)",Unfall 43267 (2023) Kat:3, Licht: 0,43267,3,1,0,06,08,6,0,0,1,0,0,0,0,0
"POINT (7.470999269000060 51.510839448000070)",Unfall 43268 (2023) Kat:3, Licht: 0,43268,3,7,3,06,18,6,0,0,0,1,0,0,0,0
"POINT (7.357519387000025 51.557415607000053)",Unfall 43340 (2023) Kat:3, Licht: 0,43340,3,6,2,06,14,5,0,0,0,1,0,0,0,1
"POINT (7.497274202000028 51.552953595000076)",Unfall 43341 (2023) Kat:3, Licht: 0,43341,3,6,3,06,14,5,0,0,1,1,0,0,0,0
"POINT (7.325285538000060 51.520946433000063)",Unfall 43342 (2023) Kat:3, Licht: 0,43342,3,5,1,06,14,5,0,0,1,1,0,0,0,0
"POINT (7.413774549000038 51.506971515000032)",Unfall 43343 (2023) Kat:3, Licht: 0,43343,3,6,2,06,13,5,0,0,0,1,0,0,0,0
"POINT (7.464937121000048 51.517883958000027)",Unfall 43344 (2023) Kat:3, Licht: 2,43344,3,6,2,06,00,5,0,2,0,1,0,0,0,0
"POINT (7.498125988000027 51.572979102000033)",Unfall 43428 (2023) Kat:3, Licht: 0,43428,3,6,2,06,16,4,0,0,0,1,0,0,1,0
"POINT (7.464153947000057 51.518934356000045)",Unfall 43429 (2023) Kat:3, Licht: 0,43429,3,6,9,06,12,4,0,0,0,1,0,0,0,0
"POINT (7.471603982000033 51.484678868000060)",Unfall 43430 (2023) Kat:3, Licht: 0,43430,3,3,5,06,16,4,0,0,0,1,0,0,0,0
"POINT (7.558789260000026 51.504338795000081)",Unfall 43492 (2023) Kat:3, Licht: 0,43492,3,3,5,06,13,5,0,0,1,1,0,0,0,0
"POINT (7.498266234000027 51.553919606000079)",Unfall 43530 (2023) Kat:2, Licht: 0,43530,2,1,8,06,09,3,0,0,0,1,0,0,0,0
"POINT (7.556671288000075 51.571928360000072)",Unfall 43533 (2023) Kat:3, Licht: 0,43533,3,1,4,06,20,3,0,0,0,1,0,1,0,0
"POINT (7.366613620000066 51.551859672000035)",Unfall 43534 (2023) Kat:3, Licht: 0,43534,3,7,6,06,10,3,0,0,0,1,1,0,0,0
"POINT (7.459894227000063 51.470686073000081)",Unfall 43535 (2023) Kat:3, Licht: 0,43535,3,2,2,06,15,3,0,0,0,1,0,0,0,0
"POINT (7.551818882000020 51.523991510000030)",Unfall 43651 (2023) Kat:3, Licht: 0,43651,3,6,2,06,16,2,0,0,1,0,0,0,0,1
"POINT (7.542531310000072 51.492232711000042)",Unfall 43652 (2023) Kat:3, Licht: 0,43652,3,1,0,06,18,2,0,0,1,1,0,0,0,0
"POINT (7.498647541000025 51.503848492000031)",Unfall 43654 (2023) Kat:3, Licht: 0,43654,3,6,2,06,11,2,0,0,0,1,0,0,0,0
"POINT (7.359295230000043 51.503350533000059)",Unfall 43656 (2023) Kat:3, Licht: 0,43656,3,3,0,06,10,2,0,0,0,0,0,1,0,1
"POINT (7.522228476000066 51.452593345000082)",Unfall 43657 (2023) Kat:2, Licht: 0,43657,2,3,5,06,12,2,0,0,0,1,0,0,0,0
"POINT (7.438455426000075 51.443569932000059)",Unfall 43747 (2023) Kat:3, Licht: 1,43747,3,1,8,08,21,6,1,1,0,1,0,0,0,0
"POINT (7.384557353000048 51.524869381000030)",Unfall 43748 (2023) Kat:3, Licht: 0,43748,3,3,5,08,15,6,0,0,0,1,0,0,0,0
"POINT (7.457822069000031 51.448683007000056)",Unfall 43749 (2023) Kat:3, Licht: 0,43749,3,7,1,08,07,6,1,0,0,1,0,0,0,0
"POINT (7.504251446000069 51.488002034000033)",Unfall 43750 (2023) Kat:3, Licht: 0,43750,3,1,0,08,13,6,0,0,0,0,0,1,0,0
"POINT (7.482702767000035 51.467437631000053)",Unfall 43830 (2023) Kat:3, Licht: 0,43830,3,6,1,08,12,6,0,0,0,1,0,0,0,0
"POINT (7.555484775000025 51.491134901000066)",Unfall 43918 (2023) Kat:3, Licht: 0,43918,3,1,0,08,19,4,1,0,0,0,0,1,0,0
"POINT (7.542643919000056 51.523065624000026)",Unfall 43919 (2023) Kat:3, Licht: 0,43919,3,1,0,08,11,4,1,0,1,0,0,0,0,0
"POINT (7.463731738000035 51.573885694000069)",Unfall 43920 (2023) Kat:3, Licht: 0,43920,3,3,5,08,20,4,1,0,0,1,0,1,0,0
"POINT (7.512381188000063 51.503732925000065)",Unfall 43994 (2023) Kat:3, Licht: 0,43994,3,7,0,08,17,3,0,0,1,1,0,0,0,0
"POINT (7.426702521000038 51.519266789000028)",Unfall 43996 (2023) Kat:3, Licht: 0,43996,3,1,2,08,17,3,0,0,0,1,0,0,0,0
"POINT (7.442949289000069 51.513084877000040)",Unfall 43997 (2023) Kat:3, Licht: 0,43997,3,6,3,08,17,3,0,0,0,1,0,1,0,0
"POINT (7.495243521000020 51.482329779000054)",Unfall 44065 (2023) Kat:2, Licht: 0,44065,2,2,5,07,15,2,1,0,1,1,0,0,0,0
"POINT (7.481019209000067 51.476734527000076)",Unfall 44066 (2023) Kat:3, Licht: 2,44066,3,6,3,07,01,2,1,2,0,1,0,0,0,0
"POINT (7.497246151000070 51.552931829000045)",Unfall 44134 (2023) Kat:2, Licht: 2,44134,2,7,8,07,22,1,1,2,0,1,0,0,0,1
"POINT (7.438972417000059 51.482221291000030)",Unfall 44135 (2023) Kat:2, Licht: 2,44135,2,1,0,07,02,1,1,2,1,0,0,0,0,0
"POINT (7.371826033000048 51.535036431000037)",Unfall 44201 (2023) Kat:3, Licht: 0,44201,3,1,3,07,16,7,0,0,0,1,0,0,0,0
"POINT (7.520906374000049 51.502096991000030)",Unfall 44202 (2023) Kat:2, Licht: 0,44202,2,6,3,07,17,7,1,0,0,1,0,0,0,0
"POINT (7.349032891000036 51.497257681000065)",Unfall 44204 (2023) Kat:3, Licht: 0,44204,3,5,5,07,10,7,0,0,0,1,0,0,0,0
"POINT (7.456422080000038 51.524121673000082)",Unfall 44205 (2023) Kat:3, Licht: 0,44205,3,6,2,07,13,7,0,0,0,1,0,0,0,0
"POINT (7.437732928000059 51.512499322000053)",Unfall 44206 (2023) Kat:3, Licht: 2,44206,3,7,0,07,21,7,1,2,0,0,0,0,0,1
"POINT (7.432779830000072 51.482240668000031)",Unfall 44209 (2023) Kat:3, Licht: 0,44209,3,6,2,07,16,7,1,0,0,1,0,0,0,0
"POINT (7.540104984000038 51.508317143000056)",Unfall 44320 (2023) Kat:3, Licht: 0,44320,3,6,2,07,16,6,0,0,0,1,0,0,0,0
"POINT (7.456651340000064 51.539242578000028)",Unfall 44322 (2023) Kat:3, Licht: 0,44322,3,7,5,07,09,6,0,0,0,1,0,0,0,1
"POINT (7.482032830000037 51.501245246000053)",Unfall 44323 (2023) Kat:3, Licht: 0,44323,3,6,1,07,07,6,1,0,0,1,0,0,0,0
"POINT (7.493118572000071 51.495182233000037)",Unfall 44369 (2023) Kat:3, Licht: 0,44369,3,2,4,08,20,3,0,0,0,1,0,0,0,0
"POINT (7.577574865000031 51.558704713000054)",Unfall 44386 (2023) Kat:3, Licht: 0,44386,3,1,8,08,05,3,1,0,0,1,0,0,0,0
"POINT (7.455917337000074 51.533105354000043)",Unfall 44422 (2023) Kat:2, Licht: 0,44422,2,3,5,07,11,5,1,0,0,1,0,0,1,1
"POINT (7.385292235000065 51.497565535000035)",Unfall 44535 (2023) Kat:3, Licht: 0,44535,3,6,1,07,18,4,0,0,0,1,0,0,0,0
"POINT (7.588005870000075 51.494619596000064)",Unfall 44626 (2023) Kat:3, Licht: 0,44626,3,6,3,07,10,3,0,0,1,1,0,0,0,0
"POINT (7.460807119000037 51.524481945000048)",Unfall 44629 (2023) Kat:3, Licht: 0,44629,3,3,5,07,13,3,0,0,0,1,0,0,0,0
"POINT (7.488920633000021 51.497394149000058)",Unfall 44630 (2023) Kat:3, Licht: 0,44630,3,2,3,07,16,3,0,0,1,1,0,0,0,0
"POINT (7.449536944000045 51.513296485000069)",Unfall 44631 (2023) Kat:3, Licht: 1,44631,3,7,8,07,05,3,0,1,0,1,0,0,0,0
"POINT (7.543835886000068 51.533591365000063)",Unfall 44749 (2023) Kat:3, Licht: 0,44749,3,2,4,07,07,2,1,0,0,1,0,0,0,0
"POINT (7.498240573000032 51.553920034000043)",Unfall 44827 (2023) Kat:3, Licht: 0,44827,3,3,5,07,16,2,1,0,0,1,0,0,0,0
"POINT (7.587393600000041 51.493204723000076)",Unfall 44887 (2023) Kat:3, Licht: 0,44887,3,7,1,07,15,7,0,0,0,1,0,1,0,0
"POINT (7.351497617000064 51.503844173000061)",Unfall 44889 (2023) Kat:3, Licht: 2,44889,3,1,7,07,01,7,1,2,0,1,0,0,0,0
"POINT (7.471842580000043 51.527496540000072)",Unfall 44890 (2023) Kat:3, Licht: 0,44890,3,3,5,07,16,7,0,0,0,1,0,0,0,0
"POINT (7.501342096000030 51.565318366000042)",Unfall 44982 (2023) Kat:3, Licht: 0,44982,3,7,4,07,18,6,0,0,0,1,0,0,1,0
"POINT (7.504076563000069 51.566415267000082)",Unfall 44984 (2023) Kat:3, Licht: 2,44984,3,6,2,07,23,6,0,2,0,1,0,0,0,0
"POINT (7.428374212000051 51.511550109000041)",Unfall 44986 (2023) Kat:3, Licht: 0,44986,3,1,9,07,17,6,1,0,1,0,0,0,0,0
"POINT (7.505184014000065 51.486713679000047)",Unfall 44987 (2023) Kat:3, Licht: 0,44987,3,7,0,07,11,6,0,0,0,0,0,0,0,1
"POINT (7.523105382000040 51.445626568000080)",Unfall 44988 (2023) Kat:3, Licht: 0,44988,3,3,5,07,15,6,0,0,0,1,0,0,0,0
"POINT (7.352688611000076 51.562051999000062)",Unfall 44999 (2023) Kat:3, Licht: 0,44999,3,6,3,08,19,5,1,0,0,1,0,0,1,0
"POINT (7.377136580000069 51.527371539000058)",Unfall 45073 (2023) Kat:3, Licht: 0,45073,3,6,2,07,15,5,0,0,0,1,0,0,0,1
"POINT (7.537642610000034 51.536685901000055)",Unfall 45077 (2023) Kat:3, Licht: 0,45077,3,7,5,07,06,5,1,0,0,1,0,0,1,0
"POINT (7.549319310000044 51.523970481000049)",Unfall 45078 (2023) Kat:3, Licht: 0,45078,3,4,6,07,17,5,0,0,0,1,1,0,0,0
"POINT (7.521036776000074 51.465337102000035)",Unfall 45079 (2023) Kat:3, Licht: 0,45079,3,1,0,07,16,5,0,0,0,0,0,0,0,1
"POINT (7.451916949000065 51.513519568000049)",Unfall 45080 (2023) Kat:3, Licht: 0,45080,3,6,6,07,12,5,0,0,0,0,1,0,0,1
"POINT (7.455985293000026 51.513122003000035)",Unfall 45081 (2023) Kat:3, Licht: 0,45081,3,3,5,07,15,5,0,0,0,1,0,0,0,1
"POINT (7.449513949000050 51.441935888000046)",Unfall 45180 (2023) Kat:3, Licht: 0,45180,3,6,3,07,14,4,0,0,0,0,0,0,1,1
"POINT (7.557195145000037 51.576536058000045)",Unfall 45183 (2023) Kat:3, Licht: 0,45183,3,6,4,07,05,4,0,0,1,0,0,0,0,0
"POINT (7.543816737000043 51.533617123000056)",Unfall 45184 (2023) Kat:2, Licht: 0,45184,2,2,5,07,12,4,0,0,0,1,0,1,0,0
"POINT (7.474510173000056 51.535200171000042)",Unfall 45185 (2023) Kat:3, Licht: 0,45185,3,2,5,07,13,4,0,0,0,1,0,0,0,0
"POINT (7.446442037000054 51.496705329000065)",Unfall 45186 (2023) Kat:2, Licht: 0,45186,2,3,5,07,14,4,0,0,1,1,0,0,0,0
"POINT (7.364175280000040 51.496326544000055)",Unfall 45307 (2023) Kat:3, Licht: 0,45307,3,2,5,07,10,3,0,0,1,0,0,0,1,0
"POINT (7.489784992000068 51.497102942000026)",Unfall 45422 (2023) Kat:3, Licht: 0,45422,3,2,5,07,13,2,0,0,1,1,0,0,0,0
"POINT (7.468786220000027 51.509822855000039)",Unfall 45423 (2023) Kat:3, Licht: 2,45423,3,1,8,07,00,2,0,2,0,1,0,0,0,0
"POINT (7.363094104000027 51.561542718000055)",Unfall 45513 (2023) Kat:3, Licht: 0,45513,3,2,5,07,17,1,0,0,0,1,0,0,0,0
"POINT (7.519716193000022 51.484945746000051)",Unfall 45514 (2023) Kat:3, Licht: 0,45514,3,6,0,07,18,1,0,0,0,0,0,0,0,1
"POINT (7.463141038000060 51.517404689000045)",Unfall 45515 (2023) Kat:3, Licht: 2,45515,3,1,6,07,00,1,0,2,0,0,1,0,0,1
"POINT (7.377216080000039 51.527113962000044)",Unfall 45605 (2023) Kat:2, Licht: 0,45605,2,6,8,07,18,7,0,0,0,1,0,0,0,1
"POINT (7.577062990000059 51.558375163000051)",Unfall 45609 (2023) Kat:3, Licht: 0,45609,3,1,8,07,06,7,0,0,0,1,0,0,0,0
"POINT (7.508705510000027 51.578719874000058)",Unfall 45677 (2023) Kat:3, Licht: 0,45677,3,6,3,07,13,4,0,0,0,1,0,0,0,0
"POINT (7.433228998000061 51.582227210000042)",Unfall 45718 (2023) Kat:3, Licht: 0,45718,3,1,8,07,19,2,1,0,0,1,0,0,0,0
"POINT (7.535557846000074 51.489784267000061)",Unfall 45749 (2023) Kat:3, Licht: 0,45749,3,3,5,07,14,6,0,0,0,1,0,0,0,0
"POINT (7.460537557000066 51.528845999000055)",Unfall 45751 (2023) Kat:3, Licht: 0,45751,3,2,5,07,16,6,0,0,0,1,0,1,0,0
"POINT (7.438852160000067 51.512637776000076)",Unfall 45752 (2023) Kat:3, Licht: 0,45752,3,6,3,07,09,6,0,0,1,1,0,0,0,0
"POINT (7.470063325000069 51.508169510000073)",Unfall 45753 (2023) Kat:3, Licht: 0,45753,3,3,5,07,05,6,0,0,0,1,0,0,0,1
"POINT (7.452128433000041 51.501592872000060)",Unfall 45755 (2023) Kat:3, Licht: 0,45755,3,2,0,07,19,6,0,0,1,1,0,0,0,0
"POINT (7.474801647000049 51.516733932000079)",Unfall 45763 (2023) Kat:3, Licht: 0,45763,3,1,0,07,14,3,0,0,1,0,0,0,0,0
"POINT (7.503401713000073 51.489380951000044)",Unfall 45840 (2023) Kat:3, Licht: 0,45840,3,6,3,07,14,7,0,0,0,1,0,0,1,0
"POINT (7.561538238000026 51.495203732000050)",Unfall 45880 (2023) Kat:3, Licht: 0,45880,3,2,5,07,16,5,1,0,1,1,0,0,0,0
"POINT (7.461584276000053 51.517156966000073)",Unfall 45882 (2023) Kat:3, Licht: 0,45882,3,2,5,07,14,5,0,0,0,1,0,0,0,0
"POINT (7.464483761000054 51.517662953000070)",Unfall 45883 (2023) Kat:3, Licht: 0,45883,3,3,4,07,17,5,1,0,1,0,0,0,0,0
"POINT (7.468157092000069 51.485528228000078)",Unfall 45909 (2023) Kat:3, Licht: 2,45909,3,4,6,07,22,7,1,2,0,1,1,0,0,0
"POINT (7.542639145000066 51.535274860000072)",Unfall 45999 (2023) Kat:2, Licht: 0,45999,2,6,4,08,18,2,0,0,1,0,0,0,0,0
"POINT (7.555453687000067 51.491028946000029)",Unfall 46000 (2023) Kat:3, Licht: 0,46000,3,2,5,08,09,2,0,0,1,1,0,0,0,0
"POINT (7.533033118000048 51.443001753000033)",Unfall 46002 (2023) Kat:3, Licht: 0,46002,3,2,5,08,07,2,0,0,1,1,0,0,0,0
"POINT (7.464750578000064 51.558221286000048)",Unfall 46089 (2023) Kat:3, Licht: 0,46089,3,6,6,08,14,1,0,0,0,0,1,0,0,1
"POINT (7.493417131000058 51.477206753000075)",Unfall 46090 (2023) Kat:3, Licht: 2,46090,3,7,0,08,21,1,0,2,1,0,1,0,0,0
"POINT (7.486151602000064 51.498624051000036)",Unfall 46091 (2023) Kat:3, Licht: 0,46091,3,5,3,08,19,1,0,0,1,1,0,0,0,1
"POINT (7.494606372000021 51.514230557000076)",Unfall 46185 (2023) Kat:3, Licht: 0,46185,3,6,2,08,15,7,0,0,0,1,0,0,0,1
"POINT (7.436766866000028 51.581413510000061)",Unfall 46334 (2023) Kat:3, Licht: 2,46334,3,6,9,08,23,6,0,2,0,1,0,0,0,0
"POINT (7.511159306000025 51.556942715000048)",Unfall 46335 (2023) Kat:3, Licht: 0,46335,3,3,0,08,14,6,0,0,1,1,0,0,0,0
"POINT (7.552807641000072 51.493574773000034)",Unfall 46336 (2023) Kat:3, Licht: 0,46336,3,7,0,08,14,6,0,0,0,0,0,0,0,1
"POINT (7.360540656000069 51.560089865000066)",Unfall 46337 (2023) Kat:3, Licht: 2,46337,3,6,3,08,21,6,0,2,0,1,0,1,0,0
"POINT (7.443376795000063 51.480547240000078)",Unfall 46338 (2023) Kat:3, Licht: 0,46338,3,6,0,08,18,6,0,0,1,0,1,0,0,0
"POINT (7.512113034000038 51.503731960000039)",Unfall 46469 (2023) Kat:3, Licht: 0,46469,3,6,2,08,07,5,0,0,0,1,0,0,0,0
"POINT (7.367750970000031 51.494307146000040)",Unfall 46471 (2023) Kat:3, Licht: 0,46471,3,2,2,08,15,5,0,0,0,1,0,0,0,0
"POINT (7.335252434000040 51.501569021000080)",Unfall 46472 (2023) Kat:2, Licht: 0,46472,2,1,6,08,11,5,0,0,0,1,1,0,0,0
"POINT (7.482213430000058 51.514117706000036)",Unfall 46475 (2023) Kat:3, Licht: 0,46475,3,2,5,08,16,2,0,0,1,1,0,0,0,0
"POINT (7.476502111000059 51.504427254000063)",Unfall 46608 (2023) Kat:3, Licht: 0,46608,3,6,2,08,10,4,0,0,0,1,0,0,0,0
"POINT (7.502927151000051 51.565001768000059)",Unfall 46707 (2023) Kat:3, Licht: 0,46707,3,6,1,08,15,3,0,0,0,1,0,0,0,0
"POINT (7.472803204000058 51.588234140000054)",Unfall 46709 (2023) Kat:3, Licht: 0,46709,3,6,1,08,07,3,1,0,0,1,0,0,0,0
"POINT (7.401123172000041 51.549218273000065)",Unfall 46710 (2023) Kat:3, Licht: 0,46710,3,6,3,08,09,3,0,0,0,1,0,0,0,0
"POINT (7.475819116000025 51.539326012000060)",Unfall 46711 (2023) Kat:3, Licht: 0,46711,3,3,5,08,18,3,0,0,1,1,0,0,0,0
"POINT (7.379444961000047 51.493748773000050)",Unfall 46834 (2023) Kat:3, Licht: 0,46834,3,7,5,08,06,2,1,0,0,1,0,0,0,0
"POINT (7.457782550000047 51.530606627000054)",Unfall 46835 (2023) Kat:3, Licht: 0,46835,3,2,5,08,11,2,1,0,0,1,0,0,0,1
"POINT (7.487513836000062 51.524032478000038)",Unfall 46863 (2023) Kat:3, Licht: 1,46863,3,3,5,08,05,4,1,1,1,1,0,0,0,0
"POINT (7.473453573000029 51.531937879000054)",Unfall 46925 (2023) Kat:3, Licht: 0,46925,3,3,4,08,16,1,1,0,0,1,0,0,0,1
"POINT (7.433397125000056 51.511953521000066)",Unfall 46926 (2023) Kat:2, Licht: 0,46926,2,1,0,08,19,1,1,0,0,1,0,0,0,0
"POINT (7.497158053000021 51.503400546000080)",Unfall 46954 (2023) Kat:3, Licht: 0,46954,3,2,5,08,15,2,0,0,1,1,0,0,0,0
"POINT (7.437688223000066 51.524134977000074)",Unfall 47019 (2023) Kat:3, Licht: 0,47019,3,6,3,08,14,7,0,0,0,1,0,0,0,0
"POINT (7.514295444000027 51.504016626000066)",Unfall 47022 (2023) Kat:3, Licht: 0,47022,3,6,2,08,12,7,0,0,0,1,0,1,0,0
"POINT (7.428844112000036 51.511520672000074)",Unfall 47023 (2023) Kat:2, Licht: 1,47023,2,1,0,08,18,7,1,1,1,0,0,0,0,0
"POINT (7.479766345000030 51.461300739000080)",Unfall 47024 (2023) Kat:3, Licht: 0,47024,3,3,5,08,09,7,0,0,1,1,0,0,0,0