WKT,Name,OBJECTID,UKATEGORIE,UTYP1,UART,UMONAT,USTUNDE,UWOCHENTAG,STRZUSTAND,ULICHTVERH,ISTRAD,ISTPKW,ISTFUSS,ISTKRAD,ISTGKFZ,ISTSONSTIG
"POINT (7.451183839000066 51.505709386000035)",Unfall 47025 (2023) Kat:3, Licht: 1,47025,3,6,3,08,21,7,1,1,0,1,0,0,0,0
"POINT (7.504867147000027 51.563871090000077)",Unfall 47147 (2023) Kat:3, Licht: 0,47147,3,6,3,08,19,2,0,0,0,1,0,0,0,0
"POINT (7.556287139000062 51.559083913000052)",Unfall 47150 (2023) Kat:3, Licht: 0,47150,3,3,5,08,07,2,0,0,1,1,0,0,0,0
"POINT (7.481991164000021 51.500694378000048)",Unfall 47151 (2023) Kat:3, Licht: 0,47151,3,3,5,08,15,2,0,0,1,1,0,0,0,0
"POINT (7.459145952000029 51.490740375000030)",Unfall 47152 (2023) Kat:3, Licht: 2,47152,3,1,0,08,21,2,0,2,1,0,0,0,0,0
"POINT (7.449585536000029 51.513300370000081)",Unfall 47153 (2023) Kat:3, Licht: 0,47153,3,3,5,08,14,2,0,0,0,1,0,0,0,1
"POINT (7.507225612000070 51.421185407000053)",Unfall 47215 (2023) Kat:3, Licht: 0,47215,3,1,0,08,11,1,1,0,0,0,0,1,0,0
"POINT (7.460902769000029 51.508010723000041)",Unfall 47216 (2023) Kat:3, Licht: 0,47216,3,7,0,08,15,1,0,0,0,0,0,0,0,1
"POINT (7.369860837000033 51.506465344000048)",Unfall 47323 (2023) Kat:3, Licht: 2,47323,3,1,1,08,02,7,0,2,1,1,0,0,0,0
"POINT (7.538295643000026 51.549518320000061)",Unfall 47462 (2023) Kat:3, Licht: 0,47462,3,4,6,08,15,6,0,0,0,1,1,0,0,0
"POINT (7.596215196000060 51.559166387000062)",Unfall 47463 (2023) Kat:3, Licht: 0,47463,3,2,5,08,13,6,1,0,1,1,0,0,0,0
"POINT (7.469062558000076 51.558545450000054)",Unfall 47467 (2023) Kat:3, Licht: 0,47467,3,6,2,08,08,6,0,0,0,1,0,0,1,0
"POINT (7.473881989000063 51.469666239000048)",Unfall 47468 (2023) Kat:3, Licht: 0,47468,3,7,0,08,15,6,1,0,0,1,0,1,0,0
"POINT (7.497671385000046 51.514352804000055)",Unfall 47577 (2023) Kat:3, Licht: 0,47577,3,6,3,08,16,5,0,0,1,0,0,0,0,1
"POINT (7.452600407000034 51.523833827000033)",Unfall 47579 (2023) Kat:3, Licht: 2,47579,3,3,5,08,20,5,0,2,0,1,0,0,0,0
"POINT (7.409371928000041 51.481257567000057)",Unfall 47580 (2023) Kat:2, Licht: 0,47580,2,1,0,08,07,5,1,0,1,0,0,0,0,0
"POINT (7.469912735000037 51.516804863000061)",Unfall 47581 (2023) Kat:3, Licht: 0,47581,3,6,3,08,15,5,0,0,0,1,0,1,0,0
"POINT (7.375239647000058 51.515904145000036)",Unfall 47700 (2023) Kat:3, Licht: 2,47700,3,1,9,08,04,2,1,2,0,1,0,0,0,0
"POINT (7.501204332000043 51.559273474000065)",Unfall 47823 (2023) Kat:3, Licht: 0,47823,3,2,5,08,18,3,0,0,0,1,0,0,0,0
"POINT (7.622284324000020 51.532545397000035)",Unfall 47824 (2023) Kat:3, Licht: 0,47824,3,6,2,08,13,3,0,0,0,1,0,0,0,0
"POINT (7.464827057000036 51.524866733000067)",Unfall 47825 (2023) Kat:3, Licht: 0,47825,3,6,2,08,09,3,0,0,1,1,0,0,0,0
"POINT (7.474652451000054 51.535744147000059)",Unfall 47826 (2023) Kat:3, Licht: 0,47826,3,6,3,08,17,3,0,0,1,1,0,0,0,0
"POINT (7.408599920000029 51.528131183000028)",Unfall 47827 (2023) Kat:3, Licht: 0,47827,3,1,0,08,11,3,0,0,0,0,0,1,0,0
"POINT (7.415829799000051 51.512615545000074)",Unfall 47828 (2023) Kat:3, Licht: 0,47828,3,1,0,08,15,3,0,0,0,0,0,0,0,1
"POINT (7.420083578000060 51.504401548000033)",Unfall 47829 (2023) Kat:2, Licht: 0,47829,2,3,5,08,07,3,0,0,0,1,0,0,0,1
"POINT (7.385915436000062 51.501908517000061)",Unfall 47953 (2023) Kat:3, Licht: 0,47953,3,6,3,08,12,2,0,0,0,1,0,0,0,1
"POINT (7.576905687000021 51.558328129000074)",Unfall 47954 (2023) Kat:3, Licht: 0,47954,3,1,8,08,13,2,0,0,0,1,0,0,0,0
"POINT (7.498672737000049 51.503849897000066)",Unfall 47955 (2023) Kat:3, Licht: 0,47955,3,6,2,08,18,2,0,0,0,1,0,0,0,0
"POINT (7.460159349000037 51.469045343000062)",Unfall 47957 (2023) Kat:3, Licht: 0,47957,3,3,3,08,07,2,0,0,1,1,0,0,0,0
"POINT (7.505332538000062 51.480809745000045)",Unfall 47958 (2023) Kat:3, Licht: 0,47958,3,3,5,08,07,2,0,0,1,1,0,0,0,0
"POINT (7.581155011000021 51.502897869000037)",Unfall 48051 (2023) Kat:3, Licht: 2,48051,3,1,8,08,02,1,0,2,0,1,0,0,0,0
"POINT (7.444489694000026 51.555826133000039)",Unfall 48052 (2023) Kat:3, Licht: 0,48052,3,2,5,08,18,1,0,0,1,1,0,0,0,0
"POINT (7.464854833000061 51.517878099000029)",Unfall 48053 (2023) Kat:3, Licht: 2,48053,3,6,2,08,22,1,0,2,0,1,0,0,0,0
"POINT (7.405595104000042 51.495581615000049)",Unfall 48147 (2023) Kat:2, Licht: 0,48147,2,7,0,08,12,7,0,0,0,0,0,1,0,0
"POINT (7.449177904000067 51.496828348000065)",Unfall 48150 (2023) Kat:3, Licht: 0,48150,3,1,0,08,17,7,1,0,0,0,0,1,0,0
"POINT (7.471901562000028 51.527732630000060)",Unfall 48225 (2023) Kat:3, Licht: 0,48225,3,7,6,08,18,7,0,0,0,0,1,0,0,1
"POINT (7.351611757000057 51.503864369000041)",Unfall 48308 (2023) Kat:2, Licht: 2,48308,2,2,5,08,21,6,0,2,0,1,0,1,0,0
"POINT (7.404414523000071 51.527381221000041)",Unfall 48309 (2023) Kat:3, Licht: 0,48309,3,3,5,08,08,6,0,0,0,1,0,0,0,0
"POINT (7.462406444000067 51.510083292000047)",Unfall 48310 (2023) Kat:3, Licht: 0,48310,3,3,5,08,07,6,0,0,1,1,0,0,0,0
"POINT (7.498475530000064 51.514607285000068)",Unfall 48425 (2023) Kat:3, Licht: 2,48425,3,2,3,08,22,5,0,2,0,1,0,0,0,0
"POINT (7.461991449000038 51.524524478000046)",Unfall 48426 (2023) Kat:3, Licht: 0,48426,3,4,6,08,08,5,1,0,0,1,1,0,0,0
"POINT (7.452677095000070 51.523927496000056)",Unfall 48497 (2023) Kat:3, Licht: 2,48497,3,1,4,08,22,7,0,2,0,1,0,0,0,0
"POINT (7.486973681000052 51.523965467000039)",Unfall 48567 (2023) Kat:3, Licht: 0,48567,3,6,0,08,15,4,0,0,1,0,0,0,0,0
"POINT (7.467371059000072 51.492454266000038)",Unfall 48568 (2023) Kat:3, Licht: 0,48568,3,1,0,08,18,4,0,0,0,0,0,0,1,0
"POINT (7.405514219000054 51.481653573000074)",Unfall 48715 (2023) Kat:3, Licht: 0,48715,3,5,0,08,07,4,0,0,0,1,0,0,0,0
"POINT (7.325795286000073 51.498984390000032)",Unfall 48716 (2023) Kat:3, Licht: 2,48716,3,2,4,08,05,3,1,2,0,1,0,0,0,0
"POINT (7.452677095000070 51.523927496000056)",Unfall 48719 (2023) Kat:3, Licht: 2,48719,3,2,5,08,23,3,0,2,0,1,0,1,0,0
"POINT (7.471580159000041 51.526986217000058)",Unfall 48720 (2023) Kat:3, Licht: 0,48720,3,3,5,08,18,3,0,0,1,1,0,0,0,0
"POINT (7.375239647000058 51.515904145000036)",Unfall 48721 (2023) Kat:3, Licht: 0,48721,3,2,4,08,12,3,0,0,0,1,0,0,0,0
"POINT (7.487723991000053 51.474269051000078)",Unfall 48722 (2023) Kat:3, Licht: 2,48722,3,7,0,08,21,3,0,2,1,0,0,0,0,0
"POINT (7.517321577000075 51.485488724000049)",Unfall 48723 (2023) Kat:3, Licht: 0,48723,3,6,2,08,08,3,1,0,0,1,0,0,0,1
"POINT (7.535924164000050 51.566277193000076)",Unfall 48871 (2023) Kat:3, Licht: 0,48871,3,3,5,09,08,3,1,0,0,1,0,1,0,0
"POINT (7.461186653000027 51.528584913000032)",Unfall 48873 (2023) Kat:3, Licht: 0,48873,3,4,6,09,16,3,0,0,0,0,1,0,0,1
"POINT (7.432504179000034 51.511829156000033)",Unfall 48874 (2023) Kat:3, Licht: 0,48874,3,1,0,09,07,3,1,0,0,0,0,1,0,0
"POINT (7.473599637000063 51.484500873000059)",Unfall 48991 (2023) Kat:3, Licht: 0,48991,3,6,2,09,19,2,0,0,0,1,0,1,0,0
"POINT (7.452558027000066 51.513496653000061)",Unfall 48992 (2023) Kat:3, Licht: 2,48992,3,6,3,09,20,2,0,2,0,1,0,1,0,0
"POINT (7.433074992000059 51.482219883000027)",Unfall 49076 (2023) Kat:2, Licht: 0,49076,2,4,6,09,15,1,0,0,0,1,1,0,0,0
"POINT (7.478000109000050 51.514367759000038)",Unfall 49077 (2023) Kat:3, Licht: 0,49077,3,1,0,09,18,1,0,0,0,0,0,0,0,1
"POINT (7.392349523000064 51.585101607000070)",Unfall 49193 (2023) Kat:3, Licht: 0,49193,3,6,2,09,13,7,0,0,0,1,0,0,0,0
"POINT (7.460074942000062 51.526527165000061)",Unfall 49195 (2023) Kat:2, Licht: 0,49195,2,6,2,09,11,7,0,0,0,1,0,0,0,0
"POINT (7.397909272000049 51.526323815000069)",Unfall 49196 (2023) Kat:3, Licht: 0,49196,3,7,5,09,13,7,0,0,0,1,0,0,0,0
"POINT (7.387898750000033 51.584428459000037)",Unfall 49328 (2023) Kat:2, Licht: 0,49328,2,6,1,09,07,6,0,0,0,1,0,0,0,0
"POINT (7.505947920000040 51.578674894000073)",Unfall 49331 (2023) Kat:3, Licht: 2,49331,3,6,2,09,20,6,0,2,0,1,0,0,0,0
"POINT (7.517712209000024 51.537048548000030)",Unfall 49332 (2023) Kat:3, Licht: 0,49332,3,7,8,09,15,6,0,0,0,1,0,0,0,0
"POINT (7.359833529000070 51.497789049000062)",Unfall 49335 (2023) Kat:3, Licht: 1,49335,3,3,5,09,19,6,0,1,0,1,0,0,0,1
"POINT (7.401300775000038 51.482309409000038)",Unfall 49336 (2023) Kat:3, Licht: 0,49336,3,6,3,09,18,6,0,0,1,1,0,0,0,0
"POINT (7.495860985000036 51.481758704000072)",Unfall 49337 (2023) Kat:2, Licht: 2,49337,2,6,4,09,20,6,0,2,0,0,0,0,0,1
"POINT (7.472102306000068 51.506815840000058)",Unfall 49338 (2023) Kat:3, Licht: 0,49338,3,7,4,09,12,6,0,0,0,1,0,0,0,0
"POINT (7.455692073000023 51.513372405000041)",Unfall 49456 (2023) Kat:3, Licht: 0,49456,3,2,5,09,16,1,0,0,1,1,0,0,0,0
"POINT (7.387700437000035 51.516720005000082)",Unfall 49490 (2023) Kat:3, Licht: 0,49490,3,6,2,09,16,5,0,0,0,1,0,0,0,0
"POINT (7.627787247000072 51.537970911000059)",Unfall 49492 (2023) Kat:3, Licht: 0,49492,3,3,5,09,16,5,0,0,0,1,0,0,0,0
"POINT (7.496207656000024 51.514199709000081)",Unfall 49493 (2023) Kat:3, Licht: 0,49493,3,2,5,09,13,5,0,0,1,1,0,0,0,0
"POINT (7.425305126000069 51.555337606000080)",Unfall 49496 (2023) Kat:3, Licht: 0,49496,3,6,2,09,13,5,0,0,0,1,0,1,0,0
"POINT (7.515954219000037 51.551795908000031)",Unfall 49640 (2023) Kat:2, Licht: 0,49640,2,1,9,09,16,4,0,0,0,0,0,1,0,0
"POINT (7.406349254000077 51.586603228000058)",Unfall 49643 (2023) Kat:3, Licht: 0,49643,3,6,2,09,18,4,0,0,0,1,0,0,0,0
"POINT (7.444471266000050 51.495518392000065)",Unfall 49644 (2023) Kat:2, Licht: 0,49644,2,4,6,09,13,4,0,0,0,0,1,0,0,1
"POINT (7.468155720000027 51.485510265000073)",Unfall 49818 (2023) Kat:3, Licht: 0,49818,3,7,0,09,15,3,0,0,1,0,0,0,0,0
"POINT (7.489952382000070 51.496938528000044)",Unfall 49819 (2023) Kat:3, Licht: 2,49819,3,2,6,09,21,3,0,2,0,1,1,0,0,0
"POINT (7.481331831000034 51.500316028000043)",Unfall 49820 (2023) Kat:3, Licht: 0,49820,3,6,3,09,15,3,0,0,0,1,0,0,0,0
"POINT (7.461186653000027 51.528584913000032)",Unfall 49985 (2023) Kat:3, Licht: 1,49985,3,4,0,09,20,2,0,1,0,1,1,0,0,0
"POINT (7.460084932000029 51.469791301000043)",Unfall 49986 (2023) Kat:3, Licht: 0,49986,3,3,5,09,07,2,0,0,1,1,0,0,0,0
"POINT (7.410943166000038 51.481204006000041)",Unfall 49987 (2023) Kat:3, Licht: 0,49987,3,2,5,09,14,2,0,0,1,0,0,0,0,1
"POINT (7.398429672000020 51.584244430000069)",Unfall 50099 (2023) Kat:3, Licht: 2,50099,3,1,8,09,01,1,0,2,0,1,0,0,0,0
"POINT (7.423627195000051 51.452897709000069)",Unfall 50195 (2023) Kat:3, Licht: 0,50195,3,7,3,09,15,7,0,0,0,1,0,0,1,0
"POINT (7.426588074000051 51.512421155000027)",Unfall 50197 (2023) Kat:2, Licht: 0,50197,2,3,0,09,15,7,0,0,1,0,0,0,1,0
"POINT (7.509531571000025 51.475981128000058)",Unfall 50198 (2023) Kat:3, Licht: 0,50198,3,3,6,09,15,7,0,0,0,1,1,0,0,0
"POINT (7.466922716000056 51.517718110000033)",Unfall 50199 (2023) Kat:3, Licht: 2,50199,3,6,3,09,02,7,0,2,0,1,0,0,0,0
"POINT (7.386505313000043 51.502779230000044)",Unfall 50324 (2023) Kat:3, Licht: 0,50324,3,1,0,09,16,6,1,0,0,0,0,1,0,0
"POINT (7.361553060000062 51.568471630000033)",Unfall 50325 (2023) Kat:2, Licht: 0,50325,2,6,2,09,21,6,0,0,0,1,0,0,0,0
"POINT (7.322501600000066 51.515607628000055)",Unfall 50330 (2023) Kat:3, Licht: 0,50330,3,3,5,09,07,6,1,0,1,1,0,0,0,0
"POINT (7.385679834000030 51.509594019000076)",Unfall 50331 (2023) Kat:3, Licht: 0,50331,3,3,5,09,10,6,0,0,1,1,0,0,0,0
"POINT (7.509512457000028 51.487479390000033)",Unfall 50332 (2023) Kat:3, Licht: 0,50332,3,3,5,09,07,6,0,0,1,1,0,0,0,0
"POINT (7.460203293000063 51.493280444000050)",Unfall 50333 (2023) Kat:3, Licht: 0,50333,3,3,5,09,15,6,1,0,0,1,0,0,0,1
"POINT (7.461550371000044 51.517150880000031)",Unfall 50334 (2023) Kat:3, Licht: 0,50334,3,2,5,09,12,6,1,0,1,1,0,0,0,0
"POINT (7.450728359000038 51.509375902000045)",Unfall 50475 (2023) Kat:3, Licht: 0,50475,3,6,1,08,11,5,0,0,0,1,0,0,0,0
"POINT (7.496015516000057 51.443073872000070)",Unfall 50622 (2023) Kat:3, Licht: 0,50622,3,6,2,09,16,4,0,0,0,1,0,0,0,0
"POINT (7.553151887000070 51.483177938000040)",Unfall 50649 (2023) Kat:3, Licht: 0,50649,3,4,6,08,18,4,1,0,0,1,1,0,0,0
"POINT (7.518882600000040 51.485039757000038)",Unfall 50651 (2023) Kat:3, Licht: 0,50651,3,6,2,08,10,4,0,0,0,1,0,0,0,0
"POINT (7.502468627000042 51.492260261000069)",Unfall 50657 (2023) Kat:3, Licht: 0,50657,3,3,5,08,07,4,0,0,1,0,0,0,0,1
"POINT (7.474238636000052 51.513984156000049)",Unfall 50658 (2023) Kat:3, Licht: 0,50658,3,2,5,08,10,4,0,0,0,1,0,1,0,0
"POINT (7.451780152000026 51.513421028000039)",Unfall 50659 (2023) Kat:3, Licht: 2,50659,3,1,0,08,02,4,0,2,0,0,0,0,0,1
"POINT (7.472810370000047 51.515074420000076)",Unfall 50768 (2023) Kat:3, Licht: 0,50768,3,2,4,09,06,2,0,0,1,1,0,0,0,0
"POINT (7.501156023000021 51.559035563000066)",Unfall 50791 (2023) Kat:3, Licht: 1,50791,3,2,2,08,05,3,0,1,0,1,0,0,0,0
"POINT (7.593616128000065 51.529325914000026)",Unfall 50794 (2023) Kat:3, Licht: 0,50794,3,7,0,08,16,3,0,0,1,0,0,0,0,0
"POINT (7.374003791000064 51.551026799000056)",Unfall 50796 (2023) Kat:2, Licht: 2,50796,2,1,0,08,22,3,0,2,0,0,0,0,0,1
"POINT (7.325805911000032 51.498945417000073)",Unfall 50797 (2023) Kat:3, Licht: 0,50797,3,7,0,08,17,3,0,0,0,1,0,0,0,1
"POINT (7.511463315000071 51.470797527000059)",Unfall 50798 (2023) Kat:3, Licht: 0,50798,3,1,0,08,18,3,0,0,0,0,0,1,0,0
"POINT (7.522278434000043 51.452603616000033)",Unfall 50799 (2023) Kat:3, Licht: 0,50799,3,3,5,08,16,3,0,0,0,1,0,0,0,0
"POINT (7.535076953000043 51.489614723000045)",Unfall 51007 (2023) Kat:3, Licht: 0,51007,3,3,5,09,17,6,0,0,0,1,0,0,0,1
"POINT (7.363121262000050 51.561553381000067)",Unfall 51008 (2023) Kat:3, Licht: 2,51008,3,2,5,09,21,6,0,2,0,1,0,0,0,0
"POINT (7.380868365000026 51.508176975000026)",Unfall 51009 (2023) Kat:3, Licht: 2,51009,3,1,9,09,23,6,0,2,0,1,0,0,0,0
"POINT (7.468310531000043 51.509348810000063)",Unfall 51010 (2023) Kat:3, Licht: 0,51010,3,6,5,09,16,6,0,0,0,1,0,0,0,0
"POINT (7.385666074000028 51.499920412000051)",Unfall 51104 (2023) Kat:3, Licht: 0,51104,3,6,2,09,10,5,0,0,0,1,0,0,0,1
"POINT (7.482166642000038 51.513999888000058)",Unfall 51108 (2023) Kat:3, Licht: 2,51108,3,6,2,09,22,5,1,2,0,1,0,0,0,0
"POINT (7.464728862000072 51.558336338000061)",Unfall 51207 (2023) Kat:3, Licht: 0,51207,3,6,2,09,14,4,0,0,0,1,0,0,0,0
"POINT (7.471570854000049 51.484677529000066)",Unfall 51208 (2023) Kat:3, Licht: 0,51208,3,6,1,09,16,4,0,0,0,1,0,0,0,0
"POINT (7.546999111000048 51.473817414000052)",Unfall 51321 (2023) Kat:3, Licht: 2,51321,3,1,0,09,22,3,0,2,0,0,0,1,0,0
"POINT (7.463199958000075 51.519968437000045)",Unfall 51322 (2023) Kat:3, Licht: 0,51322,3,6,1,09,10,3,0,0,0,1,0,0,1,0
"POINT (7.482473024000058 51.500775858000054)",Unfall 51324 (2023) Kat:3, Licht: 0,51324,3,3,5,09,06,3,0,0,0,1,0,0,0,0
"POINT (7.364450046000059 51.496527725000078)",Unfall 51452 (2023) Kat:3, Licht: 0,51452,3,2,0,09,07,2,0,0,1,1,0,0,0,0
"POINT (7.373676956000054 51.522609175000071)",Unfall 51453 (2023) Kat:2, Licht: 0,51453,2,1,9,09,17,2,0,0,0,1,0,0,0,1
"POINT (7.325853137000024 51.498772195000072)",Unfall 51550 (2023) Kat:3, Licht: 0,51550,3,6,2,09,10,1,0,0,0,1,0,0,0,0
"POINT (7.325389895000058 51.521195777000059)",Unfall 51551 (2023) Kat:3, Licht: 0,51551,3,2,6,09,12,1,0,0,0,1,1,0,0,0
"POINT (7.387466615000051 51.550690657000075)",Unfall 51679 (2023) Kat:3, Licht: 0,51679,3,2,2,09,12,7,0,0,0,1,0,0,0,0
"POINT (7.460228628000038 51.493383098000038)",Unfall 51680 (2023) Kat:2, Licht: 0,51680,2,6,2,09,10,7,0,0,1,1,0,0,0,0
"POINT (7.376123064000069 51.515531527000064)",Unfall 51795 (2023) Kat:2, Licht: 0,51795,2,6,4,09,07,7,0,0,0,1,0,0,0,0
"POINT (7.362795937000044 51.496827003000078)",Unfall 51833 (2023) Kat:3, Licht: 0,51833,3,7,2,09,09,6,0,0,0,1,0,1,0,0
"POINT (7.382741938000038 51.524761612000077)",Unfall 51834 (2023) Kat:2, Licht: 0,51834,2,3,5,09,18,6,0,0,1,1,0,0,0,0
"POINT (7.408654999000021 51.506151854000052)",Unfall 51835 (2023) Kat:3, Licht: 0,51835,3,7,5,09,19,6,0,0,1,1,0,0,0,0
"POINT (7.507119122000063 51.515856051000071)",Unfall 51953 (2023) Kat:3, Licht: 0,51953,3,2,2,09,08,5,0,0,0,1,0,0,0,0
"POINT (7.452908106000052 51.541500601000052)",Unfall 51954 (2023) Kat:3, Licht: 0,51954,3,3,5,09,08,5,0,0,1,0,0,0,1,0
"POINT (7.441717062000066 51.524215048000030)",Unfall 51955 (2023) Kat:3, Licht: 2,51955,3,1,9,09,00,5,0,2,0,1,0,0,0,0
"POINT (7.505356168000048 51.480819184000040)",Unfall 51956 (2023) Kat:3, Licht: 0,51956,3,3,5,09,08,5,0,0,0,1,0,0,0,0
"POINT (7.510709629000075 51.440831652000043)",Unfall 52000 (2023) Kat:3, Licht: 0,52000,3,1,2,09,13,6,0,0,0,1,0,0,0,0
"POINT (7.612835691000043 51.532580150000058)",Unfall 52092 (2023) Kat:3, Licht: 0,52092,3,2,6,09,14,4,0,0,0,1,1,0,0,0
"POINT (7.456416701000023 51.582657766000068)",Unfall 52093 (2023) Kat:3, Licht: 0,52093,3,7,0,09,19,4,0,0,0,1,0,0,0,0
"POINT (7.474690680000037 51.517871044000060)",Unfall 52094 (2023) Kat:3, Licht: 2,52094,3,3,5,09,00,4,0,2,0,1,0,0,0,0
"POINT (7.473457480000036 51.531950060000042)",Unfall 52131 (2023) Kat:3, Licht: 0,52131,3,3,5,10,11,2,0,0,0,1,0,0,0,1
"POINT (7.436344801000075 51.512328232000073)",Unfall 52132 (2023) Kat:3, Licht: 0,52132,3,7,0,10,17,2,0,0,1,0,0,0,0,0
"POINT (7.465824625000039 51.524992110000028)",Unfall 52175 (2023) Kat:3, Licht: 0,52175,3,4,6,10,16,1,0,0,0,0,1,0,0,1
"POINT (7.459381079000025 51.490983587000073)",Unfall 52176 (2023) Kat:3, Licht: 2,52176,3,1,0,10,04,1,0,2,0,0,0,0,0,1
"POINT (7.472937138000020 51.514191994000043)",Unfall 52177 (2023) Kat:3, Licht: 2,52177,3,4,6,10,02,1,0,2,0,1,1,0,0,0
"POINT (7.417896432000020 51.460794373000056)",Unfall 52263 (2023) Kat:3, Licht: 0,52263,3,6,3,10,10,7,0,0,0,1,0,0,0,1
"POINT (7.376680011000076 51.497855420000064)",Unfall 52264 (2023) Kat:3, Licht: 0,52264,3,6,2,10,17,7,0,0,0,1,0,0,0,0
"POINT (7.379042928000047 51.509258706000026)",Unfall 52265 (2023) Kat:3, Licht: 0,52265,3,6,0,10,12,7,0,0,0,1,0,0,0,0
"POINT (7.379536926000071 51.524472963000051)",Unfall 52266 (2023) Kat:3, Licht: 0,52266,3,3,5,10,12,7,0,0,0,1,0,1,0,0
"POINT (7.482048650000024 51.465772164000043)",Unfall 52267 (2023) Kat:3, Licht: 0,52267,3,1,8,10,12,7,0,0,0,1,0,0,0,0
"POINT (7.473668259000021 51.484468918000061)",Unfall 52268 (2023) Kat:3, Licht: 0,52268,3,1,5,10,16,7,0,0,0,1,0,0,0,0
"POINT (7.477893279000057 51.503604659000075)",Unfall 52269 (2023) Kat:3, Licht: 2,52269,3,1,9,10,00,7,0,2,0,1,0,0,0,0
"POINT (7.418694674000051 51.558066018000034)",Unfall 52431 (2023) Kat:3, Licht: 2,52431,3,3,5,10,22,5,0,2,1,1,0,0,0,0
"POINT (7.382122993000053 51.584855579000077)",Unfall 52513 (2023) Kat:3, Licht: 0,52513,3,6,3,10,12,4,0,0,0,1,0,0,1,0
"POINT (7.552628112000036 51.493542822000052)",Unfall 52515 (2023) Kat:3, Licht: 0,52515,3,5,2,10,09,4,0,0,0,1,0,0,0,1
"POINT (7.360348097000042 51.572871111000040)",Unfall 52516 (2023) Kat:3, Licht: 0,52516,3,3,5,10,11,4,0,0,0,1,0,1,0,0
"POINT (7.481850470000040 51.523750922000033)",Unfall 52517 (2023) Kat:3, Licht: 0,52517,3,7,0,10,11,4,0,0,0,1,0,0,0,1
"POINT (7.473458815000072 51.531954223000071)",Unfall 52518 (2023) Kat:3, Licht: 0,52518,3,7,0,10,14,4,0,0,0,1,0,0,0,0
"POINT (7.398645211000030 51.504410258000064)",Unfall 52519 (2023) Kat:2, Licht: 0,52519,2,3,5,10,12,4,0,0,0,1,0,0,0,0
"POINT (7.451591420000057 51.500217767000038)",Unfall 52520 (2023) Kat:3, Licht: 2,52520,3,7,0,10,19,4,0,2,1,1,1,0,0,0
"POINT (7.369966486000067 51.565518318000045)",Unfall 52553 (2023) Kat:3, Licht: 2,52553,3,1,9,10,00,7,0,2,0,1,0,0,0,0
"POINT (7.375048289000063 51.585343670000043)",Unfall 52735 (2023) Kat:3, Licht: 0,52735,3,6,2,10,13,1,0,0,0,1,0,0,0,0
"POINT (7.468042698000033 51.517383750000079)",Unfall 52736 (2023) Kat:3, Licht: 2,52736,3,6,2,10,23,1,0,2,0,1,0,0,0,0
"POINT (7.481570214000044 51.470370659000082)",Unfall 52737 (2023) Kat:3, Licht: 0,52737,3,1,0,10,14,1,0,0,1,0,0,0,0,0
"POINT (7.496263899000041 51.503606899000033)",Unfall 52738 (2023) Kat:3, Licht: 0,52738,3,6,1,10,14,1,0,0,0,1,0,0,0,0
"POINT (7.582014606000030 51.528026145000069)",Unfall 52820 (2023) Kat:3, Licht: 0,52820,3,2,5,09,08,7,0,0,0,1,0,1,0,0
"POINT (7.506363655000030 51.480028053000069)",Unfall 52821 (2023) Kat:3, Licht: 0,52821,3,7,6,09,11,7,0,0,0,1,1,0,0,0
"POINT (7.450822429000027 51.512236810000047)",Unfall 52823 (2023) Kat:3, Licht: 2,52823,3,1,0,09,01,7,0,2,0,0,0,0,0,1
"POINT (7.537234239000043 51.565628386000071)",Unfall 52928 (2023) Kat:3, Licht: 0,52928,3,2,4,09,07,6,0,0,0,1,0,0,0,0
"POINT (7.458904766000046 51.543096177000052)",Unfall 52930 (2023) Kat:3, Licht: 0,52930,3,7,5,09,17,6,1,0,1,1,0,0,0,0
"POINT (7.386676594000050 51.524700291000045)",Unfall 52931 (2023) Kat:3, Licht: 0,52931,3,3,5,09,07,6,0,0,1,0,0,1,0,0
"POINT (7.522357456000066 51.452395976000048)",Unfall 53056 (2023) Kat:3, Licht: 0,53056,3,3,5,10,15,3,1,0,0,1,0,0,0,1
"POINT (7.512827050000055 51.518888001000050)",Unfall 53061 (2023) Kat:3, Licht: 0,53061,3,6,2,09,15,5,0,0,0,1,0,0,0,0
"POINT (7.482316838000031 51.500647368000045)",Unfall 53062 (2023) Kat:3, Licht: 0,53062,3,6,2,09,17,5,0,0,0,1,0,0,0,0
"POINT (7.443034846000046 51.513084286000037)",Unfall 53082 (2023) Kat:3, Licht: 0,53082,3,2,5,10,13,5,0,0,0,1,0,1,0,0
"POINT (7.505125986000053 51.441728262000026)",Unfall 53185 (2023) Kat:3, Licht: 0,53185,3,6,2,09,08,4,0,0,0,1,0,0,0,0
"POINT (7.499721802000067 51.553987716000051)",Unfall 53186 (2023) Kat:3, Licht: 0,53186,3,3,0,09,08,4,0,0,1,0,0,0,0,0
"POINT (7.457734426000059 51.478533064000032)",Unfall 53341 (2023) Kat:3, Licht: 0,53341,3,6,2,09,13,6,0,0,0,1,0,1,0,0
"POINT (7.391868377000037 51.497180120000053)",Unfall 53349 (2023) Kat:3, Licht: 0,53349,3,6,1,09,06,3,0,0,0,1,0,0,0,0
"POINT (7.367846532000044 51.551720835000026)",Unfall 53354 (2023) Kat:3, Licht: 0,53354,3,3,5,09,16,3,0,0,0,1,0,0,0,0
"POINT (7.469464865000020 51.585901822000039)",Unfall 53481 (2023) Kat:3, Licht: 0,53481,3,7,5,09,13,2,0,0,0,1,0,0,0,0