WKT,Name,OBJECTID,UKATEGORIE,UTYP1,UART,UMONAT,USTUNDE,UWOCHENTAG,STRZUSTAND,ULICHTVERH,ISTRAD,ISTPKW,ISTFUSS,ISTKRAD,ISTGKFZ,ISTSONSTIG
"POINT (7.452161126000021 51.542570897000076)",Unfall 53482 (2023) Kat:3, Licht: 2,53482,3,3,5,09,05,2,0,2,0,1,0,1,0,0
"POINT (7.460807119000037 51.524481945000048)",Unfall 53483 (2023) Kat:3, Licht: 0,53483,3,3,5,09,07,2,0,0,0,1,0,0,0,1
"POINT (7.520877414000040 51.520935534000046)",Unfall 53484 (2023) Kat:3, Licht: 0,53484,3,1,1,09,10,4,0,0,0,1,0,0,0,0
"POINT (7.480230641000048 51.523932482000077)",Unfall 53485 (2023) Kat:3, Licht: 0,53485,3,5,1,09,16,2,0,0,0,1,0,0,0,1
"POINT (7.536395333000030 51.450254105000056)",Unfall 53487 (2023) Kat:3, Licht: 1,53487,3,3,5,09,19,2,0,1,1,1,0,0,0,0
"POINT (7.473645128000044 51.484479689000068)",Unfall 53488 (2023) Kat:3, Licht: 0,53488,3,2,5,09,16,2,0,0,0,1,0,0,0,1
"POINT (7.517807801000060 51.521077522000041)",Unfall 53623 (2023) Kat:3, Licht: 0,53623,3,6,0,09,11,1,0,0,1,1,0,0,0,0
"POINT (7.482575744000030 51.559047319000058)",Unfall 53625 (2023) Kat:3, Licht: 0,53625,3,2,5,09,13,1,0,0,0,1,0,0,0,0
"POINT (7.384977405000029 51.497932036000066)",Unfall 53720 (2023) Kat:3, Licht: 0,53720,3,6,3,09,09,7,0,0,0,1,0,0,0,0
"POINT (7.481057307000071 51.464020702000028)",Unfall 53721 (2023) Kat:3, Licht: 2,53721,3,5,1,09,01,7,0,2,0,1,0,0,0,0
"POINT (7.481120929000042 51.477070374000050)",Unfall 53722 (2023) Kat:3, Licht: 0,53722,3,1,9,09,16,7,0,0,0,1,0,0,0,0
"POINT (7.460376211000039 51.507007114000032)",Unfall 53723 (2023) Kat:3, Licht: 0,53723,3,3,5,09,18,7,1,0,0,1,0,0,0,0
"POINT (7.458846242000050 51.504424302000075)",Unfall 53724 (2023) Kat:3, Licht: 0,53724,3,1,9,09,17,7,1,0,0,1,1,0,0,0
"POINT (7.595874824000020 51.559168016000058)",Unfall 53738 (2023) Kat:3, Licht: 0,53738,3,6,3,10,14,7,0,0,0,1,0,0,0,0
"POINT (7.471805049000068 51.527241838000066)",Unfall 53739 (2023) Kat:3, Licht: 2,53739,3,6,3,10,19,7,0,2,0,1,0,0,0,1
"POINT (7.462178590000065 51.510232864000045)",Unfall 53740 (2023) Kat:2, Licht: 2,53740,2,1,8,10,01,7,1,2,0,1,0,0,0,0
"POINT (7.500824787000056 51.503943405000030)",Unfall 53850 (2023) Kat:3, Licht: 2,53850,3,2,5,10,17,6,0,2,1,1,0,0,0,0
"POINT (7.460635272000047 51.528737402000047)",Unfall 53851 (2023) Kat:2, Licht: 2,53851,2,1,0,10,19,6,1,2,0,0,0,0,0,1
"POINT (7.436937730000068 51.512400962000072)",Unfall 53852 (2023) Kat:3, Licht: 2,53852,3,4,6,10,19,6,1,2,0,1,1,0,0,0
"POINT (7.472259973000064 51.525859400000058)",Unfall 53948 (2023) Kat:3, Licht: 0,53948,3,2,5,10,16,5,0,0,1,1,0,0,0,0
"POINT (7.376364903000024 51.514746052000078)",Unfall 53949 (2023) Kat:3, Licht: 0,53949,3,4,6,10,14,5,0,0,0,1,1,0,0,0
"POINT (7.505087534000040 51.486879556000076)",Unfall 53950 (2023) Kat:3, Licht: 0,53950,3,3,3,10,15,5,0,0,1,1,0,0,0,0
"POINT (7.466989288000036 51.503199779000056)",Unfall 53951 (2023) Kat:3, Licht: 0,53951,3,6,2,10,13,5,1,0,0,1,0,0,1,0
"POINT (7.452257454000062 51.497908128000063)",Unfall 53953 (2023) Kat:3, Licht: 0,53953,3,6,3,10,08,5,1,0,0,1,0,0,1,0
"POINT (7.469590777000064 51.519269925000060)",Unfall 53954 (2023) Kat:3, Licht: 2,53954,3,6,3,10,19,5,1,2,0,1,0,1,0,0
"POINT (7.424731065000060 51.521823232000031)",Unfall 54022 (2023) Kat:3, Licht: 2,54022,3,6,1,10,20,6,1,2,0,1,0,0,1,0
"POINT (7.505430890000071 51.563660155000036)",Unfall 54036 (2023) Kat:3, Licht: 2,54036,3,6,2,10,07,4,0,2,0,1,0,0,0,0
"POINT (7.474317197000062 51.509567449000031)",Unfall 54037 (2023) Kat:3, Licht: 0,54037,3,5,1,10,12,4,1,0,0,1,1,0,0,0
"POINT (7.504243113000030 51.569815635000054)",Unfall 54155 (2023) Kat:3, Licht: 0,54155,3,2,4,10,17,3,1,0,0,1,0,0,0,0
"POINT (7.560737882000069 51.499301183000057)",Unfall 54156 (2023) Kat:3, Licht: 0,54156,3,6,2,10,09,3,0,0,0,1,0,0,0,1
"POINT (7.362383791000070 51.561231143000043)",Unfall 54157 (2023) Kat:3, Licht: 0,54157,3,6,2,10,15,3,1,0,0,1,0,0,0,0
"POINT (7.456990502000053 51.524167790000035)",Unfall 54159 (2023) Kat:3, Licht: 2,54159,3,2,6,10,07,3,1,2,0,1,1,0,0,0
"POINT (7.362624800000049 51.526390294000066)",Unfall 54160 (2023) Kat:3, Licht: 0,54160,3,7,0,10,17,3,1,0,0,0,0,1,0,0
"POINT (7.456884682000066 51.453753265000046)",Unfall 54161 (2023) Kat:3, Licht: 0,54161,3,7,6,10,15,3,0,0,0,1,1,0,0,0
"POINT (7.474341637000066 51.510575048000078)",Unfall 54162 (2023) Kat:3, Licht: 2,54162,3,2,6,10,07,3,1,2,0,1,1,0,0,0
"POINT (7.468708415000037 51.509974197000076)",Unfall 54163 (2023) Kat:3, Licht: 0,54163,3,6,1,10,10,3,1,0,0,1,0,0,0,0
"POINT (7.472928721000073 51.513767320000056)",Unfall 54268 (2023) Kat:3, Licht: 2,54268,3,7,6,10,00,6,0,2,0,1,1,0,0,0
"POINT (7.507693375000031 51.503991251000059)",Unfall 54278 (2023) Kat:3, Licht: 0,54278,3,2,5,10,17,2,0,0,0,1,0,0,0,0
"POINT (7.377991856000051 51.546208608000029)",Unfall 54282 (2023) Kat:3, Licht: 2,54282,3,7,1,10,18,2,0,2,0,1,0,0,0,1
"POINT (7.476648038000064 51.525067043000035)",Unfall 54283 (2023) Kat:3, Licht: 2,54283,3,2,4,10,05,2,0,2,1,1,0,0,0,0
"POINT (7.417962883000030 51.532213172000070)",Unfall 54284 (2023) Kat:3, Licht: 0,54284,3,6,2,10,15,2,0,0,0,1,0,0,0,1
"POINT (7.403125374000069 51.564673143000050)",Unfall 54337 (2023) Kat:2, Licht: 2,54337,2,1,4,10,19,1,1,2,0,1,0,0,0,0
"POINT (7.367838201000040 51.494533816000057)",Unfall 54429 (2023) Kat:3, Licht: 2,54429,3,6,1,10,07,7,1,2,0,1,0,0,0,0
"POINT (7.518836705000069 51.519343755000079)",Unfall 54430 (2023) Kat:3, Licht: 2,54430,3,6,2,10,19,7,0,2,0,1,0,0,0,0
"POINT (7.362955322000062 51.561488230000066)",Unfall 54433 (2023) Kat:3, Licht: 0,54433,3,3,5,10,17,7,0,0,0,1,0,0,0,0
"POINT (7.448532850000049 51.513100862000044)",Unfall 54434 (2023) Kat:3, Licht: 2,54434,3,1,0,10,06,7,1,2,0,0,0,0,0,1
"POINT (7.495532904000072 51.503201166000053)",Unfall 54435 (2023) Kat:3, Licht: 0,54435,3,6,2,10,12,7,0,0,0,1,0,0,0,0
"POINT (7.394150629000023 51.580847470000037)",Unfall 54489 (2023) Kat:3, Licht: 0,54489,3,1,2,10,16,6,1,0,0,1,0,0,0,0
"POINT (7.438953013000059 51.524123561000067)",Unfall 54571 (2023) Kat:3, Licht: 0,54571,3,6,2,10,11,6,1,0,0,1,0,0,0,0
"POINT (7.352981372000045 51.562137349000068)",Unfall 54573 (2023) Kat:3, Licht: 0,54573,3,6,1,10,07,6,1,0,0,1,0,0,0,1
"POINT (7.576064201000065 51.506165842000030)",Unfall 54575 (2023) Kat:3, Licht: 0,54575,3,6,2,10,08,6,1,0,0,1,0,0,0,0
"POINT (7.585863795000023 51.558102568000038)",Unfall 54578 (2023) Kat:2, Licht: 2,54578,2,4,6,10,21,6,1,2,0,1,1,0,0,0
"POINT (7.326077026000064 51.496416506000060)",Unfall 54579 (2023) Kat:3, Licht: 0,54579,3,6,2,10,14,6,1,0,0,1,0,0,0,0
"POINT (7.374048789000028 51.522526633000041)",Unfall 54580 (2023) Kat:3, Licht: 0,54580,3,3,5,10,16,6,1,0,0,1,0,0,0,0
"POINT (7.450900921000027 51.506905791000065)",Unfall 54659 (2023) Kat:3, Licht: 0,54659,3,2,3,10,14,7,1,0,1,1,0,0,0,0
"POINT (7.456100801000048 51.582718526000065)",Unfall 54714 (2023) Kat:2, Licht: 2,54714,2,4,6,10,07,6,1,2,0,1,1,0,0,0
"POINT (7.386092344000076 51.518603990000031)",Unfall 54722 (2023) Kat:2, Licht: 0,54722,2,1,7,10,16,5,1,0,0,1,0,0,0,0
"POINT (7.551901845000032 51.493405496000037)",Unfall 54725 (2023) Kat:3, Licht: 1,54725,3,6,1,10,18,5,1,1,0,1,0,0,0,0
"POINT (7.492441287000076 51.550431184000047)",Unfall 54741 (2023) Kat:3, Licht: 2,54741,3,1,0,10,07,2,0,2,0,0,0,1,0,0
"POINT (7.521988679000060 51.505503338000040)",Unfall 54822 (2023) Kat:3, Licht: 0,54822,3,6,2,10,09,4,0,0,0,1,0,0,0,0
"POINT (7.411524354000051 51.540397627000061)",Unfall 54823 (2023) Kat:3, Licht: 0,54823,3,3,5,10,16,4,0,0,1,1,0,0,0,0
"POINT (7.474390266000057 51.511969051000051)",Unfall 54824 (2023) Kat:3, Licht: 0,54824,3,6,2,10,14,4,0,0,0,1,0,1,0,0
"POINT (7.394360576000054 51.583966943000064)",Unfall 54953 (2023) Kat:3, Licht: 0,54953,3,6,3,10,13,3,0,0,0,1,0,0,1,0
"POINT (7.588643815000069 51.528424396000048)",Unfall 54955 (2023) Kat:3, Licht: 0,54955,3,6,2,10,17,3,0,0,0,1,0,0,0,0
"POINT (7.321801019000077 51.511841007000044)",Unfall 54957 (2023) Kat:3, Licht: 0,54957,3,6,2,10,12,3,0,0,0,1,0,0,0,0
"POINT (7.505389722000075 51.480832589000045)",Unfall 54959 (2023) Kat:3, Licht: 2,54959,3,2,5,10,19,3,0,2,1,1,0,0,0,0
"POINT (7.551556875000074 51.523999342000081)",Unfall 55075 (2023) Kat:3, Licht: 0,55075,3,4,6,10,14,2,0,0,0,1,1,0,0,0
"POINT (7.446516738000071 51.496778450000079)",Unfall 55078 (2023) Kat:2, Licht: 2,55078,2,3,5,10,06,2,1,2,1,1,0,0,0,0
"POINT (7.459491430000071 51.499311518000070)",Unfall 55079 (2023) Kat:3, Licht: 0,55079,3,6,2,10,08,2,0,0,0,1,0,0,0,0
"POINT (7.493037760000050 51.495274166000058)",Unfall 55080 (2023) Kat:3, Licht: 0,55080,3,2,4,10,14,2,0,0,0,1,0,0,0,0
"POINT (7.420671269000024 51.497407934000080)",Unfall 55105 (2023) Kat:3, Licht: 0,55105,3,6,3,10,15,4,1,0,0,1,0,0,0,0
"POINT (7.494461552000075 51.514233264000040)",Unfall 55150 (2023) Kat:3, Licht: 2,55150,3,1,0,10,06,1,1,2,0,0,0,1,0,0
"POINT (7.531027555000037 51.487594009000077)",Unfall 55151 (2023) Kat:2, Licht: 2,55151,2,1,0,10,22,1,0,2,1,0,0,0,0,0
"POINT (7.332506334000072 51.496947726000030)",Unfall 55364 (2023) Kat:3, Licht: 2,55364,3,6,2,10,21,6,1,2,0,1,0,0,0,0
"POINT (7.598776334000036 51.529906455000059)",Unfall 55367 (2023) Kat:3, Licht: 1,55367,3,6,2,10,06,6,1,1,0,1,0,0,0,1
"POINT (7.461475184000051 51.523515360000033)",Unfall 55370 (2023) Kat:3, Licht: 0,55370,3,2,3,10,11,6,1,0,0,1,0,0,0,0
"POINT (7.455579123000064 51.513523226000075)",Unfall 55371 (2023) Kat:2, Licht: 0,55371,2,4,8,10,10,6,1,0,0,1,1,0,0,1
"POINT (7.497288074000039 51.574266665000039)",Unfall 55506 (2023) Kat:3, Licht: 2,55506,3,1,8,10,19,5,1,2,0,1,0,0,0,0
"POINT (7.471755784000038 51.528094956000075)",Unfall 55509 (2023) Kat:3, Licht: 0,55509,3,3,5,10,14,5,1,0,0,1,0,0,0,1
"POINT (7.461794296000051 51.510214648000044)",Unfall 55510 (2023) Kat:3, Licht: 2,55510,3,7,8,10,23,5,1,2,0,1,0,0,0,0
"POINT (7.387027033000038 51.578247645000033)",Unfall 55644 (2023) Kat:3, Licht: 2,55644,3,7,5,10,06,6,1,2,1,1,0,0,0,0
"POINT (7.528983067000070 51.486276482000051)",Unfall 55650 (2023) Kat:3, Licht: 2,55650,3,2,5,10,19,2,0,2,0,1,0,0,0,0
"POINT (7.515199847000076 51.520187164000049)",Unfall 55659 (2023) Kat:3, Licht: 0,55659,3,2,6,10,11,4,0,0,0,1,1,0,0,0
"POINT (7.402267415000040 51.574137165000081)",Unfall 55661 (2023) Kat:3, Licht: 0,55661,3,6,2,10,14,4,0,0,0,1,0,0,0,0
"POINT (7.466829489000077 51.525117990000069)",Unfall 55662 (2023) Kat:3, Licht: 2,55662,3,7,4,10,20,4,0,2,1,1,0,0,0,0
"POINT (7.405128212000022 51.478170354000042)",Unfall 55663 (2023) Kat:3, Licht: 2,55663,3,5,1,10,19,4,0,2,0,1,0,0,0,0
"POINT (7.503978139000026 51.487975146000053)",Unfall 55664 (2023) Kat:3, Licht: 0,55664,3,2,5,10,12,4,0,0,0,1,0,0,0,0
"POINT (7.568733677000068 51.514801352000063)",Unfall 55813 (2023) Kat:3, Licht: 0,55813,3,2,2,10,09,3,0,0,0,1,0,0,1,0
"POINT (7.361247800000058 51.497646794000048)",Unfall 55816 (2023) Kat:3, Licht: 0,55816,3,1,0,10,16,3,0,0,0,0,0,1,0,0
"POINT (7.474819772000046 51.535275632000037)",Unfall 55817 (2023) Kat:1, Licht: 0,55817,1,3,0,10,08,3,0,0,1,0,0,0,0,1
"POINT (7.493302790000030 51.514254790000052)",Unfall 55948 (2023) Kat:3, Licht: 1,55948,3,5,6,11,07,5,1,1,0,1,1,0,0,0
"POINT (7.627837626000030 51.537993310000047)",Unfall 56029 (2023) Kat:2, Licht: 1,56029,2,3,5,11,16,4,1,1,0,1,0,1,0,0
"POINT (7.491160329000024 51.475371670000072)",Unfall 56030 (2023) Kat:3, Licht: 2,56030,3,1,2,11,18,4,1,2,0,1,0,0,0,0
"POINT (7.464626176000024 51.517674913000064)",Unfall 56031 (2023) Kat:3, Licht: 2,56031,3,2,5,11,19,4,1,2,1,1,0,0,0,0
"POINT (7.367615301000058 51.494403226000031)",Unfall 56147 (2023) Kat:3, Licht: 0,56147,3,2,5,11,12,3,0,0,0,1,0,0,0,0
"POINT (7.439535087000024 51.512739030000034)",Unfall 56149 (2023) Kat:3, Licht: 2,56149,3,7,3,11,18,3,0,2,0,1,0,0,0,0
"POINT (7.531388143000072 51.444033431000037)",Unfall 56150 (2023) Kat:3, Licht: 0,56150,3,1,4,11,09,3,0,0,0,1,0,0,0,0
"POINT (7.453666147000035 51.497986110000056)",Unfall 56151 (2023) Kat:3, Licht: 2,56151,3,4,6,11,20,3,0,2,0,1,1,0,0,0
"POINT (7.482614666000075 51.500432948000082)",Unfall 56152 (2023) Kat:3, Licht: 0,56152,3,1,5,11,07,3,1,0,1,1,0,0,0,0
"POINT (7.516120526000066 51.520461165000029)",Unfall 56254 (2023) Kat:3, Licht: 0,56254,3,3,0,11,13,2,0,0,1,1,0,0,0,0
"POINT (7.609381904000031 51.532134111000062)",Unfall 56389 (2023) Kat:3, Licht: 2,56389,3,2,3,11,17,7,1,2,0,1,0,0,0,1
"POINT (7.392534083000044 51.585193311000069)",Unfall 56490 (2023) Kat:3, Licht: 0,56490,3,6,2,11,11,6,0,0,0,1,0,0,0,0
"POINT (7.364373654000076 51.525971265000067)",Unfall 56491 (2023) Kat:3, Licht: 1,56491,3,7,0,11,15,6,0,1,0,1,0,1,0,0
"POINT (7.451927888000057 51.502466071000072)",Unfall 56492 (2023) Kat:3, Licht: 2,56492,3,2,5,11,17,6,0,2,0,1,0,0,0,1
"POINT (7.482780364000064 51.442226330000040)",Unfall 56593 (2023) Kat:3, Licht: 0,56593,3,1,8,11,15,5,0,0,0,1,0,0,0,0
"POINT (7.351611757000057 51.503864369000041)",Unfall 56597 (2023) Kat:3, Licht: 0,56597,3,2,5,11,16,5,0,0,0,1,0,0,0,0
"POINT (7.481406395000022 51.523107969000080)",Unfall 56598 (2023) Kat:3, Licht: 0,56598,3,7,0,11,15,5,0,0,0,0,1,0,0,1
"POINT (7.461253082000042 51.508629318000033)",Unfall 56599 (2023) Kat:2, Licht: 0,56599,2,7,6,11,15,5,0,0,0,1,1,0,0,0
"POINT (7.392347803000064 51.582991069000059)",Unfall 56659 (2023) Kat:3, Licht: 2,56659,3,6,2,11,18,4,1,2,0,1,0,0,0,0
"POINT (7.455354221000050 51.537011561000043)",Unfall 56668 (2023) Kat:3, Licht: 0,56668,3,3,5,11,11,4,0,0,1,1,0,0,0,0
"POINT (7.371021851000023 51.523559264000028)",Unfall 56669 (2023) Kat:3, Licht: 2,56669,3,5,8,11,05,4,1,2,0,1,0,0,0,0
"POINT (7.512440935000029 51.482022301000029)",Unfall 56671 (2023) Kat:3, Licht: 0,56671,3,3,5,11,14,4,0,0,0,1,0,0,0,0
"POINT (7.469944143000021 51.521025503000033)",Unfall 56703 (2023) Kat:2, Licht: 2,56703,2,3,5,11,03,1,1,2,0,1,0,0,0,1
"POINT (7.381889105000027 51.575032523000061)",Unfall 56746 (2023) Kat:3, Licht: 0,56746,3,6,2,11,12,4,0,0,0,1,0,1,0,0
"POINT (7.349859598000023 51.492952320000029)",Unfall 56801 (2023) Kat:3, Licht: 2,56801,3,6,2,10,17,3,1,2,0,1,0,0,0,0
"POINT (7.474537906000023 51.525500255000054)",Unfall 56804 (2023) Kat:3, Licht: 2,56804,3,1,9,10,05,3,1,2,0,1,0,0,0,1
"POINT (7.362795937000044 51.496827003000078)",Unfall 56805 (2023) Kat:3, Licht: 2,56805,3,2,5,10,18,3,1,2,1,1,0,0,0,0
"POINT (7.488692368000045 51.547746421000056)",Unfall 56873 (2023) Kat:3, Licht: 0,56873,3,3,5,11,09,6,0,0,0,1,0,0,0,1
"POINT (7.598241702000053 51.477880008000056)",Unfall 56961 (2023) Kat:3, Licht: 2,56961,3,2,2,10,17,2,1,2,1,1,0,0,0,0
"POINT (7.504661476000024 51.515912174000050)",Unfall 56962 (2023) Kat:3, Licht: 2,56962,3,2,5,10,17,2,1,2,0,1,0,0,0,1
"POINT (7.417587474000072 51.558197110000037)",Unfall 56964 (2023) Kat:2, Licht: 2,56964,2,7,6,10,00,2,0,2,0,1,1,0,0,0
"POINT (7.511334131000069 51.487014540000075)",Unfall 56965 (2023) Kat:3, Licht: 0,56965,3,7,4,10,09,2,0,0,0,1,0,0,0,1
"POINT (7.481257396000046 51.500213220000035)",Unfall 56966 (2023) Kat:3, Licht: 0,56966,3,6,2,10,10,2,0,0,0,1,0,0,1,0
"POINT (7.472755429000074 51.514183443000036)",Unfall 56967 (2023) Kat:2, Licht: 2,56967,2,3,6,10,17,2,1,2,0,1,1,0,0,0
"POINT (7.483000689000050 51.500866882000082)",Unfall 56968 (2023) Kat:3, Licht: 2,56968,3,6,2,10,22,2,1,2,0,1,0,0,0,0
"POINT (7.462696859000062 51.524596991000067)",Unfall 57015 (2023) Kat:3, Licht: 0,57015,3,1,0,10,16,3,0,0,0,0,0,0,0,1
"POINT (7.479537616000073 51.443277092000073)",Unfall 57030 (2023) Kat:3, Licht: 2,57030,3,6,2,10,21,1,0,2,0,1,0,0,0,0
"POINT (7.583578076000038 51.554484294000076)",Unfall 57035 (2023) Kat:3, Licht: 0,57035,3,3,5,10,12,1,1,0,1,1,0,0,0,0
"POINT (7.425106168000070 51.507123768000042)",Unfall 57036 (2023) Kat:3, Licht: 2,57036,3,2,5,10,18,1,1,2,1,1,0,0,0,0
"POINT (7.463846463000039 51.469764619000046)",Unfall 57037 (2023) Kat:3, Licht: 2,57037,3,1,0,10,18,1,1,2,0,0,0,1,0,0
"POINT (7.497760095000046 51.494118508000042)",Unfall 57039 (2023) Kat:3, Licht: 0,57039,3,3,6,10,15,1,1,0,0,1,1,0,0,0
"POINT (7.475692175000063 51.538905652000039)",Unfall 57074 (2023) Kat:3, Licht: 2,57074,3,2,5,10,18,3,1,2,1,1,0,0,0,0
"POINT (7.460724574000039 51.507672783000032)",Unfall 57127 (2023) Kat:3, Licht: 2,57127,3,2,6,11,16,1,1,2,0,1,1,0,0,0
"POINT (7.491650571000037 51.443289675000074)",Unfall 57205 (2023) Kat:3, Licht: 2,57205,3,6,2,11,17,7,1,2,0,1,0,0,0,0
"POINT (7.517763467000066 51.533155071000067)",Unfall 57207 (2023) Kat:3, Licht: 2,57207,3,1,9,11,21,7,0,2,0,1,0,0,0,0
"POINT (7.517025610000076 51.529496778000066)",Unfall 57335 (2023) Kat:3, Licht: 0,57335,3,6,2,11,11,6,0,0,0,1,0,0,0,0
"POINT (7.362955322000062 51.561488230000066)",Unfall 57337 (2023) Kat:3, Licht: 2,57337,3,2,4,11,20,6,1,2,0,1,0,0,0,1
"POINT (7.325958790000072 51.495305344000030)",Unfall 57434 (2023) Kat:3, Licht: 0,57434,3,6,1,11,15,5,1,0,0,1,0,0,0,0
"POINT (7.516828740000051 51.524514195000052)",Unfall 57518 (2023) Kat:3, Licht: 0,57518,3,6,2,11,15,4,0,0,0,1,0,0,0,0
"POINT (7.388267921000022 51.509057785000039)",Unfall 57519 (2023) Kat:3, Licht: 2,57519,3,3,0,11,20,4,0,2,1,1,0,0,0,0
"POINT (7.400993590000041 51.496856668000078)",Unfall 57520 (2023) Kat:3, Licht: 2,57520,3,3,5,11,18,4,0,2,0,1,0,0,0,0
"POINT (7.570392766000055 51.498733468000069)",Unfall 57618 (2023) Kat:3, Licht: 2,57618,3,1,0,11,20,3,1,2,0,0,0,1,0,0
"POINT (7.447338765000040 51.513123034000046)",Unfall 57619 (2023) Kat:3, Licht: 0,57619,3,5,1,11,14,3,0,0,0,1,0,0,0,1
"POINT (7.504240337000056 51.569825574000049)",Unfall 57728 (2023) Kat:2, Licht: 2,57728,2,2,5,11,20,2,1,2,0,1,0,0,0,0
"POINT (7.416478008000070 51.481459659000052)",Unfall 57729 (2023) Kat:3, Licht: 0,57729,3,6,5,11,09,2,1,0,0,1,0,0,0,1
"POINT (7.474746492000065 51.517894934000026)",Unfall 57731 (2023) Kat:3, Licht: 0,57731,3,3,5,11,13,2,0,0,0,1,0,0,0,1
"POINT (7.546538766000026 51.524416277000057)",Unfall 57736 (2023) Kat:3, Licht: 0,57736,3,3,0,11,15,4,0,0,0,1,0,0,0,1
"POINT (7.462463202000038 51.510146408000026)",Unfall 57738 (2023) Kat:3, Licht: 0,57738,3,3,2,11,13,5,0,0,1,1,0,0,0,0
"POINT (7.503971688000036 51.566244178000034)",Unfall 57798 (2023) Kat:3, Licht: 2,57798,3,7,5,11,19,1,1,2,0,1,0,0,0,0
"POINT (7.369416100000024 51.521617359000061)",Unfall 57799 (2023) Kat:3, Licht: 2,57799,3,2,6,11,18,1,1,2,0,1,1,0,0,0
"POINT (7.448554047000073 51.513217888000042)",Unfall 57800 (2023) Kat:3, Licht: 2,57800,3,1,0,11,20,1,1,2,0,1,0,0,0,1
"POINT (7.448508677000063 51.513214260000041)",Unfall 57801 (2023) Kat:3, Licht: 2,57801,3,6,2,11,20,1,1,2,0,1,0,0,0,0
"POINT (7.361875975000032 51.543310120000058)",Unfall 57903 (2023) Kat:3, Licht: 2,57903,3,1,8,11,02,7,0,2,0,1,0,0,0,0
"POINT (7.588401898000029 51.528363575000071)",Unfall 57904 (2023) Kat:3, Licht: 0,57904,3,3,5,11,11,7,0,0,0,1,0,0,0,0
"POINT (7.487100273000067 51.523847157000034)",Unfall 57905 (2023) Kat:3, Licht: 2,57905,3,3,5,11,18,7,1,2,1,1,0,0,0,0
"POINT (7.453674860000035 51.513605221000034)",Unfall 57906 (2023) Kat:3, Licht: 2,57906,3,6,9,11,18,7,1,2,0,1,0,0,0,1
"POINT (7.358264062000046 51.561625154000069)",Unfall 58017 (2023) Kat:2, Licht: 0,58017,2,6,2,11,13,6,0,0,0,1,0,0,1,0
"POINT (7.506248970000058 51.562908287000027)",Unfall 58018 (2023) Kat:3, Licht: 2,58018,3,6,2,11,17,6,0,2,0,1,0,0,0,0
"POINT (7.517590645000041 51.485386629000061)",Unfall 58022 (2023) Kat:3, Licht: 0,58022,3,6,1,11,07,6,0,0,0,1,0,0,0,0
"POINT (7.325351739000041 51.520715386000063)",Unfall 58023 (2023) Kat:3, Licht: 0,58023,3,7,6,11,15,6,0,0,0,0,1,0,0,1
"POINT (7.509735412000055 51.475339453000061)",Unfall 58025 (2023) Kat:3, Licht: 0,58025,3,5,0,11,14,6,0,0,0,0,0,0,0,1
"POINT (7.481167085000038 51.477092495000079)",Unfall 58026 (2023) Kat:3, Licht: 0,58026,3,1,9,11,13,6,1,0,0,1,0,0,0,0
"POINT (7.458816249000051 51.502059365000036)",Unfall 58027 (2023) Kat:3, Licht: 0,58027,3,5,0,11,11,6,0,0,1,1,0,0,0,1
"POINT (7.583736861000034 51.549163474000068)",Unfall 58111 (2023) Kat:3, Licht: 1,58111,3,7,0,11,15,5,0,1,1,0,0,0,0,0
"POINT (7.581956235000064 51.528027052000027)",Unfall 58113 (2023) Kat:3, Licht: 1,58113,3,2,6,11,07,5,0,1,0,1,1,0,0,0
"POINT (7.398725942000056 51.482577142000082)",Unfall 58114 (2023) Kat:3, Licht: 0,58114,3,6,1,11,11,5,0,0,0,1,0,0,0,0
"POINT (7.460427014000061 51.507104193000032)",Unfall 58115 (2023) Kat:3, Licht: 0,58115,3,2,4,11,08,5,1,0,0,1,0,0,0,0
"POINT (7.490441327000042 51.496822456000075)",Unfall 58116 (2023) Kat:2, Licht: 0,58116,2,7,5,11,13,5,1,0,0,1,0,1,0,0
"POINT (7.476135234000026 51.499371349000057)",Unfall 58151 (2023) Kat:3, Licht: 0,58151,3,6,2,11,14,5,1,0,0,1,0,0,0,0
"POINT (7.386201477000043 51.493337001000043)",Unfall 58246 (2023) Kat:3, Licht: 0,58246,3,1,3,11,12,4,1,0,0,1,0,0,0,0
"POINT (7.371095200000070 51.535272990000067)",Unfall 58247 (2023) Kat:2, Licht: 2,58247,2,6,9,11,04,4,1,2,0,1,0,0,0,0
"POINT (7.501626148000071 51.578937136000036)",Unfall 58248 (2023) Kat:3, Licht: 0,58248,3,6,2,11,08,4,1,0,0,1,0,0,0,0
"POINT (7.507957282000064 51.572655535000081)",Unfall 58249 (2023) Kat:3, Licht: 2,58249,3,3,5,11,06,4,1,2,0,1,0,0,0,1
"POINT (7.325076643000045 51.521664834000035)",Unfall 58250 (2023) Kat:3, Licht: 0,58250,3,6,3,11,13,4,1,0,0,1,0,1,0,0
"POINT (7.342299072000060 51.496829442000035)",Unfall 58251 (2023) Kat:3, Licht: 2,58251,3,7,2,11,18,4,1,2,0,0,0,1,0,1
"POINT (7.481188949000057 51.523226555000065)",Unfall 58253 (2023) Kat:3, Licht: 1,58253,3,4,6,11,07,4,0,1,0,1,1,0,0,0
"POINT (7.360615698000061 51.566588132000049)",Unfall 58362 (2023) Kat:3, Licht: 0,58362,3,6,2,11,11,5,1,0,0,1,0,0,1,0
"POINT (7.490509325000062 51.514077395000072)",Unfall 58392 (2023) Kat:3, Licht: 2,58392,3,6,0,11,17,3,1,2,0,1,0,1,0,0