WKT,Name,OBJECTID,UKATEGORIE,UTYP1,UART,UMONAT,USTUNDE,UWOCHENTAG,STRZUSTAND,ULICHTVERH,ISTRAD,ISTPKW,ISTFUSS,ISTKRAD,ISTGKFZ,ISTSONSTIG
"POINT (7.455177867000032 51.513751306000074)",Unfall 58394 (2023) Kat:3, Licht: 2,58394,3,3,5,11,18,3,1,2,0,1,0,0,0,1
"POINT (7.475140080000074 51.443061657000044)",Unfall 58533 (2023) Kat:3, Licht: 1,58533,3,6,2,11,07,2,1,1,0,1,0,0,0,1
"POINT (7.454715808000060 51.513706398000068)",Unfall 58534 (2023) Kat:3, Licht: 0,58534,3,4,6,11,13,2,1,0,0,1,1,0,0,0
"POINT (7.474492558000065 51.509677655000075)",Unfall 58535 (2023) Kat:3, Licht: 1,58535,3,3,0,11,06,2,1,1,1,1,0,0,0,0
"POINT (7.531404263000070 51.488357417000032)",Unfall 58596 (2023) Kat:2, Licht: 1,58596,2,1,8,11,17,1,0,1,0,1,0,0,0,0
"POINT (7.455343167000024 51.513867207000033)",Unfall 58597 (2023) Kat:3, Licht: 0,58597,3,7,5,11,12,1,0,0,0,1,0,0,0,0
"POINT (7.479273186000057 51.502811307000059)",Unfall 58668 (2023) Kat:2, Licht: 2,58668,2,4,6,11,18,7,1,2,0,1,1,0,0,0
"POINT (7.460154578000072 51.526090539000052)",Unfall 58808 (2023) Kat:3, Licht: 2,58808,3,6,2,11,22,7,0,2,0,1,0,0,0,0
"POINT (7.385953605000054 51.500521628000058)",Unfall 58822 (2023) Kat:3, Licht: 0,58822,3,6,2,11,12,6,0,0,0,1,0,0,0,0
"POINT (7.510497006000037 51.504001028000062)",Unfall 58825 (2023) Kat:3, Licht: 0,58825,3,6,1,11,09,6,0,0,0,1,0,0,0,0
"POINT (7.420835336000039 51.529999596000039)",Unfall 58827 (2023) Kat:3, Licht: 0,58827,3,6,2,11,08,6,0,0,0,1,0,0,0,0
"POINT (7.435587060000046 51.486697015000061)",Unfall 58828 (2023) Kat:3, Licht: 2,58828,3,6,1,11,20,6,1,2,0,1,0,0,0,0
"POINT (7.468211431000043 51.509895676000042)",Unfall 58829 (2023) Kat:3, Licht: 2,58829,3,7,0,11,01,6,1,2,0,0,0,0,0,1
"POINT (7.555202460000032 51.490181126000039)",Unfall 58967 (2023) Kat:3, Licht: 2,58967,3,2,6,12,18,3,1,2,0,1,1,0,0,0
"POINT (7.368280217000063 51.563860357000067)",Unfall 58968 (2023) Kat:3, Licht: 2,58968,3,3,5,12,22,3,1,2,0,1,0,0,0,0
"POINT (7.375239647000058 51.515904145000036)",Unfall 58969 (2023) Kat:3, Licht: 0,58969,3,2,5,12,17,3,1,0,0,1,0,0,0,0
"POINT (7.459198748000063 51.473812329000054)",Unfall 58970 (2023) Kat:3, Licht: 2,58970,3,6,3,12,18,3,1,2,1,0,0,0,0,1
"POINT (7.451696098000070 51.503488565000055)",Unfall 58971 (2023) Kat:3, Licht: 0,58971,3,3,5,12,14,3,1,0,1,1,0,0,0,0
"POINT (7.471054798000068 51.516651070000080)",Unfall 59052 (2023) Kat:3, Licht: 2,59052,3,6,2,12,22,2,1,2,0,1,0,0,0,0
"POINT (7.418981984000027 51.497045104000051)",Unfall 59095 (2023) Kat:3, Licht: 2,59095,3,1,3,12,06,1,1,2,0,1,0,0,0,0
"POINT (7.330125044000056 51.520661533000066)",Unfall 59146 (2023) Kat:3, Licht: 1,59146,3,1,0,12,16,7,0,1,0,1,0,0,0,0
"POINT (7.466350482000053 51.509937808000075)",Unfall 59147 (2023) Kat:3, Licht: 2,59147,3,7,6,12,17,7,0,2,1,0,1,0,0,0
"POINT (7.371895283000072 51.491583764000040)",Unfall 59213 (2023) Kat:3, Licht: 0,59213,3,3,5,12,12,6,1,0,0,1,0,0,0,1
"POINT (7.460526777000041 51.545831662000069)",Unfall 59214 (2023) Kat:3, Licht: 2,59214,3,7,0,12,18,6,0,2,1,0,0,0,0,0
"POINT (7.473094700000047 51.530869665000068)",Unfall 59215 (2023) Kat:3, Licht: 0,59215,3,6,3,12,15,6,0,0,0,1,0,0,1,0
"POINT (7.471086277000040 51.507556968000074)",Unfall 59216 (2023) Kat:3, Licht: 0,59216,3,6,3,12,08,6,1,0,0,1,0,0,0,0
"POINT (7.363464376000024 51.494510265000031)",Unfall 59275 (2023) Kat:3, Licht: 0,59275,3,6,2,12,12,6,0,0,0,1,0,0,0,0
"POINT (7.448990708000053 51.578591281000058)",Unfall 59305 (2023) Kat:3, Licht: 2,59305,3,1,3,12,06,5,1,2,0,1,0,0,0,0
"POINT (7.509312032000025 51.503996904000076)",Unfall 59307 (2023) Kat:3, Licht: 2,59307,3,6,1,12,18,5,1,2,0,1,0,0,1,0
"POINT (7.416221059000065 51.502447188000076)",Unfall 59309 (2023) Kat:3, Licht: 0,59309,3,2,6,12,12,5,0,0,0,1,1,0,0,0
"POINT (7.425130330000059 51.507154793000041)",Unfall 59310 (2023) Kat:3, Licht: 2,59310,3,2,6,12,17,5,1,2,0,1,1,0,0,0
"POINT (7.499873525000055 51.488294274000054)",Unfall 59311 (2023) Kat:3, Licht: 0,59311,3,7,6,12,12,5,1,0,0,0,1,0,0,1
"POINT (7.458238454000025 51.542006150000077)",Unfall 59410 (2023) Kat:3, Licht: 2,59410,3,6,1,12,17,4,1,2,0,1,0,0,0,0
"POINT (7.460682845000065 51.546092174000080)",Unfall 59411 (2023) Kat:3, Licht: 0,59411,3,3,5,12,15,4,1,0,0,1,0,0,0,1
"POINT (7.454608477000022 51.443994274000033)",Unfall 59530 (2023) Kat:3, Licht: 2,59530,3,7,7,12,05,3,1,2,1,0,0,0,0,0
"POINT (7.441810349000036 51.481421405000049)",Unfall 59531 (2023) Kat:3, Licht: 0,59531,3,7,0,12,14,3,1,0,1,0,0,0,0,1
"POINT (7.495627113000069 51.482322642000042)",Unfall 59532 (2023) Kat:3, Licht: 2,59532,3,1,2,12,16,3,1,2,0,1,0,0,0,0
"POINT (7.475004755000043 51.505300687000044)",Unfall 59533 (2023) Kat:2, Licht: 1,59533,2,3,5,12,17,3,1,1,1,1,0,0,0,0
"POINT (7.550039540000057 51.492149665000056)",Unfall 59670 (2023) Kat:3, Licht: 1,59670,3,2,4,12,17,1,0,1,0,1,0,0,0,0
"POINT (7.498554789000025 51.503843319000055)",Unfall 59671 (2023) Kat:3, Licht: 2,59671,3,6,1,12,19,1,1,2,0,1,0,0,0,0
"POINT (7.590771124000071 51.505836356000032)",Unfall 59762 (2023) Kat:3, Licht: 0,59762,3,6,2,12,16,7,1,0,0,1,0,0,0,0
"POINT (7.376899242000036 51.513705274000074)",Unfall 59805 (2023) Kat:3, Licht: 2,59805,3,2,6,12,16,3,1,2,0,1,1,0,0,0
"POINT (7.363950784000053 51.494708615000036)",Unfall 59866 (2023) Kat:3, Licht: 0,59866,3,6,2,12,13,6,1,0,0,1,0,0,0,0
"POINT (7.368766305000065 51.536901254000043)",Unfall 59867 (2023) Kat:3, Licht: 0,59867,3,1,2,12,13,6,1,0,0,1,0,0,1,0
"POINT (7.457598338000025 51.540914323000038)",Unfall 59869 (2023) Kat:3, Licht: 2,59869,3,2,5,12,22,6,0,2,0,1,0,0,0,0
"POINT (7.414581624000050 51.538973185000032)",Unfall 59871 (2023) Kat:3, Licht: 1,59871,3,1,6,12,07,6,1,1,0,1,1,0,0,0
"POINT (7.452169877000074 51.441920337000056)",Unfall 59872 (2023) Kat:3, Licht: 2,59872,3,7,0,12,21,6,1,2,0,1,1,0,0,0
"POINT (7.376648358000068 51.497851877000073)",Unfall 59892 (2023) Kat:3, Licht: 2,59892,3,6,2,12,19,1,0,2,0,1,0,0,0,0
"POINT (7.462657771000067 51.524592041000062)",Unfall 59925 (2023) Kat:3, Licht: 0,59925,3,4,0,12,15,4,1,0,1,0,1,0,0,0
"POINT (7.394364854000059 51.583677636000061)",Unfall 60010 (2023) Kat:3, Licht: 0,60010,3,6,1,12,12,5,0,0,0,1,0,0,0,0
"POINT (7.431827858000077 51.525319411000055)",Unfall 60013 (2023) Kat:3, Licht: 0,60013,3,6,2,12,09,5,0,0,0,1,0,0,1,0
"POINT (7.438974001000076 51.481803148000040)",Unfall 60014 (2023) Kat:3, Licht: 2,60014,3,2,6,12,06,5,0,2,0,1,1,0,0,0
"POINT (7.509706372000039 51.475447026000040)",Unfall 60015 (2023) Kat:3, Licht: 0,60015,3,6,1,12,15,5,0,0,0,1,0,1,0,0
"POINT (7.545526002000031 51.530017081000040)",Unfall 60104 (2023) Kat:3, Licht: 0,60104,3,2,0,12,13,4,1,0,0,0,0,0,0,1
"POINT (7.597981204000064 51.478141574000063)",Unfall 60105 (2023) Kat:3, Licht: 2,60105,3,5,1,12,18,4,1,2,0,1,0,0,0,0
"POINT (7.504890997000075 51.503696666000053)",Unfall 60106 (2023) Kat:3, Licht: 2,60106,3,6,2,12,17,4,0,2,0,1,0,0,0,0
"POINT (7.497952684000040 51.526569497000025)",Unfall 60111 (2023) Kat:3, Licht: 2,60111,3,6,2,12,20,4,0,2,0,1,0,0,0,0
"POINT (7.412440565000054 51.528979954000079)",Unfall 60113 (2023) Kat:3, Licht: 2,60113,3,2,2,12,08,4,0,2,0,1,0,0,0,0
"POINT (7.474555914000064 51.507785747000071)",Unfall 60114 (2023) Kat:3, Licht: 1,60114,3,6,3,12,15,4,0,1,0,1,0,0,0,0
"POINT (7.498255386000039 51.578795661000072)",Unfall 60152 (2023) Kat:3, Licht: 2,60152,3,6,3,12,21,4,1,2,0,1,0,0,0,0
"POINT (7.496334105000074 51.514196787000060)",Unfall 60253 (2023) Kat:3, Licht: 0,60253,3,4,6,12,08,3,1,0,0,1,1,0,0,0
"POINT (7.488934292000067 51.474910475000058)",Unfall 60255 (2023) Kat:2, Licht: 0,60255,2,4,6,12,07,3,0,0,0,0,1,1,0,0
"POINT (7.483281096000042 51.500478101000056)",Unfall 60301 (2023) Kat:2, Licht: 0,60301,2,4,6,12,08,3,1,0,0,1,1,0,0,0
"POINT (7.375919886000077 51.530862880000029)",Unfall 60308 (2023) Kat:3, Licht: 2,60308,3,6,3,12,22,5,0,2,0,1,0,0,0,0
"POINT (7.393124870000065 51.476754162000077)",Unfall 60385 (2023) Kat:3, Licht: 2,60385,3,6,2,12,17,2,1,2,0,0,0,0,1,1
"POINT (7.557150920000026 51.494352025000069)",Unfall 60386 (2023) Kat:3, Licht: 0,60386,3,1,5,12,10,2,1,0,0,1,0,0,0,0
"POINT (7.366684404000068 51.551851974000044)",Unfall 60387 (2023) Kat:3, Licht: 0,60387,3,3,5,12,09,2,1,0,0,1,0,0,0,0
"POINT (7.455269842000064 51.513859769000078)",Unfall 60390 (2023) Kat:3, Licht: 0,60390,3,2,2,12,15,2,0,0,1,1,0,0,0,0
"POINT (7.329663106000055 51.497008558000061)",Unfall 60444 (2023) Kat:3, Licht: 0,60444,3,6,2,12,16,1,0,0,0,1,0,0,0,0
"POINT (7.363222244000042 51.572674225000071)",Unfall 60471 (2023) Kat:3, Licht: 0,60471,3,6,2,12,12,4,1,0,0,1,0,0,1,0
"POINT (7.456655901000033 51.524231760000077)",Unfall 60499 (2023) Kat:3, Licht: 0,60499,3,4,6,12,14,7,0,0,0,1,1,0,0,0
"POINT (7.447921646000054 51.496126357000037)",Unfall 60500 (2023) Kat:3, Licht: 0,60500,3,3,5,12,09,7,0,0,0,1,0,0,0,0
"POINT (7.343502346000037 51.517628653000031)",Unfall 60611 (2023) Kat:3, Licht: 1,60611,3,1,0,12,08,6,0,1,1,0,0,0,0,0
"POINT (7.464745400000027 51.558248720000051)",Unfall 60612 (2023) Kat:3, Licht: 0,60612,3,2,6,12,07,6,1,0,0,1,1,0,0,0
"POINT (7.326704584000026 51.496707274000073)",Unfall 60624 (2023) Kat:3, Licht: 0,60624,3,6,2,12,09,6,1,0,0,1,0,0,0,1
"POINT (7.515194654000027 51.504057408000051)",Unfall 60709 (2023) Kat:3, Licht: 0,60709,3,6,3,12,13,1,0,0,0,1,0,0,0,0
"POINT (7.361675656000045 51.493846753000071)",Unfall 60736 (2023) Kat:3, Licht: 2,60736,3,6,2,11,17,5,0,2,0,1,0,0,0,0
"POINT (7.606841650000035 51.531552378000072)",Unfall 60738 (2023) Kat:3, Licht: 0,60738,3,3,0,11,13,5,0,0,0,1,0,0,0,1
"POINT (7.544082912000022 51.523336657000073)",Unfall 60740 (2023) Kat:3, Licht: 2,60740,3,4,6,11,17,5,1,2,0,1,1,0,0,0
"POINT (7.367633939000029 51.494230313000060)",Unfall 60743 (2023) Kat:2, Licht: 0,60743,2,2,6,11,10,5,0,0,0,1,1,0,0,0
"POINT (7.481011582000065 51.501689374000080)",Unfall 60840 (2023) Kat:3, Licht: 2,60840,3,6,0,12,21,4,0,2,0,1,0,0,0,0
"POINT (7.502654676000077 51.515614900000060)",Unfall 60883 (2023) Kat:3, Licht: 2,60883,3,2,6,11,19,4,0,2,0,1,1,0,0,0
"POINT (7.482050785000069 51.523671481000065)",Unfall 60886 (2023) Kat:3, Licht: 1,60886,3,6,3,11,07,4,1,1,0,1,0,0,0,0
"POINT (7.422900755000057 51.510970527000040)",Unfall 61017 (2023) Kat:3, Licht: 2,61017,3,2,6,11,06,3,1,2,0,1,1,0,0,0
"POINT (7.538516326000035 51.552659666000068)",Unfall 61272 (2023) Kat:3, Licht: 2,61272,3,2,6,11,17,2,1,2,0,1,1,0,0,0
"POINT (7.484336032000044 51.545274257000074)",Unfall 61275 (2023) Kat:2, Licht: 1,61275,2,7,0,11,07,2,1,1,1,0,0,0,0,0
"POINT (7.495422180000048 51.482774443000039)",Unfall 61277 (2023) Kat:3, Licht: 0,61277,3,3,6,11,09,2,1,0,0,1,1,0,0,0
"POINT (7.472099489000072 51.506966559000034)",Unfall 61278 (2023) Kat:3, Licht: 2,61278,3,6,2,11,16,2,1,2,0,1,0,0,0,0
"POINT (7.472613002000060 51.574695511000073)",Unfall 61611 (2023) Kat:3, Licht: 2,61611,3,6,8,12,17,1,1,2,0,1,0,0,0,0
"POINT (7.461178456000027 51.510582895000027)",Unfall 61661 (2023) Kat:3, Licht: 2,61661,3,1,2,12,21,7,0,2,0,1,0,0,0,0
"POINT (7.537302497000042 51.542625134000048)",Unfall 61728 (2023) Kat:2, Licht: 0,61728,2,1,8,12,14,6,1,0,0,1,0,0,0,0
"POINT (7.371698585000047 51.522274013000072)",Unfall 61729 (2023) Kat:3, Licht: 2,61729,3,6,3,12,16,6,1,2,0,1,0,0,0,0
"POINT (7.474263420000057 51.505569989000037)",Unfall 61731 (2023) Kat:3, Licht: 2,61731,3,6,0,12,16,6,1,2,0,1,0,1,0,0
"POINT (7.363862069000049 51.496084410000037)",Unfall 61934 (2023) Kat:3, Licht: 2,61934,3,6,1,12,21,2,0,2,0,1,0,0,0,0
"POINT (7.586176459000058 51.544390000000078)",Unfall 61935 (2023) Kat:3, Licht: 0,61935,3,1,8,12,12,2,1,0,0,1,0,0,0,0
"POINT (7.497247716000061 51.503745467000044)",Unfall 61984 (2023) Kat:3, Licht: 2,61984,3,2,5,12,18,1,1,2,0,1,0,0,0,0
"POINT (7.612640200000044 51.532561427000076)",Unfall 62051 (2023) Kat:3, Licht: 2,62051,3,6,2,12,17,7,1,2,0,1,0,0,0,0
"POINT (7.381058169000028 51.508186725000030)",Unfall 62052 (2023) Kat:3, Licht: 2,62052,3,7,1,12,18,7,1,2,0,1,0,0,0,0
"POINT (7.498430264000035 51.494174668000028)",Unfall 62053 (2023) Kat:3, Licht: 0,62053,3,2,6,12,14,7,1,0,0,1,1,0,0,0
"POINT (7.431597159000034 51.525524241000028)",Unfall 62122 (2023) Kat:3, Licht: 0,62122,3,6,4,12,12,7,0,0,0,1,0,0,0,0
"POINT (7.419278440000028 51.497063080000032)",Unfall 62174 (2023) Kat:3, Licht: 2,62174,3,6,3,12,18,6,1,2,0,1,0,0,1,0
"POINT (7.509573392000050 51.475855792000061)",Unfall 62179 (2023) Kat:3, Licht: 0,62179,3,6,2,12,10,6,1,0,0,1,0,0,0,1
"POINT (7.506746624000073 51.479581696000082)",Unfall 62180 (2023) Kat:3, Licht: 2,62180,3,6,6,12,16,6,1,2,0,1,1,0,0,0
"POINT (7.495627113000069 51.482322642000042)",Unfall 62181 (2023) Kat:3, Licht: 2,62181,3,2,6,12,19,6,1,2,0,1,1,0,0,0
"POINT (7.474646958000051 51.517853513000034)",Unfall 62182 (2023) Kat:3, Licht: 1,62182,3,3,5,12,15,6,1,1,0,1,0,0,0,1
"POINT (7.468246598000064 51.505574369000044)",Unfall 62184 (2023) Kat:3, Licht: 2,62184,3,2,6,12,17,6,1,2,0,1,1,0,0,0
"POINT (7.539595120000058 51.539172736000069)",Unfall 62321 (2023) Kat:3, Licht: 0,62321,3,6,4,12,13,5,1,0,1,1,0,0,0,0
"POINT (7.364064064000047 51.496335976000069)",Unfall 62322 (2023) Kat:3, Licht: 2,62322,3,3,5,12,02,5,0,2,1,1,0,0,0,0
"POINT (7.499295570000072 51.514866269000038)",Unfall 62323 (2023) Kat:3, Licht: 2,62323,3,7,4,12,18,5,1,2,0,1,0,0,0,1
"POINT (7.473477435000063 51.484556753000049)",Unfall 62324 (2023) Kat:3, Licht: 2,62324,3,2,6,12,07,5,1,2,0,0,1,0,0,1
"POINT (7.468069418000027 51.509707897000055)",Unfall 62325 (2023) Kat:3, Licht: 2,62325,3,2,5,12,17,5,1,2,1,1,0,0,0,0
"POINT (7.468048850000059 51.505434934000050)",Unfall 62326 (2023) Kat:3, Licht: 2,62326,3,2,6,12,19,5,1,2,0,1,1,0,0,0
"POINT (7.451216560000034 51.513366236000081)",Unfall 62327 (2023) Kat:3, Licht: 0,62327,3,5,1,12,15,5,0,0,1,1,0,0,0,0
"POINT (7.472090758000036 51.506822481000029)",Unfall 62328 (2023) Kat:3, Licht: 2,62328,3,4,6,12,17,5,1,2,0,1,1,0,0,0
"POINT (7.555140508000022 51.493946866000044)",Unfall 62443 (2023) Kat:3, Licht: 1,62443,3,6,4,12,18,4,1,1,0,1,0,0,0,0
"POINT (7.496017278000068 51.514203230000078)",Unfall 62444 (2023) Kat:3, Licht: 0,62444,3,2,5,12,09,4,0,0,1,1,0,0,0,0
"POINT (7.377573646000030 51.572195529000055)",Unfall 62449 (2023) Kat:2, Licht: 2,62449,2,2,6,12,19,4,1,2,0,1,1,0,0,0
"POINT (7.462937704000069 51.579700114000048)",Unfall 62450 (2023) Kat:3, Licht: 1,62450,3,3,5,12,18,4,1,1,0,1,0,0,0,1
"POINT (7.426697315000069 51.512238285000080)",Unfall 62451 (2023) Kat:3, Licht: 0,62451,3,6,2,12,13,4,0,0,0,1,0,0,0,0
"POINT (7.428824140000074 51.482521491000057)",Unfall 62452 (2023) Kat:3, Licht: 1,62452,3,4,6,12,08,4,0,1,0,1,1,0,0,0
"POINT (7.459738289000029 51.495435834000034)",Unfall 62453 (2023) Kat:3, Licht: 1,62453,3,6,1,12,07,4,1,1,0,1,0,0,0,0
"POINT (7.472451810000052 51.550906570000052)",Unfall 170365 (2023) Kat:3, Licht: 2,170365,3,6,1,01,23,4,0,2,0,1,0,0,0,1
"POINT (7.511980444000073 51.448941088000026)",Unfall 170492 (2023) Kat:3, Licht: 2,170492,3,1,1,01,18,2,1,2,0,1,0,1,0,0
"POINT (7.447260791000076 51.518040055000029)",Unfall 170513 (2023) Kat:3, Licht: 2,170513,3,4,6,01,02,1,0,2,0,1,1,0,0,0
"POINT (7.395045700000026 51.502904254000043)",Unfall 170514 (2023) Kat:2, Licht: 2,170514,2,7,8,01,17,1,0,2,0,1,0,0,0,0
"POINT (7.530982989000051 51.492406583000047)",Unfall 170551 (2023) Kat:3, Licht: 2,170551,3,7,6,01,20,7,0,2,0,0,1,0,0,1
"POINT (7.488666740000042 51.519936225000038)",Unfall 170552 (2023) Kat:3, Licht: 2,170552,3,3,5,01,18,7,1,2,0,1,0,0,0,0
"POINT (7.412673399000028 51.532120818000067)",Unfall 170553 (2023) Kat:3, Licht: 0,170553,3,6,2,01,16,7,0,0,0,1,0,0,0,0
"POINT (7.484177476000070 51.516248831000041)",Unfall 170609 (2023) Kat:2, Licht: 0,170609,2,2,5,01,12,6,1,0,0,1,0,0,0,1
"POINT (7.498142428000051 51.489408726000079)",Unfall 170610 (2023) Kat:2, Licht: 2,170610,2,4,6,01,17,6,1,2,0,1,1,0,0,0
"POINT (7.526935533000028 51.530199470000071)",Unfall 170753 (2023) Kat:3, Licht: 0,170753,3,1,9,01,14,4,0,0,0,1,0,0,1,0
"POINT (7.463371317000053 51.522160325000073)",Unfall 170755 (2023) Kat:3, Licht: 2,170755,3,2,5,01,17,4,0,2,1,1,0,0,0,0
"POINT (7.452109640000060 51.526561948000051)",Unfall 170756 (2023) Kat:3, Licht: 2,170756,3,2,4,01,18,4,1,2,0,1,0,0,0,1
"POINT (7.479321774000027 51.552994938000040)",Unfall 170827 (2023) Kat:3, Licht: 1,170827,3,4,6,01,07,3,1,1,1,0,1,0,0,0
"POINT (7.432169871000042 51.523947199000077)",Unfall 170833 (2023) Kat:3, Licht: 2,170833,3,1,3,01,06,4,2,2,0,1,0,0,0,0
"POINT (7.453154890000064 51.526625872000068)",Unfall 170907 (2023) Kat:3, Licht: 0,170907,3,5,1,01,13,1,1,0,0,0,0,0,0,1
"POINT (7.450994140000034 51.532386103000078)",Unfall 170942 (2023) Kat:3, Licht: 0,170942,3,3,5,01,14,7,0,0,0,1,0,0,0,0
"POINT (7.362185771000043 51.515362745000061)",Unfall 171018 (2023) Kat:3, Licht: 2,171018,3,3,5,01,05,5,1,2,0,1,0,0,0,1
"POINT (7.468691154000055 51.550147545000073)",Unfall 171019 (2023) Kat:3, Licht: 0,171019,3,7,6,01,12,5,1,0,0,0,1,0,0,1
"POINT (7.474608723000074 51.554733214000066)",Unfall 171054 (2023) Kat:3, Licht: 2,171054,3,2,6,01,18,4,1,2,0,1,1,0,0,0
"POINT (7.449601456000039 51.518228649000037)",Unfall 171055 (2023) Kat:3, Licht: 1,171055,3,6,0,01,17,4,1,1,0,1,0,0,0,1
"POINT (7.500456990000032 51.487254091000068)",Unfall 171131 (2023) Kat:3, Licht: 0,171131,3,2,5,01,09,2,0,0,1,1,0,0,0,0
"POINT (7.550924914000063 51.558565832000056)",Unfall 171494 (2023) Kat:3, Licht: 0,171494,3,1,0,02,08,6,2,0,0,0,0,1,0,0
"POINT (7.461472526000023 51.571687197000074)",Unfall 171495 (2023) Kat:2, Licht: 0,171495,2,7,0,02,16,6,0,0,0,1,1,0,0,0
"POINT (7.362372407000066 51.501999079000029)",Unfall 171535 (2023) Kat:3, Licht: 0,171535,3,3,5,02,08,5,0,0,0,1,0,0,0,0
"POINT (7.363575333000028 51.517567721000034)",Unfall 171658 (2023) Kat:3, Licht: 0,171658,3,6,1,02,15,3,0,0,0,1,0,0,0,1
"POINT (7.487808710000024 51.514997535000077)",Unfall 171659 (2023) Kat:3, Licht: 0,171659,3,6,0,02,17,3,0,0,0,1,0,0,0,0
"POINT (7.465307341000027 51.521418437000079)",Unfall 171699 (2023) Kat:3, Licht: 0,171699,3,7,0,02,11,2,0,0,1,0,0,0,0,1
"POINT (7.541830499000071 51.488936846000058)",Unfall 171710 (2023) Kat:2, Licht: 2,171710,2,1,0,02,02,1,0,2,0,0,0,0,0,1
"POINT (7.495194660000038 51.510999715000082)",Unfall 171737 (2023) Kat:3, Licht: 0,171737,3,5,1,02,13,7,0,0,1,1,0,0,0,0
"POINT (7.478340605000028 51.522107498000082)",Unfall 171738 (2023) Kat:3, Licht: 2,171738,3,7,5,02,20,7,0,2,0,1,0,0,0,1
"POINT (7.455615171000034 51.503328189000058)",Unfall 171792 (2023) Kat:3, Licht: 1,171792,3,7,0,02,07,6,1,1,1,1,0,0,0,0
"POINT (7.449309443000061 51.505212942000071)",Unfall 171853 (2023) Kat:3, Licht: 0,171853,3,3,5,02,11,5,1,0,1,1,0,0,0,0
"POINT (7.558538690000034 51.476066695000043)",Unfall 171943 (2023) Kat:3, Licht: 0,171943,3,7,0,01,10,3,1,0,0,0,0,0,0,1
"POINT (7.502995486000032 51.482835248000072)",Unfall 171944 (2023) Kat:3, Licht: 0,171944,3,4,6,01,15,3,1,0,0,1,1,0,0,0
"POINT (7.462305565000065 51.502775326000062)",Unfall 171992 (2023) Kat:3, Licht: 0,171992,3,1,0,01,14,2,0,0,1,0,0,0,0,0
"POINT (7.418884941000044 51.460116657000071)",Unfall 172150 (2023) Kat:3, Licht: 0,172150,3,6,2,01,14,5,1,0,0,1,0,0,0,0
"POINT (7.402234343000032 51.461434142000030)",Unfall 172151 (2023) Kat:3, Licht: 0,172151,3,6,3,01,13,5,1,0,0,1,0,0,1,0
"POINT (7.602937321000070 51.523127807000037)",Unfall 172152 (2023) Kat:2, Licht: 2,172152,2,2,3,01,05,5,2,2,1,1,0,0,0,0
"POINT (7.449223695000057 51.505206752000049)",Unfall 172153 (2023) Kat:3, Licht: 0,172153,3,3,5,01,16,5,1,0,1,1,0,0,0,0
"POINT (7.547586510000031 51.550229089000027)",Unfall 172198 (2023) Kat:3, Licht: 0,172198,3,3,5,01,15,4,0,0,0,1,0,0,0,0
"POINT (7.451244496000072 51.522820477000039)",Unfall 172199 (2023) Kat:3, Licht: 2,172199,3,7,0,01,17,4,0,2,0,1,1,0,0,0
"POINT (7.537764121000066 51.531615181000063)",Unfall 172246 (2023) Kat:3, Licht: 2,172246,3,2,5,01,17,3,0,2,0,1,0,0,0,0
"POINT (7.486633317000042 51.552361326000039)",Unfall 172283 (2023) Kat:3, Licht: 0,172283,3,2,5,02,07,6,0,0,0,1,0,0,0,1
"POINT (7.477280625000049 51.512694222000050)",Unfall 172335 (2023) Kat:3, Licht: 0,172335,3,3,5,01,12,7,0,0,1,1,0,0,0,0
"POINT (7.491538566000031 51.469713672000069)",Unfall 172383 (2023) Kat:2, Licht: 2,172383,2,3,4,01,18,6,1,2,0,1,0,0,0,0
"POINT (7.518453745000045 51.493742448000035)",Unfall 172460 (2023) Kat:3, Licht: 1,172460,3,7,8,01,08,5,2,1,0,1,0,0,0,0
"POINT (7.547015089000070 51.557651860000078)",Unfall 172549 (2023) Kat:2, Licht: 0,172549,2,4,6,03,10,5,0,0,0,0,1,0,0,1
"POINT (7.534713005000071 51.545001123000077)",Unfall 172595 (2023) Kat:3, Licht: 0,172595,3,5,0,03,12,4,0,0,1,0,0,0,0,1
"POINT (7.392402890000028 51.558296136000081)",Unfall 172596 (2023) Kat:3, Licht: 0,172596,3,4,6,03,13,4,0,0,0,0,1,0,0,1
"POINT (7.452970743000037 51.522272558000054)",Unfall 172649 (2023) Kat:3, Licht: 2,172649,3,5,1,02,20,3,0,2,0,1,0,0,0,0
"POINT (7.480244993000042 51.483982305000040)",Unfall 172650 (2023) Kat:3, Licht: 0,172650,3,6,4,02,14,3,0,0,0,1,0,0,0,0
"POINT (7.474225788000069 51.543729115000076)",Unfall 172694 (2023) Kat:3, Licht: 0,172694,3,2,0,03,11,6,0,0,1,0,0,0,1,0
"POINT (7.521616889000029 51.568935884000041)",Unfall 172714 (2023) Kat:2, Licht: 0,172714,2,1,0,02,10,2,0,0,1,0,0,0,0,0
"POINT (7.488782622000031 51.551357616000075)",Unfall 172715 (2023) Kat:3, Licht: 0,172715,3,2,6,02,07,2,0,0,0,1,1,0,0,0
"POINT (7.427871274000040 51.549826906000078)",Unfall 172716 (2023) Kat:3, Licht: 0,172716,3,6,0,02,09,2,0,0,1,1,0,0,0,0
"POINT (7.499795821000021 51.490512724000041)",Unfall 172721 (2023) Kat:3, Licht: 0,172721,3,7,0,02,14,3,0,0,0,1,0,0,0,1