WKT,Name,OBJECTID,UKATEGORIE,UTYP1,UART,UMONAT,USTUNDE,UWOCHENTAG,STRZUSTAND,ULICHTVERH,ISTRAD,ISTPKW,ISTFUSS,ISTKRAD,ISTGKFZ,ISTSONSTIG
"POINT (7.453849740000067 51.545728947000043)",Unfall 172845 (2023) Kat:3, Licht: 2,172845,3,5,0,02,23,6,1,2,0,1,0,0,0,1
"POINT (7.539997473000028 51.557075316000066)",Unfall 172859 (2023) Kat:3, Licht: 0,172859,3,4,6,02,07,2,0,0,0,1,1,0,0,0
"POINT (7.587471880000066 51.530290364000052)",Unfall 172895 (2023) Kat:2, Licht: 0,172895,2,4,6,02,16,5,1,0,0,1,1,0,0,0
"POINT (7.471166550000021 51.517299050000076)",Unfall 172897 (2023) Kat:3, Licht: 0,172897,3,2,6,02,08,5,1,0,0,1,1,0,0,0
"POINT (7.469005140000036 51.578896871000040)",Unfall 172947 (2023) Kat:3, Licht: 0,172947,3,1,0,02,11,4,0,0,0,0,0,0,0,1
"POINT (7.439006834000054 51.473931194000045)",Unfall 172948 (2023) Kat:3, Licht: 0,172948,3,3,5,02,13,4,0,0,1,1,0,0,0,0
"POINT (7.540973467000072 51.552723876000073)",Unfall 172985 (2023) Kat:3, Licht: 0,172985,3,4,6,02,18,3,0,0,0,1,1,0,0,0
"POINT (7.563182963000031 51.491550067000048)",Unfall 172986 (2023) Kat:3, Licht: 0,172986,3,6,0,02,13,3,0,0,1,1,0,0,0,0
"POINT (7.386647241000048 51.526288964000059)",Unfall 172987 (2023) Kat:2, Licht: 0,172987,2,1,8,02,14,3,0,0,0,1,1,0,0,0
"POINT (7.501666463000049 51.485073720000059)",Unfall 172988 (2023) Kat:3, Licht: 0,172988,3,6,1,02,11,3,0,0,0,1,0,0,0,1
"POINT (7.364375174000031 51.541189640000027)",Unfall 173117 (2023) Kat:2, Licht: 0,173117,2,3,5,02,15,6,1,0,0,1,0,0,0,0
"POINT (7.466824675000055 51.520642235000082)",Unfall 173118 (2023) Kat:3, Licht: 2,173118,3,7,0,02,00,6,1,2,0,0,0,0,0,1
"POINT (7.462949933000061 51.526502188000052)",Unfall 173119 (2023) Kat:3, Licht: 2,173119,3,5,1,02,01,6,1,2,1,1,0,0,0,0
"POINT (7.498634875000050 51.470058770000037)",Unfall 173120 (2023) Kat:3, Licht: 0,173120,3,1,1,02,11,6,1,0,1,1,0,0,0,0
"POINT (7.446277542000075 51.475401258000034)",Unfall 173162 (2023) Kat:2, Licht: 0,173162,2,4,6,02,08,6,0,0,0,1,1,0,0,0
"POINT (7.487495241000033 51.523174057000062)",Unfall 173168 (2023) Kat:3, Licht: 1,173168,3,3,0,02,17,5,0,1,0,1,0,0,0,0
"POINT (7.432932601000061 51.510968629000047)",Unfall 173170 (2023) Kat:3, Licht: 0,173170,3,1,4,02,17,5,0,0,0,1,0,1,0,0
"POINT (7.449575585000048 51.494652419000033)",Unfall 173171 (2023) Kat:3, Licht: 2,173171,3,4,6,02,00,5,0,2,0,1,1,0,0,0
"POINT (7.380809135000050 51.558752395000056)",Unfall 173240 (2023) Kat:3, Licht: 2,173240,3,7,8,02,06,4,0,2,0,1,0,0,0,0
"POINT (7.395627557000068 51.459798471000056)",Unfall 173325 (2023) Kat:3, Licht: 0,173325,3,6,3,02,09,3,0,0,0,1,0,0,1,0
"POINT (7.507647311000028 51.474483209000027)",Unfall 173327 (2023) Kat:3, Licht: 0,173327,3,4,6,02,16,3,0,0,0,1,1,0,0,0
"POINT (7.450407026000050 51.521217093000075)",Unfall 173408 (2023) Kat:2, Licht: 2,173408,2,4,6,02,23,5,0,2,0,1,1,0,0,0
"POINT (7.407315902000050 51.537099288000036)",Unfall 173480 (2023) Kat:3, Licht: 1,173480,3,6,0,02,17,7,0,1,0,1,0,1,0,0
"POINT (7.337888613000075 51.499363605000042)",Unfall 173528 (2023) Kat:2, Licht: 2,173528,2,2,5,03,05,7,1,2,0,1,0,1,0,0
"POINT (7.357404045000067 51.556368411000051)",Unfall 173588 (2023) Kat:3, Licht: 0,173588,3,6,1,03,13,6,0,0,0,1,0,0,1,0
"POINT (7.514944603000060 51.525242793000075)",Unfall 173589 (2023) Kat:3, Licht: 0,173589,3,6,1,03,16,6,0,0,0,1,0,0,1,0
"POINT (7.418860494000057 51.529140904000030)",Unfall 173590 (2023) Kat:3, Licht: 2,173590,3,4,6,03,20,6,1,2,0,1,1,0,0,0
"POINT (7.467711365000071 51.528124117000061)",Unfall 173630 (2023) Kat:3, Licht: 1,173630,3,7,0,03,18,5,0,1,0,1,0,0,0,1
"POINT (7.424495914000033 51.513027740000041)",Unfall 173671 (2023) Kat:3, Licht: 2,173671,3,5,0,03,20,4,1,2,1,1,0,0,0,0
"POINT (7.410292473000027 51.519370462000040)",Unfall 173672 (2023) Kat:3, Licht: 0,173672,3,7,3,03,07,4,0,0,1,0,0,0,0,1
"POINT (7.520695776000025 51.521470348000037)",Unfall 173712 (2023) Kat:3, Licht: 2,173712,3,7,8,03,22,7,1,2,0,1,0,0,0,0
"POINT (7.511359383000070 51.570846662000065)",Unfall 173781 (2023) Kat:3, Licht: 0,173781,3,5,0,03,11,2,0,0,0,1,0,0,0,0
"POINT (7.488765524000030 51.520389797000064)",Unfall 173813 (2023) Kat:3, Licht: 2,173813,3,6,0,03,01,1,0,2,0,1,0,0,0,0
"POINT (7.562182553000071 51.576874822000036)",Unfall 173857 (2023) Kat:3, Licht: 2,173857,3,1,8,03,01,7,0,2,0,1,0,0,0,0
"POINT (7.419471890000068 51.495136500000058)",Unfall 173858 (2023) Kat:3, Licht: 0,173858,3,7,6,03,09,7,0,0,0,1,1,0,0,0
"POINT (7.534456610000063 51.509996599000033)",Unfall 173916 (2023) Kat:2, Licht: 0,173916,2,3,5,03,13,6,0,0,1,1,1,0,0,0
"POINT (7.506584455000052 51.506279191000033)",Unfall 174001 (2023) Kat:3, Licht: 0,174001,3,3,5,03,13,5,1,0,1,1,0,0,0,0
"POINT (7.508006598000065 51.501856243000077)",Unfall 174053 (2023) Kat:3, Licht: 0,174053,3,2,5,03,14,3,1,0,1,1,0,0,0,0
"POINT (7.439261772000066 51.475614519000032)",Unfall 174054 (2023) Kat:3, Licht: 2,174054,3,1,0,03,23,3,0,2,0,0,0,0,0,1
"POINT (7.586298213000020 51.533454310000081)",Unfall 174095 (2023) Kat:3, Licht: 0,174095,3,7,0,03,14,2,0,0,0,1,0,0,0,0
"POINT (7.518660346000047 51.525193483000066)",Unfall 174096 (2023) Kat:3, Licht: 0,174096,3,6,2,03,15,2,0,0,0,1,0,0,0,1
"POINT (7.544941353000070 51.525299698000026)",Unfall 174097 (2023) Kat:3, Licht: 0,174097,3,5,0,03,12,2,0,0,1,0,0,0,0,0
"POINT (7.561369454000044 51.517784003000031)",Unfall 174154 (2023) Kat:3, Licht: 0,174154,3,6,9,03,09,7,0,0,0,1,0,0,0,0
"POINT (7.541164774000038 51.482224780000081)",Unfall 174155 (2023) Kat:3, Licht: 2,174155,3,7,8,03,22,7,0,2,0,1,0,0,0,0
"POINT (7.464847631000055 51.520032213000036)",Unfall 174156 (2023) Kat:3, Licht: 1,174156,3,2,5,03,20,7,0,1,0,1,0,0,0,0
"POINT (7.466501803000028 51.515654471000062)",Unfall 174158 (2023) Kat:3, Licht: 0,174158,3,7,6,03,17,7,0,0,0,0,1,0,0,1
"POINT (7.476014002000056 51.541264022000064)",Unfall 174205 (2023) Kat:3, Licht: 2,174205,3,2,2,03,19,7,0,2,0,1,0,0,0,0
"POINT (7.363419106000038 51.497491660000037)",Unfall 174212 (2023) Kat:2, Licht: 0,174212,2,4,6,03,15,6,1,0,0,1,1,0,0,0
"POINT (7.535542396000039 51.497066601000029)",Unfall 174274 (2023) Kat:3, Licht: 0,174274,3,6,2,03,17,5,1,0,0,1,0,0,0,0
"POINT (7.381440793000024 51.547904235000033)",Unfall 174327 (2023) Kat:3, Licht: 0,174327,3,4,6,03,16,4,1,0,0,1,1,0,0,0
"POINT (7.449955707000072 51.552835436000066)",Unfall 174328 (2023) Kat:2, Licht: 0,174328,2,6,4,03,17,4,1,0,0,1,0,0,0,0
"POINT (7.465556402000061 51.532289229000071)",Unfall 174386 (2023) Kat:3, Licht: 0,174386,3,6,2,03,11,3,1,0,0,1,0,0,0,0
"POINT (7.462702211000021 51.514961038000081)",Unfall 174387 (2023) Kat:3, Licht: 0,174387,3,1,6,03,14,3,1,0,0,0,1,0,0,1
"POINT (7.524245818000054 51.569017426000073)",Unfall 174440 (2023) Kat:3, Licht: 0,174440,3,3,0,03,06,2,0,0,0,1,0,0,0,0
"POINT (7.540661101000069 51.527739965000080)",Unfall 174442 (2023) Kat:3, Licht: 0,174442,3,7,0,03,16,2,0,0,0,0,0,0,0,1
"POINT (7.487754942000038 51.516329625000026)",Unfall 174443 (2023) Kat:3, Licht: 0,174443,3,6,2,03,12,2,0,0,0,1,0,0,0,0
"POINT (7.382155638000029 51.547221842000056)",Unfall 174445 (2023) Kat:3, Licht: 0,174445,3,5,0,03,12,2,0,0,0,1,0,0,0,1
"POINT (7.479742323000039 51.549248476000059)",Unfall 174446 (2023) Kat:3, Licht: 0,174446,3,3,5,03,16,2,0,0,0,1,0,0,0,0
"POINT (7.412646177000056 51.469782647000045)",Unfall 174468 (2023) Kat:3, Licht: 0,174468,3,3,5,03,14,1,1,0,0,1,0,0,0,0
"POINT (7.459361576000049 51.525131100000067)",Unfall 174501 (2023) Kat:3, Licht: 0,174501,3,7,6,03,15,7,0,0,0,0,1,0,0,1
"POINT (7.542217656000048 51.552708806000055)",Unfall 174537 (2023) Kat:3, Licht: 0,174537,3,7,6,03,15,2,0,0,0,1,1,0,0,0
"POINT (7.527102579000029 51.543845621000060)",Unfall 174603 (2023) Kat:3, Licht: 1,174603,3,4,6,04,06,3,0,1,0,1,1,0,0,0
"POINT (7.508928698000034 51.569699342000035)",Unfall 174653 (2023) Kat:3, Licht: 0,174653,3,1,8,04,17,2,0,0,1,1,0,0,0,0
"POINT (7.551728643000047 51.529080274000080)",Unfall 174672 (2023) Kat:2, Licht: 0,174672,2,1,0,04,17,1,0,0,1,0,0,0,0,0
"POINT (7.416135917000076 51.578623838000055)",Unfall 174762 (2023) Kat:3, Licht: 0,174762,3,2,5,04,16,6,0,0,1,1,0,0,0,0
"POINT (7.523275845000057 51.565806738000049)",Unfall 174832 (2023) Kat:2, Licht: 0,174832,2,7,8,04,13,4,1,0,0,1,0,0,1,0
"POINT (7.428582992000031 51.542836613000077)",Unfall 174871 (2023) Kat:3, Licht: 0,174871,3,2,5,04,19,3,0,0,0,1,0,0,0,0
"POINT (7.456106628000043 51.494463671000062)",Unfall 174872 (2023) Kat:3, Licht: 0,174872,3,6,2,04,14,3,0,0,0,1,0,0,0,0
"POINT (7.332438479000075 51.499026819000051)",Unfall 174902 (2023) Kat:3, Licht: 1,174902,3,3,5,04,19,2,1,1,0,1,0,0,0,0
"POINT (7.453510766000022 51.519385003000082)",Unfall 174928 (2023) Kat:3, Licht: 0,174928,3,5,0,04,12,1,0,0,1,0,0,0,0,0
"POINT (7.365818858000068 51.579302928000061)",Unfall 174987 (2023) Kat:3, Licht: 0,174987,3,6,2,04,13,6,1,0,0,1,0,0,0,0
"POINT (7.521716817000026 51.502077480000082)",Unfall 175043 (2023) Kat:3, Licht: 0,175043,3,3,5,04,19,5,1,0,0,1,0,0,0,0
"POINT (7.452342381000051 51.500141319000079)",Unfall 175044 (2023) Kat:3, Licht: 0,175044,3,2,1,04,08,5,0,0,0,1,0,0,0,0
"POINT (7.441358743000023 51.475722217000055)",Unfall 175139 (2023) Kat:3, Licht: 0,175139,3,7,6,04,18,3,0,0,0,1,1,0,0,0
"POINT (7.460722048000036 51.533771314000035)",Unfall 175196 (2023) Kat:3, Licht: 0,175196,3,7,9,04,14,2,0,0,0,1,0,0,0,1
"POINT (7.454514273000029 51.525915510000061)",Unfall 175218 (2023) Kat:3, Licht: 0,175218,3,3,5,04,14,1,0,0,0,1,0,0,0,0
"POINT (7.487591190000046 51.485920458000066)",Unfall 175261 (2023) Kat:3, Licht: 0,175261,3,6,4,04,15,7,1,0,0,1,0,0,0,0
"POINT (7.482302243000049 51.487482517000046)",Unfall 175262 (2023) Kat:3, Licht: 0,175262,3,3,5,04,13,7,1,0,0,1,0,0,0,0
"POINT (7.532999713000038 51.478203325000038)",Unfall 175323 (2023) Kat:3, Licht: 2,175323,3,4,6,03,20,6,1,2,0,1,1,0,0,0
"POINT (7.475256996000041 51.513818942000057)",Unfall 175325 (2023) Kat:3, Licht: 0,175325,3,2,5,03,10,6,1,0,1,1,0,0,0,0
"POINT (7.464607991000037 51.509548992000077)",Unfall 175387 (2023) Kat:3, Licht: 0,175387,3,3,5,03,16,5,1,0,1,1,0,0,0,0
"POINT (7.351423692000026 51.498293783000065)",Unfall 175401 (2023) Kat:3, Licht: 0,175401,3,5,3,04,15,3,0,0,0,1,0,1,0,0
"POINT (7.526009522000038 51.568448417000070)",Unfall 175516 (2023) Kat:2, Licht: 0,175516,2,6,6,03,15,3,0,0,0,1,1,0,0,0
"POINT (7.477281753000057 51.512660010000047)",Unfall 175517 (2023) Kat:3, Licht: 0,175517,3,3,5,03,14,3,0,0,1,1,0,0,0,0
"POINT (7.602521913000032 51.564423832000045)",Unfall 175539 (2023) Kat:3, Licht: 0,175539,3,7,0,04,20,2,0,0,1,1,0,0,0,0
"POINT (7.499996583000041 51.508377033000045)",Unfall 175585 (2023) Kat:3, Licht: 0,175585,3,3,5,03,13,2,0,0,0,1,0,0,0,0
"POINT (7.411228386000062 51.533314372000063)",Unfall 175663 (2023) Kat:3, Licht: 0,175663,3,4,6,05,15,6,1,0,0,1,1,0,0,0
"POINT (7.381225191000055 51.531309480000061)",Unfall 175664 (2023) Kat:3, Licht: 0,175664,3,2,6,05,14,6,1,0,0,1,1,0,0,0
"POINT (7.557257839000044 51.518710712000029)",Unfall 175732 (2023) Kat:3, Licht: 0,175732,3,6,4,05,12,5,0,0,1,0,0,0,0,0
"POINT (7.549929805000033 51.520605086000046)",Unfall 175733 (2023) Kat:3, Licht: 0,175733,3,7,1,05,19,5,0,0,1,1,0,0,0,0
"POINT (7.513201775000027 51.518102722000037)",Unfall 175734 (2023) Kat:3, Licht: 0,175734,3,7,6,05,18,5,0,0,1,0,1,0,0,0
"POINT (7.442398461000039 51.475770864000026)",Unfall 175735 (2023) Kat:2, Licht: 0,175735,2,5,0,05,16,5,0,0,1,1,0,0,0,0
"POINT (7.454396183000028 51.501749908000079)",Unfall 175736 (2023) Kat:3, Licht: 0,175736,3,3,5,05,17,5,0,0,1,1,0,0,0,0
"POINT (7.461221663000060 51.481675762000066)",Unfall 175820 (2023) Kat:3, Licht: 0,175820,3,3,5,05,08,4,0,0,1,1,0,0,0,0
"POINT (7.447279244000072 51.467917978000060)",Unfall 175874 (2023) Kat:3, Licht: 0,175874,3,6,2,05,18,3,0,0,1,1,0,0,0,0
"POINT (7.493539028000043 51.484854857000073)",Unfall 175875 (2023) Kat:3, Licht: 0,175875,3,5,1,05,13,3,0,0,1,1,0,0,0,0
"POINT (7.463478316000021 51.499618587000043)",Unfall 175877 (2023) Kat:3, Licht: 0,175877,3,3,5,05,08,3,1,0,0,1,0,0,0,0
"POINT (7.487515412000050 51.520083346000035)",Unfall 175967 (2023) Kat:3, Licht: 2,175967,3,1,6,04,00,1,0,2,0,1,1,0,0,0
"POINT (7.441584556000066 51.527719152000031)",Unfall 175968 (2023) Kat:3, Licht: 0,175968,3,7,1,04,14,1,0,0,0,1,0,0,0,0
"POINT (7.476103630000068 51.488033013000063)",Unfall 175969 (2023) Kat:3, Licht: 0,175969,3,1,8,04,14,1,0,0,1,0,0,0,0,0
"POINT (7.470500718000039 51.494830885000056)",Unfall 175970 (2023) Kat:3, Licht: 0,175970,3,2,5,04,18,1,0,0,0,1,0,0,0,0
"POINT (7.473789918000023 51.554878447000078)",Unfall 176017 (2023) Kat:3, Licht: 2,176017,3,1,0,04,04,7,1,2,0,1,0,0,0,0
"POINT (7.499117064000075 51.488624333000075)",Unfall 176019 (2023) Kat:2, Licht: 0,176019,2,1,0,04,12,7,0,0,0,1,0,0,0,1
"POINT (7.340774772000032 51.505329942000060)",Unfall 176096 (2023) Kat:3, Licht: 0,176096,3,7,0,04,09,6,1,0,0,0,0,1,0,0
"POINT (7.453537511000036 51.519066045000045)",Unfall 176097 (2023) Kat:3, Licht: 0,176097,3,2,0,04,18,6,0,0,0,0,0,0,0,1
"POINT (7.506326850000050 51.488903192000066)",Unfall 176098 (2023) Kat:3, Licht: 2,176098,3,3,5,04,21,6,1,2,0,1,0,0,0,0
"POINT (7.461682674000031 51.506619769000054)",Unfall 176099 (2023) Kat:3, Licht: 0,176099,3,7,0,04,18,6,0,0,1,0,0,0,0,0
"POINT (7.489258635000056 51.508674739000071)",Unfall 176100 (2023) Kat:3, Licht: 0,176100,3,5,8,04,17,6,0,0,0,1,0,0,0,0
"POINT (7.386860148000039 51.571861263000073)",Unfall 176167 (2023) Kat:3, Licht: 0,176167,3,6,0,04,12,5,0,0,1,1,0,0,0,0
"POINT (7.353278880000062 51.494822093000039)",Unfall 176168 (2023) Kat:3, Licht: 0,176168,3,3,5,04,09,5,0,0,1,1,0,0,0,0
"POINT (7.597653714000046 51.477790511000080)",Unfall 176233 (2023) Kat:3, Licht: 0,176233,3,7,6,04,17,4,0,0,0,1,1,0,0,0
"POINT (7.474669073000030 51.554879970000059)",Unfall 176295 (2023) Kat:3, Licht: 0,176295,3,6,2,04,19,3,0,0,0,1,0,0,0,0
"POINT (7.492875025000046 51.486112746000060)",Unfall 176296 (2023) Kat:3, Licht: 0,176296,3,7,2,04,12,3,0,0,0,0,0,1,0,1
"POINT (7.572931740000058 51.517272664000075)",Unfall 176392 (2023) Kat:3, Licht: 0,176392,3,6,6,04,10,1,0,0,0,1,1,0,0,0
"POINT (7.473227687000076 51.520843257000081)",Unfall 176394 (2023) Kat:3, Licht: 0,176394,3,6,1,04,18,1,0,0,0,1,0,0,0,0
"POINT (7.567672577000053 51.504724618000068)",Unfall 176442 (2023) Kat:3, Licht: 0,176442,3,1,0,04,16,7,0,0,1,0,0,0,0,0
"POINT (7.463554995000038 51.516460619000043)",Unfall 176444 (2023) Kat:3, Licht: 2,176444,3,4,6,04,23,7,1,2,0,1,1,0,0,0
"POINT (7.518268058000046 51.501541853000049)",Unfall 176508 (2023) Kat:3, Licht: 0,176508,3,3,2,04,07,6,1,0,1,1,0,0,0,0
"POINT (7.430623785000023 51.537323575000073)",Unfall 176509 (2023) Kat:3, Licht: 0,176509,3,6,1,04,15,6,0,0,0,1,0,0,0,1
"POINT (7.562019525000039 51.578880050000066)",Unfall 176561 (2023) Kat:3, Licht: 0,176561,3,7,0,04,18,5,0,0,0,0,0,0,0,1
"POINT (7.473979837000059 51.544113447000029)",Unfall 176563 (2023) Kat:3, Licht: 2,176563,3,5,2,04,21,5,1,2,0,1,0,0,0,0
"POINT (7.474152347000029 51.543837514000074)",Unfall 176564 (2023) Kat:3, Licht: 2,176564,3,7,0,04,23,5,1,2,0,1,0,0,0,0
"POINT (7.409854315000075 51.532753400000047)",Unfall 176810 (2023) Kat:3, Licht: 0,176810,3,5,1,05,13,5,0,0,1,1,0,0,0,0
"POINT (7.454689185000063 51.551247170000067)",Unfall 176891 (2023) Kat:3, Licht: 0,176891,3,6,0,05,09,4,0,0,0,1,0,0,0,0
"POINT (7.449375216000021 51.505217689000062)",Unfall 176892 (2023) Kat:3, Licht: 0,176892,3,2,5,05,06,4,0,0,1,0,0,0,0,1
"POINT (7.560980485000073 51.535724931000061)",Unfall 176975 (2023) Kat:3, Licht: 0,176975,3,7,0,05,07,3,0,0,1,0,1,0,0,0
"POINT (7.449641945000053 51.503857861000029)",Unfall 176976 (2023) Kat:3, Licht: 0,176976,3,5,1,05,14,3,0,0,1,1,0,0,0,0
"POINT (7.464651302000050 51.493407521000051)",Unfall 176977 (2023) Kat:3, Licht: 0,176977,3,5,1,05,17,3,0,0,0,1,0,0,0,0
"POINT (7.535340541000039 51.543836519000081)",Unfall 177047 (2023) Kat:3, Licht: 0,177047,3,3,5,05,06,2,0,0,0,1,0,0,0,0
"POINT (7.439006796000058 51.480440401000067)",Unfall 177089 (2023) Kat:2, Licht: 0,177089,2,4,6,05,18,1,0,0,0,1,1,0,0,0
"POINT (7.449884996000037 51.502626034000059)",Unfall 177090 (2023) Kat:2, Licht: 0,177090,2,7,3,05,17,1,0,0,1,0,0,0,0,0
"POINT (7.416927525000062 51.534308386000077)",Unfall 177155 (2023) Kat:3, Licht: 2,177155,3,1,9,05,04,7,0,2,0,1,0,0,0,0
"POINT (7.346809901000029 51.516512855000030)",Unfall 177326 (2023) Kat:3, Licht: 0,177326,3,2,5,05,18,5,1,0,0,1,0,0,0,0
"POINT (7.468614114000047 51.539691684000047)",Unfall 177382 (2023) Kat:3, Licht: 2,177382,3,2,5,05,10,4,1,2,1,1,0,0,0,0
"POINT (7.447672884000042 51.526204236000069)",Unfall 177383 (2023) Kat:3, Licht: 0,177383,3,6,5,05,06,4,1,0,1,1,0,0,0,0
"POINT (7.364500948000057 51.518101283000078)",Unfall 177384 (2023) Kat:3, Licht: 0,177384,3,7,6,05,14,4,0,0,0,0,1,0,0,1
"POINT (7.560512215000074 51.486428466000064)",Unfall 177447 (2023) Kat:3, Licht: 0,177447,3,3,5,05,07,3,0,0,0,1,0,0,0,0
"POINT (7.383029615000055 51.564365592000058)",Unfall 177448 (2023) Kat:3, Licht: 0,177448,3,3,5,05,10,3,0,0,0,1,0,0,0,0
"POINT (7.349482237000075 51.498722172000043)",Unfall 177449 (2023) Kat:2, Licht: 2,177449,2,4,6,05,22,3,1,2,0,1,1,0,0,0
"POINT (7.453348979000054 51.526637741000059)",Unfall 177450 (2023) Kat:3, Licht: 0,177450,3,7,6,05,09,3,0,0,0,1,1,0,0,0
"POINT (7.454125825000062 51.528195393000033)",Unfall 177451 (2023) Kat:3, Licht: 0,177451,3,3,5,05,18,3,1,0,0,1,0,0,0,0
"POINT (7.482617641000047 51.526092118000065)",Unfall 177532 (2023) Kat:3, Licht: 0,177532,3,4,6,05,08,2,0,0,0,1,1,0,0,0
"POINT (7.358957385000053 51.523878806000027)",Unfall 177534 (2023) Kat:3, Licht: 0,177534,3,7,6,05,11,2,0,0,0,1,1,0,0,0
"POINT (7.441294259000074 51.475719734000052)",Unfall 177535 (2023) Kat:3, Licht: 0,177535,3,7,6,05,09,2,0,0,0,1,1,0,0,0
"POINT (7.504303428000071 51.496802867000042)",Unfall 177536 (2023) Kat:3, Licht: 0,177536,3,2,6,05,20,2,0,0,0,0,1,1,0,0
"POINT (7.500937954000051 51.486783872000046)",Unfall 177537 (2023) Kat:3, Licht: 0,177537,3,7,4,05,19,2,0,0,0,1,0,0,0,0
"POINT (7.571962988000053 51.501440824000042)",Unfall 177635 (2023) Kat:3, Licht: 1,177635,3,4,6,05,20,7,1,1,0,1,1,0,0,0
"POINT (7.512163106000060 51.524546746000055)",Unfall 177761 (2023) Kat:3, Licht: 0,177761,3,2,5,06,16,7,0,0,0,1,0,1,0,0
"POINT (7.416830267000023 51.499072035000040)",Unfall 177762 (2023) Kat:3, Licht: 0,177762,3,7,6,06,18,7,0,0,0,1,1,0,0,0
"POINT (7.472111771000073 51.553740609000045)",Unfall 177763 (2023) Kat:3, Licht: 0,177763,3,5,0,06,12,7,0,0,1,1,0,0,0,0
"POINT (7.552366149000022 51.499280999000064)",Unfall 177820 (2023) Kat:3, Licht: 0,177820,3,2,5,06,13,6,0,0,0,1,0,0,0,1
"POINT (7.508397698000067 51.512389511000038)",Unfall 177821 (2023) Kat:3, Licht: 0,177821,3,6,0,06,11,6,0,0,0,0,0,0,0,1
"POINT (7.415195901000061 51.539326324000058)",Unfall 177822 (2023) Kat:3, Licht: 0,177822,3,6,2,06,11,6,0,0,0,1,0,0,0,0
"POINT (7.489327577000040 51.508342095000046)",Unfall 177823 (2023) Kat:3, Licht: 0,177823,3,6,1,06,15,6,0,0,0,1,0,1,0,0
"POINT (7.526879769000061 51.480668040000069)",Unfall 177998 (2023) Kat:3, Licht: 0,177998,3,2,2,05,14,4,0,0,0,1,0,1,0,0
"POINT (7.370986580000022 51.523399665000056)",Unfall 177999 (2023) Kat:3, Licht: 0,177999,3,3,5,05,10,4,0,0,1,1,0,0,0,0
"POINT (7.500854539000045 51.488665733000062)",Unfall 178000 (2023) Kat:3, Licht: 0,178000,3,7,0,05,09,4,0,0,0,0,0,0,0,1
"POINT (7.488021903000060 51.476163354000050)",Unfall 178001 (2023) Kat:3, Licht: 0,178001,3,1,0,05,15,4,0,0,1,0,0,0,0,0
"POINT (7.479316824000023 51.556120378000060)",Unfall 178080 (2023) Kat:3, Licht: 0,178080,3,3,5,05,07,3,0,0,0,1,0,0,0,0
"POINT (7.466110134000076 51.456867472000056)",Unfall 178081 (2023) Kat:3, Licht: 0,178081,3,7,2,05,08,3,0,0,1,1,0,0,0,0
"POINT (7.489651102000039 51.452960229000041)",Unfall 178082 (2023) Kat:3, Licht: 0,178082,3,3,5,05,06,3,0,0,0,1,0,0,0,0
"POINT (7.467048649000048 51.512906119000036)",Unfall 178083 (2023) Kat:3, Licht: 0,178083,3,2,6,05,12,3,0,0,0,1,1,0,0,0
"POINT (7.554082299000072 51.564016193000043)",Unfall 178126 (2023) Kat:2, Licht: 0,178126,2,1,0,05,17,2,0,0,1,0,0,0,0,0
"POINT (7.488136811000061 51.522330887000066)",Unfall 178128 (2023) Kat:3, Licht: 0,178128,3,1,8,05,05,2,0,0,0,1,0,0,0,0
"POINT (7.475066250000054 51.520820352000044)",Unfall 178129 (2023) Kat:3, Licht: 0,178129,3,1,1,05,18,2,0,0,1,1,0,0,0,0
"POINT (7.466923058000020 51.513164456000027)",Unfall 178181 (2023) Kat:3, Licht: 2,178181,3,7,6,05,00,1,0,2,0,1,1,0,0,0
"POINT (7.362405500000023 51.521752140000046)",Unfall 178255 (2023) Kat:3, Licht: 1,178255,3,7,0,05,20,7,0,1,0,0,0,1,0,1
"POINT (7.436523748000070 51.445112439000070)",Unfall 178256 (2023) Kat:3, Licht: 0,178256,3,1,0,05,17,7,0,0,1,0,0,0,0,0
"POINT (7.498981548000074 51.471449746000076)",Unfall 178257 (2023) Kat:2, Licht: 0,178257,2,1,0,05,18,7,0,0,0,0,0,1,0,0
"POINT (7.555736346000060 51.491950668000072)",Unfall 178358 (2023) Kat:3, Licht: 0,178358,3,4,6,05,16,6,0,0,0,1,1,0,0,0
"POINT (7.534069579000061 51.506715624000037)",Unfall 178359 (2023) Kat:2, Licht: 0,178359,2,2,5,05,17,6,0,0,0,1,0,1,0,0
"POINT (7.510967705000041 51.570518664000076)",Unfall 178448 (2023) Kat:2, Licht: 0,178448,2,2,5,05,15,5,0,0,1,1,0,0,0,0
"POINT (7.445262401000036 51.531572702000062)",Unfall 178449 (2023) Kat:3, Licht: 0,178449,3,7,4,05,16,5,0,0,0,1,0,0,0,0
"POINT (7.511561009000047 51.511191663000034)",Unfall 178520 (2023) Kat:3, Licht: 0,178520,3,5,1,05,13,4,0,0,0,1,0,0,0,0
"POINT (7.383311264000042 51.488600681000037)",Unfall 178521 (2023) Kat:3, Licht: 0,178521,3,3,5,05,07,4,0,0,1,1,0,0,0,0
"POINT (7.447086233000050 51.516231212000037)",Unfall 178522 (2023) Kat:3, Licht: 0,178522,3,2,5,05,13,4,0,0,0,1,0,0,0,1