WKT,Name,OBJECTID,UKATEGORIE,UTYP1,UART,UMONAT,USTUNDE,UWOCHENTAG,STRZUSTAND,ULICHTVERH,ISTRAD,ISTPKW,ISTFUSS,ISTKRAD,ISTGKFZ,ISTSONSTIG
"POINT (7.448457021000024 51.467867718000036)",Unfall 178523 (2023) Kat:3, Licht: 0,178523,3,2,5,05,14,4,0,0,1,1,0,0,0,0
"POINT (7.485485562000065 51.511677087000066)",Unfall 178524 (2023) Kat:3, Licht: 0,178524,3,3,5,05,09,4,0,0,0,1,0,1,0,0
"POINT (7.334838837000063 51.500722747000054)",Unfall 178589 (2023) Kat:3, Licht: 0,178589,3,7,6,05,11,3,0,0,0,1,1,0,0,0
"POINT (7.455809738000028 51.526019739000049)",Unfall 178665 (2023) Kat:2, Licht: 0,178665,2,4,6,05,18,2,0,0,0,1,1,0,0,0
"POINT (7.450953117000040 51.532380335000028)",Unfall 178667 (2023) Kat:3, Licht: 2,178667,3,3,5,05,22,2,0,2,0,1,0,1,0,0
"POINT (7.554250236000030 51.523342432000049)",Unfall 178718 (2023) Kat:3, Licht: 0,178718,3,7,0,05,17,1,0,0,0,1,0,0,0,1
"POINT (7.520461713000032 51.521946849000074)",Unfall 178719 (2023) Kat:3, Licht: 0,178719,3,7,0,05,17,1,0,0,1,1,0,0,0,0
"POINT (7.426219450000076 51.467194845000051)",Unfall 178720 (2023) Kat:2, Licht: 0,178720,2,3,5,05,21,1,0,0,1,1,0,0,0,0
"POINT (7.475840146000053 51.487990813000067)",Unfall 178721 (2023) Kat:3, Licht: 0,178721,3,5,1,05,19,1,0,0,0,0,0,1,0,1
"POINT (7.463815043000068 51.515967201000080)",Unfall 178722 (2023) Kat:3, Licht: 1,178722,3,1,6,05,05,1,0,1,0,1,1,0,0,0
"POINT (7.467211381000027 51.517065269000057)",Unfall 178745 (2023) Kat:3, Licht: 0,178745,3,1,5,06,19,6,0,0,1,0,0,0,0,1
"POINT (7.558425990000046 51.520328130000053)",Unfall 178823 (2023) Kat:3, Licht: 0,178823,3,1,0,06,11,5,0,0,0,1,0,0,0,0
"POINT (7.487646579000057 51.518110054000033)",Unfall 178824 (2023) Kat:3, Licht: 0,178824,3,1,0,06,11,5,0,0,0,0,0,0,0,1
"POINT (7.335359516000040 51.498976376000030)",Unfall 178825 (2023) Kat:3, Licht: 0,178825,3,4,6,06,13,5,0,0,0,0,1,0,0,1
"POINT (7.405258914000058 51.462190345000067)",Unfall 178914 (2023) Kat:3, Licht: 0,178914,3,6,2,06,15,4,0,0,0,1,0,0,0,0
"POINT (7.397593327000038 51.558698836000076)",Unfall 178916 (2023) Kat:3, Licht: 0,178916,3,3,5,06,15,4,0,0,1,0,0,0,0,1
"POINT (7.470416443000033 51.511157353000044)",Unfall 178917 (2023) Kat:3, Licht: 0,178917,3,3,5,06,18,4,0,0,1,1,0,0,0,0
"POINT (7.526862609000034 51.543919189000064)",Unfall 178946 (2023) Kat:3, Licht: 0,178946,3,7,1,06,15,4,0,0,1,0,0,1,0,0
"POINT (7.507197606000034 51.513992582000071)",Unfall 178968 (2023) Kat:3, Licht: 0,178968,3,3,5,06,06,4,0,0,1,0,0,0,0,0
"POINT (7.583135650000031 51.500096019000068)",Unfall 179014 (2023) Kat:3, Licht: 0,179014,3,5,1,06,16,3,0,0,1,1,0,0,0,0
"POINT (7.448701797000069 51.502378198000031)",Unfall 179016 (2023) Kat:3, Licht: 0,179016,3,7,6,06,07,3,0,0,0,1,1,0,0,0
"POINT (7.447750092000035 51.515287269000055)",Unfall 179017 (2023) Kat:3, Licht: 0,179017,3,2,3,06,19,3,0,0,1,1,0,0,0,0
"POINT (7.431329943000037 51.550141994000057)",Unfall 179159 (2023) Kat:3, Licht: 0,179159,3,1,6,06,13,1,0,0,0,1,1,0,0,0
"POINT (7.413508057000058 51.530716120000079)",Unfall 179218 (2023) Kat:3, Licht: 0,179218,3,7,0,06,11,7,0,0,0,0,0,0,0,1
"POINT (7.437970524000036 51.490400721000071)",Unfall 179219 (2023) Kat:3, Licht: 0,179219,3,7,0,06,16,7,0,0,0,0,1,0,0,1
"POINT (7.441297562000045 51.460481321000032)",Unfall 179220 (2023) Kat:3, Licht: 2,179220,3,5,1,06,03,7,0,2,0,1,0,0,1,0
"POINT (7.461645037000039 51.513908307000065)",Unfall 179222 (2023) Kat:3, Licht: 0,179222,3,7,6,06,18,7,0,0,0,0,1,0,0,1
"POINT (7.471020547000023 51.513329209000062)",Unfall 179223 (2023) Kat:3, Licht: 0,179223,3,5,0,06,12,7,0,0,1,1,0,0,0,0
"POINT (7.415085658000066 51.503779021000071)",Unfall 179355 (2023) Kat:3, Licht: 0,179355,3,7,0,06,18,5,0,0,0,0,0,0,0,1
"POINT (7.429234738000048 51.491276161000030)",Unfall 179376 (2023) Kat:3, Licht: 0,179376,3,7,0,06,15,5,0,0,0,0,1,0,0,1
"POINT (7.550736628000038 51.479768781000075)",Unfall 179458 (2023) Kat:3, Licht: 0,179458,3,1,1,06,17,4,0,0,1,1,0,0,0,0
"POINT (7.585933639000075 51.496174172000053)",Unfall 179508 (2023) Kat:3, Licht: 0,179508,3,1,6,06,18,4,0,0,0,0,1,1,0,0
"POINT (7.584739429000024 51.528850701000067)",Unfall 179572 (2023) Kat:3, Licht: 0,179572,3,3,5,06,17,3,0,0,0,1,0,0,0,1
"POINT (7.521897298000056 51.502061470000058)",Unfall 179573 (2023) Kat:3, Licht: 0,179573,3,2,5,06,13,3,0,0,0,1,0,0,1,0
"POINT (7.324259261000066 51.521250369000029)",Unfall 179574 (2023) Kat:3, Licht: 0,179574,3,2,5,06,10,3,0,0,0,1,0,1,0,0
"POINT (7.433117811000045 51.490024199000061)",Unfall 179575 (2023) Kat:3, Licht: 0,179575,3,6,0,06,17,3,0,0,1,0,0,0,0,0
"POINT (7.518869720000055 51.494244742000035)",Unfall 179576 (2023) Kat:2, Licht: 0,179576,2,1,0,06,20,3,0,0,1,0,0,0,0,0
"POINT (7.334490421000055 51.508179532000042)",Unfall 179652 (2023) Kat:3, Licht: 2,179652,3,1,9,06,22,6,0,2,0,1,0,1,0,0
"POINT (7.340974755000047 51.505810559000054)",Unfall 179680 (2023) Kat:3, Licht: 0,179680,3,3,5,06,20,2,0,0,0,1,0,0,0,0
"POINT (7.374716084000056 51.500004667000042)",Unfall 179681 (2023) Kat:3, Licht: 0,179681,3,5,1,06,07,2,0,0,0,1,0,1,0,0
"POINT (7.432180351000056 51.475416426000038)",Unfall 179742 (2023) Kat:2, Licht: 0,179742,2,1,0,06,15,1,0,0,1,0,0,0,0,0
"POINT (7.465569867000056 51.526624654000045)",Unfall 179776 (2023) Kat:3, Licht: 0,179776,3,4,6,06,12,6,0,0,0,1,1,0,0,0
"POINT (7.330142560000070 51.504843068000071)",Unfall 179826 (2023) Kat:3, Licht: 0,179826,3,3,5,06,14,5,1,0,1,1,0,0,0,0
"POINT (7.380365830000073 51.526180165000028)",Unfall 179873 (2023) Kat:2, Licht: 0,179873,2,4,6,06,15,4,0,0,0,1,1,0,0,0
"POINT (7.519861237000043 51.484947316000046)",Unfall 179874 (2023) Kat:3, Licht: 0,179874,3,1,0,06,17,4,0,0,1,1,0,0,0,0
"POINT (7.521506263000049 51.483637344000044)",Unfall 179922 (2023) Kat:2, Licht: 2,179922,2,7,8,06,21,3,0,2,1,0,0,0,0,0
"POINT (7.380910548000031 51.563847349000071)",Unfall 179924 (2023) Kat:3, Licht: 0,179924,3,5,1,06,15,3,0,0,0,1,0,0,0,1
"POINT (7.432006361000049 51.475416662000043)",Unfall 179925 (2023) Kat:3, Licht: 0,179925,3,1,0,06,16,3,0,0,1,0,0,0,0,0
"POINT (7.475533496000025 51.513793112000030)",Unfall 179926 (2023) Kat:3, Licht: 0,179926,3,2,3,06,11,3,0,0,1,1,0,0,0,0
"POINT (7.442096808000031 51.510832420000042)",Unfall 179955 (2023) Kat:3, Licht: 0,179955,3,6,4,06,08,3,0,0,1,1,0,0,0,0
"POINT (7.546847139000022 51.504731707000076)",Unfall 179988 (2023) Kat:3, Licht: 2,179988,3,3,5,06,23,2,0,2,0,0,0,1,0,1
"POINT (7.582739881000066 51.533981629000039)",Unfall 180032 (2023) Kat:3, Licht: 0,180032,3,3,5,06,13,1,0,0,1,1,0,0,0,0
"POINT (7.397580183000059 51.558789487000070)",Unfall 180092 (2023) Kat:2, Licht: 0,180092,2,2,5,06,17,7,0,0,0,1,0,1,0,0
"POINT (7.456730228000026 51.526085751000039)",Unfall 180093 (2023) Kat:3, Licht: 0,180093,3,3,5,06,16,7,0,0,1,1,0,0,0,0
"POINT (7.432810564000022 51.535053356000049)",Unfall 180095 (2023) Kat:3, Licht: 0,180095,3,7,6,06,20,7,0,0,0,1,1,0,0,0
"POINT (7.442721389000042 51.471788742000058)",Unfall 180096 (2023) Kat:3, Licht: 0,180096,3,1,0,06,15,7,0,0,0,0,0,0,0,1
"POINT (7.499801586000046 51.519917350000071)",Unfall 180180 (2023) Kat:3, Licht: 0,180180,3,2,5,06,07,6,1,0,1,1,0,0,0,0
"POINT (7.366944775000036 51.551217704000067)",Unfall 180183 (2023) Kat:3, Licht: 0,180183,3,5,0,06,21,6,0,0,1,1,0,0,0,0
"POINT (7.474560937000035 51.518399289000058)",Unfall 180184 (2023) Kat:3, Licht: 0,180184,3,6,2,06,12,6,0,0,0,1,0,0,0,0
"POINT (7.481020861000047 51.525477822000028)",Unfall 180256 (2023) Kat:3, Licht: 0,180256,3,2,0,06,10,5,0,0,0,1,0,0,0,1
"POINT (7.447139840000034 51.516247422000049)",Unfall 180257 (2023) Kat:3, Licht: 0,180257,3,7,0,06,12,5,0,0,1,1,0,0,0,0
"POINT (7.477279755000040 51.512721054000053)",Unfall 180258 (2023) Kat:2, Licht: 0,180258,2,3,5,06,12,5,0,0,1,1,0,0,0,0
"POINT (7.465177812000036 51.543511442000067)",Unfall 180345 (2023) Kat:3, Licht: 0,180345,3,3,0,06,16,4,0,0,0,1,0,0,0,0
"POINT (7.453876918000049 51.516525868000031)",Unfall 180346 (2023) Kat:3, Licht: 0,180346,3,2,6,06,16,4,0,0,0,1,1,0,0,0
"POINT (7.461477410000043 51.436306849000061)",Unfall 180459 (2023) Kat:3, Licht: 0,180459,3,2,5,06,07,3,0,0,1,1,0,0,0,0
"POINT (7.559740710000028 51.513175722000028)",Unfall 180462 (2023) Kat:3, Licht: 0,180462,3,5,1,06,14,3,0,0,1,1,0,0,0,0
"POINT (7.448092558000042 51.514232779000054)",Unfall 180463 (2023) Kat:3, Licht: 0,180463,3,1,2,06,15,3,0,0,0,0,0,0,0,1
"POINT (7.537697965000064 51.498324026000034)",Unfall 180552 (2023) Kat:3, Licht: 0,180552,3,2,5,06,20,2,0,0,1,1,0,0,0,0
"POINT (7.413598286000024 51.524198425000066)",Unfall 180553 (2023) Kat:3, Licht: 0,180553,3,3,5,06,07,2,0,0,1,1,0,0,0,0
"POINT (7.435602337000034 51.471078298000066)",Unfall 180554 (2023) Kat:3, Licht: 0,180554,3,1,0,06,07,2,0,0,1,0,0,0,0,0
"POINT (7.511100305000070 51.541387476000068)",Unfall 180612 (2023) Kat:2, Licht: 2,180612,2,1,1,06,02,1,0,2,0,1,0,1,0,0
"POINT (7.364598961000070 51.487911625000038)",Unfall 180613 (2023) Kat:3, Licht: 0,180613,3,7,5,06,12,1,0,0,0,1,0,0,0,0
"POINT (7.409072965000064 51.519208080000055)",Unfall 180614 (2023) Kat:3, Licht: 0,180614,3,6,3,06,15,1,0,0,0,1,0,0,0,0
"POINT (7.482282731000055 51.487479371000063)",Unfall 180615 (2023) Kat:3, Licht: 0,180615,3,3,5,06,09,1,0,0,0,1,0,0,0,0
"POINT (7.448106056000029 51.514196098000070)",Unfall 180617 (2023) Kat:3, Licht: 0,180617,3,5,2,06,16,1,0,0,0,1,0,0,0,0
"POINT (7.556330232000050 51.501875644000052)",Unfall 180696 (2023) Kat:3, Licht: 0,180696,3,5,1,06,07,7,0,0,0,0,0,0,1,1
"POINT (7.450918102000060 51.518888702000027)",Unfall 180697 (2023) Kat:3, Licht: 0,180697,3,3,5,06,18,7,0,0,1,1,0,0,0,0
"POINT (7.453510766000022 51.519385003000082)",Unfall 180698 (2023) Kat:2, Licht: 2,180698,2,1,5,06,02,7,0,2,0,1,0,0,0,0
"POINT (7.466083463000075 51.501256093000052)",Unfall 180699 (2023) Kat:3, Licht: 0,180699,3,1,1,06,16,7,0,0,0,1,0,0,0,0
"POINT (7.452109640000060 51.526561948000051)",Unfall 180875 (2023) Kat:3, Licht: 0,180875,3,3,4,07,07,2,0,0,0,0,0,1,0,1
"POINT (7.451324548000059 51.507769502000031)",Unfall 180914 (2023) Kat:3, Licht: 1,180914,3,1,5,07,19,1,0,1,1,1,0,0,0,0
"POINT (7.488064182000073 51.519059910000067)",Unfall 180958 (2023) Kat:3, Licht: 0,180958,3,7,3,07,12,7,0,0,0,1,0,0,0,0
"POINT (7.451514870000040 51.530077688000063)",Unfall 180959 (2023) Kat:3, Licht: 0,180959,3,3,5,07,16,7,0,0,1,1,0,0,0,0
"POINT (7.497678814000039 51.484960757000067)",Unfall 180960 (2023) Kat:3, Licht: 2,180960,3,7,0,07,22,7,0,2,0,0,0,0,0,1
"POINT (7.589769122000064 51.499251507000054)",Unfall 181018 (2023) Kat:3, Licht: 0,181018,3,2,2,07,14,6,0,0,1,0,0,0,0,0
"POINT (7.488087269000061 51.522479701000066)",Unfall 181019 (2023) Kat:3, Licht: 0,181019,3,6,2,07,07,6,0,0,0,1,0,0,0,0
"POINT (7.417604275000031 51.502000606000081)",Unfall 181020 (2023) Kat:2, Licht: 2,181020,2,1,1,07,23,6,0,2,1,0,0,0,0,1
"POINT (7.457460437000066 51.509068031000027)",Unfall 181071 (2023) Kat:2, Licht: 0,181071,2,1,0,07,18,5,1,0,1,0,0,0,0,0
"POINT (7.444007441000053 51.473048373000040)",Unfall 181072 (2023) Kat:3, Licht: 0,181072,3,3,5,07,16,5,1,0,0,1,0,0,0,1
"POINT (7.445148460000041 51.505536104000043)",Unfall 181074 (2023) Kat:3, Licht: 0,181074,3,6,0,07,15,5,0,0,1,1,0,0,0,0
"POINT (7.476378677000071 51.499084412000059)",Unfall 181075 (2023) Kat:3, Licht: 0,181075,3,7,0,07,13,5,0,0,1,0,0,0,0,0
"POINT (7.453692941000043 51.519311668000057)",Unfall 181147 (2023) Kat:3, Licht: 0,181147,3,2,4,07,12,4,0,0,1,1,0,0,0,0
"POINT (7.455429466000055 51.519616351000082)",Unfall 181213 (2023) Kat:3, Licht: 0,181213,3,3,4,07,09,3,0,0,1,1,0,0,0,0
"POINT (7.464164122000057 51.514267230000030)",Unfall 181215 (2023) Kat:3, Licht: 0,181215,3,7,6,07,19,3,0,0,1,0,1,0,0,0
"POINT (7.396544469000048 51.558699335000028)",Unfall 181272 (2023) Kat:3, Licht: 0,181272,3,7,0,07,19,2,0,0,0,0,0,0,0,1
"POINT (7.492378639000037 51.487667879000071)",Unfall 181276 (2023) Kat:3, Licht: 0,181276,3,1,0,07,17,3,0,0,0,1,0,1,0,0
"POINT (7.458657441000071 51.509102612000049)",Unfall 181318 (2023) Kat:3, Licht: 0,181318,3,2,5,07,18,1,1,0,1,1,0,0,0,0
"POINT (7.458354047000057 51.519054422000067)",Unfall 181370 (2023) Kat:3, Licht: 0,181370,3,1,0,07,15,7,0,0,0,0,0,0,0,1
"POINT (7.483842688000038 51.458124145000056)",Unfall 181462 (2023) Kat:2, Licht: 0,181462,2,2,5,07,13,6,0,0,1,1,0,0,0,0
"POINT (7.547075840000048 51.491088440000055)",Unfall 181535 (2023) Kat:3, Licht: 0,181535,3,3,1,07,05,5,0,0,1,1,0,0,0,0
"POINT (7.507408152000039 51.489012301000059)",Unfall 181536 (2023) Kat:3, Licht: 0,181536,3,7,6,07,19,5,0,0,0,0,1,0,0,1
"POINT (7.544771125000068 51.497852000000080)",Unfall 181596 (2023) Kat:3, Licht: 0,181596,3,1,0,07,14,4,0,0,1,0,0,0,0,0
"POINT (7.508595760000048 51.512079170000050)",Unfall 181597 (2023) Kat:3, Licht: 0,181597,3,3,4,07,12,4,0,0,1,1,0,0,0,0
"POINT (7.517517112000064 51.528561795000030)",Unfall 181598 (2023) Kat:3, Licht: 1,181598,3,3,5,07,05,4,1,1,0,0,0,1,1,0
"POINT (7.496606485000029 51.511109595000050)",Unfall 181599 (2023) Kat:3, Licht: 0,181599,3,7,0,07,15,4,0,0,0,1,1,0,0,0
"POINT (7.473043682000025 51.487544483000079)",Unfall 181600 (2023) Kat:3, Licht: 0,181600,3,3,5,07,08,4,1,0,1,1,0,0,0,0
"POINT (7.535230509000030 51.521570770000039)",Unfall 181665 (2023) Kat:3, Licht: 0,181665,3,3,4,07,14,3,0,0,0,1,0,0,0,0
"POINT (7.626117536000038 51.531676783000080)",Unfall 181730 (2023) Kat:3, Licht: 2,181730,3,7,8,07,02,2,0,2,0,1,0,0,0,0
"POINT (7.569574128000056 51.489498534000063)",Unfall 181732 (2023) Kat:3, Licht: 0,181732,3,1,8,07,13,2,0,0,0,1,0,0,0,0
"POINT (7.453855761000057 51.516622437000080)",Unfall 181733 (2023) Kat:3, Licht: 0,181733,3,1,2,07,15,2,0,0,0,1,0,0,0,0
"POINT (7.474644882000064 51.554881411000054)",Unfall 181774 (2023) Kat:3, Licht: 0,181774,3,3,5,07,16,1,0,0,1,1,0,0,0,0
"POINT (7.333737517000031 51.500906827000051)",Unfall 181819 (2023) Kat:3, Licht: 0,181819,3,7,6,07,12,7,0,0,0,0,1,0,0,1
"POINT (7.463371317000053 51.522160325000073)",Unfall 181820 (2023) Kat:3, Licht: 0,181820,3,3,5,07,14,7,0,0,0,1,0,0,0,0
"POINT (7.439212220000059 51.478771729000073)",Unfall 181821 (2023) Kat:2, Licht: 0,181821,2,3,1,07,16,7,0,0,0,1,0,0,0,0
"POINT (7.483282945000042 51.513082846000032)",Unfall 181822 (2023) Kat:2, Licht: 0,181822,2,2,5,07,10,7,0,0,1,1,0,0,0,0
"POINT (7.456452183000067 51.503044872000032)",Unfall 181883 (2023) Kat:3, Licht: 0,181883,3,1,9,08,06,2,1,0,0,1,0,0,0,0
"POINT (7.524453568000069 51.488908673000026)",Unfall 181908 (2023) Kat:3, Licht: 2,181908,3,1,8,08,04,1,1,2,0,1,0,0,0,0
"POINT (7.466624637000052 51.515481211000065)",Unfall 181909 (2023) Kat:3, Licht: 2,181909,3,7,6,08,04,1,1,2,0,1,1,0,0,0
"POINT (7.547646165000060 51.551571477000039)",Unfall 182021 (2023) Kat:3, Licht: 0,182021,3,3,5,08,10,6,0,0,0,1,0,0,0,1
"POINT (7.466002205000052 51.576158580000026)",Unfall 182022 (2023) Kat:3, Licht: 0,182022,3,5,1,08,17,6,0,0,1,1,0,0,0,0
"POINT (7.467207721000023 51.536667403000081)",Unfall 182023 (2023) Kat:3, Licht: 0,182023,3,3,5,08,18,6,1,0,0,1,0,0,0,1
"POINT (7.453094110000052 51.521593328000051)",Unfall 182025 (2023) Kat:3, Licht: 0,182025,3,7,5,08,14,6,0,0,1,1,0,0,0,0
"POINT (7.463541341000052 51.547024587000067)",Unfall 182079 (2023) Kat:3, Licht: 0,182079,3,6,2,08,16,5,1,0,0,1,0,0,0,0
"POINT (7.479580796000050 51.522567814000070)",Unfall 182080 (2023) Kat:3, Licht: 2,182080,3,2,5,08,23,5,1,2,1,1,0,0,0,0
"POINT (7.552175814000066 51.499565649000033)",Unfall 182130 (2023) Kat:3, Licht: 0,182130,3,3,3,08,12,4,0,0,1,1,0,0,0,0
"POINT (7.433748134000041 51.484850679000033)",Unfall 182131 (2023) Kat:3, Licht: 1,182131,3,1,0,08,19,4,1,1,1,0,0,0,0,0
"POINT (7.475675537000029 51.541591778000054)",Unfall 182183 (2023) Kat:3, Licht: 0,182183,3,6,5,08,14,3,0,0,0,0,0,1,0,1
"POINT (7.446221425000033 51.453235461000077)",Unfall 182184 (2023) Kat:2, Licht: 0,182184,2,7,1,08,13,3,1,0,0,1,0,0,0,0
"POINT (7.457639868000058 51.520200089000070)",Unfall 182236 (2023) Kat:3, Licht: 0,182236,3,6,2,07,17,2,0,0,0,1,0,0,0,0
"POINT (7.443464132000031 51.513439000000062)",Unfall 182237 (2023) Kat:3, Licht: 0,182237,3,7,0,07,17,2,0,0,0,0,0,0,0,1
"POINT (7.531692535000047 51.552276914000061)",Unfall 182310 (2023) Kat:3, Licht: 2,182310,3,1,1,07,23,7,1,2,0,1,0,0,0,0
"POINT (7.352354632000072 51.498089175000075)",Unfall 182311 (2023) Kat:2, Licht: 2,182311,2,3,5,07,21,7,1,2,1,1,0,0,0,0
"POINT (7.457785178000051 51.519911705000027)",Unfall 182312 (2023) Kat:3, Licht: 0,182312,3,6,2,07,13,7,0,0,0,1,0,0,0,0
"POINT (7.383969939000053 51.581864697000071)",Unfall 182373 (2023) Kat:3, Licht: 0,182373,3,1,9,07,19,6,0,0,0,1,0,0,0,0
"POINT (7.457510763000073 51.521159826000030)",Unfall 182375 (2023) Kat:3, Licht: 2,182375,3,7,0,07,22,6,1,2,0,0,0,0,0,1
"POINT (7.364362233000065 51.541206874000068)",Unfall 182426 (2023) Kat:2, Licht: 0,182426,2,3,5,07,20,5,1,0,1,1,0,0,0,0
"POINT (7.498482179000064 51.516912262000062)",Unfall 182476 (2023) Kat:3, Licht: 0,182476,3,7,0,07,17,4,1,0,0,0,0,1,0,1
"POINT (7.450890216000062 51.514059700000075)",Unfall 182477 (2023) Kat:3, Licht: 0,182477,3,2,3,07,06,4,1,0,1,1,0,0,0,0
"POINT (7.349334987000020 51.493257348000043)",Unfall 182565 (2023) Kat:3, Licht: 0,182565,3,7,6,07,14,2,1,0,0,1,1,0,0,0
"POINT (7.458101436000049 51.519931819000078)",Unfall 182566 (2023) Kat:3, Licht: 0,182566,3,6,2,07,14,2,1,0,0,1,0,0,0,0
"POINT (7.454338585000073 51.501757603000044)",Unfall 182567 (2023) Kat:3, Licht: 0,182567,3,3,5,07,16,2,1,0,0,1,0,0,0,0
"POINT (7.519542626000032 51.523921942000072)",Unfall 182606 (2023) Kat:2, Licht: 0,182606,2,3,5,07,16,1,0,0,0,1,0,0,0,0
"POINT (7.524273015000063 51.485821563000059)",Unfall 182607 (2023) Kat:3, Licht: 0,182607,3,7,6,07,12,1,0,0,1,0,1,0,0,0
"POINT (7.483942273000025 51.513122314000043)",Unfall 182608 (2023) Kat:3, Licht: 2,182608,3,7,1,07,03,1,1,2,1,1,0,0,0,0
"POINT (7.464953957000034 51.519756789000041)",Unfall 182654 (2023) Kat:3, Licht: 2,182654,3,7,0,07,22,7,1,2,0,0,0,0,0,1
"POINT (7.374968742000021 51.521959672000037)",Unfall 182690 (2023) Kat:3, Licht: 0,182690,3,3,5,08,11,7,0,0,1,1,0,0,0,0
"POINT (7.564770610000039 51.512466089000043)",Unfall 182710 (2023) Kat:3, Licht: 0,182710,3,3,5,07,13,6,0,0,1,1,0,0,0,0
"POINT (7.457120418000045 51.523540127000047)",Unfall 182712 (2023) Kat:3, Licht: 0,182712,3,5,8,07,19,6,0,0,1,1,0,0,0,0
"POINT (7.524931077000076 51.570153179000044)",Unfall 182774 (2023) Kat:3, Licht: 0,182774,3,5,0,07,18,5,0,0,1,1,0,0,0,0
"POINT (7.415412682000067 51.494616383000050)",Unfall 182834 (2023) Kat:3, Licht: 0,182834,3,2,3,07,10,4,1,0,1,1,0,0,0,0
"POINT (7.529028760000074 51.512337445000071)",Unfall 182887 (2023) Kat:3, Licht: 0,182887,3,7,5,08,16,2,0,0,1,1,0,0,0,0
"POINT (7.458385178000071 51.519949868000026)",Unfall 182888 (2023) Kat:3, Licht: 0,182888,3,6,2,08,13,2,0,0,0,1,0,0,0,1
"POINT (7.433315957000048 51.475427163000063)",Unfall 182940 (2023) Kat:3, Licht: 0,182940,3,2,4,08,10,1,0,0,0,1,0,0,0,0
"POINT (7.403219525000054 51.482441359000063)",Unfall 182941 (2023) Kat:3, Licht: 0,182941,3,5,1,08,14,1,0,0,1,1,0,0,0,0
"POINT (7.545537145000026 51.553483186000051)",Unfall 182990 (2023) Kat:3, Licht: 0,182990,3,3,5,08,19,7,1,0,0,1,0,0,0,1
"POINT (7.363782030000039 51.557033070000045)",Unfall 182991 (2023) Kat:3, Licht: 0,182991,3,3,0,08,11,7,0,0,1,1,0,0,0,0
"POINT (7.391463049000038 51.558208194000031)",Unfall 183053 (2023) Kat:2, Licht: 0,183053,2,7,0,08,18,6,0,0,0,0,1,0,0,1
"POINT (7.472781632000022 51.531279163000079)",Unfall 183054 (2023) Kat:3, Licht: 0,183054,3,4,6,08,09,6,0,0,0,1,1,0,0,0
"POINT (7.550669768000034 51.536872310000035)",Unfall 183067 (2023) Kat:3, Licht: 0,183067,3,7,0,08,11,6,0,0,0,0,0,1,0,0
"POINT (7.416923180000026 51.529774796000027)",Unfall 183136 (2023) Kat:3, Licht: 0,183136,3,1,8,08,17,5,0,0,0,1,0,1,0,0
"POINT (7.499010301000055 51.483972797000035)",Unfall 183137 (2023) Kat:3, Licht: 0,183137,3,4,6,08,15,5,0,0,0,1,1,0,0,0
"POINT (7.388498267000045 51.568275615000061)",Unfall 183205 (2023) Kat:3, Licht: 0,183205,3,7,6,08,08,4,0,0,0,1,1,0,0,0
"POINT (7.503259476000039 51.462158057000067)",Unfall 183206 (2023) Kat:2, Licht: 0,183206,2,1,7,08,12,4,0,0,1,0,0,0,0,0
"POINT (7.397792761000062 51.518841000000066)",Unfall 183298 (2023) Kat:2, Licht: 0,183298,2,7,0,08,18,3,0,0,0,1,0,0,0,1
"POINT (7.464191140000025 51.515231556000060)",Unfall 183299 (2023) Kat:3, Licht: 0,183299,3,7,1,08,12,3,0,0,1,1,0,0,0,0
"POINT (7.525180819000070 51.568940743000041)",Unfall 183379 (2023) Kat:3, Licht: 0,183379,3,7,6,08,17,2,0,0,1,0,1,0,0,0
"POINT (7.386860148000039 51.571861263000073)",Unfall 183381 (2023) Kat:3, Licht: 0,183381,3,6,0,08,14,2,0,0,1,1,0,0,0,0
"POINT (7.441864046000035 51.467428113000040)",Unfall 183382 (2023) Kat:3, Licht: 1,183382,3,1,0,08,20,2,0,1,1,0,0,0,0,0
"POINT (7.459384256000021 51.525084650000053)",Unfall 183442 (2023) Kat:3, Licht: 0,183442,3,7,0,08,12,1,0,0,1,1,0,0,0,0
"POINT (7.502743315000032 51.472058930000060)",Unfall 183505 (2023) Kat:3, Licht: 2,183505,3,3,0,08,21,7,0,2,0,1,0,1,0,0
"POINT (7.380561146000048 51.487495616000047)",Unfall 183600 (2023) Kat:3, Licht: 0,183600,3,6,0,08,07,6,0,0,1,1,0,0,0,0
"POINT (7.441991182000038 51.467919187000064)",Unfall 183602 (2023) Kat:3, Licht: 0,183602,3,6,2,08,14,6,0,0,0,0,0,1,0,0
"POINT (7.452934807000076 51.522470425000051)",Unfall 183874 (2023) Kat:3, Licht: 0,183874,3,7,0,08,19,3,0,0,0,1,0,0,0,1
"POINT (7.415372122000065 51.502922285000068)",Unfall 183875 (2023) Kat:2, Licht: 0,183875,2,7,8,08,11,3,0,0,0,1,0,0,0,0
"POINT (7.388865900000042 51.586015391000046)",Unfall 183918 (2023) Kat:3, Licht: 0,183918,3,7,8,09,10,1,0,0,1,1,0,0,0,0