WKT,Name,OBJECTID,UKATEGORIE,UTYP1,UART,UMONAT,USTUNDE,UWOCHENTAG,STRZUSTAND,ULICHTVERH,ISTRAD,ISTPKW,ISTFUSS,ISTKRAD,ISTGKFZ,ISTSONSTIG
"POINT (7.377809461000027 51.543767685000034)",Unfall 183919 (2023) Kat:3, Licht: 0,183919,3,5,8,09,18,1,0,0,1,1,0,0,0,0
"POINT (7.456909102000054 51.550515238000060)",Unfall 183920 (2023) Kat:3, Licht: 0,183920,3,4,6,09,19,1,0,0,0,1,1,0,0,0
"POINT (7.385037190000048 51.569831596000029)",Unfall 183986 (2023) Kat:3, Licht: 0,183986,3,2,2,09,16,7,0,0,0,1,0,0,0,0
"POINT (7.415437758000053 51.494537800000046)",Unfall 183987 (2023) Kat:3, Licht: 2,183987,3,3,5,09,05,7,0,2,0,1,0,0,0,1
"POINT (7.493670750000035 51.487746574000028)",Unfall 183988 (2023) Kat:3, Licht: 0,183988,3,3,5,09,13,7,0,0,1,1,0,0,0,0
"POINT (7.473078410000028 51.502051473000051)",Unfall 183989 (2023) Kat:3, Licht: 0,183989,3,7,0,09,17,7,0,0,0,0,0,0,0,1
"POINT (7.507903706000036 51.509555782000064)",Unfall 184073 (2023) Kat:3, Licht: 0,184073,3,1,8,09,13,6,1,0,0,0,0,1,0,0
"POINT (7.453159053000036 51.578061563000063)",Unfall 184074 (2023) Kat:3, Licht: 0,184074,3,6,2,09,13,6,1,0,0,1,0,0,0,0
"POINT (7.450281322000023 51.526414222000028)",Unfall 184075 (2023) Kat:3, Licht: 0,184075,3,6,1,09,12,6,1,0,0,1,0,0,0,0
"POINT (7.475288680000062 51.511773634000065)",Unfall 184076 (2023) Kat:3, Licht: 0,184076,3,3,0,09,19,6,0,0,1,1,0,0,0,0
"POINT (7.321520925000073 51.518968657000073)",Unfall 184157 (2023) Kat:3, Licht: 0,184157,3,5,1,08,09,5,0,0,0,1,0,0,0,1
"POINT (7.445462968000072 51.469498317000046)",Unfall 184158 (2023) Kat:2, Licht: 0,184158,2,7,0,08,09,5,0,0,0,1,0,1,0,0
"POINT (7.482355337000058 51.487491080000041)",Unfall 184159 (2023) Kat:2, Licht: 0,184159,2,3,5,08,08,5,0,0,1,0,0,0,1,0
"POINT (7.532477375000042 51.478264408000030)",Unfall 184236 (2023) Kat:3, Licht: 0,184236,3,3,3,08,09,4,0,0,1,1,0,0,0,0
"POINT (7.346800588000065 51.516534512000078)",Unfall 184238 (2023) Kat:3, Licht: 0,184238,3,3,5,08,09,4,0,0,0,1,0,0,0,0
"POINT (7.428442076000067 51.544870677000063)",Unfall 184239 (2023) Kat:3, Licht: 1,184239,3,5,2,08,05,4,0,1,0,1,0,0,0,1
"POINT (7.368359260000034 51.500044600000081)",Unfall 184240 (2023) Kat:3, Licht: 0,184240,3,7,0,08,11,4,0,0,0,1,0,0,0,1
"POINT (7.469337790000054 51.513144118000071)",Unfall 184241 (2023) Kat:3, Licht: 0,184241,3,3,5,08,16,4,1,0,1,1,0,0,0,0
"POINT (7.563954702000046 51.511925642000051)",Unfall 184308 (2023) Kat:3, Licht: 2,184308,3,3,0,08,05,3,0,2,0,1,0,0,0,1
"POINT (7.457729063000045 51.519908129000044)",Unfall 184311 (2023) Kat:3, Licht: 0,184311,3,2,5,08,11,3,0,0,1,1,0,0,0,0
"POINT (7.466666248000024 51.535059877000037)",Unfall 184376 (2023) Kat:3, Licht: 0,184376,3,3,5,08,08,2,0,0,0,1,0,0,0,0
"POINT (7.491198944000075 51.506849524000074)",Unfall 184377 (2023) Kat:3, Licht: 0,184377,3,2,4,08,08,2,0,0,1,0,0,0,0,1
"POINT (7.510150124000063 51.507715497000049)",Unfall 184420 (2023) Kat:2, Licht: 2,184420,2,1,4,08,20,1,0,2,0,1,0,0,0,0
"POINT (7.386535819000073 51.575239556000042)",Unfall 184421 (2023) Kat:2, Licht: 2,184421,2,1,8,08,01,1,0,2,1,0,0,0,0,0
"POINT (7.334561608000058 51.498910359000035)",Unfall 184422 (2023) Kat:3, Licht: 0,184422,3,4,6,08,17,1,0,0,0,0,1,0,0,1
"POINT (7.464738272000034 51.521541394000053)",Unfall 184424 (2023) Kat:3, Licht: 0,184424,3,7,4,08,15,1,0,0,0,1,0,0,0,1
"POINT (7.468801925000037 51.539939460000028)",Unfall 184499 (2023) Kat:3, Licht: 0,184499,3,6,3,08,18,7,0,0,0,1,0,1,0,0
"POINT (7.474519778000058 51.520607596000048)",Unfall 184583 (2023) Kat:3, Licht: 0,184583,3,1,0,08,14,6,1,0,1,0,0,0,0,0
"POINT (7.466691874000048 51.521645117000048)",Unfall 184584 (2023) Kat:3, Licht: 0,184584,3,3,5,08,13,6,1,0,1,1,0,0,0,0
"POINT (7.515634347000059 51.569620460000067)",Unfall 184674 (2023) Kat:3, Licht: 0,184674,3,3,5,08,10,5,0,0,0,1,0,0,0,0
"POINT (7.382263195000064 51.572274629000049)",Unfall 184675 (2023) Kat:3, Licht: 0,184675,3,3,5,08,15,5,0,0,0,1,0,0,0,0
"POINT (7.367064124000024 51.570173043000068)",Unfall 184676 (2023) Kat:3, Licht: 0,184676,3,3,0,08,07,5,0,0,1,1,0,0,0,0
"POINT (7.366676125000026 51.581923410000059)",Unfall 184876 (2023) Kat:3, Licht: 0,184876,3,6,2,08,07,3,0,0,0,1,0,0,1,0
"POINT (7.592329740000025 51.551387420000026)",Unfall 184877 (2023) Kat:3, Licht: 0,184877,3,1,8,08,14,3,0,0,0,1,0,0,0,0
"POINT (7.383797917000038 51.554233666000073)",Unfall 184878 (2023) Kat:3, Licht: 0,184878,3,3,0,08,10,3,0,0,0,0,0,0,0,1
"POINT (7.406006345000037 51.534228875000053)",Unfall 184879 (2023) Kat:3, Licht: 0,184879,3,1,8,08,17,3,0,0,0,0,0,1,0,0
"POINT (7.386621341000023 51.484229671000037)",Unfall 184911 (2023) Kat:3, Licht: 2,184911,3,1,8,08,00,1,0,2,0,1,0,0,0,0
"POINT (7.486484538000070 51.552323807000050)",Unfall 184928 (2023) Kat:3, Licht: 1,184928,3,3,5,09,19,7,0,1,0,1,0,0,0,0
"POINT (7.521934089000069 51.529426562000026)",Unfall 185098 (2023) Kat:3, Licht: 0,185098,3,5,6,09,10,4,0,0,0,1,1,0,1,0
"POINT (7.469750152000074 51.523497091000081)",Unfall 185099 (2023) Kat:3, Licht: 0,185099,3,4,6,09,16,4,0,0,1,0,1,0,0,0
"POINT (7.467214761000037 51.515120830000058)",Unfall 185100 (2023) Kat:3, Licht: 0,185100,3,7,0,09,14,4,0,0,0,0,1,0,0,1
"POINT (7.482979077000039 51.510119553000038)",Unfall 185168 (2023) Kat:3, Licht: 0,185168,3,7,0,09,07,3,1,0,1,0,0,0,0,0
"POINT (7.455184873000064 51.509002062000036)",Unfall 185254 (2023) Kat:3, Licht: 0,185254,3,7,8,09,17,2,0,0,1,1,0,0,0,0
"POINT (7.598143779000054 51.487472369000045)",Unfall 185299 (2023) Kat:3, Licht: 0,185299,3,1,0,09,18,1,0,0,0,0,0,0,0,1
"POINT (7.488644345000068 51.519944761000033)",Unfall 185300 (2023) Kat:2, Licht: 2,185300,2,7,6,09,04,1,0,2,0,1,1,0,0,0
"POINT (7.336402083000053 51.497002460000033)",Unfall 185301 (2023) Kat:3, Licht: 1,185301,3,7,1,09,20,1,0,1,0,1,0,0,0,0
"POINT (7.460519533000024 51.549262604000035)",Unfall 185302 (2023) Kat:3, Licht: 0,185302,3,7,4,09,17,1,0,0,0,1,0,0,0,0
"POINT (7.404944411000031 51.540200096000035)",Unfall 185303 (2023) Kat:3, Licht: 0,185303,3,1,8,09,15,1,0,0,0,0,0,0,0,1
"POINT (7.454335884000045 51.512980795000033)",Unfall 185305 (2023) Kat:3, Licht: 0,185305,3,3,5,09,12,1,0,0,0,1,0,0,0,1
"POINT (7.472932773000025 51.526719526000079)",Unfall 185381 (2023) Kat:3, Licht: 0,185381,3,3,5,09,09,7,0,0,1,1,0,0,0,0
"POINT (7.456801937000023 51.458874695000077)",Unfall 185383 (2023) Kat:3, Licht: 0,185383,3,1,4,09,18,7,0,0,0,1,0,1,0,0
"POINT (7.367314484000076 51.564740042000039)",Unfall 185493 (2023) Kat:3, Licht: 0,185493,3,4,6,09,07,6,0,0,0,1,1,0,0,0
"POINT (7.481152474000055 51.523266418000048)",Unfall 185598 (2023) Kat:3, Licht: 0,185598,3,6,2,09,10,5,0,0,0,1,0,0,0,0
"POINT (7.407262853000020 51.534675963000041)",Unfall 185599 (2023) Kat:2, Licht: 0,185599,2,2,4,09,17,5,0,0,0,1,0,1,0,0
"POINT (7.442907362000028 51.474084358000027)",Unfall 185600 (2023) Kat:3, Licht: 0,185600,3,3,5,09,17,5,0,0,0,1,0,0,0,0
"POINT (7.406952050000029 51.534566578000067)",Unfall 185716 (2023) Kat:3, Licht: 0,185716,3,6,4,09,12,4,0,0,0,1,0,1,0,0
"POINT (7.500754343000040 51.509170843000049)",Unfall 185717 (2023) Kat:3, Licht: 0,185717,3,1,8,09,12,4,0,0,0,1,0,0,0,0
"POINT (7.488757589000045 51.519901597000057)",Unfall 185834 (2023) Kat:3, Licht: 0,185834,3,3,5,09,14,3,0,0,1,1,0,0,0,0
"POINT (7.579522942000040 51.482941972000049)",Unfall 185835 (2023) Kat:3, Licht: 2,185835,3,7,7,09,04,3,0,2,1,0,0,0,0,0
"POINT (7.474696092000045 51.551003005000041)",Unfall 185836 (2023) Kat:3, Licht: 0,185836,3,3,5,09,09,3,0,0,0,1,0,0,0,0
"POINT (7.433541346000027 51.532793777000052)",Unfall 185837 (2023) Kat:3, Licht: 0,185837,3,3,0,09,17,3,0,0,1,1,0,0,0,0
"POINT (7.460792315000049 51.510040471000082)",Unfall 185838 (2023) Kat:3, Licht: 0,185838,3,5,0,09,08,3,0,0,1,1,0,0,0,0
"POINT (7.490632103000053 51.487333629000034)",Unfall 185940 (2023) Kat:3, Licht: 0,185940,3,7,0,09,14,2,0,0,1,0,0,0,0,0
"POINT (7.358998828000040 51.560031133000052)",Unfall 186008 (2023) Kat:3, Licht: 1,186008,3,1,9,09,18,5,0,1,0,0,0,1,0,0
"POINT (7.457718546000024 51.526195014000052)",Unfall 186009 (2023) Kat:3, Licht: 0,186009,3,7,6,09,16,5,0,0,0,0,1,0,0,1
"POINT (7.506795705000059 51.532251815000052)",Unfall 186085 (2023) Kat:3, Licht: 2,186085,3,3,5,09,05,4,0,2,0,1,0,0,0,1
"POINT (7.489466674000028 51.507541517000050)",Unfall 186086 (2023) Kat:3, Licht: 2,186086,3,1,0,09,19,4,0,2,0,0,0,1,0,0
"POINT (7.504725637000035 51.506458413000075)",Unfall 186147 (2023) Kat:3, Licht: 2,186147,3,1,0,09,20,3,0,2,0,0,0,0,0,1
"POINT (7.458116530000041 51.519421307000073)",Unfall 186148 (2023) Kat:3, Licht: 0,186148,3,5,1,09,15,3,0,0,0,1,0,0,0,1
"POINT (7.482034019000025 51.511466954000070)",Unfall 186149 (2023) Kat:3, Licht: 0,186149,3,2,0,09,18,3,1,0,0,0,0,1,0,0
"POINT (7.547677101000033 51.552566584000033)",Unfall 186229 (2023) Kat:3, Licht: 1,186229,3,3,0,09,20,2,0,1,1,1,0,0,0,0
"POINT (7.550498724000022 51.560895379000044)",Unfall 186230 (2023) Kat:3, Licht: 0,186230,3,1,8,09,16,2,0,0,0,1,0,1,0,0
"POINT (7.507737558000031 51.523024561000057)",Unfall 186231 (2023) Kat:3, Licht: 0,186231,3,1,9,09,16,2,0,0,0,0,0,0,0,1
"POINT (7.400669433000076 51.497309888000075)",Unfall 186339 (2023) Kat:3, Licht: 0,186339,3,6,2,09,15,7,0,0,0,1,0,1,0,0
"POINT (7.430796857000075 51.454806291000068)",Unfall 186340 (2023) Kat:3, Licht: 1,186340,3,6,4,09,18,7,1,1,0,1,0,0,0,0
"POINT (7.468241698000043 51.511846134000052)",Unfall 186341 (2023) Kat:3, Licht: 2,186341,3,2,1,09,20,7,0,2,0,1,0,0,0,1
"POINT (7.559511468000039 51.519123481000065)",Unfall 186411 (2023) Kat:3, Licht: 0,186411,3,3,5,09,16,6,0,0,1,1,0,0,0,0
"POINT (7.397564334000037 51.558899699000051)",Unfall 186413 (2023) Kat:3, Licht: 0,186413,3,7,0,09,16,6,0,0,0,0,0,0,0,1
"POINT (7.466624784000032 51.535185407000029)",Unfall 186414 (2023) Kat:3, Licht: 2,186414,3,3,5,09,19,6,0,2,0,1,0,0,0,0
"POINT (7.420895657000074 51.488976315000059)",Unfall 186415 (2023) Kat:3, Licht: 0,186415,3,7,0,09,15,6,0,0,1,0,0,0,0,0
"POINT (7.487422564000042 51.518109393000032)",Unfall 186503 (2023) Kat:2, Licht: 0,186503,2,3,5,09,16,5,0,0,0,1,0,0,0,1
"POINT (7.333821836000027 51.502243263000082)",Unfall 186565 (2023) Kat:3, Licht: 0,186565,3,3,0,09,18,5,0,0,1,1,0,0,0,0
"POINT (7.368927099000075 51.488058905000059)",Unfall 186577 (2023) Kat:3, Licht: 0,186577,3,5,1,09,14,4,0,0,1,1,0,0,0,0
"POINT (7.458208320000040 51.519105194000076)",Unfall 186578 (2023) Kat:2, Licht: 0,186578,2,5,0,09,08,4,0,0,1,1,0,0,0,1
"POINT (7.460606073000065 51.472560756000064)",Unfall 186579 (2023) Kat:2, Licht: 0,186579,2,5,1,09,07,4,0,0,1,1,0,0,0,0
"POINT (7.543176597000070 51.552696415000071)",Unfall 186658 (2023) Kat:3, Licht: 0,186658,3,4,6,09,15,3,0,0,0,1,1,0,0,0
"POINT (7.370491257000026 51.562548254000035)",Unfall 186659 (2023) Kat:3, Licht: 0,186659,3,3,5,09,17,3,0,0,1,1,0,0,0,0
"POINT (7.501553600000022 51.529724732000034)",Unfall 186660 (2023) Kat:3, Licht: 2,186660,3,2,5,09,05,3,0,2,1,1,0,0,0,0
"POINT (7.414883226000029 51.503030735000038)",Unfall 186661 (2023) Kat:3, Licht: 0,186661,3,6,2,09,10,3,0,0,0,1,0,0,0,0
"POINT (7.427960413000051 51.507451880000076)",Unfall 186662 (2023) Kat:3, Licht: 0,186662,3,3,4,09,08,3,0,0,1,1,0,0,0,0
"POINT (7.455251909000026 51.512038722000057)",Unfall 186663 (2023) Kat:2, Licht: 0,186663,2,7,0,09,16,3,0,0,1,1,0,0,0,0
"POINT (7.508566821000045 51.510592101000043)",Unfall 186751 (2023) Kat:3, Licht: 0,186751,3,1,0,09,15,2,1,0,1,0,0,0,0,0
"POINT (7.490006848000064 51.506899901000054)",Unfall 186810 (2023) Kat:3, Licht: 0,186810,3,7,0,09,11,1,0,0,1,0,0,0,0,0
"POINT (7.328255474000059 51.499970249000057)",Unfall 186867 (2023) Kat:3, Licht: 0,186867,3,1,0,09,08,7,0,0,0,1,0,0,0,1
"POINT (7.514456567000025 51.494523820000040)",Unfall 186868 (2023) Kat:3, Licht: 0,186868,3,3,0,09,14,7,0,0,0,1,0,0,0,1
"POINT (7.497226083000044 51.498869667000065)",Unfall 186869 (2023) Kat:3, Licht: 0,186869,3,7,6,09,10,7,0,0,0,0,1,0,0,1
"POINT (7.448875223000073 51.515397417000031)",Unfall 186870 (2023) Kat:3, Licht: 2,186870,3,3,5,09,23,7,1,2,0,1,0,1,0,0
"POINT (7.461684210000044 51.514141684000037)",Unfall 186871 (2023) Kat:3, Licht: 0,186871,3,1,6,09,16,7,0,0,0,0,1,0,0,1
"POINT (7.511178040000061 51.545212488000061)",Unfall 186972 (2023) Kat:3, Licht: 0,186972,3,2,5,09,13,6,0,0,1,1,0,0,0,0
"POINT (7.515556721000053 51.494317919000082)",Unfall 186975 (2023) Kat:3, Licht: 2,186975,3,3,5,09,20,6,0,2,1,1,0,0,0,0
"POINT (7.546601534000047 51.557751177000057)",Unfall 187024 (2023) Kat:3, Licht: 0,187024,3,7,0,10,17,2,0,0,0,1,0,0,0,1
"POINT (7.372974965000026 51.523424608000028)",Unfall 187025 (2023) Kat:2, Licht: 0,187025,2,5,0,10,09,2,0,0,1,1,0,0,0,0
"POINT (7.501213876000065 51.481439113000079)",Unfall 187026 (2023) Kat:3, Licht: 0,187026,3,4,6,10,16,2,0,0,0,1,1,0,0,0
"POINT (7.418775086000039 51.531645184000070)",Unfall 187165 (2023) Kat:3, Licht: 0,187165,3,4,6,10,13,6,0,0,0,0,1,0,0,1
"POINT (7.477165969000055 51.575729749000061)",Unfall 187166 (2023) Kat:3, Licht: 1,187166,3,1,8,10,18,6,0,1,1,0,0,0,0,0
"POINT (7.494796105000034 51.487277694000056)",Unfall 187167 (2023) Kat:3, Licht: 0,187167,3,3,5,10,11,6,1,0,1,1,0,0,0,0
"POINT (7.547000392000029 51.557689780000032)",Unfall 187359 (2023) Kat:3, Licht: 1,187359,3,3,5,10,08,3,0,1,0,1,0,1,0,0
"POINT (7.449700924000069 51.503557850000050)",Unfall 187360 (2023) Kat:3, Licht: 2,187360,3,1,1,10,19,3,0,2,0,1,0,0,0,0
"POINT (7.330717012000036 51.500119006000034)",Unfall 187426 (2023) Kat:3, Licht: 2,187426,3,5,1,10,05,2,0,2,1,1,0,0,0,0
"POINT (7.465244666000046 51.531720399000051)",Unfall 187427 (2023) Kat:2, Licht: 0,187427,2,7,4,10,15,2,0,0,0,1,0,0,0,1
"POINT (7.416689917000042 51.526242505000027)",Unfall 187428 (2023) Kat:3, Licht: 0,187428,3,1,5,10,14,2,0,0,0,1,0,0,0,1
"POINT (7.432829901000048 51.479369516000077)",Unfall 187430 (2023) Kat:3, Licht: 0,187430,3,2,4,10,15,2,0,0,0,1,0,0,0,0
"POINT (7.458584073000054 51.514828985000065)",Unfall 187431 (2023) Kat:3, Licht: 0,187431,3,1,0,10,12,2,0,0,0,0,0,0,0,1
"POINT (7.480941737000023 51.504539976000046)",Unfall 187457 (2023) Kat:3, Licht: 2,187457,3,7,0,10,17,1,0,2,1,1,0,0,0,0
"POINT (7.386615823000056 51.493122716000073)",Unfall 187515 (2023) Kat:3, Licht: 0,187515,3,6,2,10,12,7,0,0,0,1,0,0,0,0
"POINT (7.426713859000074 51.531453043000056)",Unfall 187516 (2023) Kat:2, Licht: 0,187516,2,4,6,10,16,7,0,0,0,1,1,0,0,0
"POINT (7.521345047000068 51.489020579000055)",Unfall 187564 (2023) Kat:3, Licht: 2,187564,3,1,8,10,23,6,0,2,0,1,0,0,0,0
"POINT (7.326651465000054 51.519479780000040)",Unfall 187565 (2023) Kat:3, Licht: 0,187565,3,6,6,10,10,6,0,0,0,1,1,0,0,0
"POINT (7.444682207000028 51.523650001000078)",Unfall 187566 (2023) Kat:2, Licht: 0,187566,2,4,6,10,14,6,0,0,0,1,1,0,0,0
"POINT (7.367267619000074 51.504312456000036)",Unfall 187567 (2023) Kat:3, Licht: 0,187567,3,4,6,10,13,6,0,0,0,0,1,0,0,1
"POINT (7.501267812000037 51.491301980000060)",Unfall 187568 (2023) Kat:3, Licht: 0,187568,3,4,6,10,12,6,0,0,0,1,1,0,0,0
"POINT (7.556971402000045 51.521670579000045)",Unfall 187620 (2023) Kat:3, Licht: 0,187620,3,6,2,10,11,5,0,0,0,1,0,0,0,0
"POINT (7.593947752000076 51.507633220000059)",Unfall 187621 (2023) Kat:2, Licht: 0,187621,2,3,5,10,15,5,0,0,1,0,0,0,0,0
"POINT (7.550335451000024 51.501356297000029)",Unfall 187622 (2023) Kat:2, Licht: 0,187622,2,4,6,10,06,5,0,0,0,1,1,0,0,0
"POINT (7.535573577000036 51.490156484000067)",Unfall 187623 (2023) Kat:3, Licht: 0,187623,3,3,0,10,15,5,0,0,0,1,0,1,0,0
"POINT (7.372883500000057 51.513977015000080)",Unfall 187624 (2023) Kat:2, Licht: 0,187624,2,1,9,10,12,5,0,0,0,1,0,0,0,0
"POINT (7.453930335000052 51.516588414000068)",Unfall 187625 (2023) Kat:2, Licht: 0,187625,2,3,5,10,08,5,0,0,1,1,0,0,0,0
"POINT (7.475411107000070 51.497622260000071)",Unfall 187626 (2023) Kat:3, Licht: 0,187626,3,5,1,10,14,5,0,0,1,1,0,0,0,0
"POINT (7.416874852000035 51.491548478000027)",Unfall 187697 (2023) Kat:3, Licht: 2,187697,3,7,6,10,20,4,0,2,0,0,1,0,0,1
"POINT (7.491238136000050 51.506828533000032)",Unfall 187735 (2023) Kat:3, Licht: 2,187735,3,1,0,10,04,3,0,2,0,1,0,0,0,0
"POINT (7.549996815000043 51.532928879000053)",Unfall 187806 (2023) Kat:3, Licht: 0,187806,3,5,3,10,13,2,0,0,1,0,0,0,0,1
"POINT (7.449353817000031 51.505216144000030)",Unfall 187807 (2023) Kat:3, Licht: 0,187807,3,3,5,10,16,2,0,0,0,1,0,0,0,0
"POINT (7.526647358000048 51.455777937000050)",Unfall 187808 (2023) Kat:3, Licht: 2,187808,3,5,0,10,22,2,0,2,0,1,0,0,0,0
"POINT (7.453016221000041 51.572932892000040)",Unfall 187916 (2023) Kat:3, Licht: 0,187916,3,5,5,09,19,7,0,0,0,1,0,0,0,1
"POINT (7.446254865000071 51.507863783000062)",Unfall 187917 (2023) Kat:3, Licht: 2,187917,3,3,5,09,22,7,0,2,1,1,0,0,0,0
"POINT (7.580376642000033 51.525522823000074)",Unfall 187995 (2023) Kat:3, Licht: 0,187995,3,6,0,09,16,6,0,0,1,1,0,0,0,0
"POINT (7.449375216000021 51.505217689000062)",Unfall 187997 (2023) Kat:3, Licht: 0,187997,3,3,5,09,12,6,0,0,1,0,0,0,0,1
"POINT (7.472429013000067 51.513806932000080)",Unfall 188074 (2023) Kat:3, Licht: 0,188074,3,5,3,10,13,3,0,0,1,1,0,0,0,0
"POINT (7.378679124000030 51.487637181000082)",Unfall 188157 (2023) Kat:3, Licht: 2,188157,3,3,5,10,17,2,1,2,0,1,0,1,0,0
"POINT (7.473647185000061 51.507481954000070)",Unfall 188158 (2023) Kat:2, Licht: 2,188158,2,4,6,10,17,2,1,2,0,1,1,0,0,0
"POINT (7.466200257000025 51.523625847000062)",Unfall 188232 (2023) Kat:3, Licht: 0,188232,3,6,0,10,11,7,1,0,0,1,0,0,0,0
"POINT (7.467865439000036 51.515186245000052)",Unfall 188233 (2023) Kat:3, Licht: 2,188233,3,1,0,10,04,7,1,2,0,0,0,0,0,1
"POINT (7.501132981000069 51.510438037000029)",Unfall 188299 (2023) Kat:3, Licht: 2,188299,3,3,5,10,07,6,1,2,1,1,0,0,0,0
"POINT (7.336279239000021 51.499173523000081)",Unfall 188300 (2023) Kat:3, Licht: 0,188300,3,4,6,10,13,6,1,0,0,1,1,0,0,0
"POINT (7.352693577000025 51.498014677000072)",Unfall 188362 (2023) Kat:3, Licht: 0,188362,3,7,8,10,11,5,1,0,0,1,0,0,0,0
"POINT (7.493668044000060 51.487758398000040)",Unfall 188363 (2023) Kat:3, Licht: 0,188363,3,6,2,10,16,5,0,0,0,1,0,0,0,0
"POINT (7.448183466000046 51.514392456000053)",Unfall 188364 (2023) Kat:3, Licht: 0,188364,3,2,5,10,16,5,0,0,1,1,0,0,0,0
"POINT (7.473619098000029 51.547426908000034)",Unfall 188458 (2023) Kat:3, Licht: 0,188458,3,6,4,10,15,4,1,0,0,1,0,0,0,0
"POINT (7.451138542000024 51.505374991000053)",Unfall 188525 (2023) Kat:2, Licht: 0,188525,2,7,0,10,14,3,0,0,0,1,0,0,0,1
"POINT (7.490535119000072 51.471527590000051)",Unfall 188594 (2023) Kat:2, Licht: 0,188594,2,5,8,10,16,2,0,0,0,1,0,0,0,0
"POINT (7.420154852000053 51.512836326000070)",Unfall 188630 (2023) Kat:2, Licht: 2,188630,2,7,7,10,23,1,0,2,0,0,0,0,0,1
"POINT (7.366510981000033 51.499187919000065)",Unfall 188668 (2023) Kat:2, Licht: 2,188668,2,4,6,10,20,7,0,2,0,1,1,0,0,0
"POINT (7.478347128000053 51.522110145000056)",Unfall 188669 (2023) Kat:3, Licht: 0,188669,3,3,5,10,08,7,1,0,0,1,0,0,0,0
"POINT (7.335354073000076 51.498975591000033)",Unfall 188753 (2023) Kat:2, Licht: 0,188753,2,4,6,10,12,6,1,0,0,1,1,0,0,0
"POINT (7.336394572000074 51.499158769000076)",Unfall 188754 (2023) Kat:3, Licht: 0,188754,3,2,6,10,08,6,1,0,0,1,1,0,0,0
"POINT (7.443317487000058 51.531503344000043)",Unfall 188755 (2023) Kat:3, Licht: 0,188755,3,6,2,10,16,6,0,0,0,1,0,0,0,1
"POINT (7.429177095000057 51.475399055000082)",Unfall 188756 (2023) Kat:2, Licht: 0,188756,2,7,0,10,14,6,1,0,0,1,0,0,0,0
"POINT (7.503869191000035 51.494258494000064)",Unfall 188757 (2023) Kat:3, Licht: 0,188757,3,6,0,10,10,6,1,0,1,1,0,0,0,0
"POINT (7.461638689000040 51.519838882000045)",Unfall 188843 (2023) Kat:3, Licht: 2,188843,3,7,0,10,05,5,1,2,1,0,0,0,0,0
"POINT (7.432760572000063 51.480328937000081)",Unfall 188844 (2023) Kat:3, Licht: 2,188844,3,7,7,10,07,5,1,2,1,0,0,0,0,0
"POINT (7.477281386000072 51.512670742000068)",Unfall 188846 (2023) Kat:3, Licht: 0,188846,3,3,5,10,16,5,0,0,0,1,0,0,0,0
"POINT (7.563533178000057 51.490984247000029)",Unfall 188924 (2023) Kat:3, Licht: 0,188924,3,6,4,10,13,4,0,0,1,1,0,0,0,0
"POINT (7.461909849000051 51.519778148000057)",Unfall 188926 (2023) Kat:3, Licht: 2,188926,3,6,2,10,19,4,0,2,0,1,0,0,0,0
"POINT (7.454485851000072 51.525913422000031)",Unfall 188927 (2023) Kat:3, Licht: 0,188927,3,3,5,10,17,4,0,0,0,1,0,0,0,0
"POINT (7.453874420000034 51.505636734000063)",Unfall 188928 (2023) Kat:2, Licht: 0,188928,2,6,0,10,17,4,0,0,1,0,0,0,0,1
"POINT (7.550341730000071 51.551200175000076)",Unfall 188945 (2023) Kat:3, Licht: 1,188945,3,7,6,10,07,5,1,1,0,1,1,0,0,0
"POINT (7.549195043000054 51.523035052000068)",Unfall 189017 (2023) Kat:3, Licht: 2,189017,3,2,5,10,06,3,0,2,1,0,0,0,0,0
"POINT (7.622071617000074 51.533560263000027)",Unfall 189018 (2023) Kat:2, Licht: 0,189018,2,7,8,10,09,3,0,0,0,1,0,0,0,0
"POINT (7.556753925000066 51.503705235000041)",Unfall 189020 (2023) Kat:3, Licht: 0,189020,3,5,1,10,16,3,0,0,0,1,0,0,0,1
"POINT (7.469216536000033 51.501654925000082)",Unfall 189021 (2023) Kat:3, Licht: 1,189021,3,3,5,10,07,3,0,1,0,1,0,0,0,0
"POINT (7.449380959000052 51.505188389000068)",Unfall 189068 (2023) Kat:3, Licht: 2,189068,3,3,5,11,19,7,1,2,0,1,0,0,0,0
"POINT (7.453555261000076 51.518733116000078)",Unfall 189069 (2023) Kat:3, Licht: 2,189069,3,6,2,11,19,7,1,2,0,1,0,0,0,0
"POINT (7.534069579000061 51.506715624000037)",Unfall 189126 (2023) Kat:3, Licht: 0,189126,3,2,5,11,14,6,0,0,0,1,0,0,0,0
"POINT (7.484325846000047 51.553290702000027)",Unfall 189127 (2023) Kat:3, Licht: 0,189127,3,7,0,11,13,6,0,0,0,0,0,0,0,1
"POINT (7.415012002000026 51.457194320000042)",Unfall 189229 (2023) Kat:3, Licht: 2,189229,3,2,4,11,19,4,1,2,0,1,0,1,0,0
"POINT (7.556141996000065 51.500848195000060)",Unfall 189287 (2023) Kat:3, Licht: 2,189287,3,7,0,11,05,3,1,2,0,0,0,0,0,1