WKT,Name,OBJECTID,UKATEGORIE,UTYP1,UART,UMONAT,USTUNDE,UWOCHENTAG,STRZUSTAND,ULICHTVERH,ISTRAD,ISTPKW,ISTFUSS,ISTKRAD,ISTGKFZ,ISTSONSTIG
"POINT (7.332587805000060 51.499106304000065)",Unfall 189289 (2023) Kat:3, Licht: 0,189289,3,6,2,11,10,3,0,0,0,1,0,0,0,0
"POINT (7.491068060000032 51.550388318000046)",Unfall 189290 (2023) Kat:3, Licht: 0,189290,3,6,2,11,15,3,0,0,0,1,0,0,0,0
"POINT (7.429982257000063 51.538093230000072)",Unfall 189291 (2023) Kat:3, Licht: 0,189291,3,3,5,11,13,3,0,0,0,1,0,0,0,0
"POINT (7.442998872000032 51.479357100000072)",Unfall 189292 (2023) Kat:3, Licht: 2,189292,3,6,4,11,20,3,1,2,1,1,0,0,0,0
"POINT (7.491213242000072 51.470188511000060)",Unfall 189293 (2023) Kat:3, Licht: 2,189293,3,3,6,11,17,3,1,2,0,1,1,0,0,0
"POINT (7.403018405000068 51.461507174000076)",Unfall 189380 (2023) Kat:3, Licht: 2,189380,3,6,2,11,17,2,1,2,0,1,0,0,0,0
"POINT (7.545966702000044 51.505916361000061)",Unfall 189443 (2023) Kat:2, Licht: 2,189443,2,4,6,11,06,7,1,2,0,0,1,0,0,1
"POINT (7.506399777000070 51.522518119000040)",Unfall 189511 (2023) Kat:3, Licht: 1,189511,3,6,2,11,16,6,1,1,0,1,0,0,0,0
"POINT (7.474438986000052 51.554891541000075)",Unfall 189512 (2023) Kat:3, Licht: 2,189512,3,2,6,11,17,6,1,2,0,1,1,0,0,0
"POINT (7.464847631000055 51.520032213000036)",Unfall 189514 (2023) Kat:2, Licht: 2,189514,2,4,6,11,17,6,1,2,0,1,1,0,0,0
"POINT (7.474872243000050 51.513451977000045)",Unfall 189515 (2023) Kat:3, Licht: 1,189515,3,6,0,11,16,6,1,1,0,1,0,1,0,0
"POINT (7.599808322000058 51.478094387000056)",Unfall 189651 (2023) Kat:3, Licht: 0,189651,3,3,5,11,08,4,1,0,0,1,0,0,0,0
"POINT (7.475936260000026 51.554805191000071)",Unfall 189653 (2023) Kat:3, Licht: 0,189653,3,5,1,11,11,4,0,0,0,1,0,0,0,1
"POINT (7.493759678000060 51.486017943000036)",Unfall 189654 (2023) Kat:3, Licht: 2,189654,3,4,6,11,19,4,1,2,0,1,1,0,0,0
"POINT (7.470034626000029 51.515131828000051)",Unfall 189655 (2023) Kat:3, Licht: 2,189655,3,1,0,11,00,4,0,2,1,0,0,0,0,0
"POINT (7.403388072000041 51.461615412000072)",Unfall 189710 (2023) Kat:3, Licht: 2,189710,3,6,2,11,18,3,0,2,0,1,0,0,0,1
"POINT (7.480242011000030 51.513337826000054)",Unfall 189711 (2023) Kat:3, Licht: 0,189711,3,5,3,11,11,3,1,0,0,1,0,1,0,0
"POINT (7.364665089000027 51.486768150000046)",Unfall 189822 (2023) Kat:3, Licht: 2,189822,3,1,1,11,06,1,1,2,0,1,0,0,0,0
"POINT (7.521290383000064 51.565467587000057)",Unfall 189865 (2023) Kat:3, Licht: 2,189865,3,3,5,11,22,7,1,2,0,1,0,0,0,0
"POINT (7.371831121000071 51.546527326000046)",Unfall 189868 (2023) Kat:2, Licht: 2,189868,2,2,4,11,19,7,1,2,1,1,0,0,0,0
"POINT (7.540845211000033 51.555975502000081)",Unfall 189948 (2023) Kat:3, Licht: 0,189948,3,7,6,11,07,6,0,0,0,1,1,0,0,0
"POINT (7.335732716000052 51.500271758000054)",Unfall 189949 (2023) Kat:2, Licht: 0,189949,2,7,6,11,08,6,0,0,0,1,1,0,0,0
"POINT (7.369426019000059 51.546538203000068)",Unfall 190024 (2023) Kat:3, Licht: 1,190024,3,1,6,11,17,5,0,1,0,0,1,0,0,1
"POINT (7.388275800000031 51.568636736000030)",Unfall 190025 (2023) Kat:3, Licht: 0,190025,3,6,3,11,08,5,0,0,0,0,0,0,0,1
"POINT (7.373605263000059 51.568896291000044)",Unfall 190228 (2023) Kat:3, Licht: 0,190228,3,5,1,12,12,3,1,0,0,1,0,0,0,0
"POINT (7.449972760000037 51.518388170000037)",Unfall 190229 (2023) Kat:3, Licht: 0,190229,3,3,5,12,15,3,1,0,0,1,0,0,0,0
"POINT (7.509160575000067 51.515366516000029)",Unfall 190286 (2023) Kat:3, Licht: 2,190286,3,2,6,12,19,2,0,2,0,1,1,0,0,0
"POINT (7.453109257000051 51.504513469000074)",Unfall 190287 (2023) Kat:3, Licht: 2,190287,3,2,5,12,16,2,1,2,1,1,0,0,0,0
"POINT (7.441205131000061 51.489262203000067)",Unfall 190380 (2023) Kat:3, Licht: 2,190380,3,5,1,12,18,6,0,2,0,1,0,0,0,0
"POINT (7.440966959000036 51.509528653000075)",Unfall 190381 (2023) Kat:3, Licht: 2,190381,3,3,5,12,20,6,0,2,0,1,0,0,0,0
"POINT (7.321754767000073 51.517558479000058)",Unfall 190452 (2023) Kat:3, Licht: 0,190452,3,3,5,11,11,5,2,0,0,1,0,0,0,0
"POINT (7.455925858000057 51.520475737000027)",Unfall 190453 (2023) Kat:3, Licht: 0,190453,3,4,6,11,08,5,2,0,0,0,1,0,0,1
"POINT (7.382866540000066 51.485805048000032)",Unfall 190514 (2023) Kat:3, Licht: 2,190514,3,2,6,11,07,4,1,2,0,1,1,0,0,0
"POINT (7.433547106000049 51.532771093000065)",Unfall 190515 (2023) Kat:3, Licht: 0,190515,3,3,5,11,15,4,0,0,0,1,0,0,0,0
"POINT (7.521196670000052 51.565421690000051)",Unfall 190663 (2023) Kat:2, Licht: 0,190663,2,3,5,11,14,2,1,0,0,1,0,0,1,0
"POINT (7.376448882000034 51.546611502000076)",Unfall 190665 (2023) Kat:3, Licht: 1,190665,3,2,6,11,17,2,1,1,0,1,1,0,0,0
"POINT (7.446299048000071 51.517140009000059)",Unfall 190666 (2023) Kat:3, Licht: 2,190666,3,3,5,11,06,2,1,2,1,0,0,0,0,1
"POINT (7.450403191000021 51.534788228000082)",Unfall 190667 (2023) Kat:3, Licht: 0,190667,3,6,2,11,14,2,1,0,0,1,0,0,0,0
"POINT (7.468324759000041 51.520957932000044)",Unfall 190668 (2023) Kat:3, Licht: 2,190668,3,1,0,11,05,2,1,2,0,0,0,0,0,1
"POINT (7.449756203000049 51.518347438000035)",Unfall 190669 (2023) Kat:3, Licht: 0,190669,3,3,5,11,12,2,1,0,0,1,0,0,0,0
"POINT (7.415443039000024 51.494521254000063)",Unfall 190670 (2023) Kat:3, Licht: 2,190670,3,3,5,11,05,2,1,2,0,1,0,0,0,0
"POINT (7.491649797000036 51.469768949000070)",Unfall 190671 (2023) Kat:3, Licht: 2,190671,3,2,6,11,06,2,1,2,0,1,1,0,0,0
"POINT (7.448184872000070 51.514392647000079)",Unfall 190672 (2023) Kat:3, Licht: 0,190672,3,3,5,11,08,2,1,0,1,1,0,0,0,0
"POINT (7.373973523000075 51.561001392000037)",Unfall 190704 (2023) Kat:3, Licht: 2,190704,3,1,8,11,17,1,1,2,0,1,0,0,0,0
"POINT (7.457843005000029 51.550209462000055)",Unfall 190705 (2023) Kat:3, Licht: 0,190705,3,5,0,11,16,1,1,0,0,1,0,0,0,0
"POINT (7.337859528000024 51.499363605000042)",Unfall 190751 (2023) Kat:3, Licht: 2,190751,3,3,5,11,20,7,1,2,0,1,0,0,0,0
"POINT (7.461594735000062 51.519848727000067)",Unfall 190752 (2023) Kat:3, Licht: 2,190752,3,6,1,11,19,7,0,2,0,1,0,0,0,0
"POINT (7.447201839000058 51.516266170000051)",Unfall 190897 (2023) Kat:3, Licht: 0,190897,3,3,5,11,12,5,1,0,0,1,0,0,0,0
"POINT (7.556495199000040 51.493081829000062)",Unfall 190960 (2023) Kat:3, Licht: 0,190960,3,4,6,11,10,4,0,0,0,0,1,0,0,1
"POINT (7.519506204000038 51.523890136000034)",Unfall 191028 (2023) Kat:3, Licht: 2,191028,3,3,4,11,17,3,0,2,1,1,0,0,0,0
"POINT (7.322403148000035 51.517362013000081)",Unfall 191029 (2023) Kat:2, Licht: 2,191029,2,2,6,11,17,3,1,2,0,1,1,0,0,0
"POINT (7.461667859000045 51.516556766000065)",Unfall 191030 (2023) Kat:3, Licht: 2,191030,3,7,0,11,19,3,0,2,0,1,0,0,0,1
"POINT (7.381160075000025 51.564087820000054)",Unfall 191111 (2023) Kat:3, Licht: 2,191111,3,4,6,11,19,2,0,2,0,1,1,0,0,0
"POINT (7.461225677000073 51.506486816000063)",Unfall 191113 (2023) Kat:3, Licht: 2,191113,3,2,6,11,19,2,0,2,0,1,1,0,0,0
"POINT (7.491749811000034 51.493944886000065)",Unfall 191115 (2023) Kat:3, Licht: 0,191115,3,6,4,11,11,2,0,0,0,1,0,0,0,1
"POINT (7.547499104000053 51.548077554000031)",Unfall 191150 (2023) Kat:3, Licht: 0,191150,3,1,4,11,09,1,1,0,0,1,0,0,0,0
"POINT (7.415869573000066 51.518443138000066)",Unfall 191151 (2023) Kat:3, Licht: 2,191151,3,6,2,11,17,1,1,2,0,1,0,0,0,0
"POINT (7.474642908000021 51.554955677000066)",Unfall 191223 (2023) Kat:3, Licht: 2,191223,3,2,6,12,17,6,1,2,0,1,1,0,0,0
"POINT (7.395500782000056 51.522259730000030)",Unfall 191252 (2023) Kat:3, Licht: 2,191252,3,1,8,12,19,5,1,2,0,1,0,0,0,0
"POINT (7.486039558000073 51.552200818000074)",Unfall 191280 (2023) Kat:3, Licht: 2,191280,3,1,0,12,19,4,0,2,1,0,0,0,0,0
"POINT (7.446450482000046 51.517010289000041)",Unfall 191291 (2023) Kat:3, Licht: 0,191291,3,3,5,12,15,3,0,0,0,1,0,0,0,0
"POINT (7.465631443000063 51.576974962000065)",Unfall 191332 (2023) Kat:2, Licht: 2,191332,2,1,6,12,19,1,1,2,0,0,1,0,0,1
"POINT (7.498825506000060 51.484629873000074)",Unfall 191358 (2023) Kat:2, Licht: 0,191358,2,3,1,12,13,7,1,0,0,1,0,0,0,0
"POINT (7.518708662000051 51.543947394000043)",Unfall 191397 (2023) Kat:3, Licht: 0,191397,3,7,0,12,08,6,1,0,0,1,0,0,0,1
"POINT (7.392940378000048 51.506012389000034)",Unfall 191398 (2023) Kat:3, Licht: 0,191398,3,1,1,12,13,6,1,0,0,1,0,0,0,0
"POINT (7.462567766000063 51.511749308000049)",Unfall 191490 (2023) Kat:3, Licht: 2,191490,3,3,5,12,20,4,0,2,0,1,0,0,0,1
"POINT (7.383855956000048 51.569461821000061)",Unfall 191563 (2023) Kat:3, Licht: 1,191563,3,7,6,12,16,3,1,1,0,1,1,0,0,0
"POINT (7.384726408000063 51.571382315000051)",Unfall 191564 (2023) Kat:3, Licht: 0,191564,3,3,5,12,12,3,1,0,0,1,0,0,0,0
"POINT (7.418945335000046 51.502518069000075)",Unfall 191565 (2023) Kat:3, Licht: 0,191565,3,6,2,12,11,3,1,0,0,1,0,0,0,0
"POINT (7.496841396000036 51.506816255000047)",Unfall 191566 (2023) Kat:3, Licht: 2,191566,3,5,6,12,07,3,0,2,0,1,1,0,0,0
"POINT (7.591527194000037 51.553342919000045)",Unfall 191608 (2023) Kat:3, Licht: 0,191608,3,4,0,12,08,4,0,0,0,1,1,0,0,0
"POINT (7.469553126000051 51.523615711000048)",Unfall 191615 (2023) Kat:3, Licht: 2,191615,3,7,1,12,21,6,1,2,0,1,0,1,0,0
"POINT (7.523883887000068 51.510639044000072)",Unfall 191625 (2023) Kat:2, Licht: 0,191625,2,4,6,12,14,2,0,0,0,1,1,0,0,0
"POINT (7.511024252000027 51.488339687000064)",Unfall 191685 (2023) Kat:3, Licht: 0,191685,3,6,3,12,13,7,0,0,0,1,0,1,0,0
"POINT (7.607104148000076 51.531308683000077)",Unfall 191750 (2023) Kat:3, Licht: 1,191750,3,2,6,12,08,6,0,1,0,1,1,0,0,0
"POINT (7.616758726000057 51.539173768000069)",Unfall 191751 (2023) Kat:3, Licht: 2,191751,3,4,6,12,16,6,1,2,0,1,1,0,0,0
"POINT (7.437332046000051 51.473847635000027)",Unfall 191752 (2023) Kat:3, Licht: 0,191752,3,3,5,12,13,6,1,0,0,1,0,0,0,0
"POINT (7.383640070000069 51.476812063000068)",Unfall 191753 (2023) Kat:3, Licht: 0,191753,3,3,5,12,15,6,1,0,1,1,0,0,0,0
"POINT (7.526315102000069 51.463108691000059)",Unfall 191754 (2023) Kat:3, Licht: 2,191754,3,7,8,12,04,6,1,2,0,1,0,0,0,0
"POINT (7.444463310000060 51.512243188000070)",Unfall 191755 (2023) Kat:3, Licht: 2,191755,3,4,6,12,23,6,0,2,0,1,1,0,0,0
"POINT (7.422650451000038 51.511030539000046)",Unfall 191817 (2023) Kat:3, Licht: 2,191817,3,4,6,12,18,5,1,2,0,1,1,0,0,0
"POINT (7.457443743000056 51.509067540000046)",Unfall 191818 (2023) Kat:3, Licht: 0,191818,3,3,0,12,12,5,1,0,1,1,0,0,0,0
"POINT (7.548249739000028 51.536387186000070)",Unfall 191917 (2023) Kat:3, Licht: 2,191917,3,1,8,12,17,3,1,2,0,1,0,0,0,1
"POINT (7.374332414000037 51.522769353000058)",Unfall 191918 (2023) Kat:3, Licht: 0,191918,3,7,0,12,13,3,0,0,0,1,1,0,0,0
"POINT (7.400487736000059 51.500037562000045)",Unfall 191919 (2023) Kat:3, Licht: 2,191919,3,3,5,12,17,3,1,2,0,1,0,0,0,1
"POINT (7.504807726000024 51.487385991000053)",Unfall 191920 (2023) Kat:3, Licht: 0,191920,3,3,5,12,12,3,0,0,1,1,0,0,0,0
"POINT (7.525752532000070 51.463407257000028)",Unfall 191921 (2023) Kat:3, Licht: 2,191921,3,4,6,12,16,3,1,2,0,1,1,0,0,0
"POINT (7.442965857000047 51.509963753000079)",Unfall 191923 (2023) Kat:3, Licht: 1,191923,3,2,4,12,16,3,1,1,1,1,0,0,0,0
"POINT (7.374196999000048 51.494456005000075)",Unfall 191973 (2023) Kat:3, Licht: 2,191973,3,2,2,12,17,2,1,2,0,1,0,0,0,0
"POINT (7.418669609000062 51.486307157000056)",Unfall 191974 (2023) Kat:3, Licht: 0,191974,3,1,4,12,14,2,1,0,0,1,0,0,0,0
"POINT (7.452818004000051 51.523120065000057)",Unfall 192003 (2023) Kat:3, Licht: 0,192003,3,4,6,12,15,1,0,0,0,1,1,0,0,0
"POINT (7.468740148000052 51.516210636000039)",Unfall 192025 (2023) Kat:3, Licht: 2,192025,3,4,6,12,02,1,1,2,0,0,1,0,0,1
"POINT (7.466756486000065 51.512920251000025)",Unfall 192048 (2023) Kat:3, Licht: 2,192048,3,4,6,12,00,7,0,2,0,1,1,0,0,0
"POINT (7.364350392000063 51.541222645000062)",Unfall 192056 (2023) Kat:3, Licht: 0,192056,3,3,5,12,10,7,0,0,0,1,0,0,0,0
"POINT (7.346940690000054 51.498942470000031)",Unfall 192057 (2023) Kat:3, Licht: 2,192057,3,2,0,12,19,7,1,2,0,1,0,0,0,0
"POINT (7.466259797000021 51.523399752000046)",Unfall 192058 (2023) Kat:3, Licht: 0,192058,3,5,2,12,15,7,1,0,1,1,0,0,0,1
"POINT (7.515895958000044 51.494181468000079)",Unfall 192089 (2023) Kat:3, Licht: 0,192089,3,5,1,12,11,6,1,0,0,0,0,1,0,1
"POINT (7.446029740000029 51.517360445000065)",Unfall 192125 (2023) Kat:3, Licht: 2,192125,3,6,2,12,16,1,0,2,0,1,0,0,0,0
"POINT (7.467473568000059 51.519024988000069)",Unfall 192205 (2023) Kat:3, Licht: 2,192205,3,3,5,12,17,5,0,2,1,1,0,0,0,0
"POINT (7.473758560000022 51.520254929000032)",Unfall 192207 (2023) Kat:3, Licht: 0,192207,3,2,6,12,15,5,0,0,0,1,1,0,0,0
"POINT (7.438518244000022 51.497819524000079)",Unfall 263778 (2023) Kat:3, Licht: 0,263778,3,6,3,03,16,4,0,0,1,0,0,0,0,0
"POINT (7.526025205000053 51.487022440000032)",Unfall 263844 (2023) Kat:3, Licht: 0,263844,3,6,3,04,16,3,0,0,1,0,0,1,0,0
"POINT (7.520659353000042 51.486805980000042)",Unfall 263917 (2023) Kat:3, Licht: 0,263917,3,1,0,05,13,2,1,0,1,0,0,0,0,0
"POINT (7.521970117000023 51.487829869000052)",Unfall 263960 (2023) Kat:3, Licht: 0,263960,3,6,6,05,18,5,0,0,1,0,1,0,0,0
"POINT (7.587401720000059 51.468820236000056)",Unfall 263961 (2023) Kat:3, Licht: 0,263961,3,1,0,05,14,5,0,0,1,0,0,0,0,0
"POINT (7.502118519000021 51.477406909000081)",Unfall 264020 (2023) Kat:2, Licht: 0,264020,2,3,5,05,12,1,0,0,1,0,0,0,0,0
"POINT (7.498326400000053 51.493256422000059)",Unfall 264055 (2023) Kat:3, Licht: 0,264055,3,7,4,06,08,5,0,0,1,0,0,0,0,0
"POINT (7.387451164000026 51.576751082000044)",Unfall 264101 (2023) Kat:3, Licht: 0,264101,3,6,0,06,19,3,0,0,1,0,1,0,0,0
"POINT (7.422660679000046 51.540798779000056)",Unfall 264172 (2023) Kat:3, Licht: 0,264172,3,7,4,06,16,6,0,0,1,0,0,0,0,1
"POINT (7.490456694000045 51.527339652000080)",Unfall 264189 (2023) Kat:2, Licht: 0,264189,2,7,6,06,14,1,0,0,1,0,1,0,0,0
"POINT (7.450359835000029 51.483079302000078)",Unfall 264282 (2023) Kat:3, Licht: 0,264282,3,7,7,07,13,3,1,0,1,0,0,0,0,0
"POINT (7.498480342000050 51.492181323000068)",Unfall 264288 (2023) Kat:3, Licht: 0,264288,3,7,0,07,10,5,0,0,1,0,0,0,0,1
"POINT (7.559403444000054 51.565756877000069)",Unfall 264326 (2023) Kat:2, Licht: 0,264326,2,1,5,07,16,3,0,0,1,1,0,0,0,0
"POINT (7.492596630000037 51.501081969000040)",Unfall 264377 (2023) Kat:3, Licht: 2,264377,3,1,8,07,22,5,0,2,1,0,0,0,0,0
"POINT (7.601407280000046 51.484334802000035)",Unfall 264423 (2023) Kat:2, Licht: 0,264423,2,1,0,08,16,6,1,0,1,0,0,0,0,0
"POINT (7.508796656000072 51.444280731000049)",Unfall 264426 (2023) Kat:2, Licht: 0,264426,2,1,0,08,12,7,0,0,1,0,0,0,0,0
"POINT (7.601781094000046 51.518186831000037)",Unfall 264446 (2023) Kat:3, Licht: 0,264446,3,7,0,08,20,5,0,0,1,0,0,0,0,0
"POINT (7.428547136000077 51.498318087000030)",Unfall 264512 (2023) Kat:3, Licht: 2,264512,3,1,4,08,21,2,0,2,1,0,0,0,0,1
"POINT (7.496410620000063 51.509983682000041)",Unfall 264534 (2023) Kat:3, Licht: 0,264534,3,7,0,08,09,5,1,0,1,0,0,0,0,0
"POINT (7.513060756000073 51.491780341000037)",Unfall 264646 (2023) Kat:3, Licht: 0,264646,3,1,6,09,14,6,0,0,1,0,1,0,0,0
"POINT (7.478989328000068 51.427063041000054)",Unfall 264758 (2023) Kat:3, Licht: 0,264758,3,1,9,10,15,3,0,0,1,0,0,0,0,0
"POINT (7.449920072000054 51.509831359000032)",Unfall 264800 (2023) Kat:3, Licht: 0,264800,3,7,0,10,16,6,1,0,1,0,0,0,0,0
"POINT (7.390878999000051 51.574988569000027)",Unfall 264802 (2023) Kat:3, Licht: 0,264802,3,7,0,10,11,2,0,0,1,0,0,0,0,1
"POINT (7.618041041000026 51.531220822000080)",Unfall 264803 (2023) Kat:3, Licht: 0,264803,3,1,1,10,14,2,1,0,1,1,0,0,0,0
"POINT (7.387361238000040 51.504920381000034)",Unfall 22401 (2024) Kat:3, Licht: 0,22401,3,6,2,01,14,7,1,0,0,1,0,0,0,0
"POINT (7.456262669000068 51.532925750000061)",Unfall 22459 (2024) Kat:3, Licht: 0,22459,3,6,1,01,16,6,0,0,0,1,0,0,0,0
"POINT (7.606660056000067 51.531498967000061)",Unfall 22514 (2024) Kat:3, Licht: 0,22514,3,3,0,01,09,5,1,0,0,1,0,0,0,1
"POINT (7.360294821000025 51.559899051000059)",Unfall 22515 (2024) Kat:3, Licht: 1,22515,3,6,2,01,14,5,1,1,0,1,0,0,0,1
"POINT (7.463317203000031 51.519746069000064)",Unfall 22516 (2024) Kat:3, Licht: 2,22516,3,3,5,01,06,5,1,2,1,1,0,0,0,0
"POINT (7.462662978000026 51.510102401000040)",Unfall 22522 (2024) Kat:3, Licht: 2,22522,3,2,6,01,07,5,1,2,0,1,1,0,0,0
"POINT (7.474390381000035 51.511908240000082)",Unfall 22662 (2024) Kat:3, Licht: 2,22662,3,4,6,01,17,3,1,2,0,1,1,0,0,0
"POINT (7.475035191000075 51.505282936000071)",Unfall 22693 (2024) Kat:3, Licht: 2,22693,3,1,8,01,03,2,0,2,0,1,0,0,0,0
"POINT (7.459702614000037 51.467912481000042)",Unfall 23165 (2024) Kat:3, Licht: 0,23165,3,3,5,01,10,6,0,0,1,1,0,0,0,0
"POINT (7.547080708000067 51.523640730000068)",Unfall 23767 (2024) Kat:2, Licht: 2,23767,2,2,6,01,07,5,1,2,0,1,1,0,0,0
"POINT (7.467894899000044 51.431485942000052)",Unfall 23910 (2024) Kat:3, Licht: 0,23910,3,3,5,01,14,2,0,0,0,1,0,0,0,0
"POINT (7.472857823000027 51.531077674000073)",Unfall 24418 (2024) Kat:3, Licht: 2,24418,3,4,6,01,19,7,1,2,0,1,1,0,0,0
"POINT (7.543464863000054 51.534092208000061)",Unfall 24437 (2024) Kat:3, Licht: 2,24437,3,2,5,01,06,7,1,2,0,1,0,0,0,0
"POINT (7.468415869000069 51.517137157000036)",Unfall 24552 (2024) Kat:3, Licht: 2,24552,3,6,1,01,17,4,1,2,0,0,0,0,1,1
"POINT (7.487629959000060 51.474187889000063)",Unfall 25163 (2024) Kat:3, Licht: 0,25163,3,6,1,01,14,4,1,0,0,1,0,0,0,1
"POINT (7.462487604000046 51.549103671000069)",Unfall 25166 (2024) Kat:2, Licht: 0,25166,2,4,6,01,12,1,0,0,0,1,1,0,0,0
"POINT (7.460382355000036 51.507018852000044)",Unfall 25167 (2024) Kat:3, Licht: 0,25167,3,3,5,01,13,1,0,0,0,1,0,0,0,0
"POINT (7.462463202000038 51.510146408000026)",Unfall 25168 (2024) Kat:2, Licht: 2,25168,2,1,9,01,00,1,0,2,0,1,0,0,0,0
"POINT (7.597524481000050 51.478609967000068)",Unfall 25226 (2024) Kat:3, Licht: 0,25226,3,1,0,01,10,7,0,0,0,0,0,0,0,1
"POINT (7.459354840000060 51.467113918000052)",Unfall 25227 (2024) Kat:3, Licht: 0,25227,3,2,5,01,10,7,1,0,0,1,0,0,0,0
"POINT (7.452127001000065 51.501599108000050)",Unfall 25305 (2024) Kat:3, Licht: 0,25305,3,4,6,01,10,6,1,0,0,1,1,0,0,0
"POINT (7.520042401000069 51.503232906000051)",Unfall 25378 (2024) Kat:2, Licht: 0,25378,2,1,8,01,12,5,0,0,0,1,0,0,0,0
"POINT (7.460084633000065 51.526306456000043)",Unfall 25382 (2024) Kat:3, Licht: 2,25382,3,6,2,01,07,5,1,2,0,1,0,0,0,0
"POINT (7.457090636000032 51.452512803000047)",Unfall 25383 (2024) Kat:3, Licht: 0,25383,3,7,4,01,08,5,1,0,0,1,0,0,0,1
"POINT (7.520988503000069 51.514063527000076)",Unfall 25463 (2024) Kat:3, Licht: 0,25463,3,1,8,01,16,4,2,0,1,1,0,0,0,1
"POINT (7.467712273000075 51.507365733000029)",Unfall 25464 (2024) Kat:3, Licht: 2,25464,3,3,5,01,07,4,0,2,1,1,0,0,0,0
"POINT (7.325743729000067 51.493678078000073)",Unfall 25547 (2024) Kat:3, Licht: 1,25547,3,4,6,01,16,3,0,1,0,1,1,0,0,0
"POINT (7.343156761000046 51.496847854000066)",Unfall 25548 (2024) Kat:3, Licht: 0,25548,3,2,5,01,11,3,0,0,0,1,0,0,0,0
"POINT (7.503948736000041 51.487973098000055)",Unfall 25710 (2024) Kat:3, Licht: 2,25710,3,2,5,01,00,1,1,2,0,1,0,0,0,0
"POINT (7.480246687000033 51.502336969000055)",Unfall 25711 (2024) Kat:3, Licht: 0,25711,3,3,5,01,15,1,1,0,0,1,0,0,0,0
"POINT (7.481165031000046 51.523250870000027)",Unfall 25773 (2024) Kat:3, Licht: 2,25773,3,3,5,01,17,7,1,2,0,1,0,0,0,0
"POINT (7.468263198000045 51.505707851000068)",Unfall 25774 (2024) Kat:3, Licht: 0,25774,3,2,0,01,17,7,0,0,0,1,1,0,0,0
"POINT (7.489923164000061 51.513970220000033)",Unfall 25863 (2024) Kat:3, Licht: 0,25863,3,3,5,01,12,6,1,0,1,1,0,0,0,0
"POINT (7.374165090000076 51.567919629000073)",Unfall 25865 (2024) Kat:3, Licht: 2,25865,3,2,6,01,07,6,1,2,0,1,1,0,0,0
"POINT (7.371845312000062 51.491550193000080)",Unfall 25866 (2024) Kat:3, Licht: 2,25866,3,2,5,01,17,6,1,2,0,1,0,0,0,0
"POINT (7.456199633000040 51.513180608000027)",Unfall 25867 (2024) Kat:3, Licht: 1,25867,3,7,0,01,08,6,2,1,1,0,0,0,0,0
"POINT (7.387421288000041 51.519008423000059)",Unfall 26021 (2024) Kat:3, Licht: 2,26021,3,1,9,01,21,5,1,2,0,1,0,0,0,0
"POINT (7.549939009000070 51.524032128000044)",Unfall 26026 (2024) Kat:3, Licht: 0,26026,3,6,2,01,09,5,0,0,0,1,0,0,0,1
"POINT (7.457088554000052 51.524175672000069)",Unfall 26027 (2024) Kat:3, Licht: 2,26027,3,6,2,01,19,5,1,2,0,1,0,0,0,0
"POINT (7.468064589000051 51.509654619000059)",Unfall 26028 (2024) Kat:3, Licht: 2,26028,3,1,9,01,20,5,2,2,0,1,0,0,0,0
"POINT (7.325902733000021 51.495038696000051)",Unfall 26196 (2024) Kat:3, Licht: 0,26196,3,6,2,01,16,3,0,0,0,1,0,0,0,0
"POINT (7.465060688000051 51.524896170000034)",Unfall 26197 (2024) Kat:3, Licht: 1,26197,3,3,3,01,06,3,0,1,0,1,0,0,0,0
"POINT (7.376658177000024 51.497655001000055)",Unfall 26275 (2024) Kat:3, Licht: 0,26275,3,6,3,01,12,2,0,0,0,1,0,0,1,0
"POINT (7.453657715000077 51.523902959000054)",Unfall 26279 (2024) Kat:3, Licht: 2,26279,3,6,2,01,18,2,0,2,0,1,0,0,0,0
"POINT (7.456126660000052 51.458397233000028)",Unfall 26280 (2024) Kat:3, Licht: 0,26280,3,5,0,01,15,2,0,0,0,1,0,0,0,0
"POINT (7.406022121000035 51.481578531000082)",Unfall 26281 (2024) Kat:3, Licht: 2,26281,3,1,6,01,18,2,0,2,0,1,1,0,0,0
"POINT (7.363953534000075 51.573909625000056)",Unfall 26318 (2024) Kat:3, Licht: 2,26318,3,1,9,01,22,1,0,2,0,1,0,0,0,0
"POINT (7.459891275000075 51.505950105000068)",Unfall 26319 (2024) Kat:3, Licht: 2,26319,3,7,0,01,01,1,1,2,0,0,0,0,0,1
"POINT (7.576091459000054 51.527780382000060)",Unfall 26416 (2024) Kat:3, Licht: 2,26416,3,6,1,02,19,7,1,2,0,1,0,0,0,0
"POINT (7.475004755000043 51.505300687000044)",Unfall 26418 (2024) Kat:3, Licht: 2,26418,3,1,0,02,21,7,1,2,0,0,0,1,0,0
"POINT (7.460394705000056 51.507042455000033)",Unfall 26419 (2024) Kat:3, Licht: 0,26419,3,2,5,02,12,7,1,0,1,1,0,0,0,0
"POINT (7.443675689000031 51.579965645000073)",Unfall 26491 (2024) Kat:3, Licht: 0,26491,3,1,8,02,16,6,0,0,0,1,0,0,1,0