WKT,Name,OBJECTID,UKATEGORIE,UTYP1,UART,UMONAT,USTUNDE,UWOCHENTAG,STRZUSTAND,ULICHTVERH,ISTRAD,ISTPKW,ISTFUSS,ISTKRAD,ISTGKFZ,ISTSONSTIG
"POINT (7.543457661000048 51.534102411000049)",Unfall 26492 (2024) Kat:3, Licht: 2,26492,3,2,5,02,06,6,1,2,1,1,0,0,0,0
"POINT (7.481364324000026 51.522644871000068)",Unfall 26493 (2024) Kat:3, Licht: 0,26493,3,7,2,02,13,6,0,0,0,1,0,0,0,0
"POINT (7.456516752000027 51.445678273000055)",Unfall 26494 (2024) Kat:2, Licht: 0,26494,2,1,1,02,14,6,0,0,0,1,0,0,0,1
"POINT (7.466221783000037 51.574994749000041)",Unfall 26566 (2024) Kat:3, Licht: 0,26566,3,6,3,02,09,5,0,0,0,1,0,0,1,0
"POINT (7.531202068000027 51.488106296000069)",Unfall 26567 (2024) Kat:3, Licht: 0,26567,3,7,8,02,09,5,0,0,0,1,0,0,0,0
"POINT (7.531610393000051 51.522505043000081)",Unfall 26568 (2024) Kat:3, Licht: 0,26568,3,1,0,02,13,5,1,0,1,0,0,0,0,0
"POINT (7.468042848000039 51.505420726000068)",Unfall 26569 (2024) Kat:3, Licht: 2,26569,3,4,6,02,18,5,1,2,0,1,1,0,0,0
"POINT (7.459550919000037 51.511629349000032)",Unfall 26570 (2024) Kat:3, Licht: 0,26570,3,2,5,02,16,5,1,0,1,1,0,0,0,0
"POINT (7.445334841000033 51.442308948000061)",Unfall 26654 (2024) Kat:3, Licht: 2,26654,3,6,2,02,19,4,0,2,0,1,0,0,0,0
"POINT (7.438868831000036 51.443477869000048)",Unfall 26655 (2024) Kat:3, Licht: 2,26655,3,1,2,02,18,4,0,2,0,1,0,0,0,0
"POINT (7.619777188000057 51.534053897000035)",Unfall 26656 (2024) Kat:3, Licht: 0,26656,3,7,5,02,07,4,0,0,0,1,0,0,0,0
"POINT (7.535049612000023 51.489605084000061)",Unfall 26657 (2024) Kat:3, Licht: 0,26657,3,1,0,02,16,4,0,0,0,0,0,0,0,1
"POINT (7.550518717000045 51.493035940000027)",Unfall 26658 (2024) Kat:2, Licht: 0,26658,2,2,6,02,07,4,1,0,0,1,1,0,0,0
"POINT (7.502671677000023 51.515618194000069)",Unfall 26659 (2024) Kat:3, Licht: 2,26659,3,2,0,02,18,4,0,2,0,1,0,1,0,0
"POINT (7.474557359000073 51.511908216000052)",Unfall 26660 (2024) Kat:3, Licht: 2,26660,3,2,6,02,18,4,0,2,0,1,1,0,0,0
"POINT (7.437091844000065 51.443893811000066)",Unfall 26728 (2024) Kat:2, Licht: 0,26728,2,1,8,02,11,3,1,0,0,1,0,0,0,0
"POINT (7.528964502000065 51.486163228000066)",Unfall 26729 (2024) Kat:3, Licht: 2,26729,3,2,2,02,06,3,1,2,0,1,0,0,0,0
"POINT (7.469264384000041 51.484246515000052)",Unfall 26731 (2024) Kat:3, Licht: 2,26731,3,1,8,02,23,3,1,2,0,0,0,1,0,0
"POINT (7.456115641000054 51.458462243000042)",Unfall 26732 (2024) Kat:3, Licht: 1,26732,3,2,4,02,16,3,1,1,0,1,0,0,0,0
"POINT (7.520078568000031 51.466009179000082)",Unfall 26820 (2024) Kat:3, Licht: 0,26820,3,6,8,02,15,2,0,0,1,1,0,0,0,0
"POINT (7.476248186000021 51.504422102000035)",Unfall 26821 (2024) Kat:3, Licht: 0,26821,3,6,3,02,09,2,0,0,0,1,0,0,0,0
"POINT (7.385811477000061 51.550816841000028)",Unfall 26871 (2024) Kat:3, Licht: 0,26871,3,2,5,02,16,1,1,0,0,1,0,0,0,0
"POINT (7.470260950000068 51.522790607000047)",Unfall 26929 (2024) Kat:2, Licht: 2,26929,2,3,5,02,22,7,1,2,1,1,0,0,0,0
"POINT (7.472624046000021 51.512517647000038)",Unfall 26930 (2024) Kat:3, Licht: 2,26930,3,4,6,02,18,7,0,2,0,1,1,0,0,0
"POINT (7.484430061000069 51.513678487000050)",Unfall 26932 (2024) Kat:3, Licht: 2,26932,3,6,1,02,18,7,1,2,0,1,0,0,0,0
"POINT (7.467472968000038 51.501445419000049)",Unfall 26933 (2024) Kat:3, Licht: 0,26933,3,6,2,02,11,7,1,0,0,1,0,0,0,0
"POINT (7.472986443000025 51.515180290000046)",Unfall 27018 (2024) Kat:3, Licht: 0,27018,3,3,0,02,15,6,0,0,0,1,0,0,0,1
"POINT (7.473073462000059 51.506406930000026)",Unfall 27019 (2024) Kat:3, Licht: 0,27019,3,2,5,02,09,6,0,0,0,0,0,0,0,1
"POINT (7.487501197000029 51.524030909000032)",Unfall 27116 (2024) Kat:3, Licht: 2,27116,3,3,0,02,23,5,0,2,1,1,0,0,0,0
"POINT (7.500416810000047 51.488240039000061)",Unfall 27117 (2024) Kat:3, Licht: 0,27117,3,4,6,02,09,5,1,0,0,1,1,0,0,0
"POINT (7.504027702000030 51.441909126000041)",Unfall 27191 (2024) Kat:3, Licht: 2,27191,3,6,2,01,07,4,0,2,0,1,0,0,0,0
"POINT (7.626315001000023 51.537309209000057)",Unfall 27194 (2024) Kat:3, Licht: 0,27194,3,7,3,01,09,4,0,0,1,1,0,0,0,0
"POINT (7.450490093000042 51.499344341000040)",Unfall 27195 (2024) Kat:3, Licht: 0,27195,3,3,5,01,14,4,0,0,1,1,0,0,0,0
"POINT (7.495635901000071 51.482313436000027)",Unfall 27258 (2024) Kat:3, Licht: 0,27258,3,2,4,01,07,3,0,0,0,1,0,0,0,0
"POINT (7.461683720000053 51.509215528000027)",Unfall 27259 (2024) Kat:3, Licht: 0,27259,3,5,0,01,08,3,0,0,1,1,0,0,0,0
"POINT (7.538514871000075 51.552805884000065)",Unfall 27338 (2024) Kat:3, Licht: 0,27338,3,6,2,01,14,2,0,0,0,1,0,0,0,0
"POINT (7.547236532000056 51.522690495000063)",Unfall 27339 (2024) Kat:3, Licht: 1,27339,3,2,5,01,07,2,0,1,1,1,0,0,0,0
"POINT (7.385944190000032 51.550806724000040)",Unfall 27341 (2024) Kat:2, Licht: 2,27341,2,2,5,01,05,2,0,2,0,1,0,0,0,0
"POINT (7.372405897000021 51.519487891000040)",Unfall 27503 (2024) Kat:3, Licht: 1,27503,3,3,5,02,07,4,1,1,1,1,0,0,0,0
"POINT (7.500999012000023 51.503946923000058)",Unfall 27508 (2024) Kat:1, Licht: 2,27508,1,7,0,02,17,7,1,2,0,0,0,0,0,1
"POINT (7.368425836000029 51.537358738000080)",Unfall 27529 (2024) Kat:3, Licht: 2,27529,3,6,2,01,17,4,0,2,0,1,0,0,0,0
"POINT (7.526034602000038 51.490234936000036)",Unfall 27597 (2024) Kat:3, Licht: 2,27597,3,1,9,01,17,6,0,2,0,1,0,0,0,0
"POINT (7.622321279000062 51.535503726000059)",Unfall 27599 (2024) Kat:3, Licht: 2,27599,3,4,6,01,19,6,0,2,0,1,1,0,0,0
"POINT (7.551338413000053 51.493295618000047)",Unfall 27601 (2024) Kat:3, Licht: 0,27601,3,7,6,01,12,6,1,0,0,1,1,0,0,0
"POINT (7.374872722000021 51.522224871000049)",Unfall 27602 (2024) Kat:3, Licht: 2,27602,3,4,6,01,20,6,0,2,0,1,1,0,0,0
"POINT (7.469167482000046 51.517086455000026)",Unfall 27604 (2024) Kat:3, Licht: 2,27604,3,3,5,01,22,6,0,2,0,1,0,0,0,0
"POINT (7.383849611000073 51.549215755000034)",Unfall 27711 (2024) Kat:2, Licht: 2,27711,2,6,2,01,18,5,1,2,1,1,0,0,0,0
"POINT (7.538249586000063 51.522659297000075)",Unfall 27762 (2024) Kat:3, Licht: 2,27762,3,1,0,02,23,7,1,2,0,0,0,0,0,1
"POINT (7.366757121000035 51.495687284000041)",Unfall 27799 (2024) Kat:3, Licht: 2,27799,3,6,2,01,07,4,1,2,0,1,0,0,0,1
"POINT (7.405108901000062 51.495574894000072)",Unfall 27801 (2024) Kat:3, Licht: 1,27801,3,1,9,01,07,4,1,1,0,1,0,0,0,0
"POINT (7.329536135000069 51.500209140000038)",Unfall 27803 (2024) Kat:3, Licht: 2,27803,3,3,5,01,05,4,1,2,1,1,0,0,0,0
"POINT (7.464492587000052 51.552503345000048)",Unfall 27805 (2024) Kat:3, Licht: 0,27805,3,7,0,01,15,4,0,0,1,1,1,0,0,0
"POINT (7.362958780000042 51.496873045000029)",Unfall 27947 (2024) Kat:3, Licht: 2,27947,3,2,5,01,17,3,1,2,0,1,1,0,0,0
"POINT (7.418700087000047 51.558065338000063)",Unfall 27948 (2024) Kat:2, Licht: 2,27948,2,2,4,01,21,3,1,2,0,1,0,0,0,0
"POINT (7.458958551000023 51.501054019000037)",Unfall 27949 (2024) Kat:3, Licht: 0,27949,3,4,6,01,10,3,0,0,0,1,1,0,0,0
"POINT (7.609778869000024 51.540012971000067)",Unfall 27993 (2024) Kat:2, Licht: 2,27993,2,7,0,02,21,7,1,2,0,1,0,0,0,1
"POINT (7.397074328000031 51.473142047000067)",Unfall 28040 (2024) Kat:3, Licht: 0,28040,3,1,9,01,13,2,1,0,0,1,0,0,0,0
"POINT (7.391507309000076 51.583693457000038)",Unfall 28041 (2024) Kat:3, Licht: 1,28041,3,6,3,01,17,2,0,1,0,1,0,0,1,0
"POINT (7.561513872000035 51.573997087000066)",Unfall 28065 (2024) Kat:3, Licht: 0,28065,3,2,5,02,09,7,0,0,0,1,0,1,0,0
"POINT (7.492826012000023 51.577971841000078)",Unfall 28102 (2024) Kat:2, Licht: 0,28102,2,6,2,03,14,7,0,0,0,1,0,0,0,0
"POINT (7.474504282000055 51.535181346000059)",Unfall 28104 (2024) Kat:3, Licht: 0,28104,3,2,5,03,15,7,0,0,0,1,0,0,0,0
"POINT (7.393185058000029 51.480227487000036)",Unfall 28105 (2024) Kat:3, Licht: 0,28105,3,2,4,03,08,7,0,0,0,1,0,0,0,0
"POINT (7.611367693000034 51.532396127000027)",Unfall 28201 (2024) Kat:3, Licht: 0,28201,3,2,5,03,10,6,0,0,0,1,0,0,0,1
"POINT (7.457896358000028 51.541418981000049)",Unfall 28202 (2024) Kat:3, Licht: 0,28202,3,6,2,03,17,6,0,0,0,1,0,0,0,0
"POINT (7.464726977000055 51.518880101000036)",Unfall 28270 (2024) Kat:3, Licht: 0,28270,3,6,3,03,14,5,0,0,0,1,0,1,0,0
"POINT (7.377234548000047 51.497715593000066)",Unfall 28343 (2024) Kat:3, Licht: 0,28343,3,6,2,03,16,4,0,0,0,1,0,0,0,0
"POINT (7.385903911000071 51.550809795000077)",Unfall 28344 (2024) Kat:3, Licht: 0,28344,3,2,5,03,12,4,0,0,0,1,0,0,0,0
"POINT (7.458875517000024 51.478364079000073)",Unfall 28345 (2024) Kat:3, Licht: 2,28345,3,2,4,03,20,4,0,2,1,1,0,0,0,0
"POINT (7.389165126000023 51.507308984000076)",Unfall 28406 (2024) Kat:2, Licht: 0,28406,2,6,2,03,14,3,1,0,0,1,0,0,0,0
"POINT (7.550915674000066 51.493211718000055)",Unfall 28407 (2024) Kat:3, Licht: 0,28407,3,7,1,03,16,3,1,0,0,1,0,0,0,0
"POINT (7.386020158000065 51.575429260000078)",Unfall 28408 (2024) Kat:3, Licht: 1,28408,3,3,5,03,18,3,1,1,0,1,0,1,0,0
"POINT (7.494018100000062 51.514241451000032)",Unfall 28472 (2024) Kat:3, Licht: 0,28472,3,3,5,03,08,2,0,0,0,1,0,0,0,0
"POINT (7.466963965000048 51.503333080000061)",Unfall 28473 (2024) Kat:3, Licht: 2,28473,3,2,5,03,18,2,0,2,1,1,0,0,0,0
"POINT (7.545108063000043 51.523523595000029)",Unfall 28485 (2024) Kat:3, Licht: 2,28485,3,1,0,03,18,3,1,2,1,0,0,0,0,0
"POINT (7.400993590000041 51.496856668000078)",Unfall 28548 (2024) Kat:3, Licht: 0,28548,3,3,5,03,17,1,0,0,0,1,0,0,0,0
"POINT (7.455169848000025 51.515352637000035)",Unfall 28549 (2024) Kat:3, Licht: 2,28549,3,6,3,03,19,1,0,2,0,1,0,0,0,0
"POINT (7.631066878000070 51.539435490000074)",Unfall 28638 (2024) Kat:3, Licht: 0,28638,3,3,5,03,14,7,0,0,1,1,0,0,0,0
"POINT (7.480826872000023 51.469779592000066)",Unfall 28640 (2024) Kat:3, Licht: 0,28640,3,6,2,03,12,7,0,0,0,1,0,0,0,0
"POINT (7.389777768000044 51.508526702000040)",Unfall 28750 (2024) Kat:3, Licht: 0,28750,3,6,2,03,16,6,0,0,0,1,0,0,0,0
"POINT (7.401517012000056 51.527060697000081)",Unfall 28752 (2024) Kat:3, Licht: 0,28752,3,2,6,03,14,6,0,0,0,1,1,0,0,0
"POINT (7.476675351000040 51.525061396000069)",Unfall 28753 (2024) Kat:3, Licht: 0,28753,3,2,5,03,15,6,0,0,1,1,0,0,0,0
"POINT (7.527744280000036 51.453672208000057)",Unfall 28754 (2024) Kat:3, Licht: 0,28754,3,3,5,03,15,6,0,0,0,1,0,0,0,0
"POINT (7.486200383000039 51.513563855000029)",Unfall 28755 (2024) Kat:3, Licht: 0,28755,3,3,5,03,16,6,0,0,1,1,0,0,0,0
"POINT (7.450819705000072 51.511211233000040)",Unfall 28756 (2024) Kat:3, Licht: 0,28756,3,7,1,03,08,6,0,0,0,1,0,0,0,0
"POINT (7.409861179000075 51.506349776000036)",Unfall 28907 (2024) Kat:3, Licht: 0,28907,3,4,6,03,16,2,0,0,0,1,1,0,0,0
"POINT (7.505638758000032 51.480651182000031)",Unfall 28910 (2024) Kat:3, Licht: 0,28910,3,2,0,02,10,4,0,0,0,1,0,0,0,1
"POINT (7.547954905000040 51.473263006000082)",Unfall 29027 (2024) Kat:3, Licht: 0,29027,3,6,2,02,17,3,0,0,0,1,0,0,0,0
"POINT (7.463237959000026 51.519896363000043)",Unfall 29030 (2024) Kat:3, Licht: 0,29030,3,6,1,02,10,3,0,0,0,1,0,0,0,0
"POINT (7.490469293000046 51.496712884000033)",Unfall 29034 (2024) Kat:3, Licht: 0,29034,3,7,6,03,12,2,0,0,0,1,1,0,0,0
"POINT (7.363587047000067 51.494387505000077)",Unfall 29114 (2024) Kat:3, Licht: 1,29114,3,1,2,02,17,2,0,1,0,1,0,0,0,0
"POINT (7.555898768000077 51.494107898000038)",Unfall 29115 (2024) Kat:3, Licht: 0,29115,3,1,0,02,14,2,1,0,0,0,0,1,0,0
"POINT (7.511050935000071 51.418584797000051)",Unfall 29116 (2024) Kat:2, Licht: 2,29116,2,1,8,02,20,2,1,2,0,1,0,0,0,0
"POINT (7.457008324000071 51.576743295000028)",Unfall 29117 (2024) Kat:3, Licht: 0,29117,3,6,3,02,11,2,1,0,0,1,0,0,1,0
"POINT (7.519629023000050 51.456722431000060)",Unfall 29137 (2024) Kat:3, Licht: 0,29137,3,2,4,03,12,7,0,0,1,1,0,0,0,0
"POINT (7.420657794000022 51.497406191000039)",Unfall 29162 (2024) Kat:3, Licht: 2,29162,3,6,2,02,20,1,0,2,0,1,0,0,0,0
"POINT (7.392833009000071 51.496940048000056)",Unfall 29163 (2024) Kat:3, Licht: 2,29163,3,6,1,02,20,1,0,2,0,1,0,0,0,0
"POINT (7.498481819000062 51.503543024000066)",Unfall 29165 (2024) Kat:3, Licht: 2,29165,3,6,3,02,21,1,0,2,0,1,0,0,1,0
"POINT (7.424635408000029 51.521974964000037)",Unfall 29167 (2024) Kat:3, Licht: 0,29167,3,3,0,02,11,1,0,0,1,1,0,0,0,0
"POINT (7.468409079000025 51.497297498000080)",Unfall 29168 (2024) Kat:3, Licht: 2,29168,3,1,2,02,20,1,0,2,0,1,0,0,0,0
"POINT (7.469009438000057 51.499556241000050)",Unfall 29170 (2024) Kat:3, Licht: 0,29170,3,6,3,02,16,1,0,0,0,1,0,1,0,0
"POINT (7.449525230000063 51.513295548000031)",Unfall 29239 (2024) Kat:3, Licht: 0,29239,3,2,0,03,09,3,0,0,1,1,0,0,0,0
"POINT (7.477249229000051 51.443111954000074)",Unfall 29241 (2024) Kat:3, Licht: 0,29241,3,1,8,02,15,7,0,0,0,0,0,1,0,0
"POINT (7.471117147000029 51.574691910000070)",Unfall 29246 (2024) Kat:3, Licht: 2,29246,3,1,9,02,00,7,0,2,0,1,0,0,0,0
"POINT (7.368280217000063 51.563860357000067)",Unfall 29247 (2024) Kat:3, Licht: 2,29247,3,2,5,02,23,7,1,2,0,1,0,0,0,0
"POINT (7.462774559000025 51.524739807000060)",Unfall 29248 (2024) Kat:3, Licht: 0,29248,3,7,6,02,16,7,1,0,0,1,1,0,0,0
"POINT (7.490853070000071 51.496545354000034)",Unfall 29249 (2024) Kat:3, Licht: 0,29249,3,7,0,02,13,7,1,0,0,0,0,0,0,1
"POINT (7.387814803000026 51.505628885000078)",Unfall 29288 (2024) Kat:3, Licht: 0,29288,3,6,2,03,12,7,0,0,0,1,0,0,0,1
"POINT (7.386296071000061 51.502250004000075)",Unfall 29329 (2024) Kat:3, Licht: 0,29329,3,6,2,02,14,6,0,0,0,1,0,0,0,0
"POINT (7.488902498000073 51.442043665000028)",Unfall 29331 (2024) Kat:3, Licht: 1,29331,3,1,2,02,17,6,0,1,0,1,0,1,0,0
"POINT (7.459376847000044 51.529816314000072)",Unfall 29564 (2024) Kat:3, Licht: 0,29564,3,3,5,02,16,3,0,0,1,1,0,0,0,0
"POINT (7.499214034000033 51.479050918000041)",Unfall 29567 (2024) Kat:2, Licht: 2,29567,2,1,8,02,05,3,0,2,0,1,0,0,0,0
"POINT (7.458957549000047 51.464935312000080)",Unfall 29673 (2024) Kat:3, Licht: 0,29673,3,2,0,02,15,2,1,0,1,1,0,0,0,0
"POINT (7.495677039000043 51.476810901000079)",Unfall 29674 (2024) Kat:3, Licht: 0,29674,3,3,5,02,17,2,1,0,0,1,0,0,0,0
"POINT (7.455452230000049 51.513806201000079)",Unfall 29676 (2024) Kat:3, Licht: 2,29676,3,3,5,02,20,2,1,2,0,1,0,0,0,1
"POINT (7.428100181000048 51.516231716000050)",Unfall 29732 (2024) Kat:3, Licht: 2,29732,3,1,9,02,22,1,1,2,0,1,0,0,0,0
"POINT (7.506189276000043 51.485803772000054)",Unfall 29733 (2024) Kat:3, Licht: 2,29733,3,2,6,02,19,1,1,2,0,1,1,0,0,0
"POINT (7.466902866000055 51.509799838000049)",Unfall 29734 (2024) Kat:3, Licht: 2,29734,3,1,1,02,03,1,0,2,0,1,0,0,0,0
"POINT (7.498076116000050 51.554195068000070)",Unfall 29815 (2024) Kat:3, Licht: 0,29815,3,6,2,02,08,7,0,0,0,1,0,0,0,0
"POINT (7.483968040000036 51.513868603000049)",Unfall 29816 (2024) Kat:3, Licht: 0,29816,3,5,1,02,11,7,0,0,1,1,0,0,0,0
"POINT (7.504253896000023 51.569779954000069)",Unfall 29895 (2024) Kat:3, Licht: 2,29895,3,6,1,02,19,6,1,2,0,1,0,0,0,1
"POINT (7.587883177000037 51.497847573000058)",Unfall 29896 (2024) Kat:3, Licht: 1,29896,3,6,4,02,16,6,1,1,0,1,0,0,0,0
"POINT (7.460351488000072 51.545539023000060)",Unfall 29898 (2024) Kat:3, Licht: 2,29898,3,6,3,02,20,6,0,2,0,1,0,0,0,0
"POINT (7.418737600000043 51.460032711000053)",Unfall 30007 (2024) Kat:3, Licht: 1,30007,3,6,3,02,17,5,0,1,0,1,0,0,0,0
"POINT (7.534302805000038 51.536717327000076)",Unfall 30013 (2024) Kat:3, Licht: 0,30013,3,6,2,02,08,5,1,0,0,1,0,0,1,0
"POINT (7.409715646000052 51.541395148000049)",Unfall 30015 (2024) Kat:3, Licht: 0,30015,3,4,6,02,13,5,0,0,1,1,1,0,0,0
"POINT (7.524195507000059 51.437451964000047)",Unfall 30017 (2024) Kat:3, Licht: 0,30017,3,1,9,02,12,5,1,0,0,1,0,0,0,0
"POINT (7.522364017000029 51.459176559000070)",Unfall 30020 (2024) Kat:2, Licht: 2,30020,2,4,6,02,07,5,1,2,0,1,1,0,0,0
"POINT (7.462466210000059 51.509970186000032)",Unfall 30021 (2024) Kat:3, Licht: 0,30021,3,6,3,02,16,5,0,0,1,1,0,0,0,0
"POINT (7.455115022000030 51.515069570000037)",Unfall 30022 (2024) Kat:3, Licht: 0,30022,3,6,2,02,08,5,1,0,0,1,0,0,0,0
"POINT (7.393576165000070 51.496846694000055)",Unfall 30152 (2024) Kat:2, Licht: 1,30152,2,6,3,02,16,4,1,1,0,1,0,0,0,1
"POINT (7.357156780000025 51.557125810000059)",Unfall 30154 (2024) Kat:3, Licht: 0,30154,3,1,2,02,09,4,1,0,0,1,0,0,0,0
"POINT (7.619529944000021 51.533384836000039)",Unfall 30158 (2024) Kat:2, Licht: 2,30158,2,2,0,02,20,4,1,2,0,1,0,0,0,1
"POINT (7.608000870000069 51.531918105000045)",Unfall 30159 (2024) Kat:3, Licht: 1,30159,3,2,6,02,16,4,1,1,0,1,1,0,0,0
"POINT (7.465330956000059 51.553902428000072)",Unfall 30160 (2024) Kat:3, Licht: 0,30160,3,3,0,02,10,4,1,0,0,1,0,0,0,0
"POINT (7.455957057000035 51.532956788000035)",Unfall 30161 (2024) Kat:3, Licht: 2,30161,3,2,6,02,18,4,1,2,0,1,1,0,0,0
"POINT (7.471027923000065 51.525675401000058)",Unfall 30162 (2024) Kat:3, Licht: 0,30162,3,3,5,02,16,4,1,0,0,1,0,0,0,0
"POINT (7.466998100000069 51.503167815000040)",Unfall 30164 (2024) Kat:3, Licht: 0,30164,3,2,5,02,17,4,1,0,1,1,0,0,0,0
"POINT (7.498535294000021 51.503842232000068)",Unfall 30309 (2024) Kat:3, Licht: 0,30309,3,6,2,02,14,7,0,0,0,1,0,0,0,0
"POINT (7.365925582000045 51.579648278000036)",Unfall 30328 (2024) Kat:3, Licht: 0,30328,3,6,2,02,14,2,0,0,0,1,0,0,0,0
"POINT (7.556306909000057 51.559060776000081)",Unfall 30329 (2024) Kat:3, Licht: 0,30329,3,1,0,02,13,2,1,0,0,0,0,1,0,0
"POINT (7.492602032000036 51.579768909000052)",Unfall 30426 (2024) Kat:3, Licht: 0,30426,3,6,2,03,11,5,0,0,0,0,0,0,1,1
"POINT (7.486543621000067 51.585870178000050)",Unfall 30427 (2024) Kat:2, Licht: 0,30427,2,6,2,03,11,5,0,0,0,0,0,0,1,1
"POINT (7.362898109000071 51.496902258000034)",Unfall 30428 (2024) Kat:3, Licht: 0,30428,3,2,0,03,16,5,0,0,0,1,0,0,0,1
"POINT (7.474502783000048 51.535176553000042)",Unfall 30429 (2024) Kat:3, Licht: 0,30429,3,2,5,03,15,5,0,0,0,1,0,0,0,0
"POINT (7.382841318000033 51.508237909000059)",Unfall 30430 (2024) Kat:3, Licht: 0,30430,3,4,6,03,14,5,0,0,0,1,1,0,0,0
"POINT (7.459467759000063 51.511671142000068)",Unfall 30431 (2024) Kat:3, Licht: 0,30431,3,2,5,03,09,5,0,0,1,1,0,0,0,0
"POINT (7.583534714000052 51.527965132000077)",Unfall 30547 (2024) Kat:2, Licht: 0,30547,2,7,0,03,10,4,0,0,1,0,1,0,0,0
"POINT (7.487784223000062 51.513682563000032)",Unfall 30548 (2024) Kat:3, Licht: 0,30548,3,3,5,03,08,4,0,0,1,0,0,0,0,1
"POINT (7.329128772000047 51.500156521000065)",Unfall 30549 (2024) Kat:3, Licht: 0,30549,3,6,2,03,10,4,0,0,0,1,0,0,0,0
"POINT (7.411846875000037 51.500286560000063)",Unfall 30550 (2024) Kat:3, Licht: 0,30550,3,1,0,03,13,4,0,0,0,0,0,1,0,0
"POINT (7.481741792000037 51.501417982000078)",Unfall 30642 (2024) Kat:3, Licht: 0,30642,3,2,0,03,14,3,0,0,0,1,1,0,0,0
"POINT (7.474390595000045 51.511793867000051)",Unfall 30741 (2024) Kat:3, Licht: 0,30741,3,6,2,03,09,2,1,0,0,1,0,0,1,0
"POINT (7.533350906000067 51.489040159000069)",Unfall 30803 (2024) Kat:2, Licht: 2,30803,2,1,8,03,00,1,0,2,0,1,0,0,0,0
"POINT (7.581484672000045 51.558779689000062)",Unfall 30862 (2024) Kat:3, Licht: 0,30862,3,3,5,03,10,7,1,0,0,1,0,0,0,0
"POINT (7.596032037000043 51.480463143000065)",Unfall 30863 (2024) Kat:3, Licht: 2,30863,3,1,7,03,02,7,0,2,1,0,0,0,0,1
"POINT (7.471411926000030 51.516549214000065)",Unfall 30864 (2024) Kat:3, Licht: 2,30864,3,6,2,03,01,7,0,2,0,1,0,0,0,0
"POINT (7.576406326000040 51.558326616000045)",Unfall 30977 (2024) Kat:3, Licht: 2,30977,3,1,9,03,22,6,1,2,0,1,0,0,0,0
"POINT (7.389948396000023 51.579464554000026)",Unfall 30978 (2024) Kat:2, Licht: 1,30978,2,1,8,03,06,6,1,1,0,1,0,0,0,0
"POINT (7.459134597000059 51.543490056000053)",Unfall 30979 (2024) Kat:3, Licht: 0,30979,3,6,2,03,12,6,0,0,0,1,0,0,0,1
"POINT (7.474595219000037 51.517725539000025)",Unfall 31088 (2024) Kat:3, Licht: 0,31088,3,2,6,03,17,5,0,0,0,1,1,0,0,0
"POINT (7.462999218000050 51.517366065000033)",Unfall 31089 (2024) Kat:3, Licht: 0,31089,3,2,5,03,16,5,0,0,1,1,0,0,0,0
"POINT (7.481431579000059 51.523100363000026)",Unfall 31200 (2024) Kat:3, Licht: 2,31200,3,2,3,03,20,4,0,2,1,1,0,0,0,0
"POINT (7.493895227000053 51.476168481000059)",Unfall 31201 (2024) Kat:3, Licht: 0,31201,3,3,5,03,10,4,1,0,1,1,0,0,0,0
"POINT (7.515571657000066 51.504106469000078)",Unfall 31275 (2024) Kat:2, Licht: 0,31275,2,6,1,03,15,3,0,0,0,1,0,0,0,0
"POINT (7.538232039000036 51.549210556000048)",Unfall 31307 (2024) Kat:3, Licht: 0,31307,3,4,6,03,07,3,0,0,0,1,1,0,0,0
"POINT (7.324261352000065 51.506642866000050)",Unfall 31308 (2024) Kat:2, Licht: 1,31308,2,2,6,03,06,3,1,1,0,1,1,0,0,0
"POINT (7.461694549000072 51.522543580000047)",Unfall 31309 (2024) Kat:3, Licht: 0,31309,3,6,3,03,15,3,0,0,0,1,0,0,0,0
"POINT (7.379741389000060 51.508116882000081)",Unfall 31310 (2024) Kat:3, Licht: 0,31310,3,1,5,03,10,3,1,0,0,1,0,0,0,1
"POINT (7.459238556000059 51.504828880000048)",Unfall 31311 (2024) Kat:3, Licht: 0,31311,3,6,2,03,11,3,1,0,0,1,0,0,0,0
"POINT (7.509292237000068 51.441120393000062)",Unfall 31589 (2024) Kat:3, Licht: 0,31589,3,6,2,04,16,4,0,0,0,1,0,0,0,0
"POINT (7.426151421000043 51.583946871000080)",Unfall 31590 (2024) Kat:2, Licht: 0,31590,2,7,2,04,07,4,1,0,0,0,0,0,1,0
"POINT (7.534584536000068 51.522569458000078)",Unfall 31592 (2024) Kat:3, Licht: 0,31592,3,6,1,04,17,4,0,0,0,1,0,0,0,0
"POINT (7.459054079000055 51.530013297000039)",Unfall 31671 (2024) Kat:3, Licht: 0,31671,3,6,2,04,17,3,0,0,0,1,0,0,0,0
"POINT (7.484436863000042 51.452394556000058)",Unfall 31672 (2024) Kat:3, Licht: 0,31672,3,6,2,04,17,3,0,0,0,1,0,0,0,1
"POINT (7.482220481000070 51.468786232000070)",Unfall 31785 (2024) Kat:3, Licht: 0,31785,3,2,5,04,08,2,0,0,0,1,0,0,0,0
"POINT (7.497635561000038 51.494082708000064)",Unfall 31786 (2024) Kat:3, Licht: 0,31786,3,2,5,04,07,2,0,0,1,1,0,0,0,0
"POINT (7.537079056000039 51.544491045000029)",Unfall 31862 (2024) Kat:3, Licht: 1,31862,3,5,1,04,06,1,0,1,0,1,0,0,0,1
"POINT (7.518044852000060 51.536757775000069)",Unfall 31986 (2024) Kat:3, Licht: 0,31986,3,6,2,04,15,7,0,0,0,1,0,1,0,0