WKT,Name,OBJECTID,UKATEGORIE,UTYP1,UART,UMONAT,USTUNDE,UWOCHENTAG,STRZUSTAND,ULICHTVERH,ISTRAD,ISTPKW,ISTFUSS,ISTKRAD,ISTGKFZ,ISTSONSTIG
"POINT (7.461152741000035 51.524460448000070)",Unfall 37572 (2024) Kat:3, Licht: 1,37572,3,2,5,05,20,6,0,1,0,1,0,0,0,1
"POINT (7.434130209000045 51.523940781000078)",Unfall 37672 (2024) Kat:2, Licht: 1,37672,2,1,0,05,20,7,0,1,0,0,0,1,0,0
"POINT (7.514902421000045 51.520067331000064)",Unfall 37698 (2024) Kat:3, Licht: 0,37698,3,3,5,05,09,5,0,0,0,1,0,1,0,0
"POINT (7.472897830000022 51.530334545000073)",Unfall 37699 (2024) Kat:3, Licht: 0,37699,3,3,5,05,14,5,0,0,1,1,0,0,0,0
"POINT (7.451186069000073 51.505700921000027)",Unfall 37700 (2024) Kat:3, Licht: 0,37700,3,6,2,05,13,5,0,0,0,1,0,0,0,0
"POINT (7.555715106000036 51.494068894000065)",Unfall 37715 (2024) Kat:3, Licht: 0,37715,3,3,5,05,09,3,0,0,1,0,0,0,0,1
"POINT (7.474470909000047 51.514737701000058)",Unfall 37797 (2024) Kat:3, Licht: 2,37797,3,3,3,05,22,7,1,2,1,1,0,0,0,0
"POINT (7.391178385000046 51.497265650000031)",Unfall 37836 (2024) Kat:3, Licht: 0,37836,3,6,2,05,16,4,0,0,0,1,0,0,1,0
"POINT (7.369515349000039 51.565010671000039)",Unfall 37837 (2024) Kat:3, Licht: 0,37837,3,3,5,05,09,4,0,0,0,1,0,0,0,1
"POINT (7.343460869000069 51.517627851000043)",Unfall 37838 (2024) Kat:3, Licht: 0,37838,3,3,5,05,17,4,0,0,0,1,0,0,0,0
"POINT (7.451264029000072 51.505405074000066)",Unfall 37839 (2024) Kat:3, Licht: 0,37839,3,1,3,05,16,4,0,0,1,1,0,0,0,0
"POINT (7.413213052000060 51.584484657000075)",Unfall 38039 (2024) Kat:3, Licht: 0,38039,3,6,2,05,08,3,0,0,0,1,0,0,1,0
"POINT (7.538515377000067 51.552785439000047)",Unfall 38043 (2024) Kat:3, Licht: 0,38043,3,2,5,05,18,3,0,0,0,1,0,0,0,0
"POINT (7.540955470000029 51.537266150000050)",Unfall 38044 (2024) Kat:3, Licht: 0,38044,3,3,5,05,08,3,0,0,0,1,0,0,0,0
"POINT (7.403105325000070 51.564593652000042)",Unfall 38046 (2024) Kat:3, Licht: 0,38046,3,1,0,05,21,3,0,0,0,0,0,1,0,0
"POINT (7.387850152000055 51.524595668000075)",Unfall 38050 (2024) Kat:3, Licht: 0,38050,3,7,5,05,07,3,0,0,0,1,0,1,0,0
"POINT (7.504776259000039 51.487437457000055)",Unfall 38051 (2024) Kat:3, Licht: 0,38051,3,3,5,05,18,3,0,0,0,1,0,0,0,0
"POINT (7.472233733000053 51.506888471000082)",Unfall 38052 (2024) Kat:3, Licht: 0,38052,3,1,5,05,12,3,0,0,1,1,0,0,0,0
"POINT (7.460772766000048 51.507764176000080)",Unfall 38053 (2024) Kat:3, Licht: 0,38053,3,2,5,05,10,3,0,0,1,1,0,0,0,0
"POINT (7.401123172000041 51.549218273000065)",Unfall 38095 (2024) Kat:2, Licht: 0,38095,2,6,3,05,13,7,0,0,0,1,0,0,0,0
"POINT (7.485233322000056 51.443465592000052)",Unfall 38270 (2024) Kat:3, Licht: 0,38270,3,6,2,06,16,3,1,0,0,1,0,0,0,0
"POINT (7.359402564000050 51.564222197000049)",Unfall 38273 (2024) Kat:3, Licht: 0,38273,3,6,2,06,15,3,0,0,0,1,0,0,0,0
"POINT (7.464749267000059 51.558228231000044)",Unfall 38275 (2024) Kat:3, Licht: 2,38275,3,1,9,06,23,3,1,2,0,1,0,0,0,0
"POINT (7.466413021000051 51.509811669000044)",Unfall 38276 (2024) Kat:3, Licht: 0,38276,3,6,1,06,20,3,1,0,0,1,0,0,0,0
"POINT (7.455300187000034 51.514247779000073)",Unfall 38277 (2024) Kat:3, Licht: 0,38277,3,6,2,06,08,3,0,0,0,1,0,1,0,0
"POINT (7.522354728000039 51.508858046000057)",Unfall 38362 (2024) Kat:3, Licht: 0,38362,3,6,2,06,06,2,0,0,0,1,0,0,0,1
"POINT (7.545072138000023 51.523519020000037)",Unfall 38423 (2024) Kat:3, Licht: 0,38423,3,1,0,06,09,1,0,0,1,0,0,0,0,0
"POINT (7.472934219000024 51.514148078000062)",Unfall 38424 (2024) Kat:3, Licht: 2,38424,3,6,2,06,00,1,0,2,0,1,0,0,0,0
"POINT (7.545021713000040 51.523511245000066)",Unfall 38481 (2024) Kat:3, Licht: 0,38481,3,5,2,06,17,7,0,0,0,1,0,0,0,1
"POINT (7.325313082000037 51.520850301000053)",Unfall 38482 (2024) Kat:3, Licht: 0,38482,3,5,1,06,15,7,0,0,1,1,0,0,0,0
"POINT (7.478649945000029 51.469762449000029)",Unfall 38483 (2024) Kat:3, Licht: 0,38483,3,6,2,06,18,7,0,0,0,1,0,1,0,0
"POINT (7.471351097000024 51.526501833000054)",Unfall 38559 (2024) Kat:3, Licht: 0,38559,3,2,5,06,20,6,0,0,0,1,0,0,0,1
"POINT (7.415037783000059 51.538356262000036)",Unfall 38560 (2024) Kat:3, Licht: 0,38560,3,2,4,06,11,6,0,0,0,1,0,0,0,0
"POINT (7.468965753000020 51.484161729000050)",Unfall 38561 (2024) Kat:3, Licht: 0,38561,3,6,2,06,11,6,0,0,0,1,0,0,0,0
"POINT (7.559996471000034 51.573633086000029)",Unfall 38647 (2024) Kat:3, Licht: 0,38647,3,3,5,06,13,5,0,0,0,1,0,1,0,0
"POINT (7.559639534000041 51.502454299000078)",Unfall 38728 (2024) Kat:3, Licht: 0,38728,3,3,5,06,18,4,0,0,0,0,0,0,0,1
"POINT (7.364402299000062 51.575700365000046)",Unfall 38787 (2024) Kat:3, Licht: 0,38787,3,6,2,06,14,5,0,0,0,1,0,0,1,0
"POINT (7.468385458000057 51.508528741000077)",Unfall 38841 (2024) Kat:3, Licht: 0,38841,3,3,5,06,12,3,1,0,0,1,0,0,0,0
"POINT (7.457152550000046 51.582517947000042)",Unfall 38899 (2024) Kat:1, Licht: 0,38899,1,6,4,06,16,5,0,0,0,0,0,1,1,0
"POINT (7.497094406000031 51.503726251000046)",Unfall 38950 (2024) Kat:3, Licht: 0,38950,3,6,0,06,08,2,0,0,0,1,0,0,0,0
"POINT (7.472821581000062 51.512782201000050)",Unfall 38951 (2024) Kat:3, Licht: 0,38951,3,6,3,06,16,2,1,0,0,1,0,0,0,0
"POINT (7.478417558000046 51.575122026000031)",Unfall 39053 (2024) Kat:2, Licht: 2,39053,2,6,2,06,02,1,0,2,0,0,0,0,0,1
"POINT (7.611079602000075 51.537299617000031)",Unfall 39055 (2024) Kat:3, Licht: 0,39055,3,1,0,06,19,1,0,0,1,0,0,0,0,0
"POINT (7.401123172000041 51.549218273000065)",Unfall 39057 (2024) Kat:3, Licht: 0,39057,3,6,2,06,18,1,0,0,0,1,0,0,0,0
"POINT (7.470355088000076 51.523785515000043)",Unfall 39136 (2024) Kat:3, Licht: 0,39136,3,6,4,06,06,2,0,0,1,0,0,0,0,0
"POINT (7.403751672000055 51.494970762000037)",Unfall 39183 (2024) Kat:3, Licht: 1,39183,3,1,9,06,21,7,0,1,0,1,0,0,0,0
"POINT (7.561186704000022 51.495055048000040)",Unfall 39185 (2024) Kat:3, Licht: 0,39185,3,1,0,06,11,7,0,0,0,0,0,0,0,1
"POINT (7.474505777000047 51.509116440000071)",Unfall 39186 (2024) Kat:3, Licht: 0,39186,3,1,8,06,10,7,0,0,1,0,0,0,0,0
"POINT (7.501204332000043 51.559273474000065)",Unfall 39314 (2024) Kat:3, Licht: 0,39314,3,7,1,06,12,6,0,0,0,1,0,0,1,0
"POINT (7.411370490000024 51.540480958000046)",Unfall 39315 (2024) Kat:3, Licht: 0,39315,3,1,8,06,13,6,0,0,0,1,0,0,0,0
"POINT (7.371586224000055 51.522241776000044)",Unfall 39316 (2024) Kat:3, Licht: 0,39316,3,1,0,06,07,6,0,0,0,0,0,1,0,0
"POINT (7.372765302000062 51.518107202000067)",Unfall 39318 (2024) Kat:3, Licht: 0,39318,3,6,2,06,16,6,0,0,0,1,0,0,0,0
"POINT (7.385811477000061 51.550816841000028)",Unfall 39425 (2024) Kat:3, Licht: 0,39425,3,3,5,06,10,5,0,0,0,1,0,0,0,0
"POINT (7.464457175000064 51.509855185000049)",Unfall 39495 (2024) Kat:3, Licht: 0,39495,3,7,0,06,07,3,0,0,1,0,0,0,0,0
"POINT (7.376660415000060 51.497814059000063)",Unfall 39547 (2024) Kat:3, Licht: 0,39547,3,7,2,06,07,4,0,0,0,1,0,1,0,0
"POINT (7.575917308000044 51.504810414000076)",Unfall 39548 (2024) Kat:3, Licht: 0,39548,3,3,5,06,06,4,1,0,0,1,0,0,0,0
"POINT (7.416270507000036 51.502477115000033)",Unfall 39549 (2024) Kat:2, Licht: 0,39549,2,2,3,06,12,4,0,0,1,1,0,0,0,0
"POINT (7.463426485000070 51.517481852000060)",Unfall 39550 (2024) Kat:3, Licht: 0,39550,3,6,3,06,14,4,0,0,0,1,0,0,1,0
"POINT (7.550270037000075 51.492087847000050)",Unfall 39669 (2024) Kat:3, Licht: 0,39669,3,6,1,06,14,3,0,0,0,1,0,0,0,0
"POINT (7.401637396000069 51.505257993000043)",Unfall 39671 (2024) Kat:3, Licht: 0,39671,3,5,1,06,18,3,0,0,1,0,0,0,0,1
"POINT (7.456358509000040 51.460378692000063)",Unfall 39672 (2024) Kat:3, Licht: 0,39672,3,3,5,06,12,3,0,0,1,1,0,0,0,0
"POINT (7.462564937000025 51.510123998000040)",Unfall 39673 (2024) Kat:3, Licht: 0,39673,3,1,8,06,19,3,0,0,1,0,0,0,0,0
"POINT (7.496770506000075 51.526037051000060)",Unfall 39685 (2024) Kat:3, Licht: 0,39685,3,6,2,06,18,7,0,0,0,1,0,1,0,0
"POINT (7.385372806000021 51.497903597000061)",Unfall 39783 (2024) Kat:1, Licht: 0,39783,1,6,2,06,16,2,0,0,0,1,0,0,1,0
"POINT (7.403068616000041 51.482094475000054)",Unfall 39784 (2024) Kat:3, Licht: 0,39784,3,2,5,06,10,2,0,0,1,1,0,0,0,0
"POINT (7.514994849000061 51.486383037000053)",Unfall 39785 (2024) Kat:3, Licht: 0,39785,3,3,5,06,15,2,0,0,0,1,0,0,0,0
"POINT (7.469114761000071 51.517100141000071)",Unfall 39788 (2024) Kat:3, Licht: 2,39788,3,2,4,06,21,2,0,2,0,1,0,0,0,0
"POINT (7.447412861000032 51.496748376000028)",Unfall 39790 (2024) Kat:3, Licht: 0,39790,3,6,2,06,12,2,0,0,0,1,0,0,0,0
"POINT (7.500073551000071 51.578966778000051)",Unfall 39853 (2024) Kat:3, Licht: 1,39853,3,2,3,06,20,1,0,1,0,1,0,0,0,0
"POINT (7.472403308000025 51.469798839000077)",Unfall 39856 (2024) Kat:3, Licht: 0,39856,3,7,8,06,17,1,0,0,0,1,0,0,0,0
"POINT (7.474879530000067 51.505214170000045)",Unfall 39920 (2024) Kat:3, Licht: 0,39920,3,1,0,06,07,1,0,0,0,0,0,0,0,1
"POINT (7.460620854000069 51.507474593000040)",Unfall 39941 (2024) Kat:3, Licht: 0,39941,3,7,5,06,17,7,0,0,0,0,0,0,0,1
"POINT (7.461780538000028 51.510221979000050)",Unfall 39942 (2024) Kat:3, Licht: 2,39942,3,1,9,06,04,7,0,2,0,1,0,0,0,0
"POINT (7.478109255000049 51.514356497000051)",Unfall 39943 (2024) Kat:3, Licht: 2,39943,3,7,0,06,01,7,0,2,0,0,0,0,0,1
"POINT (7.463885444000027 51.575311164000027)",Unfall 40040 (2024) Kat:3, Licht: 0,40040,3,6,2,05,15,6,0,0,0,1,0,0,0,0
"POINT (7.387368250000065 51.578631337000047)",Unfall 40041 (2024) Kat:2, Licht: 0,40041,2,7,6,05,18,6,0,0,0,1,1,0,0,0
"POINT (7.528586872000062 51.536356226000066)",Unfall 40044 (2024) Kat:3, Licht: 0,40044,3,6,1,05,13,6,0,0,0,1,0,0,0,0
"POINT (7.459411847000069 51.529794953000078)",Unfall 40045 (2024) Kat:3, Licht: 0,40045,3,6,2,05,13,6,0,0,0,1,0,0,0,0
"POINT (7.510903653000071 51.487115786000061)",Unfall 40046 (2024) Kat:3, Licht: 0,40046,3,4,6,05,10,6,0,0,0,1,1,0,0,0
"POINT (7.374326708000069 51.567998157000034)",Unfall 40106 (2024) Kat:3, Licht: 0,40106,3,6,0,06,16,5,0,0,0,0,0,1,0,0
"POINT (7.515246294000065 51.504063030000054)",Unfall 40269 (2024) Kat:3, Licht: 0,40269,3,6,1,05,15,4,1,0,0,1,0,0,1,0
"POINT (7.439821499000061 51.481757651000066)",Unfall 40271 (2024) Kat:3, Licht: 0,40271,3,6,2,05,17,4,1,0,0,1,0,0,0,0
"POINT (7.499807924000038 51.488300823000031)",Unfall 40272 (2024) Kat:2, Licht: 2,40272,2,4,6,05,23,4,0,2,0,1,1,0,0,0
"POINT (7.537374866000050 51.557875250000052)",Unfall 40344 (2024) Kat:3, Licht: 0,40344,3,5,3,06,16,1,0,0,0,1,0,0,0,0
"POINT (7.329900955000028 51.497027418000073)",Unfall 40435 (2024) Kat:3, Licht: 0,40435,3,6,2,05,09,3,0,0,0,1,0,0,0,0
"POINT (7.611045317000048 51.537372610000034)",Unfall 40438 (2024) Kat:2, Licht: 0,40438,2,6,4,05,15,3,0,0,0,1,0,0,0,1
"POINT (7.422009100000025 51.508143961000030)",Unfall 40441 (2024) Kat:3, Licht: 0,40441,3,6,2,05,17,3,0,0,0,1,0,0,0,1
"POINT (7.491938556000036 51.549779798000031)",Unfall 40442 (2024) Kat:3, Licht: 0,40442,3,1,0,05,12,3,0,0,0,0,0,1,0,0
"POINT (7.426811121000071 51.482481195000048)",Unfall 40443 (2024) Kat:3, Licht: 1,40443,3,7,9,05,20,3,0,1,0,1,0,0,0,0
"POINT (7.554965503000062 51.489286503000073)",Unfall 40599 (2024) Kat:3, Licht: 0,40599,3,2,5,06,15,5,0,0,0,1,0,0,0,0
"POINT (7.397566203000054 51.549870154000075)",Unfall 40600 (2024) Kat:3, Licht: 0,40600,3,6,2,06,10,5,0,0,0,1,0,0,0,0
"POINT (7.418058315000053 51.532120246000034)",Unfall 40601 (2024) Kat:3, Licht: 0,40601,3,4,6,06,07,5,0,0,0,1,1,0,0,0
"POINT (7.468239925000034 51.499502655000072)",Unfall 40602 (2024) Kat:3, Licht: 0,40602,3,6,2,06,07,5,0,0,0,1,0,0,0,0
"POINT (7.403643857000077 51.461690472000043)",Unfall 40740 (2024) Kat:3, Licht: 0,40740,3,1,2,06,16,4,0,0,0,1,0,0,0,0
"POINT (7.390021862000026 51.511731725000061)",Unfall 40741 (2024) Kat:3, Licht: 0,40741,3,6,3,06,13,4,0,0,0,1,0,0,1,0
"POINT (7.573876512000027 51.500130095000031)",Unfall 40743 (2024) Kat:3, Licht: 0,40743,3,3,5,06,16,4,0,0,0,1,0,0,0,0
"POINT (7.361204077000025 51.574383051000041)",Unfall 40744 (2024) Kat:3, Licht: 0,40744,3,3,5,06,08,4,0,0,1,1,0,0,0,0
"POINT (7.491507372000058 51.549903444000051)",Unfall 40745 (2024) Kat:3, Licht: 0,40745,3,2,5,06,16,4,0,0,0,0,0,1,0,1
"POINT (7.363321202000066 51.526234787000078)",Unfall 40747 (2024) Kat:3, Licht: 0,40747,3,1,3,06,12,4,0,0,1,1,0,0,0,0
"POINT (7.417218315000071 51.507511748000070)",Unfall 40748 (2024) Kat:3, Licht: 0,40748,3,1,9,06,09,4,0,0,0,1,0,0,0,0
"POINT (7.485446144000036 51.500932039000077)",Unfall 40749 (2024) Kat:3, Licht: 0,40749,3,1,0,06,18,4,0,0,0,0,0,1,0,0
"POINT (7.486676132000071 51.501224347000061)",Unfall 40750 (2024) Kat:3, Licht: 0,40750,3,2,5,06,14,4,0,0,1,1,0,0,0,0
"POINT (7.504339105000042 51.503693104000035)",Unfall 40889 (2024) Kat:3, Licht: 0,40889,3,6,2,06,16,3,0,0,0,1,0,0,0,0
"POINT (7.501719636000075 51.494397070000048)",Unfall 40891 (2024) Kat:3, Licht: 0,40891,3,2,5,06,13,3,0,0,1,1,0,0,0,0
"POINT (7.365466124000022 51.525598049000052)",Unfall 41023 (2024) Kat:3, Licht: 0,41023,3,1,2,06,10,2,0,0,0,1,0,0,0,0
"POINT (7.469438613000023 51.516895314000067)",Unfall 41024 (2024) Kat:3, Licht: 0,41024,3,1,2,06,13,2,0,0,0,1,0,0,0,0
"POINT (7.389051285000050 51.515263524000034)",Unfall 41131 (2024) Kat:3, Licht: 2,41131,3,1,0,06,01,1,0,2,0,1,0,0,0,0
"POINT (7.584059862000061 51.502696898000067)",Unfall 41132 (2024) Kat:3, Licht: 0,41132,3,1,1,06,10,1,0,0,0,1,0,0,0,0
"POINT (7.541130131000045 51.491748546000053)",Unfall 41133 (2024) Kat:3, Licht: 2,41133,3,7,0,06,02,1,0,2,1,1,0,0,0,0
"POINT (7.326023290000023 51.495927056000028)",Unfall 41136 (2024) Kat:3, Licht: 0,41136,3,2,5,06,11,1,0,0,0,1,0,0,0,0
"POINT (7.379153070000029 51.508913457000062)",Unfall 41137 (2024) Kat:3, Licht: 0,41137,3,7,0,06,17,1,0,0,1,1,0,0,0,0
"POINT (7.475481963000050 51.514798531000054)",Unfall 41139 (2024) Kat:3, Licht: 0,41139,3,3,5,06,18,1,0,0,1,1,0,0,0,0
"POINT (7.500965380000025 51.558346210000082)",Unfall 41253 (2024) Kat:3, Licht: 0,41253,3,1,0,06,15,7,0,0,0,0,0,1,0,0
"POINT (7.387023276000036 51.578238614000043)",Unfall 41256 (2024) Kat:3, Licht: 0,41256,3,3,5,06,15,7,0,0,0,1,0,1,0,0
"POINT (7.462235343000032 51.521918316000040)",Unfall 41257 (2024) Kat:3, Licht: 0,41257,3,1,0,06,16,7,0,0,1,0,0,0,0,0
"POINT (7.425166604000026 51.508929958000067)",Unfall 41258 (2024) Kat:3, Licht: 0,41258,3,6,2,06,15,7,0,0,0,1,0,0,0,0
"POINT (7.386773915000049 51.524691616000041)",Unfall 41259 (2024) Kat:3, Licht: 0,41259,3,2,6,06,15,7,0,0,0,1,1,0,0,0
"POINT (7.478683660000058 51.500156365000066)",Unfall 41261 (2024) Kat:3, Licht: 0,41261,3,7,0,06,19,7,0,0,0,0,0,0,0,1
"POINT (7.443180853000058 51.494534819000080)",Unfall 41376 (2024) Kat:3, Licht: 0,41376,3,6,2,06,20,7,0,0,0,1,0,0,0,0
"POINT (7.365655481000033 51.578774248000059)",Unfall 41396 (2024) Kat:3, Licht: 0,41396,3,6,2,06,10,6,0,0,0,1,0,0,0,1
"POINT (7.456701343000020 51.539309826000078)",Unfall 41398 (2024) Kat:3, Licht: 2,41398,3,2,5,06,23,6,1,2,0,1,0,0,0,1
"POINT (7.495500752000055 51.485548618000053)",Unfall 41399 (2024) Kat:3, Licht: 0,41399,3,7,6,06,16,6,1,0,0,1,1,0,0,0
"POINT (7.460162830000058 51.493755430000078)",Unfall 41400 (2024) Kat:3, Licht: 0,41400,3,1,9,06,19,6,1,0,0,1,0,0,0,0
"POINT (7.499379679000072 51.570971052000061)",Unfall 41520 (2024) Kat:3, Licht: 0,41520,3,6,2,06,10,5,0,0,0,1,0,0,1,0
"POINT (7.582114830000023 51.528020515000037)",Unfall 41521 (2024) Kat:3, Licht: 0,41521,3,2,3,06,08,5,0,0,1,1,0,0,0,0
"POINT (7.422671992000062 51.511025291000067)",Unfall 41522 (2024) Kat:3, Licht: 0,41522,3,7,0,06,17,5,0,0,1,0,0,0,0,0
"POINT (7.484595909000063 51.471750034000081)",Unfall 41523 (2024) Kat:3, Licht: 0,41523,3,3,5,06,10,5,0,0,1,1,0,0,0,0
"POINT (7.556644431000052 51.571909214000073)",Unfall 41674 (2024) Kat:3, Licht: 0,41674,3,1,4,06,17,4,0,0,1,1,0,0,0,0
"POINT (7.456173416000070 51.497862376000057)",Unfall 41676 (2024) Kat:2, Licht: 0,41676,2,6,3,06,16,4,0,0,0,1,0,1,0,0
"POINT (7.462214104000054 51.509859572000039)",Unfall 41677 (2024) Kat:3, Licht: 0,41677,3,7,0,06,14,4,0,0,0,1,0,1,0,0
"POINT (7.377974262000066 51.525117482000041)",Unfall 41892 (2024) Kat:3, Licht: 0,41892,3,6,2,07,18,4,1,0,0,1,0,0,0,0
"POINT (7.359268256000064 51.563947258000042)",Unfall 41893 (2024) Kat:3, Licht: 0,41893,3,6,2,07,15,4,0,0,0,0,0,0,0,1
"POINT (7.500812217000032 51.568841397000028)",Unfall 41895 (2024) Kat:3, Licht: 0,41895,3,6,2,07,18,4,1,0,0,1,0,0,0,0
"POINT (7.370541976000027 51.542799794000075)",Unfall 41896 (2024) Kat:3, Licht: 0,41896,3,1,6,07,09,4,0,0,0,1,1,0,0,0
"POINT (7.407839295000031 51.481330038000067)",Unfall 41897 (2024) Kat:3, Licht: 0,41897,3,2,5,07,16,4,0,0,0,1,0,0,0,1
"POINT (7.410690926000029 51.481207032000043)",Unfall 41898 (2024) Kat:3, Licht: 0,41898,3,7,2,07,11,4,0,0,0,1,0,0,0,0
"POINT (7.470459200000050 51.499063435000039)",Unfall 41899 (2024) Kat:3, Licht: 0,41899,3,6,2,07,09,4,1,0,0,1,0,0,0,0
"POINT (7.474534605000031 51.511214865000056)",Unfall 42035 (2024) Kat:3, Licht: 0,42035,3,5,1,07,12,3,0,0,1,1,0,0,0,0
"POINT (7.474588503000064 51.517830077000042)",Unfall 42036 (2024) Kat:3, Licht: 0,42036,3,3,3,07,09,3,0,0,1,0,0,0,0,1
"POINT (7.555181981000032 51.490099897000050)",Unfall 42142 (2024) Kat:3, Licht: 0,42142,3,6,2,07,13,2,0,0,0,1,0,0,0,0
"POINT (7.413902392000068 51.530235673000050)",Unfall 42224 (2024) Kat:3, Licht: 0,42224,3,3,5,07,10,1,0,0,0,1,0,0,0,0
"POINT (7.497628713000040 51.494080739000026)",Unfall 42225 (2024) Kat:3, Licht: 0,42225,3,4,6,07,19,1,0,0,0,1,1,0,0,0
"POINT (7.463184152000053 51.550307838000037)",Unfall 42291 (2024) Kat:2, Licht: 0,42291,2,1,0,07,15,7,0,0,1,0,0,0,0,0
"POINT (7.537636644000031 51.556695924000053)",Unfall 42387 (2024) Kat:2, Licht: 0,42387,2,7,6,07,18,6,0,0,0,1,1,0,0,0
"POINT (7.499888404000046 51.488292789000070)",Unfall 42420 (2024) Kat:3, Licht: 0,42420,3,1,0,07,12,6,0,0,0,0,1,0,0,1
"POINT (7.551234308000062 51.470930632000034)",Unfall 42508 (2024) Kat:2, Licht: 0,42508,2,6,6,07,19,5,0,0,1,0,1,0,0,0
"POINT (7.323642504000077 51.508116676000043)",Unfall 42509 (2024) Kat:3, Licht: 0,42509,3,6,1,07,11,5,1,0,0,1,0,0,1,0
"POINT (7.460641069000076 51.507513220000078)",Unfall 42510 (2024) Kat:3, Licht: 0,42510,3,6,0,07,07,5,1,0,0,1,0,1,0,0
"POINT (7.552527289000068 51.482581506000031)",Unfall 42589 (2024) Kat:3, Licht: 2,42589,3,3,5,07,22,5,0,2,0,1,0,0,0,0
"POINT (7.448225357000069 51.513073175000045)",Unfall 42601 (2024) Kat:3, Licht: 0,42601,3,6,1,07,18,4,1,0,0,1,0,0,0,0
"POINT (7.474357172000055 51.515269067000077)",Unfall 42602 (2024) Kat:2, Licht: 0,42602,2,6,0,07,18,4,0,0,0,1,0,0,0,0
"POINT (7.403723394000053 51.468976725000061)",Unfall 42745 (2024) Kat:3, Licht: 0,42745,3,1,9,07,14,3,1,0,0,0,0,1,0,0
"POINT (7.538516200000061 51.552719821000039)",Unfall 42747 (2024) Kat:3, Licht: 0,42747,3,2,5,07,20,3,0,0,0,1,0,0,0,0
"POINT (7.504272222000054 51.569819467000059)",Unfall 42748 (2024) Kat:3, Licht: 0,42748,3,2,5,07,11,3,1,0,0,1,0,0,0,0
"POINT (7.457251145000043 51.446737051000071)",Unfall 42749 (2024) Kat:3, Licht: 0,42749,3,2,3,07,17,3,0,0,1,1,0,0,0,0
"POINT (7.491915540000036 51.577961334000065)",Unfall 42857 (2024) Kat:3, Licht: 0,42857,3,1,9,07,13,3,1,0,0,1,0,0,0,0
"POINT (7.590110109000022 51.505933838000033)",Unfall 42887 (2024) Kat:3, Licht: 0,42887,3,6,2,07,16,2,1,0,0,1,0,0,1,1
"POINT (7.400085240000067 51.583280951000063)",Unfall 42888 (2024) Kat:3, Licht: 0,42888,3,1,2,07,08,2,1,0,0,0,0,0,1,1
"POINT (7.492521115000045 51.514270029000045)",Unfall 42889 (2024) Kat:3, Licht: 0,42889,3,7,0,07,09,2,0,0,1,1,0,0,0,0
"POINT (7.474103528000057 51.525588249000066)",Unfall 42891 (2024) Kat:3, Licht: 0,42891,3,6,2,07,13,2,0,0,0,1,0,0,0,0
"POINT (7.410484340000039 51.540967742000078)",Unfall 42892 (2024) Kat:3, Licht: 0,42892,3,6,2,07,14,2,0,0,0,1,0,0,0,1
"POINT (7.468726753000055 51.517200768000066)",Unfall 42893 (2024) Kat:3, Licht: 0,42893,3,3,5,07,13,2,0,0,0,1,0,0,0,1
"POINT (7.596775397000044 51.559659809000038)",Unfall 42966 (2024) Kat:3, Licht: 0,42966,3,7,0,06,12,1,1,0,1,1,0,0,0,0
"POINT (7.429642899000044 51.482463208000070)",Unfall 42968 (2024) Kat:3, Licht: 0,42968,3,6,2,06,15,1,0,0,0,1,0,0,0,0
"POINT (7.447204104000036 51.435421544000064)",Unfall 43038 (2024) Kat:2, Licht: 0,43038,2,1,4,07,19,5,0,0,0,1,0,0,0,1
"POINT (7.528926012000056 51.486219625000047)",Unfall 43089 (2024) Kat:3, Licht: 0,43089,3,2,4,07,06,2,0,0,0,1,0,0,0,0
"POINT (7.379674696000052 51.523043615000063)",Unfall 43117 (2024) Kat:3, Licht: 1,43117,3,1,8,06,21,7,1,1,0,1,0,0,0,0
"POINT (7.461699113000066 51.547610949000045)",Unfall 43119 (2024) Kat:1, Licht: 1,43119,1,7,6,06,20,7,0,1,0,1,1,0,0,0
"POINT (7.456988830000057 51.524167652000074)",Unfall 43120 (2024) Kat:3, Licht: 0,43120,3,2,5,06,18,7,0,0,0,1,0,0,0,1
"POINT (7.460278794000033 51.526607260000048)",Unfall 43121 (2024) Kat:3, Licht: 0,43121,3,7,3,06,17,7,0,0,0,1,0,0,0,1
"POINT (7.486069359000055 51.523849340000027)",Unfall 43122 (2024) Kat:3, Licht: 0,43122,3,3,5,06,10,7,0,0,1,1,0,0,0,0
"POINT (7.508164857000054 51.503992900000071)",Unfall 43144 (2024) Kat:3, Licht: 0,43144,3,6,2,07,09,2,0,0,0,1,0,0,0,0
"POINT (7.478906009000070 51.524402388000055)",Unfall 43269 (2024) Kat:3, Licht: 0,43269,3,4,6,06,16,1,0,0,0,1,1,0,0,0
"POINT (7.358979654000052 51.563332785000057)",Unfall 43313 (2024) Kat:3, Licht: 0,43313,3,6,2,06,14,6,0,0,0,1,0,0,1,0
"POINT (7.534102569000027 51.507165636000082)",Unfall 43317 (2024) Kat:3, Licht: 0,43317,3,6,2,06,15,6,0,0,0,1,0,0,0,0
"POINT (7.502486939000050 51.528253240000026)",Unfall 43318 (2024) Kat:3, Licht: 0,43318,3,1,4,06,07,6,0,0,1,0,0,0,0,0
"POINT (7.524264657000060 51.465294488000040)",Unfall 43319 (2024) Kat:3, Licht: 0,43319,3,3,5,06,16,6,0,0,0,1,0,0,0,0
"POINT (7.475302903000056 51.537082711000039)",Unfall 43368 (2024) Kat:2, Licht: 0,43368,2,1,6,07,14,4,1,0,1,0,1,0,0,0
"POINT (7.583540157000073 51.527965108000046)",Unfall 43453 (2024) Kat:3, Licht: 0,43453,3,6,3,08,10,6,0,0,1,1,0,0,1,0