WKT,Name,OBJECTID,UKATEGORIE,UTYP1,UART,UMONAT,USTUNDE,UWOCHENTAG,STRZUSTAND,ULICHTVERH,ISTRAD,ISTPKW,ISTFUSS,ISTKRAD,ISTGKFZ,ISTSONSTIG
"POINT (7.555225243000052 51.491155446000050)",Unfall 43454 (2024) Kat:3, Licht: 0,43454,3,1,8,08,10,6,0,0,0,1,1,0,0,0
"POINT (7.480079977000059 51.523985897000045)",Unfall 43455 (2024) Kat:3, Licht: 0,43455,3,1,6,08,14,6,0,0,0,0,1,0,0,1
"POINT (7.485976053000059 51.523715972000048)",Unfall 43456 (2024) Kat:3, Licht: 0,43456,3,6,2,08,11,6,0,0,0,1,0,1,0,0
"POINT (7.403154015000041 51.564786698000034)",Unfall 43457 (2024) Kat:3, Licht: 0,43457,3,6,2,08,15,6,0,0,0,1,0,0,0,0
"POINT (7.382410694000043 51.524738401000036)",Unfall 43458 (2024) Kat:3, Licht: 0,43458,3,3,5,08,13,6,0,0,0,1,0,0,0,0
"POINT (7.497094406000031 51.503726251000046)",Unfall 43459 (2024) Kat:3, Licht: 0,43459,3,2,3,08,05,6,1,0,0,1,0,0,0,0
"POINT (7.351557773000025 51.503854817000047)",Unfall 43507 (2024) Kat:2, Licht: 0,43507,2,3,5,08,16,6,0,0,1,1,0,0,0,0
"POINT (7.471351201000061 51.526502052000069)",Unfall 43551 (2024) Kat:3, Licht: 0,43551,3,3,5,08,06,5,0,0,0,1,0,0,0,1
"POINT (7.492637730000069 51.476403510000068)",Unfall 43552 (2024) Kat:3, Licht: 0,43552,3,3,5,08,18,5,1,0,1,1,0,0,0,0
"POINT (7.502096601000062 51.492657170000030)",Unfall 43553 (2024) Kat:3, Licht: 0,43553,3,1,8,08,16,5,0,0,0,1,0,1,0,0
"POINT (7.331665998000062 51.501227377000077)",Unfall 43619 (2024) Kat:3, Licht: 0,43619,3,5,0,07,18,4,0,0,0,1,0,0,0,1
"POINT (7.581754383000032 51.557979447000037)",Unfall 43705 (2024) Kat:3, Licht: 0,43705,3,2,4,07,17,3,0,0,1,1,0,0,0,0
"POINT (7.596177100000034 51.495443081000076)",Unfall 43706 (2024) Kat:3, Licht: 0,43706,3,3,5,07,18,3,0,0,1,1,0,0,0,0
"POINT (7.553109542000072 51.483107346000054)",Unfall 43707 (2024) Kat:3, Licht: 0,43707,3,4,6,07,17,3,0,0,0,1,1,0,0,0
"POINT (7.386007703000075 51.524754819000066)",Unfall 43869 (2024) Kat:3, Licht: 0,43869,3,3,5,07,19,1,0,0,0,1,0,0,0,1
"POINT (7.507180927000036 51.422600903000045)",Unfall 43870 (2024) Kat:3, Licht: 0,43870,3,7,0,07,13,1,0,0,0,0,0,1,0,0
"POINT (7.472800175000032 51.512579466000034)",Unfall 43872 (2024) Kat:3, Licht: 2,43872,3,3,3,07,21,1,0,2,1,0,0,0,0,1
"POINT (7.458879842000044 51.516696300000035)",Unfall 43873 (2024) Kat:3, Licht: 0,43873,3,6,5,07,20,1,0,0,0,1,0,1,0,1
"POINT (7.468998876000057 51.517129909000062)",Unfall 43874 (2024) Kat:3, Licht: 0,43874,3,2,5,07,16,1,0,0,0,1,0,1,0,0
"POINT (7.463775097000052 51.519031170000062)",Unfall 44020 (2024) Kat:3, Licht: 0,44020,3,1,0,07,16,6,1,0,0,0,0,1,0,0
"POINT (7.488718978000065 51.524221769000064)",Unfall 44021 (2024) Kat:3, Licht: 0,44021,3,6,1,07,12,6,0,0,0,1,0,0,0,1
"POINT (7.475789350000070 51.518341710000072)",Unfall 44116 (2024) Kat:3, Licht: 0,44116,3,1,5,07,16,5,0,0,1,1,0,0,0,0
"POINT (7.545298376000062 51.523545916000046)",Unfall 44117 (2024) Kat:3, Licht: 0,44117,3,1,0,07,13,5,0,0,1,0,0,0,0,0
"POINT (7.511134679000065 51.517589403000045)",Unfall 44118 (2024) Kat:3, Licht: 0,44118,3,6,3,07,09,5,0,0,0,1,0,0,0,0
"POINT (7.400556146000042 51.526870039000073)",Unfall 44119 (2024) Kat:3, Licht: 0,44119,3,6,2,07,17,5,0,0,0,1,0,1,0,0
"POINT (7.363958997000054 51.540834293000046)",Unfall 44309 (2024) Kat:3, Licht: 0,44309,3,1,8,07,21,3,1,0,0,1,0,0,0,0
"POINT (7.316599268000061 51.496156146000033)",Unfall 44310 (2024) Kat:3, Licht: 0,44310,3,6,2,07,11,3,1,0,0,1,0,0,0,0
"POINT (7.457906340000022 51.516582181000047)",Unfall 44314 (2024) Kat:3, Licht: 2,44314,3,7,0,07,22,3,1,2,0,0,0,0,0,1
"POINT (7.458054597000057 51.516601163000075)",Unfall 44315 (2024) Kat:3, Licht: 1,44315,3,1,0,07,22,3,1,1,0,0,0,0,0,1
"POINT (7.479578842000024 51.461042369000040)",Unfall 44410 (2024) Kat:3, Licht: 0,44410,3,3,1,07,12,2,0,0,0,1,0,1,0,0
"POINT (7.506288833000042 51.488214154000048)",Unfall 44411 (2024) Kat:3, Licht: 0,44411,3,2,5,07,15,2,0,0,1,1,0,0,0,0
"POINT (7.488188597000033 51.513606265000078)",Unfall 44413 (2024) Kat:3, Licht: 0,44413,3,1,6,07,16,2,0,0,1,0,1,0,0,0
"POINT (7.456437438000023 51.516282588000081)",Unfall 44414 (2024) Kat:3, Licht: 2,44414,3,3,5,07,00,2,0,2,1,1,0,0,0,0
"POINT (7.511224836000054 51.517658749000077)",Unfall 44488 (2024) Kat:3, Licht: 1,44488,3,7,0,07,20,1,0,1,0,0,0,0,0,1
"POINT (7.493023981000022 51.550725461000070)",Unfall 44491 (2024) Kat:3, Licht: 0,44491,3,5,1,07,18,1,0,0,0,1,0,0,0,0
"POINT (7.518080715000053 51.455279625000060)",Unfall 44589 (2024) Kat:2, Licht: 0,44589,2,1,0,07,12,7,0,0,1,0,0,0,0,0
"POINT (7.502671677000023 51.515618194000069)",Unfall 44694 (2024) Kat:2, Licht: 0,44694,2,2,5,07,14,6,0,0,0,1,0,0,0,0
"POINT (7.507377553000026 51.515877789000058)",Unfall 44697 (2024) Kat:3, Licht: 0,44697,3,6,3,07,08,6,0,0,0,0,0,1,0,0
"POINT (7.503179184000032 51.503960117000076)",Unfall 44826 (2024) Kat:3, Licht: 0,44826,3,3,5,07,16,5,0,0,1,1,0,0,0,0
"POINT (7.465067538000028 51.569392193000056)",Unfall 44827 (2024) Kat:3, Licht: 0,44827,3,2,5,07,12,5,0,0,1,1,0,0,0,0
"POINT (7.439732822000053 51.481762411000034)",Unfall 44828 (2024) Kat:3, Licht: 0,44828,3,3,3,07,07,5,0,0,1,1,0,0,0,0
"POINT (7.375066622000077 51.545365667000056)",Unfall 44912 (2024) Kat:3, Licht: 0,44912,3,4,6,07,14,4,0,0,0,1,1,0,0,0
"POINT (7.463341388000060 51.519699561000039)",Unfall 44913 (2024) Kat:3, Licht: 0,44913,3,6,1,07,12,4,0,0,0,1,0,0,0,1
"POINT (7.448730171000022 51.513118984000073)",Unfall 44914 (2024) Kat:3, Licht: 2,44914,3,2,5,07,22,4,0,2,1,1,0,0,0,0
"POINT (7.485045953000053 51.586801156000035)",Unfall 45023 (2024) Kat:3, Licht: 0,45023,3,6,2,07,14,3,0,0,0,1,0,0,0,0
"POINT (7.326075393000053 51.521164465000027)",Unfall 45028 (2024) Kat:3, Licht: 0,45028,3,6,2,07,10,3,0,0,0,1,0,1,0,0
"POINT (7.423755474000075 51.556104012000048)",Unfall 45030 (2024) Kat:3, Licht: 0,45030,3,6,0,07,16,3,1,0,0,1,0,0,0,0
"POINT (7.475476997000044 51.504991402000030)",Unfall 45031 (2024) Kat:3, Licht: 0,45031,3,2,5,07,11,3,0,0,1,1,0,0,0,0
"POINT (7.522490473000062 51.508788143000061)",Unfall 45167 (2024) Kat:3, Licht: 0,45167,3,6,2,07,17,2,0,0,0,1,0,0,0,0
"POINT (7.360649654000042 51.497723246000078)",Unfall 45171 (2024) Kat:3, Licht: 0,45171,3,7,6,07,18,2,0,0,1,0,1,0,0,0
"POINT (7.379689778000056 51.508134062000067)",Unfall 45172 (2024) Kat:3, Licht: 0,45172,3,3,0,07,18,2,0,0,0,1,0,0,0,1
"POINT (7.590815805000034 51.505840109000076)",Unfall 45272 (2024) Kat:3, Licht: 2,45272,3,6,2,07,01,1,0,2,0,1,0,0,0,0
"POINT (7.462251540000068 51.548600892000081)",Unfall 45274 (2024) Kat:3, Licht: 0,45274,3,1,9,07,19,1,0,0,0,1,0,0,0,0
"POINT (7.457607819000032 51.540930143000026)",Unfall 45275 (2024) Kat:2, Licht: 0,45275,2,4,6,07,11,1,0,0,0,0,1,0,0,1
"POINT (7.333567734000042 51.496748702000048)",Unfall 45365 (2024) Kat:2, Licht: 0,45365,2,7,0,07,11,1,0,0,0,0,0,1,0,0
"POINT (7.555199330000050 51.509730730000058)",Unfall 45382 (2024) Kat:3, Licht: 0,45382,3,6,3,07,17,7,0,0,0,1,0,0,0,0
"POINT (7.401068421000048 51.549204975000066)",Unfall 45383 (2024) Kat:3, Licht: 2,45383,3,1,9,07,22,7,0,2,0,1,0,0,0,0
"POINT (7.567599863000055 51.577140253000039)",Unfall 45486 (2024) Kat:2, Licht: 0,45486,2,5,1,07,12,6,0,0,1,1,0,0,0,0
"POINT (7.515614860000028 51.525212102000069)",Unfall 45580 (2024) Kat:3, Licht: 0,45580,3,6,1,08,14,4,0,0,0,1,0,0,0,0
"POINT (7.455431960000055 51.537174911000079)",Unfall 45581 (2024) Kat:2, Licht: 0,45581,2,3,5,08,08,4,1,0,0,1,0,0,0,0
"POINT (7.401577043000032 51.527075368000055)",Unfall 45582 (2024) Kat:3, Licht: 0,45582,3,7,2,08,17,4,0,0,0,1,0,0,0,0
"POINT (7.468822638000063 51.494628922000061)",Unfall 45583 (2024) Kat:3, Licht: 0,45583,3,3,5,08,07,4,0,0,1,1,0,0,0,0
"POINT (7.469944143000021 51.521025503000033)",Unfall 45653 (2024) Kat:3, Licht: 0,45653,3,1,0,08,18,3,0,0,1,0,0,0,0,0
"POINT (7.482077652000044 51.523190457000055)",Unfall 45654 (2024) Kat:3, Licht: 0,45654,3,2,3,08,16,3,0,0,0,1,0,1,0,0
"POINT (7.450077810000039 51.513253847000044)",Unfall 45655 (2024) Kat:2, Licht: 2,45655,2,7,0,08,22,3,0,2,1,0,0,0,0,0
"POINT (7.456291064000027 51.576908649000075)",Unfall 45746 (2024) Kat:2, Licht: 0,45746,2,1,8,08,17,2,0,0,0,1,1,0,1,0
"POINT (7.588642744000026 51.528424126000061)",Unfall 45747 (2024) Kat:3, Licht: 0,45747,3,6,2,08,12,2,0,0,0,1,0,0,0,0
"POINT (7.460724574000039 51.507672783000032)",Unfall 45832 (2024) Kat:3, Licht: 0,45832,3,2,4,08,20,1,0,0,1,1,0,0,0,0
"POINT (7.472949229000051 51.499084370000048)",Unfall 45833 (2024) Kat:3, Licht: 0,45833,3,6,2,08,18,1,0,0,0,1,0,0,0,0
"POINT (7.371650658000021 51.491725957000028)",Unfall 45957 (2024) Kat:3, Licht: 0,45957,3,2,6,08,18,7,0,0,0,1,1,0,0,0
"POINT (7.499271187000033 51.488367773000050)",Unfall 45958 (2024) Kat:3, Licht: 2,45958,3,4,6,08,05,7,0,2,0,1,1,0,0,0
"POINT (7.538516173000062 51.552731795000057)",Unfall 46050 (2024) Kat:3, Licht: 0,46050,3,3,4,08,17,6,1,0,0,1,0,0,0,0
"POINT (7.402964581000049 51.564806223000062)",Unfall 46051 (2024) Kat:3, Licht: 2,46051,3,6,2,08,22,6,0,2,0,1,0,0,0,0
"POINT (7.436449785000036 51.485860668000043)",Unfall 46052 (2024) Kat:3, Licht: 0,46052,3,6,0,08,12,6,0,0,0,1,0,0,0,1
"POINT (7.455461391000028 51.513778860000059)",Unfall 46053 (2024) Kat:3, Licht: 2,46053,3,1,8,08,01,6,0,2,0,0,0,1,0,0
"POINT (7.469944143000021 51.521025503000033)",Unfall 46162 (2024) Kat:3, Licht: 0,46162,3,3,5,08,16,5,0,0,0,1,0,0,0,0
"POINT (7.624793579000027 51.536622913000031)",Unfall 46253 (2024) Kat:3, Licht: 0,46253,3,7,0,08,07,4,0,0,0,0,0,0,0,1
"POINT (7.503227946000038 51.503960441000061)",Unfall 46254 (2024) Kat:3, Licht: 0,46254,3,3,5,08,08,4,0,0,1,1,0,0,0,0
"POINT (7.367479503000027 51.494340088000058)",Unfall 46257 (2024) Kat:3, Licht: 0,46257,3,2,5,08,14,4,0,0,0,1,0,0,0,0
"POINT (7.357467432000021 51.558266850000052)",Unfall 46372 (2024) Kat:3, Licht: 0,46372,3,1,8,08,17,3,0,0,0,1,0,0,0,0
"POINT (7.329676359000075 51.500283139000032)",Unfall 46374 (2024) Kat:3, Licht: 0,46374,3,1,1,08,19,3,0,0,0,1,0,1,0,0
"POINT (7.444491434000042 51.555742835000046)",Unfall 46375 (2024) Kat:3, Licht: 0,46375,3,2,3,08,13,3,0,0,1,1,0,0,0,0
"POINT (7.371627877000037 51.522617271000058)",Unfall 46376 (2024) Kat:3, Licht: 0,46376,3,5,0,08,17,3,0,0,1,1,0,0,0,0
"POINT (7.467856767000058 51.431454315000053)",Unfall 46377 (2024) Kat:3, Licht: 0,46377,3,2,5,08,10,3,0,0,1,1,0,0,0,0
"POINT (7.478149354000038 51.437568282000029)",Unfall 46378 (2024) Kat:3, Licht: 0,46378,3,3,5,08,09,3,0,0,1,1,0,0,0,0
"POINT (7.554617276000045 51.510903908000046)",Unfall 46481 (2024) Kat:3, Licht: 0,46481,3,6,2,08,18,2,0,0,0,1,0,0,0,0
"POINT (7.469251697000061 51.517773673000079)",Unfall 46482 (2024) Kat:3, Licht: 0,46482,3,7,0,08,09,2,0,0,1,1,0,0,0,0
"POINT (7.478835449000030 51.443379407000066)",Unfall 46549 (2024) Kat:2, Licht: 0,46549,2,6,2,08,13,4,0,0,0,1,0,0,1,0
"POINT (7.609537367000030 51.480435112000066)",Unfall 46651 (2024) Kat:3, Licht: 2,46651,3,1,8,08,23,7,0,2,0,1,0,0,0,0
"POINT (7.308498095000061 51.504519109000057)",Unfall 46654 (2024) Kat:3, Licht: 0,46654,3,3,5,08,11,7,0,0,0,1,0,0,0,0
"POINT (7.457025024000075 51.539885451000032)",Unfall 46655 (2024) Kat:3, Licht: 0,46655,3,3,0,08,15,7,0,0,0,1,0,0,0,0
"POINT (7.470639377000055 51.524380148000034)",Unfall 46656 (2024) Kat:3, Licht: 0,46656,3,3,5,08,11,7,0,0,0,1,0,0,0,0
"POINT (7.394001192000076 51.503021709000052)",Unfall 46657 (2024) Kat:3, Licht: 0,46657,3,3,5,08,07,7,0,0,0,0,0,0,0,1
"POINT (7.496932232000063 51.503375698000070)",Unfall 46658 (2024) Kat:3, Licht: 0,46658,3,6,2,08,12,7,0,0,0,1,0,0,0,0
"POINT (7.506526917000031 51.479845946000069)",Unfall 46693 (2024) Kat:3, Licht: 0,46693,3,3,5,08,14,7,0,0,1,1,0,0,0,0
"POINT (7.469355337000025 51.525437659000033)",Unfall 46702 (2024) Kat:3, Licht: 0,46702,3,3,5,08,12,4,0,0,1,1,0,0,0,0
"POINT (7.348624533000020 51.497274019000031)",Unfall 46712 (2024) Kat:3, Licht: 2,46712,3,3,5,08,20,4,0,2,1,0,0,0,0,0
"POINT (7.372793442000045 51.518001191000053)",Unfall 46713 (2024) Kat:3, Licht: 0,46713,3,2,0,08,16,4,0,0,0,1,0,0,0,0
"POINT (7.414087319000032 51.501344574000029)",Unfall 46714 (2024) Kat:3, Licht: 0,46714,3,6,2,08,13,4,0,0,0,1,0,1,0,0
"POINT (7.497872663000066 51.553961410000056)",Unfall 46831 (2024) Kat:3, Licht: 0,46831,3,3,5,08,09,3,0,0,0,1,0,0,1,0
"POINT (7.555537231000073 51.509285029000068)",Unfall 46832 (2024) Kat:3, Licht: 0,46832,3,3,5,08,14,3,0,0,0,1,0,0,0,0
"POINT (7.555429081000057 51.490945087000057)",Unfall 46833 (2024) Kat:3, Licht: 0,46833,3,7,3,08,10,3,0,0,0,1,0,1,0,0
"POINT (7.366422449000027 51.536779878000061)",Unfall 46835 (2024) Kat:3, Licht: 0,46835,3,3,4,08,12,3,0,0,1,1,0,0,0,0
"POINT (7.465040221000038 51.556961562000026)",Unfall 46836 (2024) Kat:3, Licht: 0,46836,3,7,0,08,19,3,0,0,0,1,0,0,0,0
"POINT (7.479050111000049 51.524351005000028)",Unfall 46837 (2024) Kat:3, Licht: 0,46837,3,2,3,08,05,3,0,0,0,1,0,0,0,1
"POINT (7.479928300000040 51.520871313000043)",Unfall 46838 (2024) Kat:3, Licht: 0,46838,3,7,0,08,12,3,0,0,1,1,0,0,0,0
"POINT (7.472087785000042 51.506973379000044)",Unfall 46839 (2024) Kat:3, Licht: 0,46839,3,2,5,08,12,3,0,0,0,1,0,0,0,1
"POINT (7.464601651000066 51.509852737000074)",Unfall 46840 (2024) Kat:3, Licht: 0,46840,3,3,5,08,07,3,0,0,1,1,0,0,0,0
"POINT (7.528903073000038 51.486253234000060)",Unfall 46951 (2024) Kat:3, Licht: 0,46951,3,2,5,08,16,2,0,0,0,1,0,0,0,0
"POINT (7.496207656000024 51.514199709000081)",Unfall 46952 (2024) Kat:3, Licht: 0,46952,3,3,5,08,16,2,0,0,0,1,0,0,0,1
"POINT (7.450827062000030 51.509634359000074)",Unfall 46953 (2024) Kat:3, Licht: 0,46953,3,1,0,08,08,2,0,0,1,1,0,0,0,0
"POINT (7.503150667000057 51.503959928000029)",Unfall 47042 (2024) Kat:3, Licht: 0,47042,3,7,0,08,18,1,0,0,1,1,0,0,0,0
"POINT (7.470094923000033 51.521864617000062)",Unfall 47043 (2024) Kat:3, Licht: 2,47043,3,4,6,08,01,1,1,2,0,1,1,0,0,0
"POINT (7.414199226000051 51.530562188000033)",Unfall 47044 (2024) Kat:3, Licht: 0,47044,3,6,0,08,17,1,0,0,0,1,0,0,0,1
"POINT (7.412443913000061 51.540127952000034)",Unfall 47046 (2024) Kat:3, Licht: 0,47046,3,7,0,08,09,1,1,0,0,0,0,1,0,0
"POINT (7.367838862000042 51.524741503000030)",Unfall 47047 (2024) Kat:3, Licht: 2,47047,3,6,4,08,00,1,1,2,0,1,0,0,0,0
"POINT (7.495147490000022 51.479722048000042)",Unfall 47048 (2024) Kat:3, Licht: 0,47048,3,7,0,08,14,1,0,0,1,0,0,0,0,0
"POINT (7.455454658000065 51.513798955000027)",Unfall 47049 (2024) Kat:3, Licht: 0,47049,3,3,5,08,11,1,0,0,0,1,0,0,0,0
"POINT (7.385920380000073 51.496679223000058)",Unfall 47170 (2024) Kat:3, Licht: 0,47170,3,6,3,08,14,7,0,0,0,1,0,1,0,0
"POINT (7.537083951000056 51.536783694000064)",Unfall 47171 (2024) Kat:3, Licht: 0,47171,3,6,4,08,11,7,1,0,1,0,0,0,0,0
"POINT (7.474013061000051 51.525606575000040)",Unfall 47173 (2024) Kat:3, Licht: 0,47173,3,2,3,08,15,7,0,0,1,1,0,0,0,0
"POINT (7.476509828000076 51.518651011000031)",Unfall 47254 (2024) Kat:3, Licht: 0,47254,3,7,4,08,17,1,0,0,0,1,0,0,0,0
"POINT (7.396859390000031 51.473545933000082)",Unfall 47288 (2024) Kat:2, Licht: 0,47288,2,6,2,08,10,6,0,0,0,0,0,0,1,0
"POINT (7.370419016000028 51.543263578000051)",Unfall 47290 (2024) Kat:3, Licht: 0,47290,3,4,6,08,07,6,0,0,0,1,1,0,0,0
"POINT (7.459196664000046 51.466746957000055)",Unfall 47291 (2024) Kat:3, Licht: 0,47291,3,7,6,08,14,6,0,0,0,1,1,0,0,0
"POINT (7.552251851000051 51.493474141000036)",Unfall 47405 (2024) Kat:3, Licht: 0,47405,3,6,2,08,17,5,0,0,0,1,0,0,0,0
"POINT (7.460198676000061 51.545283886000050)",Unfall 47407 (2024) Kat:3, Licht: 0,47407,3,3,5,08,12,5,0,0,0,1,0,0,0,0
"POINT (7.448888530000033 51.513244636000081)",Unfall 47408 (2024) Kat:3, Licht: 2,47408,3,6,2,08,21,5,0,2,0,1,0,0,0,1
"POINT (7.455431345000022 51.514931769000043)",Unfall 47409 (2024) Kat:3, Licht: 0,47409,3,3,5,08,13,5,0,0,0,1,0,0,0,1
"POINT (7.368362754000032 51.493731713000045)",Unfall 47551 (2024) Kat:3, Licht: 0,47551,3,6,1,08,19,4,0,0,0,1,0,0,0,0
"POINT (7.426133759000038 51.499545900000044)",Unfall 47553 (2024) Kat:3, Licht: 0,47553,3,6,2,08,07,4,1,0,0,1,0,0,0,0
"POINT (7.422671992000062 51.511025291000067)",Unfall 47555 (2024) Kat:3, Licht: 0,47555,3,6,1,08,08,4,1,0,0,1,0,0,0,0
"POINT (7.422911073000023 51.510968056000081)",Unfall 47556 (2024) Kat:3, Licht: 0,47556,3,2,6,08,09,4,0,0,0,1,1,0,0,0
"POINT (7.464151052000034 51.517627040000036)",Unfall 47557 (2024) Kat:3, Licht: 0,47557,3,6,3,08,11,4,0,0,1,0,0,0,0,1
"POINT (7.428150155000026 51.511535401000060)",Unfall 47652 (2024) Kat:3, Licht: 0,47652,3,1,0,08,19,4,0,0,1,0,0,0,0,0
"POINT (7.364897223000071 51.560654949000082)",Unfall 47666 (2024) Kat:2, Licht: 0,47666,2,1,9,08,17,3,0,0,0,0,0,1,0,0
"POINT (7.489463072000035 51.513821673000052)",Unfall 47667 (2024) Kat:3, Licht: 0,47667,3,4,0,08,17,3,0,0,0,0,1,0,0,1
"POINT (7.361103986000046 51.497673486000053)",Unfall 47669 (2024) Kat:3, Licht: 1,47669,3,3,8,08,20,3,0,1,0,1,0,0,0,0
"POINT (7.478397441000027 51.438631433000069)",Unfall 47670 (2024) Kat:2, Licht: 0,47670,2,1,3,08,16,3,0,0,0,1,0,0,0,0
"POINT (7.505478102000041 51.480867897000053)",Unfall 47671 (2024) Kat:3, Licht: 1,47671,3,2,3,08,20,3,0,1,1,1,0,0,0,0
"POINT (7.366458432000059 51.504924592000066)",Unfall 47811 (2024) Kat:3, Licht: 2,47811,3,2,5,08,23,1,0,2,0,1,0,0,0,0
"POINT (7.525659144000031 51.468836646000057)",Unfall 47816 (2024) Kat:2, Licht: 2,47816,2,7,7,08,22,2,0,2,0,0,0,0,0,1
"POINT (7.507672775000060 51.503716066000038)",Unfall 47817 (2024) Kat:3, Licht: 0,47817,3,2,5,08,07,2,0,0,0,1,0,0,0,0
"POINT (7.460781698000062 51.524557054000070)",Unfall 47818 (2024) Kat:3, Licht: 0,47818,3,7,0,08,15,2,0,0,0,1,1,0,0,0
"POINT (7.484045281000022 51.439662458000043)",Unfall 47914 (2024) Kat:3, Licht: 0,47914,3,6,9,08,13,1,0,0,0,1,0,0,0,0
"POINT (7.412716612000054 51.463896197000054)",Unfall 47923 (2024) Kat:3, Licht: 2,47923,3,1,9,08,02,1,1,2,0,1,0,0,0,0
"POINT (7.537598670000023 51.556842185000050)",Unfall 47984 (2024) Kat:3, Licht: 0,47984,3,6,2,08,12,6,0,0,0,1,0,0,0,0
"POINT (7.351482808000071 51.562195198000040)",Unfall 48137 (2024) Kat:3, Licht: 0,48137,3,6,2,08,11,6,0,0,0,1,0,0,0,1
"POINT (7.497707803000026 51.514364378000039)",Unfall 48140 (2024) Kat:2, Licht: 0,48140,2,4,6,08,20,6,0,0,0,0,1,0,0,1
"POINT (7.520843001000060 51.520934434000026)",Unfall 48141 (2024) Kat:3, Licht: 0,48141,3,3,5,08,09,6,0,0,1,0,0,0,0,1
"POINT (7.370251981000024 51.521852071000069)",Unfall 48142 (2024) Kat:3, Licht: 0,48142,3,4,6,08,17,6,0,0,1,0,1,0,0,0
"POINT (7.475506267000071 51.504972226000064)",Unfall 48143 (2024) Kat:3, Licht: 0,48143,3,2,3,08,13,6,0,0,0,1,0,1,0,0
"POINT (7.504906922000032 51.515930158000060)",Unfall 48198 (2024) Kat:3, Licht: 0,48198,3,7,3,08,14,4,0,0,0,1,0,0,0,0
"POINT (7.584311998000032 51.527972396000052)",Unfall 48305 (2024) Kat:3, Licht: 0,48305,3,5,5,08,15,5,0,0,0,1,0,0,0,1
"POINT (7.363991342000077 51.496237773000075)",Unfall 48307 (2024) Kat:3, Licht: 2,48307,3,7,1,08,21,5,0,2,0,1,0,0,1,0
"POINT (7.404614299000059 51.477869822000059)",Unfall 48309 (2024) Kat:3, Licht: 0,48309,3,7,3,08,07,5,0,0,0,0,0,0,0,1
"POINT (7.491000040000074 51.496584385000062)",Unfall 48311 (2024) Kat:3, Licht: 0,48311,3,6,6,08,20,5,0,0,1,0,1,0,0,0
"POINT (7.446518974000071 51.496774426000059)",Unfall 48312 (2024) Kat:3, Licht: 0,48312,3,3,5,08,10,5,0,0,1,0,0,0,0,1
"POINT (7.545187811000062 51.523533754000027)",Unfall 48446 (2024) Kat:3, Licht: 0,48446,3,7,0,09,14,6,1,0,1,0,0,0,0,0
"POINT (7.459620145000031 51.505302475000065)",Unfall 48447 (2024) Kat:3, Licht: 0,48447,3,6,0,09,17,6,0,0,0,1,0,0,0,0
"POINT (7.549404749000075 51.492329048000045)",Unfall 48525 (2024) Kat:2, Licht: 0,48525,2,1,8,09,12,5,0,0,0,0,0,1,0,0
"POINT (7.554585668000072 51.510977769000078)",Unfall 48636 (2024) Kat:3, Licht: 0,48636,3,3,4,09,13,4,1,0,0,1,0,0,0,0
"POINT (7.471375572000056 51.526553437000075)",Unfall 48637 (2024) Kat:3, Licht: 0,48637,3,2,3,09,12,4,0,0,1,1,0,0,0,0
"POINT (7.451229288000036 51.499832862000062)",Unfall 48638 (2024) Kat:3, Licht: 0,48638,3,6,2,09,16,4,1,0,0,1,0,0,0,0
"POINT (7.503742453000029 51.441955419000067)",Unfall 48717 (2024) Kat:3, Licht: 0,48717,3,6,2,09,15,3,0,0,0,1,0,0,0,0
"POINT (7.374048789000028 51.522526633000041)",Unfall 48719 (2024) Kat:3, Licht: 2,48719,3,6,2,09,21,3,1,2,0,1,0,0,0,0
"POINT (7.358825311000032 51.527155999000058)",Unfall 48720 (2024) Kat:3, Licht: 0,48720,3,1,0,09,09,3,0,0,0,0,0,0,0,1
"POINT (7.514004693000061 51.469650050000041)",Unfall 48721 (2024) Kat:2, Licht: 0,48721,2,7,0,09,14,3,0,0,0,1,0,0,0,0
"POINT (7.450236360000076 51.513270070000033)",Unfall 48722 (2024) Kat:3, Licht: 2,48722,3,3,5,09,21,3,1,2,0,1,0,0,0,1
"POINT (7.512305094000055 51.537347483000076)",Unfall 48821 (2024) Kat:3, Licht: 0,48821,3,3,5,09,06,2,0,0,1,1,0,0,0,0
"POINT (7.504243113000030 51.569815635000054)",Unfall 48905 (2024) Kat:3, Licht: 2,48905,3,2,5,09,20,1,0,2,0,1,0,0,0,0
"POINT (7.457107090000022 51.524267207000037)",Unfall 48906 (2024) Kat:2, Licht: 2,48906,2,2,5,09,03,1,0,2,0,1,0,0,0,0
"POINT (7.482593331000032 51.500797383000076)",Unfall 48907 (2024) Kat:3, Licht: 0,48907,3,3,5,09,15,1,0,0,0,1,0,0,0,0
"POINT (7.458852808000074 51.543006955000067)",Unfall 48996 (2024) Kat:3, Licht: 0,48996,3,6,2,09,13,3,0,0,0,1,0,0,0,0
"POINT (7.458860441000070 51.477723674000060)",Unfall 49119 (2024) Kat:3, Licht: 2,49119,3,3,5,09,06,3,1,2,0,0,0,1,0,1
"POINT (7.461063573000047 51.508308324000041)",Unfall 49149 (2024) Kat:3, Licht: 0,49149,3,5,3,09,15,6,0,0,1,1,0,0,0,0
"POINT (7.442949289000069 51.513084877000040)",Unfall 49150 (2024) Kat:3, Licht: 0,49150,3,3,5,09,13,6,0,0,0,1,0,1,0,0
"POINT (7.405780683000046 51.583687659000077)",Unfall 49289 (2024) Kat:3, Licht: 0,49289,3,6,3,09,07,5,0,0,0,1,0,0,1,0