WKT,Name,OBJECTID,UKATEGORIE,UTYP1,UART,UMONAT,USTUNDE,UWOCHENTAG,STRZUSTAND,ULICHTVERH,ISTRAD,ISTPKW,ISTFUSS,ISTKRAD,ISTGKFZ,ISTSONSTIG
"POINT (7.462765430000047 51.581428816000027)",Unfall 49290 (2024) Kat:3, Licht: 2,49290,3,7,5,09,21,5,0,2,0,0,0,0,0,1
"POINT (7.469784445000073 51.520139978000032)",Unfall 49291 (2024) Kat:3, Licht: 0,49291,3,6,4,09,14,5,0,0,1,0,0,0,0,1
"POINT (7.379315538000071 51.510090086000048)",Unfall 49292 (2024) Kat:3, Licht: 0,49292,3,7,5,09,09,5,0,0,0,1,0,0,0,0
"POINT (7.481865523000067 51.469671921000042)",Unfall 49310 (2024) Kat:3, Licht: 0,49310,3,6,2,09,11,2,0,0,0,1,0,0,0,0
"POINT (7.387300606000053 51.504825473000039)",Unfall 49415 (2024) Kat:3, Licht: 0,49415,3,1,8,09,11,4,1,0,0,1,0,0,0,0
"POINT (7.515637133000041 51.554088794000052)",Unfall 49417 (2024) Kat:2, Licht: 0,49417,2,6,2,09,09,4,1,0,0,1,0,0,1,0
"POINT (7.543596916000070 51.533912842000063)",Unfall 49418 (2024) Kat:3, Licht: 0,49418,3,6,2,09,15,4,1,0,0,1,0,0,0,0
"POINT (7.455939461000071 51.533022262000031)",Unfall 49420 (2024) Kat:3, Licht: 0,49420,3,6,2,09,13,4,1,0,0,1,0,0,0,0
"POINT (7.456403163000061 51.531707059000041)",Unfall 49421 (2024) Kat:2, Licht: 0,49421,2,4,6,09,13,4,1,0,0,0,1,0,0,1
"POINT (7.398280996000040 51.526447260000054)",Unfall 49422 (2024) Kat:3, Licht: 0,49422,3,6,2,09,11,4,1,0,0,1,0,1,0,0
"POINT (7.481260785000075 51.501700559000028)",Unfall 49423 (2024) Kat:3, Licht: 1,49423,3,1,0,09,19,4,1,1,0,0,0,0,0,1
"POINT (7.496555667000052 51.503334263000056)",Unfall 49424 (2024) Kat:3, Licht: 0,49424,3,6,0,09,17,4,0,0,0,1,0,0,0,0
"POINT (7.391330111000059 51.497246843000028)",Unfall 49562 (2024) Kat:3, Licht: 0,49562,3,6,2,09,16,3,0,0,0,1,0,0,0,0
"POINT (7.634295926000050 51.523269200000072)",Unfall 49566 (2024) Kat:3, Licht: 0,49566,3,1,8,09,13,3,1,0,0,0,0,1,0,0
"POINT (7.360462713000061 51.497738634000029)",Unfall 49568 (2024) Kat:3, Licht: 2,49568,3,3,5,09,06,3,0,2,0,1,0,0,0,0
"POINT (7.436738813000034 51.566693737000037)",Unfall 49569 (2024) Kat:3, Licht: 0,49569,3,1,0,09,20,3,0,0,0,0,0,1,0,0
"POINT (7.471773317000043 51.528160105000040)",Unfall 49604 (2024) Kat:3, Licht: 2,49604,3,4,6,09,05,5,0,2,0,1,1,0,0,0
"POINT (7.463265434000050 51.519844256000056)",Unfall 49628 (2024) Kat:3, Licht: 0,49628,3,1,0,09,12,6,0,0,1,1,0,0,0,0
"POINT (7.474512357000037 51.514958684000078)",Unfall 49681 (2024) Kat:3, Licht: 0,49681,3,1,0,09,16,7,0,0,0,1,0,0,0,0
"POINT (7.390017197000077 51.487499921000051)",Unfall 49693 (2024) Kat:3, Licht: 0,49693,3,6,3,09,06,2,0,0,0,1,0,0,0,0
"POINT (7.545681923000075 51.527719755000078)",Unfall 49694 (2024) Kat:2, Licht: 0,49694,2,2,5,09,07,2,0,0,1,1,0,0,0,0
"POINT (7.321804799000063 51.514728828000045)",Unfall 49695 (2024) Kat:3, Licht: 0,49695,3,5,0,09,11,2,0,0,1,1,0,0,0,0
"POINT (7.467299543000024 51.488334389000045)",Unfall 49696 (2024) Kat:3, Licht: 0,49696,3,6,2,09,08,2,0,0,0,1,0,0,0,0
"POINT (7.452323934000049 51.500741435000066)",Unfall 49770 (2024) Kat:3, Licht: 0,49770,3,6,3,09,12,6,0,0,0,1,0,0,0,0
"POINT (7.542385801000023 51.523009877000050)",Unfall 49810 (2024) Kat:3, Licht: 0,49810,3,4,6,09,17,1,0,0,0,1,1,0,0,0
"POINT (7.465942535000067 51.517875587000049)",Unfall 49922 (2024) Kat:3, Licht: 0,49922,3,2,5,09,16,7,0,0,0,1,0,0,0,1
"POINT (7.514326740000058 51.531695366000065)",Unfall 49933 (2024) Kat:2, Licht: 2,49933,2,1,8,08,20,7,0,2,0,1,0,0,0,0
"POINT (7.582450594000022 51.503466598000045)",Unfall 49934 (2024) Kat:3, Licht: 0,49934,3,2,5,08,15,7,0,0,0,1,0,0,0,0
"POINT (7.457860834000030 51.541357318000053)",Unfall 49935 (2024) Kat:3, Licht: 0,49935,3,7,0,08,17,7,0,0,1,0,0,0,0,0
"POINT (7.451911684000038 51.502536809000048)",Unfall 49937 (2024) Kat:2, Licht: 2,49937,2,7,0,08,01,7,0,2,0,0,0,0,0,1
"POINT (7.377269637000040 51.527708091000079)",Unfall 50063 (2024) Kat:3, Licht: 0,50063,3,1,2,08,13,6,0,0,0,1,0,0,0,0
"POINT (7.512372797000069 51.558167584000046)",Unfall 50065 (2024) Kat:3, Licht: 2,50065,3,1,0,08,23,6,0,2,0,0,0,1,0,0
"POINT (7.515328134000072 51.560196756000039)",Unfall 50066 (2024) Kat:3, Licht: 0,50066,3,1,8,08,15,6,0,0,0,1,0,0,0,0
"POINT (7.502664513000070 51.564676017000068)",Unfall 50067 (2024) Kat:3, Licht: 0,50067,3,6,2,08,13,6,0,0,0,1,0,0,0,0
"POINT (7.554119622000030 51.561852834000035)",Unfall 50068 (2024) Kat:2, Licht: 0,50068,2,1,8,08,13,6,0,0,0,1,0,0,0,0
"POINT (7.458445478000044 51.542342630000064)",Unfall 50069 (2024) Kat:3, Licht: 0,50069,3,3,5,08,11,6,0,0,0,1,0,0,0,0
"POINT (7.456917602000033 51.512675061000039)",Unfall 50070 (2024) Kat:3, Licht: 0,50070,3,2,5,08,10,6,0,0,0,1,0,1,0,0
"POINT (7.449879472000021 51.513323872000058)",Unfall 50142 (2024) Kat:3, Licht: 0,50142,3,4,6,09,12,3,0,0,0,1,1,0,0,0
"POINT (7.464642645000026 51.517775884000059)",Unfall 50185 (2024) Kat:3, Licht: 2,50185,3,6,1,09,02,7,0,2,0,1,0,0,0,0
"POINT (7.393015866000042 51.476902958000039)",Unfall 50223 (2024) Kat:2, Licht: 0,50223,2,1,8,08,19,5,0,0,0,0,0,1,0,0
"POINT (7.482910160000074 51.559093622000034)",Unfall 50228 (2024) Kat:3, Licht: 0,50228,3,1,0,08,16,5,0,0,0,0,0,1,0,0
"POINT (7.383527999000023 51.508263673000044)",Unfall 50231 (2024) Kat:3, Licht: 0,50231,3,4,6,08,08,5,0,0,0,1,1,0,0,0
"POINT (7.478657136000038 51.469763648000026)",Unfall 50232 (2024) Kat:3, Licht: 0,50232,3,6,2,08,08,5,0,0,0,1,0,0,0,0
"POINT (7.468260079000061 51.505676988000062)",Unfall 50375 (2024) Kat:3, Licht: 2,50375,3,6,2,09,20,7,0,2,0,1,0,0,0,0
"POINT (7.544415872000059 51.492636627000081)",Unfall 50465 (2024) Kat:3, Licht: 0,50465,3,4,6,09,18,3,0,0,0,1,1,0,0,0
"POINT (7.421476903000041 51.528666934000057)",Unfall 50466 (2024) Kat:3, Licht: 0,50466,3,6,3,09,11,3,0,0,0,1,0,0,1,0
"POINT (7.480792813000051 51.523732830000029)",Unfall 50576 (2024) Kat:3, Licht: 0,50576,3,7,6,09,15,2,0,0,0,0,1,0,0,1
"POINT (7.424822156000062 51.507175698000026)",Unfall 50577 (2024) Kat:3, Licht: 2,50577,3,1,8,09,20,2,1,2,0,1,0,0,0,0
"POINT (7.459566651000046 51.472215196000036)",Unfall 50578 (2024) Kat:3, Licht: 0,50578,3,3,5,09,15,2,0,0,1,1,0,0,0,0
"POINT (7.359790177000036 51.503394050000054)",Unfall 50687 (2024) Kat:3, Licht: 0,50687,3,3,5,09,09,1,0,0,1,1,0,0,0,0
"POINT (7.467188206000060 51.517650310000079)",Unfall 50688 (2024) Kat:3, Licht: 0,50688,3,6,3,09,06,1,0,0,0,1,0,0,0,0
"POINT (7.518196030000070 51.533104218000062)",Unfall 50804 (2024) Kat:3, Licht: 0,50804,3,6,3,09,12,7,0,0,0,1,0,1,0,0
"POINT (7.375605366000059 51.545485785000039)",Unfall 50805 (2024) Kat:2, Licht: 0,50805,2,3,6,09,16,7,0,0,0,1,1,0,0,0
"POINT (7.462983385000030 51.524765386000070)",Unfall 50806 (2024) Kat:3, Licht: 2,50806,3,4,6,09,22,7,0,2,0,0,1,0,0,1
"POINT (7.455448959000023 51.513815960000045)",Unfall 50807 (2024) Kat:2, Licht: 0,50807,2,3,5,09,14,7,0,0,0,1,0,0,0,0
"POINT (7.491269508000073 51.496363562000056)",Unfall 50808 (2024) Kat:3, Licht: 2,50808,3,2,5,09,01,7,0,2,0,1,0,0,0,0
"POINT (7.357435006000060 51.553783232000058)",Unfall 50964 (2024) Kat:3, Licht: 0,50964,3,1,2,09,13,6,0,0,0,1,0,0,0,0
"POINT (7.464803448000055 51.553030514000056)",Unfall 50970 (2024) Kat:2, Licht: 0,50970,2,2,5,09,09,6,0,0,0,1,0,1,0,0
"POINT (7.502193992000059 51.503681439000047)",Unfall 51101 (2024) Kat:3, Licht: 0,51101,3,6,3,09,13,5,0,0,0,1,0,0,1,0
"POINT (7.451847290000046 51.502819158000079)",Unfall 51102 (2024) Kat:2, Licht: 0,51102,2,6,2,09,11,5,0,0,0,1,0,0,0,0
"POINT (7.412687954000035 51.463913279000053)",Unfall 51245 (2024) Kat:3, Licht: 0,51245,3,1,2,09,14,4,0,0,0,1,0,0,0,0
"POINT (7.509255392000057 51.476555330000053)",Unfall 51247 (2024) Kat:3, Licht: 0,51247,3,2,5,09,15,4,0,0,1,1,0,0,0,0
"POINT (7.543800277000059 51.533639267000069)",Unfall 51443 (2024) Kat:3, Licht: 0,51443,3,6,2,09,15,2,0,0,0,1,0,0,0,0
"POINT (7.427429225000026 51.579366566000033)",Unfall 51447 (2024) Kat:3, Licht: 0,51447,3,1,8,09,09,2,0,0,0,0,0,0,1,0
"POINT (7.424059118000059 51.532583193000050)",Unfall 51448 (2024) Kat:3, Licht: 1,51448,3,1,0,09,19,2,0,1,0,0,0,1,0,0
"POINT (7.465366384000049 51.441755970000031)",Unfall 51577 (2024) Kat:3, Licht: 0,51577,3,6,2,10,07,5,1,0,0,1,0,0,0,0
"POINT (7.509347840000032 51.516494802000068)",Unfall 51581 (2024) Kat:2, Licht: 2,51581,2,3,5,10,07,5,1,2,0,1,0,1,0,0
"POINT (7.449174073000052 51.498120432000064)",Unfall 51582 (2024) Kat:3, Licht: 0,51582,3,3,5,10,07,5,1,0,0,1,0,0,0,1
"POINT (7.557156941000073 51.494352858000070)",Unfall 51700 (2024) Kat:3, Licht: 0,51700,3,3,5,10,17,4,1,0,0,1,0,0,0,0
"POINT (7.504521582000052 51.573930149000034)",Unfall 51701 (2024) Kat:3, Licht: 0,51701,3,1,2,10,10,4,1,0,0,1,0,0,0,0
"POINT (7.322056943000064 51.511279153000032)",Unfall 51702 (2024) Kat:2, Licht: 2,51702,2,7,4,10,20,4,1,2,0,1,0,0,0,1
"POINT (7.398264746000052 51.509825329000080)",Unfall 51703 (2024) Kat:3, Licht: 0,51703,3,1,0,10,13,4,1,0,0,0,0,1,0,0
"POINT (7.391646737000030 51.508458379000047)",Unfall 51704 (2024) Kat:2, Licht: 0,51704,2,1,0,10,09,4,1,0,0,0,0,1,0,0
"POINT (7.358207872000037 51.560515282000040)",Unfall 51806 (2024) Kat:3, Licht: 2,51806,3,1,0,10,05,3,1,2,0,0,0,1,0,0
"POINT (7.602656128000035 51.530441681000070)",Unfall 51807 (2024) Kat:3, Licht: 1,51807,3,7,0,10,18,3,0,1,1,1,0,0,0,0
"POINT (7.485512169000060 51.523719462000031)",Unfall 51810 (2024) Kat:3, Licht: 0,51810,3,3,3,10,17,3,0,0,0,1,0,0,0,1
"POINT (7.363315119000049 51.561629492000066)",Unfall 51908 (2024) Kat:3, Licht: 0,51908,3,6,2,10,14,2,0,0,0,1,0,0,0,0
"POINT (7.464895198000022 51.569972329000052)",Unfall 51909 (2024) Kat:3, Licht: 0,51909,3,4,6,10,17,2,1,0,0,0,1,0,0,1
"POINT (7.458901281000067 51.501299551000045)",Unfall 51910 (2024) Kat:3, Licht: 0,51910,3,5,0,10,17,2,0,0,1,1,0,0,0,0
"POINT (7.450729149000040 51.511718411000061)",Unfall 52081 (2024) Kat:3, Licht: 2,52081,3,1,8,10,21,7,0,2,0,1,0,0,0,0
"POINT (7.464746247000051 51.559627384000066)",Unfall 52179 (2024) Kat:3, Licht: 2,52179,3,1,0,10,02,6,0,2,0,0,0,1,0,0
"POINT (7.467287261000024 51.509790377000058)",Unfall 52181 (2024) Kat:3, Licht: 0,52181,3,6,2,10,16,6,0,0,0,1,0,0,0,0
"POINT (7.458839487000034 51.516692001000081)",Unfall 52222 (2024) Kat:3, Licht: 0,52222,3,3,5,10,12,5,0,0,1,1,0,0,0,0
"POINT (7.474555778000024 51.512452962000054)",Unfall 52223 (2024) Kat:3, Licht: 2,52223,3,1,0,10,00,5,1,2,0,0,0,0,0,1
"POINT (7.462356491000037 51.510028168000076)",Unfall 52260 (2024) Kat:3, Licht: 2,52260,3,2,6,10,19,4,1,2,0,1,1,0,0,0
"POINT (7.466801477000047 51.425833902000079)",Unfall 52261 (2024) Kat:3, Licht: 0,52261,3,1,0,10,14,7,0,0,1,0,0,0,0,0
"POINT (7.566987296000036 51.497410480000042)",Unfall 52335 (2024) Kat:3, Licht: 2,52335,3,4,6,10,20,4,1,2,0,1,1,0,0,0
"POINT (7.451922747000026 51.502488512000070)",Unfall 52336 (2024) Kat:3, Licht: 0,52336,3,2,4,10,14,4,1,0,0,1,0,0,0,0
"POINT (7.492946318000065 51.495377710000071)",Unfall 52337 (2024) Kat:3, Licht: 0,52337,3,6,2,10,08,4,1,0,0,1,0,0,0,0
"POINT (7.452035238000065 51.501998701000048)",Unfall 52339 (2024) Kat:2, Licht: 2,52339,2,4,6,10,00,4,1,2,0,1,1,0,0,0
"POINT (7.486676090000060 51.501224338000043)",Unfall 52351 (2024) Kat:3, Licht: 0,52351,3,3,5,10,08,4,1,0,1,1,0,0,0,0
"POINT (7.626204008000059 51.537259084000027)",Unfall 52460 (2024) Kat:3, Licht: 0,52460,3,5,1,10,15,3,1,0,0,1,0,1,0,0
"POINT (7.542641199000059 51.581443373000070)",Unfall 52564 (2024) Kat:3, Licht: 0,52564,3,1,9,09,08,2,0,0,0,1,0,0,0,0
"POINT (7.545263551000062 51.523542085000031)",Unfall 52565 (2024) Kat:2, Licht: 0,52565,2,1,0,09,13,2,0,0,1,0,0,0,0,0
"POINT (7.463215445000060 51.550360521000073)",Unfall 52569 (2024) Kat:3, Licht: 0,52569,3,2,3,09,09,2,0,0,0,1,0,0,0,0
"POINT (7.398725942000056 51.482577142000082)",Unfall 52570 (2024) Kat:3, Licht: 0,52570,3,3,5,09,15,2,1,0,0,1,0,0,0,0
"POINT (7.472739401000069 51.513687043000061)",Unfall 52571 (2024) Kat:3, Licht: 0,52571,3,6,3,09,15,2,1,0,0,1,0,0,0,0
"POINT (7.484238187000074 51.499474406000047)",Unfall 52572 (2024) Kat:3, Licht: 0,52572,3,3,0,09,18,2,1,0,1,1,0,0,0,0
"POINT (7.561716766000075 51.574047156000063)",Unfall 52635 (2024) Kat:3, Licht: 0,52635,3,1,8,09,12,1,0,0,0,0,0,1,0,0
"POINT (7.455118477000042 51.515111921000027)",Unfall 52637 (2024) Kat:3, Licht: 2,52637,3,6,3,09,04,1,0,2,0,1,0,0,0,0
"POINT (7.391381257000035 51.584373677000031)",Unfall 52741 (2024) Kat:2, Licht: 2,52741,2,1,9,09,22,7,1,2,0,1,0,0,0,0
"POINT (7.457576195000058 51.530733052000073)",Unfall 52743 (2024) Kat:3, Licht: 0,52743,3,2,2,09,13,7,1,0,0,1,0,0,0,0
"POINT (7.374908556000037 51.522219301000064)",Unfall 52744 (2024) Kat:3, Licht: 2,52744,3,7,5,09,00,7,1,2,0,1,0,0,0,0
"POINT (7.447521208000069 51.475248258000079)",Unfall 52745 (2024) Kat:3, Licht: 0,52745,3,6,2,09,13,7,1,0,0,1,0,0,0,0
"POINT (7.479328023000051 51.469875443000035)",Unfall 52746 (2024) Kat:3, Licht: 0,52746,3,2,5,09,11,7,0,0,0,1,0,0,0,0
"POINT (7.468164696000031 51.485809470000049)",Unfall 52747 (2024) Kat:2, Licht: 2,52747,2,1,8,09,00,7,1,2,1,0,0,0,0,0
"POINT (7.401000774000067 51.496846558000072)",Unfall 52839 (2024) Kat:3, Licht: 0,52839,3,6,2,10,11,2,0,0,0,1,0,0,0,0
"POINT (7.403293473000076 51.469000997000080)",Unfall 52892 (2024) Kat:3, Licht: 0,52892,3,6,2,09,12,6,0,0,0,1,0,1,0,0
"POINT (7.506039330000021 51.563084072000038)",Unfall 52893 (2024) Kat:3, Licht: 0,52893,3,6,2,09,14,6,0,0,0,1,0,0,0,0
"POINT (7.552455974000054 51.469933724000043)",Unfall 52894 (2024) Kat:3, Licht: 0,52894,3,2,6,09,15,6,0,0,0,1,1,0,0,0
"POINT (7.367645423000056 51.494222150000041)",Unfall 52895 (2024) Kat:3, Licht: 2,52895,3,2,6,09,20,6,1,2,0,1,1,0,0,0
"POINT (7.427606313000069 51.511446321000051)",Unfall 52896 (2024) Kat:3, Licht: 1,52896,3,6,1,09,17,6,1,1,0,1,0,0,0,0
"POINT (7.421407647000024 51.530002467000031)",Unfall 52898 (2024) Kat:3, Licht: 0,52898,3,6,2,09,13,6,0,0,0,1,0,0,0,0
"POINT (7.438682102000030 51.490234742000041)",Unfall 52899 (2024) Kat:3, Licht: 0,52899,3,3,5,09,14,6,0,0,0,1,0,0,0,0
"POINT (7.501547887000072 51.515399507000041)",Unfall 53050 (2024) Kat:3, Licht: 0,53050,3,4,7,09,15,5,1,0,0,0,1,1,0,0
"POINT (7.487126487000069 51.559766187000037)",Unfall 53051 (2024) Kat:3, Licht: 0,53051,3,7,0,09,10,5,1,0,0,1,0,1,0,0
"POINT (7.460238021000066 51.556920987000069)",Unfall 53052 (2024) Kat:3, Licht: 0,53052,3,4,6,09,07,5,1,0,0,1,1,0,0,0
"POINT (7.458867303000034 51.530127284000059)",Unfall 53053 (2024) Kat:3, Licht: 2,53053,3,6,2,09,20,5,1,2,0,1,0,0,0,0
"POINT (7.374931751000076 51.492963693000036)",Unfall 53061 (2024) Kat:3, Licht: 0,53061,3,6,2,09,13,7,1,0,0,1,0,0,0,0
"POINT (7.545093646000055 51.523521759000062)",Unfall 53196 (2024) Kat:3, Licht: 2,53196,3,7,0,09,19,4,1,2,0,0,0,1,0,0
"POINT (7.461491226000021 51.523061565000035)",Unfall 53200 (2024) Kat:3, Licht: 2,53200,3,5,1,09,20,4,1,2,1,1,0,0,0,0
"POINT (7.456724500000064 51.531589742000051)",Unfall 53201 (2024) Kat:3, Licht: 0,53201,3,6,2,09,13,4,1,0,0,1,0,0,0,0
"POINT (7.504320640000060 51.488013958000067)",Unfall 53210 (2024) Kat:3, Licht: 0,53210,3,6,2,10,15,2,0,0,0,1,0,0,0,0
"POINT (7.494092351000063 51.578257936000057)",Unfall 53282 (2024) Kat:3, Licht: 1,53282,3,6,2,10,07,4,1,1,0,1,0,0,0,0
"POINT (7.497872663000066 51.553961410000056)",Unfall 53283 (2024) Kat:3, Licht: 0,53283,3,3,5,10,16,4,1,0,0,1,0,0,0,0
"POINT (7.543356536000033 51.534245809000026)",Unfall 53284 (2024) Kat:3, Licht: 2,53284,3,1,2,10,18,4,1,2,0,1,0,0,0,0
"POINT (7.506859113000075 51.515843493000034)",Unfall 53285 (2024) Kat:3, Licht: 0,53285,3,2,6,10,08,4,1,0,0,1,1,0,0,0
"POINT (7.464746247000051 51.559627384000066)",Unfall 53286 (2024) Kat:3, Licht: 0,53286,3,3,5,10,07,4,1,0,1,1,0,0,0,0
"POINT (7.488851929000020 51.502187086000049)",Unfall 53409 (2024) Kat:3, Licht: 2,53409,3,1,7,10,06,3,0,2,1,0,1,0,0,0
"POINT (7.501885883000057 51.503955208000036)",Unfall 53503 (2024) Kat:3, Licht: 1,53503,3,6,2,10,18,2,0,1,0,1,0,0,0,0
"POINT (7.466052169000022 51.517864559000031)",Unfall 53558 (2024) Kat:3, Licht: 1,53558,3,6,5,10,18,1,0,1,0,1,0,1,0,0
"POINT (7.470440872000040 51.499061931000028)",Unfall 53630 (2024) Kat:3, Licht: 0,53630,3,6,2,10,16,4,0,0,0,1,0,0,0,0
"POINT (7.497872663000066 51.553961410000056)",Unfall 53657 (2024) Kat:2, Licht: 2,53657,2,1,0,10,01,7,1,2,0,0,0,0,0,1
"POINT (7.400993590000041 51.496856668000078)",Unfall 53659 (2024) Kat:3, Licht: 0,53659,3,3,4,10,15,7,0,0,0,1,0,0,0,0
"POINT (7.325868281000055 51.495035586000029)",Unfall 53795 (2024) Kat:3, Licht: 2,53795,3,2,4,10,20,6,0,2,0,1,0,1,0,0
"POINT (7.386377866000032 51.508549954000046)",Unfall 53796 (2024) Kat:3, Licht: 0,53796,3,1,1,10,10,6,0,0,0,0,0,1,0,1
"POINT (7.443394267000031 51.494693784000049)",Unfall 53797 (2024) Kat:3, Licht: 0,53797,3,2,3,10,12,6,0,0,1,1,0,0,0,0
"POINT (7.392729600000052 51.585104151000053)",Unfall 53889 (2024) Kat:2, Licht: 0,53889,2,3,5,10,12,5,0,0,0,1,0,0,0,0
"POINT (7.376361611000050 51.514777380000055)",Unfall 53890 (2024) Kat:3, Licht: 0,53890,3,3,0,10,09,5,0,0,0,1,0,1,0,0
"POINT (7.457088554000052 51.524175672000069)",Unfall 53999 (2024) Kat:3, Licht: 0,53999,3,2,5,10,15,4,0,0,1,0,0,0,0,1
"POINT (7.524052426000026 51.464160785000047)",Unfall 54000 (2024) Kat:3, Licht: 0,54000,3,4,0,10,17,4,0,0,0,1,1,0,0,0
"POINT (7.505478102000041 51.480867897000053)",Unfall 54001 (2024) Kat:3, Licht: 1,54001,3,6,2,10,07,4,0,1,0,1,0,0,0,0
"POINT (7.474433868000062 51.514019980000057)",Unfall 54003 (2024) Kat:2, Licht: 0,54003,2,4,6,10,08,4,0,0,0,0,1,0,1,0
"POINT (7.472360714000047 51.525855442000079)",Unfall 54014 (2024) Kat:3, Licht: 0,54014,3,2,6,10,13,4,0,0,0,1,1,0,0,0
"POINT (7.541106667000065 51.537348314000042)",Unfall 54117 (2024) Kat:3, Licht: 2,54117,3,2,5,10,05,3,1,2,0,1,0,0,0,0
"POINT (7.530779231000054 51.506938066000032)",Unfall 54118 (2024) Kat:3, Licht: 0,54118,3,1,8,10,09,3,1,0,0,0,0,1,0,0
"POINT (7.472226902000045 51.558582640000054)",Unfall 54120 (2024) Kat:3, Licht: 0,54120,3,3,5,10,15,3,0,0,0,1,0,0,0,0
"POINT (7.502607760000046 51.564605464000067)",Unfall 54220 (2024) Kat:2, Licht: 2,54220,2,3,4,10,04,2,1,2,0,1,0,0,0,0
"POINT (7.573120352000046 51.506707060000053)",Unfall 54222 (2024) Kat:3, Licht: 0,54222,3,6,2,10,13,2,1,0,0,1,0,0,0,0
"POINT (7.539499788000057 51.539177295000059)",Unfall 54223 (2024) Kat:3, Licht: 2,54223,3,1,9,10,21,2,1,2,0,1,0,0,0,0
"POINT (7.545072138000023 51.523519020000037)",Unfall 54224 (2024) Kat:3, Licht: 0,54224,3,1,0,10,08,2,1,0,1,0,0,0,0,0
"POINT (7.520572007000055 51.520925774000034)",Unfall 54255 (2024) Kat:3, Licht: 0,54255,3,4,6,10,12,2,0,0,0,1,1,0,0,0
"POINT (7.457585569000059 51.540893024000070)",Unfall 54383 (2024) Kat:3, Licht: 0,54383,3,7,7,10,16,7,0,0,0,1,0,0,0,1
"POINT (7.468367512000043 51.525312724000059)",Unfall 54430 (2024) Kat:3, Licht: 0,54430,3,5,0,10,15,5,0,0,1,0,0,0,0,1
"POINT (7.423015299000042 51.584451567000031)",Unfall 54488 (2024) Kat:3, Licht: 0,54488,3,6,2,10,12,6,0,0,0,1,0,0,0,1
"POINT (7.545732329000032 51.528189630000043)",Unfall 54489 (2024) Kat:2, Licht: 2,54489,2,1,8,10,03,6,0,2,0,1,0,0,0,0
"POINT (7.446739519000062 51.524081519000049)",Unfall 54490 (2024) Kat:3, Licht: 0,54490,3,7,6,10,16,6,0,0,0,1,1,0,0,0
"POINT (7.505574117000037 51.480718423000042)",Unfall 54491 (2024) Kat:3, Licht: 2,54491,3,6,2,10,18,6,1,2,0,1,0,0,0,1
"POINT (7.465107140000043 51.565766932000031)",Unfall 54583 (2024) Kat:2, Licht: 0,54583,2,6,4,10,14,5,0,0,0,1,0,0,0,0
"POINT (7.451667401000066 51.523821429000066)",Unfall 54584 (2024) Kat:3, Licht: 0,54584,3,6,2,10,10,5,0,0,0,1,0,0,0,0
"POINT (7.416478008000070 51.481459659000052)",Unfall 54585 (2024) Kat:3, Licht: 0,54585,3,7,0,10,07,5,1,0,0,0,0,0,0,1
"POINT (7.470582575000037 51.516653790000078)",Unfall 54587 (2024) Kat:3, Licht: 0,54587,3,6,1,10,13,5,0,0,0,1,0,0,0,1
"POINT (7.508347379000043 51.516099227000041)",Unfall 54712 (2024) Kat:3, Licht: 0,54712,3,3,4,10,07,4,0,0,0,1,0,0,0,1
"POINT (7.324972413000069 51.503129095000077)",Unfall 54713 (2024) Kat:3, Licht: 0,54713,3,7,3,10,11,4,0,0,1,1,0,0,0,0
"POINT (7.487576911000076 51.524040513000045)",Unfall 54714 (2024) Kat:3, Licht: 2,54714,3,2,5,10,06,4,0,2,0,1,0,0,0,1
"POINT (7.520901626000068 51.520782307000047)",Unfall 54797 (2024) Kat:3, Licht: 0,54797,3,7,0,10,12,3,0,0,0,0,0,0,0,1
"POINT (7.392741150000063 51.584965497000042)",Unfall 54798 (2024) Kat:3, Licht: 0,54798,3,1,2,10,16,3,0,0,0,1,0,0,0,0
"POINT (7.450900080000054 51.506944638000050)",Unfall 54799 (2024) Kat:3, Licht: 0,54799,3,2,6,10,10,3,0,0,0,0,1,0,1,0
"POINT (7.474605621000023 51.517334583000036)",Unfall 54800 (2024) Kat:3, Licht: 0,54800,3,2,6,10,07,3,0,0,0,1,1,0,0,0
"POINT (7.494662846000040 51.514229481000029)",Unfall 54911 (2024) Kat:3, Licht: 2,54911,3,1,0,10,19,2,1,2,1,0,0,0,0,0
"POINT (7.471802403000027 51.527219763000062)",Unfall 55039 (2024) Kat:3, Licht: 2,55039,3,6,5,10,20,7,1,2,0,1,0,0,0,0
"POINT (7.455836458000022 51.513511765000032)",Unfall 55040 (2024) Kat:3, Licht: 0,55040,3,1,0,10,15,7,0,0,0,0,0,1,0,0
"POINT (7.550206759000048 51.509716220000030)",Unfall 55119 (2024) Kat:3, Licht: 0,55119,3,6,3,10,08,5,0,0,0,1,0,0,1,0
"POINT (7.470224882000025 51.510510349000072)",Unfall 55167 (2024) Kat:2, Licht: 2,55167,2,7,6,10,03,7,0,2,0,1,1,0,0,0
"POINT (7.474413422000055 51.534890984000072)",Unfall 55173 (2024) Kat:3, Licht: 0,55173,3,1,1,10,07,3,0,0,1,0,0,0,0,1
"POINT (7.498054593000063 51.573089206000077)",Unfall 55189 (2024) Kat:3, Licht: 0,55189,3,6,2,10,14,6,0,0,0,1,0,0,0,0
"POINT (7.474393544000066 51.514800872000080)",Unfall 55190 (2024) Kat:3, Licht: 2,55190,3,3,5,10,05,6,0,2,0,1,0,0,0,0
"POINT (7.531253489000051 51.488212883000074)",Unfall 55475 (2024) Kat:3, Licht: 2,55475,3,2,6,11,18,2,1,2,0,1,1,0,0,0