WKT,Name,OBJECTID,UKATEGORIE,UTYP1,UART,UMONAT,USTUNDE,UWOCHENTAG,STRZUSTAND,ULICHTVERH,ISTRAD,ISTPKW,ISTFUSS,ISTKRAD,ISTGKFZ,ISTSONSTIG
"POINT (7.464246810000077 51.552084817000036)",Unfall 55476 (2024) Kat:3, Licht: 2,55476,3,5,1,11,20,2,1,2,0,1,0,0,0,0
"POINT (7.386820186000023 51.524687490000076)",Unfall 55477 (2024) Kat:3, Licht: 0,55477,3,3,5,11,11,2,1,0,0,1,0,1,0,0
"POINT (7.401786759000061 51.494825787000082)",Unfall 55478 (2024) Kat:3, Licht: 0,55478,3,1,0,11,13,2,1,0,0,1,0,0,0,1
"POINT (7.480525131000036 51.514255002000027)",Unfall 55479 (2024) Kat:3, Licht: 0,55479,3,7,3,11,08,2,0,0,0,1,0,0,0,1
"POINT (7.480074056000035 51.502300131000027)",Unfall 55480 (2024) Kat:3, Licht: 1,55480,3,3,5,11,18,2,1,1,0,1,0,0,0,1
"POINT (7.507931477000056 51.441386980000061)",Unfall 55517 (2024) Kat:3, Licht: 2,55517,3,6,2,11,17,1,1,2,0,1,0,0,0,0
"POINT (7.455457402000036 51.537283711000043)",Unfall 55581 (2024) Kat:3, Licht: 2,55581,3,6,2,11,21,7,0,2,0,1,0,0,0,0
"POINT (7.472926975000064 51.513751334000062)",Unfall 55582 (2024) Kat:3, Licht: 0,55582,3,6,0,11,13,7,0,0,1,1,0,0,0,0
"POINT (7.459552053000039 51.516782602000035)",Unfall 55583 (2024) Kat:3, Licht: 2,55583,3,4,0,11,03,7,0,2,0,1,1,0,0,0
"POINT (7.461569774000054 51.509072874000026)",Unfall 55664 (2024) Kat:3, Licht: 0,55664,3,3,5,11,15,6,0,0,1,1,0,0,0,0
"POINT (7.443612409000025 51.497323585000061)",Unfall 55668 (2024) Kat:3, Licht: 0,55668,3,6,1,11,08,6,0,0,0,1,0,0,0,0
"POINT (7.583815158000050 51.558109333000061)",Unfall 55743 (2024) Kat:3, Licht: 0,55743,3,4,6,11,09,5,1,0,0,1,1,0,0,0
"POINT (7.457780423000031 51.530790184000068)",Unfall 55744 (2024) Kat:3, Licht: 0,55744,3,4,0,11,15,5,0,0,0,0,1,0,0,1
"POINT (7.411863717000074 51.481234592000078)",Unfall 55745 (2024) Kat:3, Licht: 2,55745,3,3,5,11,06,5,1,2,1,1,0,0,0,0
"POINT (7.459872886000028 51.516836170000033)",Unfall 55746 (2024) Kat:3, Licht: 0,55746,3,7,4,11,14,5,0,0,1,1,0,0,0,0
"POINT (7.469424262000075 51.518360958000073)",Unfall 55866 (2024) Kat:3, Licht: 0,55866,3,6,1,11,13,4,0,0,0,1,0,0,0,0
"POINT (7.459573887000033 51.505218465000041)",Unfall 55867 (2024) Kat:3, Licht: 2,55867,3,2,0,11,05,4,0,2,1,1,0,0,0,0
"POINT (7.467856767000058 51.431454315000053)",Unfall 55964 (2024) Kat:3, Licht: 2,55964,3,2,3,11,21,7,0,2,0,1,0,0,0,0
"POINT (7.499548744000037 51.555863092000038)",Unfall 55978 (2024) Kat:3, Licht: 2,55978,3,7,0,11,04,3,0,2,0,1,0,0,0,0
"POINT (7.507645611000044 51.503990935000047)",Unfall 55979 (2024) Kat:3, Licht: 0,55979,3,3,1,11,16,3,0,0,0,1,0,1,0,0
"POINT (7.481783154000027 51.523763832000043)",Unfall 55981 (2024) Kat:3, Licht: 0,55981,3,2,5,11,15,3,0,0,1,0,0,0,0,1
"POINT (7.416533058000027 51.502636016000054)",Unfall 55982 (2024) Kat:3, Licht: 0,55982,3,6,2,11,15,3,0,0,0,1,0,0,0,0
"POINT (7.505500741000048 51.480874890000052)",Unfall 55983 (2024) Kat:2, Licht: 2,55983,2,3,5,11,05,3,0,2,0,1,0,0,0,0
"POINT (7.474849279000068 51.517938900000047)",Unfall 56024 (2024) Kat:3, Licht: 0,56024,3,2,3,11,16,6,0,0,1,0,0,0,1,0
"POINT (7.462852517000044 51.578676816000041)",Unfall 56116 (2024) Kat:3, Licht: 0,56116,3,1,8,11,10,2,0,0,0,1,0,0,0,0
"POINT (7.427186176000021 51.518342116000042)",Unfall 56117 (2024) Kat:3, Licht: 2,56117,3,6,3,11,01,2,0,2,0,1,0,0,0,0
"POINT (7.495614377000038 51.482347351000044)",Unfall 56136 (2024) Kat:3, Licht: 2,56136,3,3,5,11,17,5,0,2,0,1,0,0,0,0
"POINT (7.406493354000077 51.583930183000064)",Unfall 56197 (2024) Kat:3, Licht: 0,56197,3,6,2,11,15,1,0,0,0,1,0,0,0,0
"POINT (7.477212525000027 51.591398390000052)",Unfall 56199 (2024) Kat:3, Licht: 1,56199,3,2,4,11,19,1,0,1,0,1,0,0,0,0
"POINT (7.407655162000026 51.466501151000045)",Unfall 56268 (2024) Kat:3, Licht: 2,56268,3,1,2,11,22,7,0,2,0,1,0,0,0,1
"POINT (7.386551336000025 51.524711311000033)",Unfall 56271 (2024) Kat:3, Licht: 0,56271,3,1,0,11,09,7,0,0,1,0,0,0,0,0
"POINT (7.481997072000070 51.500367473000040)",Unfall 56272 (2024) Kat:3, Licht: 2,56272,3,6,2,11,21,7,0,2,0,1,0,0,0,0
"POINT (7.486664244000053 51.501221497000074)",Unfall 56273 (2024) Kat:3, Licht: 0,56273,3,3,5,11,14,7,0,0,1,1,0,0,0,0
"POINT (7.459607619000053 51.516791243000057)",Unfall 56274 (2024) Kat:3, Licht: 2,56274,3,4,6,11,02,7,1,2,0,1,1,0,0,0
"POINT (7.456845496000028 51.576780841000073)",Unfall 56340 (2024) Kat:3, Licht: 2,56340,3,6,2,11,00,6,0,2,0,1,0,0,0,0
"POINT (7.606237823000072 51.531376921000060)",Unfall 56341 (2024) Kat:3, Licht: 1,56341,3,6,2,11,17,6,0,1,0,1,0,0,0,0
"POINT (7.439729617000069 51.481762583000034)",Unfall 56474 (2024) Kat:3, Licht: 0,56474,3,4,6,11,16,3,0,0,0,1,1,0,0,0
"POINT (7.546918105000032 51.523495566000065)",Unfall 56487 (2024) Kat:3, Licht: 0,56487,3,6,3,10,16,5,0,0,0,1,0,0,0,1
"POINT (7.529685693000033 51.522207943000069)",Unfall 56488 (2024) Kat:3, Licht: 0,56488,3,3,5,10,14,5,0,0,0,1,0,0,0,0
"POINT (7.403057108000041 51.527243243000044)",Unfall 56490 (2024) Kat:3, Licht: 0,56490,3,5,1,10,15,5,0,0,1,1,0,0,0,1
"POINT (7.372327234000068 51.519790425000053)",Unfall 56491 (2024) Kat:3, Licht: 2,56491,3,6,2,10,17,5,0,2,0,1,0,0,0,0
"POINT (7.490648697000040 51.496634569000037)",Unfall 56492 (2024) Kat:3, Licht: 1,56492,3,3,0,10,17,5,0,1,0,1,0,0,0,0
"POINT (7.507052221000038 51.515851533000045)",Unfall 56570 (2024) Kat:3, Licht: 2,56570,3,7,6,11,18,4,0,2,0,1,1,0,0,0
"POINT (7.419797632000041 51.504183549000061)",Unfall 56571 (2024) Kat:3, Licht: 2,56571,3,6,3,11,05,4,1,2,1,0,0,1,0,0
"POINT (7.459088627000028 51.465036752000060)",Unfall 56572 (2024) Kat:3, Licht: 2,56572,3,6,4,11,22,4,1,2,0,1,0,0,0,0
"POINT (7.455981518000044 51.532877106000058)",Unfall 56677 (2024) Kat:3, Licht: 0,56677,3,1,2,11,14,3,0,0,0,1,0,0,0,0
"POINT (7.375239647000058 51.515904145000036)",Unfall 56678 (2024) Kat:3, Licht: 1,56678,3,2,5,11,16,3,0,1,0,1,0,0,0,0
"POINT (7.432398463000027 51.482267644000046)",Unfall 56679 (2024) Kat:3, Licht: 0,56679,3,6,1,11,14,3,0,0,0,1,0,0,0,0
"POINT (7.467039509000074 51.488228040000081)",Unfall 56680 (2024) Kat:3, Licht: 0,56680,3,6,2,11,08,3,0,0,0,1,0,0,0,0
"POINT (7.450960459000044 51.513422497000079)",Unfall 56681 (2024) Kat:3, Licht: 2,56681,3,7,4,11,21,3,0,2,0,0,0,0,0,1
"POINT (7.376873480000029 51.528223886000035)",Unfall 56784 (2024) Kat:3, Licht: 0,56784,3,6,0,11,15,2,1,0,0,1,0,0,1,0
"POINT (7.386762065000028 51.503898825000078)",Unfall 56785 (2024) Kat:3, Licht: 0,56785,3,7,9,11,10,2,0,0,0,1,0,0,0,0
"POINT (7.450759142000038 51.512694248000059)",Unfall 56787 (2024) Kat:3, Licht: 2,56787,3,2,6,11,17,2,1,2,0,1,1,0,0,0
"POINT (7.476220464000050 51.504568141000050)",Unfall 56788 (2024) Kat:3, Licht: 1,56788,3,2,6,11,16,2,1,1,0,1,1,0,0,0
"POINT (7.469689645000074 51.499005635000060)",Unfall 56789 (2024) Kat:3, Licht: 0,56789,3,6,3,11,12,2,1,0,0,1,0,0,1,0
"POINT (7.468289660000039 51.485685912000065)",Unfall 56837 (2024) Kat:2, Licht: 2,56837,2,6,2,11,17,1,0,2,0,1,0,1,0,0
"POINT (7.341134937000049 51.502710643000057)",Unfall 56925 (2024) Kat:3, Licht: 2,56925,3,1,9,11,01,7,2,2,0,1,0,0,0,0
"POINT (7.482575744000030 51.559047319000058)",Unfall 56926 (2024) Kat:3, Licht: 2,56926,3,1,4,11,18,7,0,2,0,1,0,0,0,0
"POINT (7.463101055000038 51.576009194000051)",Unfall 56927 (2024) Kat:3, Licht: 2,56927,3,7,8,11,01,7,2,2,0,1,0,0,0,0
"POINT (7.464745430000050 51.518822006000050)",Unfall 56928 (2024) Kat:3, Licht: 2,56928,3,6,2,11,01,7,2,2,0,1,0,0,0,0
"POINT (7.498177719000068 51.494123320000028)",Unfall 56929 (2024) Kat:3, Licht: 2,56929,3,4,6,11,17,7,0,2,0,1,1,0,0,0
"POINT (7.472803574000068 51.512616013000070)",Unfall 56930 (2024) Kat:3, Licht: 0,56930,3,1,0,11,13,7,1,0,1,0,0,0,0,0
"POINT (7.470495114000073 51.494819973000062)",Unfall 56931 (2024) Kat:3, Licht: 2,56931,3,1,0,11,00,7,2,2,1,0,0,0,0,0
"POINT (7.538516125000058 51.552755223000077)",Unfall 57051 (2024) Kat:3, Licht: 1,57051,3,6,1,11,08,6,2,1,0,1,0,0,0,0
"POINT (7.492710723000073 51.514266334000069)",Unfall 57052 (2024) Kat:3, Licht: 0,57052,3,4,6,11,15,6,1,0,0,1,1,0,0,0
"POINT (7.427127515000052 51.511288877000027)",Unfall 57054 (2024) Kat:3, Licht: 2,57054,3,1,1,11,06,6,2,2,0,1,0,0,0,0
"POINT (7.430285693000030 51.482417316000067)",Unfall 57055 (2024) Kat:3, Licht: 2,57055,3,4,6,11,17,6,0,2,0,1,1,0,0,0
"POINT (7.442985958000065 51.494611642000052)",Unfall 57057 (2024) Kat:3, Licht: 1,57057,3,7,3,11,07,6,2,1,1,1,0,0,0,0
"POINT (7.545801793000066 51.509160476000034)",Unfall 57154 (2024) Kat:3, Licht: 2,57154,3,6,3,11,17,5,0,2,0,1,0,0,0,0
"POINT (7.378255607000028 51.493600843000081)",Unfall 57156 (2024) Kat:3, Licht: 0,57156,3,7,6,11,13,5,0,0,0,0,1,0,0,1
"POINT (7.485640958000033 51.444309300000043)",Unfall 57268 (2024) Kat:3, Licht: 2,57268,3,1,9,11,22,4,2,2,0,1,0,0,0,0
"POINT (7.396523840000043 51.583430986000053)",Unfall 57270 (2024) Kat:3, Licht: 0,57270,3,6,3,11,14,4,1,0,0,1,0,0,1,0
"POINT (7.421444788000031 51.584480665000058)",Unfall 57272 (2024) Kat:3, Licht: 2,57272,3,7,3,11,05,4,1,2,0,1,0,0,1,0
"POINT (7.614896852000072 51.532751261000044)",Unfall 57273 (2024) Kat:3, Licht: 0,57273,3,2,6,11,16,4,1,0,0,1,1,0,0,0
"POINT (7.463822473000050 51.573580833000051)",Unfall 57275 (2024) Kat:3, Licht: 0,57275,3,6,1,11,16,4,0,0,0,1,0,0,0,0
"POINT (7.472248641000022 51.558583510000062)",Unfall 57276 (2024) Kat:3, Licht: 0,57276,3,6,1,11,13,4,1,0,0,1,0,0,0,0
"POINT (7.412134880000053 51.528845770000032)",Unfall 57278 (2024) Kat:3, Licht: 1,57278,3,2,6,11,16,4,1,1,0,1,1,0,0,0
"POINT (7.457527785000025 51.471580052000036)",Unfall 57279 (2024) Kat:3, Licht: 2,57279,3,1,9,11,22,4,2,2,0,1,0,0,0,0
"POINT (7.598267528000065 51.477846586000055)",Unfall 57442 (2024) Kat:3, Licht: 1,57442,3,2,6,11,15,3,1,1,0,1,1,0,0,0
"POINT (7.553542081000046 51.484390563000034)",Unfall 57443 (2024) Kat:3, Licht: 1,57443,3,3,5,11,07,3,1,1,1,1,0,0,0,0
"POINT (7.422077263000062 51.508137899000076)",Unfall 57445 (2024) Kat:3, Licht: 2,57445,3,2,4,11,17,3,1,2,0,1,0,1,0,0
"POINT (7.371013089000030 51.523569161000069)",Unfall 57447 (2024) Kat:2, Licht: 2,57447,2,2,6,11,16,3,1,2,0,1,1,0,0,0
"POINT (7.422009100000025 51.508143961000030)",Unfall 57448 (2024) Kat:3, Licht: 0,57448,3,2,3,11,08,3,1,0,0,1,0,0,0,0
"POINT (7.451821246000065 51.502934467000046)",Unfall 57450 (2024) Kat:3, Licht: 0,57450,3,4,6,11,08,3,1,0,0,1,1,0,0,0
"POINT (7.502652167000065 51.515614413000037)",Unfall 57591 (2024) Kat:3, Licht: 0,57591,3,2,4,11,11,2,0,0,0,1,0,0,0,1
"POINT (7.401791292000041 51.494648467000047)",Unfall 57592 (2024) Kat:3, Licht: 0,57592,3,3,5,11,08,2,1,0,0,1,0,0,0,0
"POINT (7.486716927000032 51.501234129000068)",Unfall 57593 (2024) Kat:3, Licht: 0,57593,3,3,5,11,07,2,1,0,0,1,0,0,0,1
"POINT (7.511150670000063 51.530301792000046)",Unfall 57716 (2024) Kat:3, Licht: 0,57716,3,1,9,11,12,7,0,0,0,1,0,0,0,0
"POINT (7.476893515000029 51.518887396000082)",Unfall 57717 (2024) Kat:3, Licht: 2,57717,3,7,0,11,04,7,0,2,0,0,0,0,0,1
"POINT (7.484738901000071 51.471871940000028)",Unfall 57719 (2024) Kat:3, Licht: 2,57719,3,6,2,11,17,7,0,2,0,1,0,0,0,0
"POINT (7.510393225000030 51.482006387000069)",Unfall 57761 (2024) Kat:2, Licht: 0,57761,2,2,5,11,14,7,0,0,0,1,0,0,0,0
"POINT (7.325130477000073 51.502341511000054)",Unfall 57767 (2024) Kat:3, Licht: 0,57767,3,2,5,11,14,3,0,0,1,1,0,0,0,0
"POINT (7.530787304000057 51.453413359000081)",Unfall 57831 (2024) Kat:2, Licht: 1,57831,2,3,5,11,07,6,1,1,0,1,0,1,0,0
"POINT (7.484779015000072 51.443179857000075)",Unfall 57910 (2024) Kat:3, Licht: 2,57910,3,7,1,11,21,4,2,2,0,1,0,0,0,0
"POINT (7.461776708000059 51.581637069000067)",Unfall 58124 (2024) Kat:3, Licht: 0,58124,3,7,6,11,14,4,1,0,0,1,1,0,0,0
"POINT (7.467909515000031 51.431498064000039)",Unfall 58125 (2024) Kat:3, Licht: 0,58125,3,2,5,11,09,5,1,0,0,1,0,0,0,0
"POINT (7.452736907000030 51.523931368000035)",Unfall 58126 (2024) Kat:3, Licht: 2,58126,3,2,3,11,21,4,1,2,0,1,0,0,0,1
"POINT (7.468999847000021 51.484171409000055)",Unfall 58128 (2024) Kat:3, Licht: 2,58128,3,6,2,11,19,4,1,2,0,1,0,0,0,0
"POINT (7.552223614000070 51.493468453000048)",Unfall 58165 (2024) Kat:3, Licht: 2,58165,3,2,0,11,16,6,1,2,0,1,0,0,0,1
"POINT (7.504351353000061 51.503693191000082)",Unfall 58170 (2024) Kat:3, Licht: 0,58170,3,6,2,11,08,4,0,0,0,1,0,0,0,0
"POINT (7.566346718000034 51.575172921000046)",Unfall 58241 (2024) Kat:2, Licht: 1,58241,2,6,2,12,16,6,0,1,0,1,0,0,0,0
"POINT (7.593300392000060 51.529288273000077)",Unfall 58242 (2024) Kat:3, Licht: 2,58242,3,5,1,12,23,6,1,2,1,1,0,0,0,0
"POINT (7.461708099000020 51.510260575000075)",Unfall 58243 (2024) Kat:3, Licht: 0,58243,3,6,3,12,13,6,0,0,0,0,0,0,0,1
"POINT (7.452062038000065 51.500478082000029)",Unfall 58244 (2024) Kat:2, Licht: 2,58244,2,6,3,12,06,6,1,2,0,1,0,0,0,1
"POINT (7.416442586000073 51.496861604000060)",Unfall 58420 (2024) Kat:3, Licht: 2,58420,3,6,2,12,22,4,0,2,0,1,0,0,0,0
"POINT (7.396786281000061 51.525763044000030)",Unfall 58422 (2024) Kat:3, Licht: 0,58422,3,6,2,12,13,4,0,0,0,1,0,0,0,0
"POINT (7.474243907000073 51.513956155000074)",Unfall 58423 (2024) Kat:3, Licht: 2,58423,3,2,5,12,17,4,0,2,0,1,0,0,0,0
"POINT (7.365376422000054 51.539471736000053)",Unfall 58485 (2024) Kat:3, Licht: 0,58485,3,6,2,12,08,3,0,0,0,1,0,0,0,0
"POINT (7.460186710000073 51.469261901000039)",Unfall 58486 (2024) Kat:3, Licht: 0,58486,3,3,6,12,15,3,0,0,0,1,1,0,0,0
"POINT (7.379228448000049 51.498011249000058)",Unfall 58592 (2024) Kat:3, Licht: 2,58592,3,6,0,12,23,2,0,2,0,1,0,0,0,0
"POINT (7.467370634000076 51.492464914000038)",Unfall 58640 (2024) Kat:3, Licht: 2,58640,3,1,8,12,04,1,1,2,0,1,0,0,0,0
"POINT (7.393002579000040 51.508875206000027)",Unfall 58714 (2024) Kat:2, Licht: 0,58714,2,1,8,12,11,7,1,0,1,1,0,0,0,0
"POINT (7.360410883000043 51.545846603000030)",Unfall 58810 (2024) Kat:3, Licht: 0,58810,3,1,8,12,09,6,0,0,0,1,0,0,0,0
"POINT (7.552955075000057 51.482932869000081)",Unfall 58815 (2024) Kat:3, Licht: 0,58815,3,6,2,12,14,6,0,0,0,1,0,0,0,0
"POINT (7.375248607000060 51.493154359000073)",Unfall 58817 (2024) Kat:2, Licht: 0,58817,2,2,4,12,13,6,0,0,0,1,0,0,0,0
"POINT (7.449199709000027 51.498142534000067)",Unfall 58818 (2024) Kat:3, Licht: 2,58818,3,3,5,12,18,6,0,2,1,1,0,0,0,0
"POINT (7.456500692000077 51.537070313000072)",Unfall 58867 (2024) Kat:3, Licht: 0,58867,3,6,2,12,15,3,0,0,0,1,0,0,0,0
"POINT (7.632728046000068 51.536109918000079)",Unfall 58908 (2024) Kat:3, Licht: 0,58908,3,3,5,12,16,5,0,0,0,1,0,0,0,0
"POINT (7.452677095000070 51.523927496000056)",Unfall 58910 (2024) Kat:3, Licht: 2,58910,3,2,5,12,22,5,0,2,0,1,0,0,0,0
"POINT (7.415127440000049 51.496532171000069)",Unfall 58985 (2024) Kat:3, Licht: 2,58985,3,6,2,12,23,4,0,2,0,1,0,0,0,0
"POINT (7.415307274000043 51.496558386000061)",Unfall 58989 (2024) Kat:3, Licht: 2,58989,3,6,2,12,23,4,0,2,0,1,0,0,0,0
"POINT (7.393136408000032 51.480210996000039)",Unfall 58991 (2024) Kat:3, Licht: 0,58991,3,2,5,12,19,4,0,0,0,1,0,0,0,0
"POINT (7.456929314000035 51.498165437000068)",Unfall 58993 (2024) Kat:3, Licht: 2,58993,3,3,5,12,18,4,0,2,1,1,0,0,0,0
"POINT (7.455365496000070 51.477168191000032)",Unfall 59027 (2024) Kat:3, Licht: 0,59027,3,7,0,12,11,5,0,0,1,0,0,0,0,0
"POINT (7.541027076000034 51.537366824000060)",Unfall 59080 (2024) Kat:3, Licht: 2,59080,3,3,5,12,20,3,0,2,0,1,0,0,0,0
"POINT (7.472808034000025 51.515027269000029)",Unfall 59081 (2024) Kat:3, Licht: 2,59081,3,6,1,12,17,3,0,2,0,1,0,0,0,0
"POINT (7.496159522000028 51.514200599000048)",Unfall 59179 (2024) Kat:3, Licht: 0,59179,3,2,6,12,08,2,1,0,0,1,1,0,0,0
"POINT (7.393919292000021 51.580852515000061)",Unfall 59180 (2024) Kat:3, Licht: 0,59180,3,3,5,12,13,2,1,0,0,1,0,0,0,0
"POINT (7.458868357000028 51.478330305000043)",Unfall 59181 (2024) Kat:3, Licht: 2,59181,3,3,5,12,21,2,1,2,1,1,0,0,0,0
"POINT (7.431569882000076 51.497763775000067)",Unfall 59242 (2024) Kat:3, Licht: 2,59242,3,6,2,12,17,1,0,2,0,1,0,0,0,0
"POINT (7.431731857000045 51.497756547000051)",Unfall 59243 (2024) Kat:3, Licht: 2,59243,3,6,2,12,18,1,0,2,0,1,0,0,0,0
"POINT (7.547197375000053 51.523648751000053)",Unfall 59244 (2024) Kat:3, Licht: 2,59244,3,7,0,12,17,1,0,2,0,0,1,0,0,1
"POINT (7.435955174000071 51.486398624000060)",Unfall 59245 (2024) Kat:3, Licht: 1,59245,3,7,0,12,16,1,0,1,1,0,0,0,0,1
"POINT (7.485403267000038 51.472297480000066)",Unfall 59246 (2024) Kat:2, Licht: 2,59246,2,7,6,12,05,1,0,2,0,1,1,0,0,0
"POINT (7.474977394000064 51.517993654000065)",Unfall 59247 (2024) Kat:3, Licht: 2,59247,3,2,5,12,03,1,0,2,0,1,0,0,0,0
"POINT (7.501204332000043 51.559273474000065)",Unfall 59407 (2024) Kat:3, Licht: 0,59407,3,3,5,12,11,1,1,0,0,1,0,0,0,0
"POINT (7.537280977000023 51.565733991000059)",Unfall 59446 (2024) Kat:3, Licht: 2,59446,3,2,5,12,21,6,0,2,0,1,0,0,0,0
"POINT (7.503452120000077 51.565598278000039)",Unfall 59447 (2024) Kat:3, Licht: 2,59447,3,6,1,12,16,6,1,2,0,1,0,0,0,0
"POINT (7.610203159000037 51.532225577000077)",Unfall 59448 (2024) Kat:3, Licht: 2,59448,3,3,5,12,16,6,1,2,0,1,0,0,0,1
"POINT (7.457771891000050 51.478556439000045)",Unfall 59450 (2024) Kat:3, Licht: 2,59450,3,3,5,12,18,6,1,2,0,1,0,0,0,0
"POINT (7.491257711000060 51.496368712000049)",Unfall 59451 (2024) Kat:3, Licht: 0,59451,3,3,5,12,12,6,1,0,0,1,0,0,0,0
"POINT (7.406680587000039 51.479077585000027)",Unfall 59455 (2024) Kat:2, Licht: 2,59455,2,5,0,12,18,2,1,2,1,1,0,0,0,0
"POINT (7.609293880000052 51.532124308000050)",Unfall 59483 (2024) Kat:3, Licht: 1,59483,3,4,0,12,16,2,0,1,0,1,1,0,0,0
"POINT (7.442210123000052 51.497532147000072)",Unfall 59486 (2024) Kat:3, Licht: 2,59486,3,6,2,12,00,2,1,2,0,1,0,0,0,0
"POINT (7.472619835000046 51.512588267000069)",Unfall 59522 (2024) Kat:3, Licht: 0,59522,3,6,2,12,11,2,1,0,0,1,0,0,0,0
"POINT (7.351778901000046 51.562160079000080)",Unfall 59575 (2024) Kat:3, Licht: 0,59575,3,6,2,12,07,5,0,0,0,1,0,0,1,0
"POINT (7.524081616000046 51.521138691000033)",Unfall 59578 (2024) Kat:3, Licht: 0,59578,3,2,6,12,10,5,0,0,0,1,1,0,0,0
"POINT (7.452829095000027 51.523846427000080)",Unfall 59582 (2024) Kat:3, Licht: 2,59582,3,4,0,12,16,5,1,2,0,1,1,0,0,0
"POINT (7.461064777000047 51.508310478000055)",Unfall 59583 (2024) Kat:2, Licht: 0,59583,2,3,5,12,12,5,0,0,0,1,0,0,0,0
"POINT (7.521648494000033 51.504546206000043)",Unfall 59700 (2024) Kat:3, Licht: 0,59700,3,6,2,12,07,4,0,0,0,1,0,0,0,0
"POINT (7.600416591000055 51.473131539000065)",Unfall 59701 (2024) Kat:3, Licht: 0,59701,3,7,1,12,15,4,0,0,0,1,0,0,0,0
"POINT (7.440729435000037 51.497417895000069)",Unfall 59702 (2024) Kat:3, Licht: 0,59702,3,6,2,12,07,4,0,0,0,1,0,0,0,0
"POINT (7.450963213000023 51.441690471000072)",Unfall 59833 (2024) Kat:3, Licht: 0,59833,3,6,3,12,17,3,0,0,0,1,0,0,0,0
"POINT (7.418624171000033 51.558074870000041)",Unfall 59924 (2024) Kat:3, Licht: 2,59924,3,6,4,12,00,1,1,2,0,1,0,0,0,0
"POINT (7.552491005000036 51.482558406000066)",Unfall 59984 (2024) Kat:3, Licht: 1,59984,3,2,5,12,05,2,0,1,0,1,0,0,0,0
"POINT (7.545090377000065 51.531205393000050)",Unfall 59985 (2024) Kat:3, Licht: 0,59985,3,1,2,12,15,2,1,0,0,1,0,0,0,0
"POINT (7.474536512000043 51.589427868000030)",Unfall 59989 (2024) Kat:3, Licht: 0,59989,3,6,2,12,15,2,0,0,0,1,0,0,0,0
"POINT (7.501690927000027 51.493390540000064)",Unfall 60058 (2024) Kat:3, Licht: 0,60058,3,6,2,12,13,1,0,0,0,0,0,0,0,1
"POINT (7.498991374000070 51.488637372000028)",Unfall 60059 (2024) Kat:3, Licht: 2,60059,3,7,8,12,03,1,0,2,0,0,0,0,0,1
"POINT (7.365614964000031 51.539518490000034)",Unfall 60145 (2024) Kat:3, Licht: 2,60145,3,6,3,12,17,5,0,2,0,1,0,0,0,0
"POINT (7.397463954000045 51.472859719000041)",Unfall 60169 (2024) Kat:3, Licht: 0,60169,3,6,8,11,08,7,0,0,0,1,0,0,0,0
"POINT (7.457942305000074 51.530508795000060)",Unfall 60171 (2024) Kat:3, Licht: 0,60171,3,2,6,11,14,7,0,0,0,1,1,0,0,0
"POINT (7.432790628000021 51.482239910000033)",Unfall 60173 (2024) Kat:2, Licht: 1,60173,2,7,6,11,16,7,0,1,0,0,1,0,0,1
"POINT (7.383622256000024 51.520057312000063)",Unfall 60338 (2024) Kat:3, Licht: 1,60338,3,6,2,11,16,6,0,1,0,1,0,0,0,0
"POINT (7.366272089000063 51.525309741000058)",Unfall 60339 (2024) Kat:3, Licht: 0,60339,3,6,1,11,14,6,0,0,0,1,0,0,0,0
"POINT (7.366391418000035 51.504905040000040)",Unfall 60340 (2024) Kat:2, Licht: 0,60340,2,2,4,11,12,6,0,0,0,0,0,1,1,0
"POINT (7.461376057000052 51.510461968000072)",Unfall 60341 (2024) Kat:3, Licht: 2,60341,3,1,6,11,20,6,0,2,0,1,1,0,0,0
"POINT (7.366316440000048 51.538681308000037)",Unfall 60473 (2024) Kat:3, Licht: 0,60473,3,1,2,11,09,5,0,0,0,1,0,0,0,0
"POINT (7.541693412000029 51.536556131000054)",Unfall 60476 (2024) Kat:3, Licht: 0,60476,3,1,9,11,12,5,0,0,0,1,0,0,0,0
"POINT (7.436885229000040 51.481949051000072)",Unfall 60477 (2024) Kat:3, Licht: 1,60477,3,3,5,11,15,5,0,1,1,1,0,0,0,0
"POINT (7.523606727000072 51.464238902000034)",Unfall 60478 (2024) Kat:3, Licht: 2,60478,3,6,2,11,17,5,1,2,0,1,0,0,0,0
"POINT (7.498175132000028 51.494122794000077)",Unfall 60484 (2024) Kat:2, Licht: 2,60484,2,2,6,12,07,5,0,2,0,1,1,0,0,0
"POINT (7.424290439000060 51.532464275000052)",Unfall 60598 (2024) Kat:3, Licht: 0,60598,3,6,2,12,12,2,1,0,0,1,0,0,0,1
"POINT (7.540055019000022 51.491370061000055)",Unfall 61044 (2024) Kat:3, Licht: 0,61044,3,7,0,12,14,2,0,0,0,0,0,0,0,1
"POINT (7.470017614000028 51.508198362000030)",Unfall 61045 (2024) Kat:3, Licht: 0,61045,3,3,5,12,16,2,0,0,1,1,0,0,0,0
"POINT (7.454218086000026 51.513658024000051)",Unfall 61046 (2024) Kat:3, Licht: 2,61046,3,3,5,12,02,2,0,2,1,1,0,0,0,0
"POINT (7.522274056000072 51.520948137000062)",Unfall 61140 (2024) Kat:3, Licht: 1,61140,3,6,2,12,16,7,0,1,0,1,0,0,0,1
"POINT (7.383374670000023 51.548957989000030)",Unfall 61213 (2024) Kat:3, Licht: 2,61213,3,1,0,12,13,6,1,2,0,1,0,0,0,1