WKT,Name,OBJECTID,UKATEGORIE,UTYP1,UART,UMONAT,USTUNDE,UWOCHENTAG,STRZUSTAND,ULICHTVERH,ISTRAD,ISTPKW,ISTFUSS,ISTKRAD,ISTGKFZ,ISTSONSTIG
"POINT (7.426727427000060 51.519251730000065)",Unfall 61214 (2024) Kat:3, Licht: 0,61214,3,2,5,12,14,6,0,0,1,1,0,0,0,0
"POINT (7.402942379000024 51.564732422000077)",Unfall 61256 (2024) Kat:3, Licht: 2,61256,3,7,9,12,20,5,1,2,0,1,0,0,0,0
"POINT (7.459675742000059 51.516697664000048)",Unfall 61257 (2024) Kat:3, Licht: 2,61257,3,6,3,12,03,5,0,2,0,1,0,0,0,0
"POINT (7.411199463000059 51.560242661000075)",Unfall 61303 (2024) Kat:3, Licht: 2,61303,3,7,8,12,21,4,0,2,0,1,0,0,0,0
"POINT (7.367615301000058 51.494403226000031)",Unfall 61462 (2024) Kat:3, Licht: 1,61462,3,2,4,12,07,2,1,1,0,1,0,0,0,1
"POINT (7.484866716000056 51.425657225000066)",Unfall 61529 (2024) Kat:3, Licht: 2,61529,3,1,0,12,03,1,1,2,0,1,0,0,0,0
"POINT (7.502045938000037 51.563813647000075)",Unfall 61626 (2024) Kat:3, Licht: 2,61626,3,6,9,12,19,7,1,2,0,1,0,0,1,0
"POINT (7.581981695000025 51.528026657000055)",Unfall 61627 (2024) Kat:2, Licht: 2,61627,2,3,5,12,20,7,0,2,0,1,0,0,0,0
"POINT (7.547004735000030 51.523636968000062)",Unfall 61629 (2024) Kat:3, Licht: 2,61629,3,2,6,12,07,7,1,2,0,1,1,0,0,0
"POINT (7.479438356000060 51.554594453000050)",Unfall 169189 (2024) Kat:3, Licht: 2,169189,3,6,2,01,19,6,1,2,0,1,0,0,0,0
"POINT (7.415001743000062 51.534378590000074)",Unfall 169225 (2024) Kat:3, Licht: 2,169225,3,4,6,01,23,5,1,2,0,1,1,0,0,0
"POINT (7.492671429000040 51.471101792000070)",Unfall 169226 (2024) Kat:3, Licht: 1,169226,3,6,1,01,16,5,1,1,0,1,0,0,0,1
"POINT (7.523452713000040 51.477929641000060)",Unfall 169316 (2024) Kat:3, Licht: 2,169316,3,3,5,01,17,3,0,2,0,1,0,0,0,0
"POINT (7.416044078000027 51.492842890000077)",Unfall 169356 (2024) Kat:3, Licht: 2,169356,3,5,0,01,19,2,1,2,0,1,0,1,0,0
"POINT (7.447089494000068 51.528295532000072)",Unfall 169472 (2024) Kat:1, Licht: 2,169472,1,1,0,01,06,6,2,2,1,0,0,0,0,0
"POINT (7.415505390000021 51.494530118000057)",Unfall 169473 (2024) Kat:2, Licht: 2,169473,2,3,5,01,22,6,1,2,0,1,0,0,0,0
"POINT (7.521308117000046 51.574683066000034)",Unfall 169541 (2024) Kat:3, Licht: 2,169541,3,6,4,01,22,5,2,2,0,1,0,0,0,0
"POINT (7.556161294000049 51.493318413000054)",Unfall 169617 (2024) Kat:3, Licht: 0,169617,3,7,6,01,15,3,0,0,1,0,1,0,0,0
"POINT (7.520690423000076 51.521481412000071)",Unfall 169669 (2024) Kat:3, Licht: 0,169669,3,6,2,01,14,2,0,0,0,1,0,0,0,0
"POINT (7.474586953000028 51.520633749000069)",Unfall 169670 (2024) Kat:3, Licht: 0,169670,3,1,1,01,14,2,0,0,0,1,0,1,0,0
"POINT (7.456308423000053 51.530438362000041)",Unfall 169680 (2024) Kat:3, Licht: 2,169680,3,5,1,01,22,1,0,2,1,1,0,0,0,0
"POINT (7.506610382000076 51.517529228000058)",Unfall 169736 (2024) Kat:3, Licht: 2,169736,3,1,5,01,18,6,1,2,0,1,0,1,0,0
"POINT (7.372644027000035 51.539925141000026)",Unfall 169737 (2024) Kat:3, Licht: 1,169737,3,4,1,01,07,6,0,1,0,1,1,0,0,0
"POINT (7.435704033000036 51.472207183000080)",Unfall 169738 (2024) Kat:3, Licht: 1,169738,3,1,0,01,16,6,0,1,1,0,0,0,0,0
"POINT (7.446539907000044 51.473975479000046)",Unfall 169787 (2024) Kat:3, Licht: 0,169787,3,3,5,01,14,5,1,0,0,1,0,0,0,0
"POINT (7.500827978000075 51.486976809000055)",Unfall 169788 (2024) Kat:3, Licht: 2,169788,3,1,0,01,01,5,1,2,0,0,0,0,0,1
"POINT (7.498313289000066 51.498644029000047)",Unfall 169824 (2024) Kat:3, Licht: 2,169824,3,3,0,01,19,4,1,2,1,1,0,0,0,0
"POINT (7.460751539000057 51.549206307000077)",Unfall 169879 (2024) Kat:3, Licht: 0,169879,3,2,4,01,14,3,1,0,0,1,0,0,0,0
"POINT (7.414736441000059 51.532133499000054)",Unfall 169880 (2024) Kat:3, Licht: 0,169880,3,2,6,01,12,3,1,0,0,1,1,0,0,0
"POINT (7.453856142000063 51.516621071000031)",Unfall 169881 (2024) Kat:3, Licht: 2,169881,3,1,4,01,20,3,1,2,0,1,0,0,0,0
"POINT (7.450901369000064 51.520732250000037)",Unfall 170288 (2024) Kat:3, Licht: 0,170288,3,2,5,02,08,2,0,0,0,1,0,0,0,0
"POINT (7.424458337000033 51.522757702000035)",Unfall 170349 (2024) Kat:3, Licht: 2,170349,3,1,3,02,21,7,1,2,0,1,0,0,0,0
"POINT (7.514454092000051 51.525139076000073)",Unfall 170350 (2024) Kat:3, Licht: 0,170350,3,2,5,02,12,7,0,0,1,1,0,0,0,0
"POINT (7.377521750000028 51.562838781000039)",Unfall 170390 (2024) Kat:3, Licht: 0,170390,3,3,3,02,09,6,1,0,1,1,0,0,0,0
"POINT (7.544046871000035 51.497552266000071)",Unfall 170457 (2024) Kat:3, Licht: 0,170457,3,7,0,02,11,5,0,0,0,0,0,0,0,1
"POINT (7.457216404000064 51.501718756000059)",Unfall 170458 (2024) Kat:3, Licht: 0,170458,3,5,3,02,16,5,1,0,1,1,0,0,0,0
"POINT (7.423666640000022 51.517276690000074)",Unfall 170501 (2024) Kat:3, Licht: 2,170501,3,7,0,02,05,4,1,2,0,1,0,0,0,0
"POINT (7.480966515000034 51.513299551000046)",Unfall 170545 (2024) Kat:3, Licht: 0,170545,3,5,1,02,12,3,1,0,1,1,0,0,0,0
"POINT (7.436212822000073 51.511176279000040)",Unfall 170586 (2024) Kat:3, Licht: 0,170586,3,1,0,02,15,2,0,0,0,0,0,0,0,1
"POINT (7.517676695000034 51.544199666000054)",Unfall 170614 (2024) Kat:1, Licht: 2,170614,1,4,6,02,19,1,1,2,0,1,1,0,0,0
"POINT (7.470915637000076 51.505943578000029)",Unfall 170615 (2024) Kat:3, Licht: 2,170615,3,4,6,02,19,1,1,2,0,1,1,0,0,0
"POINT (7.448474468000029 51.495534513000052)",Unfall 170647 (2024) Kat:3, Licht: 0,170647,3,4,6,02,10,7,1,0,0,1,1,0,0,0
"POINT (7.379448909000075 51.562606159000040)",Unfall 170698 (2024) Kat:3, Licht: 2,170698,3,4,6,02,18,6,1,2,0,1,1,0,0,0
"POINT (7.449503986000025 51.504238978000046)",Unfall 170699 (2024) Kat:2, Licht: 0,170699,2,1,0,02,16,6,0,0,0,0,0,0,0,1
"POINT (7.517786729000022 51.544172943000035)",Unfall 170759 (2024) Kat:3, Licht: 0,170759,3,7,0,02,11,5,0,0,0,0,0,0,0,1
"POINT (7.444284864000053 51.474046881000049)",Unfall 170760 (2024) Kat:3, Licht: 0,170760,3,3,5,02,16,5,0,0,0,1,0,0,0,1
"POINT (7.493104639000023 51.524936224000044)",Unfall 170816 (2024) Kat:3, Licht: 0,170816,3,1,0,01,15,4,0,0,0,1,0,0,0,0
"POINT (7.557733043000042 51.493521650000048)",Unfall 170945 (2024) Kat:3, Licht: 0,170945,3,5,5,02,14,5,0,0,0,1,0,0,0,0
"POINT (7.522812281000029 51.546255314000064)",Unfall 170975 (2024) Kat:3, Licht: 2,170975,3,6,4,02,20,7,1,2,0,1,0,0,0,1
"POINT (7.471986498000035 51.526465095000049)",Unfall 170994 (2024) Kat:3, Licht: 2,170994,3,7,0,01,18,2,0,2,0,0,0,0,0,1
"POINT (7.405077139000070 51.462131607000060)",Unfall 171043 (2024) Kat:3, Licht: 2,171043,3,6,2,01,07,6,1,2,0,1,0,0,0,1
"POINT (7.518837949000044 51.525040458000035)",Unfall 171044 (2024) Kat:3, Licht: 2,171044,3,2,4,01,19,6,0,2,0,1,0,0,0,0
"POINT (7.499085789000048 51.483703198000057)",Unfall 171046 (2024) Kat:3, Licht: 0,171046,3,3,5,01,13,6,1,0,0,1,0,0,0,1
"POINT (7.440790249000031 51.500722659000076)",Unfall 171047 (2024) Kat:3, Licht: 2,171047,3,4,6,01,18,6,0,2,0,1,1,0,0,0
"POINT (7.462867407000033 51.501052279000078)",Unfall 171048 (2024) Kat:3, Licht: 2,171048,3,6,2,01,19,6,0,2,0,1,0,0,0,1
"POINT (7.455406232000030 51.531063118000077)",Unfall 171105 (2024) Kat:3, Licht: 2,171105,3,4,6,02,20,2,0,2,0,1,1,0,0,0
"POINT (7.465975364000030 51.553348746000040)",Unfall 171109 (2024) Kat:3, Licht: 0,171109,3,6,4,01,15,5,0,0,0,1,0,1,0,0
"POINT (7.485442582000076 51.524645950000036)",Unfall 171110 (2024) Kat:3, Licht: 2,171110,3,3,0,01,17,5,0,2,0,1,0,0,0,1
"POINT (7.536120403000041 51.506262006000043)",Unfall 171155 (2024) Kat:3, Licht: 2,171155,3,3,5,01,23,4,0,2,0,1,0,0,0,0
"POINT (7.447499070000049 51.511624095000059)",Unfall 171156 (2024) Kat:3, Licht: 0,171156,3,4,0,01,09,4,1,0,1,0,1,0,0,0
"POINT (7.472232409000071 51.515048004000050)",Unfall 171183 (2024) Kat:3, Licht: 0,171183,3,7,6,02,16,6,0,0,1,0,1,0,0,0
"POINT (7.533919145000027 51.506636522000065)",Unfall 171191 (2024) Kat:3, Licht: 0,171191,3,1,8,02,12,4,1,0,0,1,0,0,0,0
"POINT (7.507792854000058 51.506193893000045)",Unfall 171300 (2024) Kat:2, Licht: 2,171300,2,4,6,01,07,2,1,2,0,1,1,0,0,0
"POINT (7.380113547000065 51.570885411000063)",Unfall 171301 (2024) Kat:3, Licht: 2,171301,3,4,6,01,06,2,1,2,0,1,1,0,0,0
"POINT (7.548484789000042 51.502916013000061)",Unfall 171348 (2024) Kat:2, Licht: 0,171348,2,2,3,03,13,2,0,0,0,1,0,0,0,1
"POINT (7.440548428000056 51.531340225000065)",Unfall 171429 (2024) Kat:3, Licht: 0,171429,3,3,5,03,15,7,0,0,0,1,0,0,0,1
"POINT (7.568258968000066 51.514056643000060)",Unfall 171483 (2024) Kat:3, Licht: 0,171483,3,2,5,03,13,6,0,0,1,1,0,0,0,0
"POINT (7.486650317000056 51.518107110000074)",Unfall 171484 (2024) Kat:3, Licht: 0,171484,3,5,1,03,16,6,0,0,1,1,0,0,0,0
"POINT (7.458370412000022 51.514797851000026)",Unfall 171485 (2024) Kat:3, Licht: 2,171485,3,7,0,03,19,6,0,2,0,0,0,0,0,1
"POINT (7.453955491000045 51.516084338000041)",Unfall 171532 (2024) Kat:3, Licht: 0,171532,3,1,3,02,08,5,0,0,0,1,0,1,0,0
"POINT (7.475068165000039 51.520821097000066)",Unfall 171579 (2024) Kat:3, Licht: 2,171579,3,7,0,02,00,4,0,2,0,0,0,0,0,1
"POINT (7.490134514000033 51.506806429000051)",Unfall 171580 (2024) Kat:3, Licht: 0,171580,3,1,0,02,15,4,0,0,0,1,1,0,0,0
"POINT (7.344015430000070 51.499092668000060)",Unfall 171634 (2024) Kat:3, Licht: 0,171634,3,7,6,02,11,3,0,0,1,0,1,0,0,0
"POINT (7.534156084000074 51.510509234000040)",Unfall 171685 (2024) Kat:3, Licht: 0,171685,3,3,5,02,07,2,1,0,0,1,0,0,0,1
"POINT (7.369390139000075 51.543529505000038)",Unfall 171726 (2024) Kat:3, Licht: 2,171726,3,1,0,03,20,2,0,2,0,0,0,1,0,0
"POINT (7.447273269000050 51.516287769000030)",Unfall 171779 (2024) Kat:3, Licht: 0,171779,3,7,6,02,09,6,0,0,1,0,1,0,0,0
"POINT (7.561917324000035 51.510305727000059)",Unfall 171833 (2024) Kat:3, Licht: 0,171833,3,4,6,02,07,5,1,0,0,1,1,0,0,0
"POINT (7.534738523000044 51.508246779000046)",Unfall 171834 (2024) Kat:3, Licht: 2,171834,3,2,6,02,19,5,1,2,0,1,1,0,0,0
"POINT (7.331983742000034 51.500042252000071)",Unfall 171835 (2024) Kat:3, Licht: 2,171835,3,6,0,02,19,5,0,2,1,1,0,0,0,0
"POINT (7.466682057000071 51.535098802000050)",Unfall 171836 (2024) Kat:3, Licht: 2,171836,3,7,2,02,18,5,1,2,0,1,0,0,0,0
"POINT (7.455130720000056 51.531597776000069)",Unfall 171837 (2024) Kat:3, Licht: 0,171837,3,5,1,02,15,5,0,0,1,1,0,0,0,0
"POINT (7.439687398000046 51.477711591000059)",Unfall 171838 (2024) Kat:3, Licht: 0,171838,3,7,0,02,11,5,0,0,0,0,0,0,0,1
"POINT (7.485984341000062 51.485647028000074)",Unfall 171846 (2024) Kat:3, Licht: 0,171846,3,6,3,03,08,2,0,0,0,1,0,1,0,0
"POINT (7.340080067000031 51.498149563000027)",Unfall 171893 (2024) Kat:3, Licht: 2,171893,3,5,1,02,21,4,1,2,1,1,0,0,0,0
"POINT (7.453518067000061 51.519342664000078)",Unfall 171988 (2024) Kat:3, Licht: 0,171988,3,2,5,02,10,2,1,0,0,1,0,0,0,0
"POINT (7.396518473000071 51.558697072000029)",Unfall 172004 (2024) Kat:2, Licht: 0,172004,2,1,8,02,16,1,1,0,0,1,0,0,0,0
"POINT (7.463408184000059 51.511051391000080)",Unfall 172005 (2024) Kat:3, Licht: 2,172005,3,1,0,02,17,1,1,2,1,0,0,0,0,0
"POINT (7.368325327000036 51.492137093000053)",Unfall 172031 (2024) Kat:3, Licht: 0,172031,3,4,6,03,12,7,0,0,0,1,1,0,0,0
"POINT (7.409751432000064 51.541694654000082)",Unfall 172046 (2024) Kat:3, Licht: 0,172046,3,7,0,02,15,7,1,0,1,0,0,0,0,0
"POINT (7.523543164000046 51.501969941000027)",Unfall 172088 (2024) Kat:3, Licht: 2,172088,3,3,5,02,19,6,1,2,1,1,0,0,0,0
"POINT (7.488256741000043 51.519362802000046)",Unfall 172089 (2024) Kat:3, Licht: 0,172089,3,6,1,02,13,6,0,0,0,1,0,0,0,0
"POINT (7.517207001000031 51.510418458000061)",Unfall 172154 (2024) Kat:3, Licht: 2,172154,3,1,0,02,23,5,0,2,1,0,0,0,0,1
"POINT (7.473765087000061 51.520243893000043)",Unfall 172155 (2024) Kat:2, Licht: 0,172155,2,2,6,02,08,5,1,0,0,1,1,0,0,0
"POINT (7.442442266000057 51.469629990000044)",Unfall 172156 (2024) Kat:3, Licht: 1,172156,3,4,6,02,07,5,1,1,0,1,1,0,0,0
"POINT (7.447929136000027 51.515312384000026)",Unfall 172157 (2024) Kat:3, Licht: 0,172157,3,3,5,02,11,5,1,0,1,1,0,0,0,0
"POINT (7.484122821000028 51.462016411000036)",Unfall 172168 (2024) Kat:3, Licht: 2,172168,3,7,6,02,19,4,0,2,0,1,1,0,0,0
"POINT (7.374171372000035 51.494728978000069)",Unfall 172216 (2024) Kat:2, Licht: 1,172216,2,3,5,02,19,4,1,1,0,1,0,0,0,0
"POINT (7.491476698000042 51.469703768000045)",Unfall 172217 (2024) Kat:3, Licht: 2,172217,3,2,6,02,19,4,1,2,0,1,1,0,0,0
"POINT (7.512115133000066 51.495222717000047)",Unfall 172218 (2024) Kat:3, Licht: 0,172218,3,5,1,02,07,4,0,0,0,1,0,0,0,0
"POINT (7.505740570000057 51.489272174000064)",Unfall 172235 (2024) Kat:3, Licht: 0,172235,3,1,0,02,11,5,0,0,1,0,0,0,0,0
"POINT (7.523777767000070 51.501974576000066)",Unfall 172284 (2024) Kat:3, Licht: 1,172284,3,6,2,02,18,3,1,1,0,1,0,0,0,0
"POINT (7.497413635000044 51.510465270000054)",Unfall 172285 (2024) Kat:3, Licht: 0,172285,3,7,0,02,14,3,0,0,1,0,0,0,0,1
"POINT (7.447273269000050 51.516287769000030)",Unfall 172366 (2024) Kat:3, Licht: 0,172366,3,6,8,03,13,7,0,0,0,1,0,0,0,0
"POINT (7.514106350000077 51.494609985000068)",Unfall 172470 (2024) Kat:3, Licht: 0,172470,3,3,5,03,12,5,0,0,0,1,0,0,0,1
"POINT (7.451041280000027 51.532392730000026)",Unfall 172542 (2024) Kat:2, Licht: 0,172542,2,7,4,03,18,4,0,0,0,1,0,0,0,0
"POINT (7.456924739000044 51.523220929000047)",Unfall 172543 (2024) Kat:3, Licht: 0,172543,3,7,0,03,09,4,0,0,1,1,0,0,0,0
"POINT (7.447864062000065 51.515303256000038)",Unfall 172613 (2024) Kat:3, Licht: 2,172613,3,3,5,03,05,4,0,2,1,1,0,0,0,0
"POINT (7.482895262000056 51.513096458000064)",Unfall 172667 (2024) Kat:3, Licht: 0,172667,3,7,6,03,16,2,0,0,0,1,1,0,0,0
"POINT (7.554906918000029 51.499652175000051)",Unfall 172715 (2024) Kat:2, Licht: 2,172715,2,7,0,03,19,7,0,2,0,1,0,0,0,0
"POINT (7.514563416000044 51.487792043000070)",Unfall 172778 (2024) Kat:3, Licht: 2,172778,3,2,4,03,19,6,1,2,1,1,0,0,0,0
"POINT (7.507303915000023 51.496227519000058)",Unfall 172779 (2024) Kat:3, Licht: 0,172779,3,1,6,03,17,6,1,0,1,0,1,0,0,0
"POINT (7.473483653000073 51.502129669000055)",Unfall 172780 (2024) Kat:2, Licht: 0,172780,2,3,0,03,16,6,1,0,1,0,0,0,0,0
"POINT (7.464915438000048 51.547259133000068)",Unfall 172842 (2024) Kat:3, Licht: 0,172842,3,3,5,03,14,5,0,0,0,1,0,0,0,1
"POINT (7.451235027000052 51.518954766000036)",Unfall 172843 (2024) Kat:3, Licht: 2,172843,3,1,3,03,22,5,0,2,1,1,0,0,0,0
"POINT (7.484395053000071 51.469914224000036)",Unfall 172844 (2024) Kat:2, Licht: 0,172844,2,3,5,03,16,5,0,0,0,1,0,0,0,1
"POINT (7.494958025000074 51.481722088000026)",Unfall 172845 (2024) Kat:3, Licht: 0,172845,3,4,6,03,10,5,0,0,1,0,1,0,0,0
"POINT (7.495908797000027 51.510793037000042)",Unfall 172891 (2024) Kat:3, Licht: 0,172891,3,7,0,03,11,4,1,0,1,0,0,0,0,0
"POINT (7.508624417000021 51.512026699000046)",Unfall 172892 (2024) Kat:3, Licht: 0,172892,3,3,5,03,07,4,1,0,1,1,0,0,0,0
"POINT (7.451418886000056 51.530689365000057)",Unfall 172893 (2024) Kat:3, Licht: 0,172893,3,2,0,03,08,4,1,0,1,1,0,0,0,0
"POINT (7.487919690000069 51.509929907000071)",Unfall 172895 (2024) Kat:3, Licht: 0,172895,3,7,0,03,08,4,1,0,0,1,0,0,0,1
"POINT (7.507293780000055 51.513684296000065)",Unfall 172990 (2024) Kat:3, Licht: 0,172990,3,5,1,03,14,2,1,0,0,1,0,0,0,0
"POINT (7.481765567000025 51.501416304000031)",Unfall 172991 (2024) Kat:3, Licht: 0,172991,3,2,5,03,13,2,1,0,1,1,0,0,0,0
"POINT (7.533521174000043 51.564775333000057)",Unfall 173065 (2024) Kat:3, Licht: 0,173065,3,7,0,03,17,7,0,0,1,1,0,0,0,0
"POINT (7.478916740000045 51.556113494000044)",Unfall 173066 (2024) Kat:3, Licht: 0,173066,3,7,6,03,15,7,0,0,0,1,1,0,0,0
"POINT (7.464888459000065 51.530592979000062)",Unfall 173067 (2024) Kat:3, Licht: 0,173067,3,2,2,03,13,7,0,0,0,1,0,1,0,0
"POINT (7.539287944000023 51.557033897000053)",Unfall 173124 (2024) Kat:3, Licht: 0,173124,3,7,0,03,15,6,0,0,0,0,0,0,0,1
"POINT (7.551842578000048 51.475183871000070)",Unfall 173125 (2024) Kat:3, Licht: 0,173125,3,7,0,03,11,6,0,0,1,0,0,0,0,0
"POINT (7.496889755000041 51.465039895000075)",Unfall 173128 (2024) Kat:2, Licht: 0,173128,2,7,0,03,10,6,0,0,0,1,0,0,0,0
"POINT (7.488856455000075 51.498633946000041)",Unfall 173129 (2024) Kat:2, Licht: 0,173129,2,4,6,03,15,6,0,0,0,0,1,0,0,1
"POINT (7.557599476000064 51.585980846000041)",Unfall 173182 (2024) Kat:3, Licht: 1,173182,3,3,5,03,10,5,0,1,0,1,0,0,0,1
"POINT (7.363425460000030 51.502396715000032)",Unfall 173183 (2024) Kat:3, Licht: 0,173183,3,4,6,03,09,5,0,0,0,1,1,0,0,0
"POINT (7.566421770000034 51.496231115000057)",Unfall 173248 (2024) Kat:3, Licht: 0,173248,3,6,4,03,16,4,0,0,1,1,0,0,0,0
"POINT (7.369219137000073 51.547402675000058)",Unfall 173249 (2024) Kat:3, Licht: 0,173249,3,5,5,03,15,4,0,0,0,1,0,1,0,0
"POINT (7.373427397000057 51.560701792000032)",Unfall 173251 (2024) Kat:3, Licht: 0,173251,3,3,5,03,08,4,0,0,0,1,0,0,0,0
"POINT (7.482208917000037 51.554137603000072)",Unfall 173253 (2024) Kat:3, Licht: 0,173253,3,3,5,03,10,4,0,0,0,1,0,0,0,1
"POINT (7.467935251000029 51.538117457000055)",Unfall 173254 (2024) Kat:3, Licht: 0,173254,3,3,5,03,10,4,0,0,1,1,0,0,0,0
"POINT (7.534839016000035 51.536268077000045)",Unfall 173327 (2024) Kat:3, Licht: 0,173327,3,1,0,03,14,3,1,0,1,0,0,0,0,0
"POINT (7.370763380000028 51.508930057000043)",Unfall 173329 (2024) Kat:3, Licht: 2,173329,3,3,5,03,19,3,0,2,0,1,0,0,1,0
"POINT (7.409510049000062 51.460477624000077)",Unfall 173331 (2024) Kat:3, Licht: 0,173331,3,1,0,03,13,3,1,0,0,0,0,0,0,1
"POINT (7.497308746000044 51.493382888000042)",Unfall 173332 (2024) Kat:3, Licht: 2,173332,3,1,9,03,20,3,0,2,0,1,0,0,0,0
"POINT (7.423317759000042 51.512534832000028)",Unfall 173405 (2024) Kat:3, Licht: 0,173405,3,2,6,04,12,1,0,0,0,1,1,0,0,0
"POINT (7.525308618000054 51.527444108000054)",Unfall 173469 (2024) Kat:2, Licht: 0,173469,2,1,8,04,14,7,0,0,1,0,0,0,0,0
"POINT (7.435671813000056 51.471944353000026)",Unfall 173471 (2024) Kat:2, Licht: 0,173471,2,6,0,04,16,7,0,0,0,0,1,0,0,1
"POINT (7.487041266000062 51.489425386000050)",Unfall 173532 (2024) Kat:2, Licht: 2,173532,2,7,8,04,22,6,0,2,0,0,0,0,0,1
"POINT (7.465911454000036 51.504518752000081)",Unfall 173533 (2024) Kat:3, Licht: 0,173533,3,7,6,04,14,6,0,0,0,1,1,0,0,0
"POINT (7.405485397000064 51.540318453000054)",Unfall 173593 (2024) Kat:3, Licht: 2,173593,3,3,1,04,01,5,0,2,0,1,0,0,0,0
"POINT (7.563730102000022 51.511720243000070)",Unfall 173643 (2024) Kat:3, Licht: 2,173643,3,1,1,04,20,4,0,2,0,1,0,0,0,0
"POINT (7.473858103000055 51.523208873000044)",Unfall 173645 (2024) Kat:3, Licht: 2,173645,3,4,6,04,18,4,0,2,0,1,1,0,0,0
"POINT (7.456196855000030 51.503445556000031)",Unfall 173646 (2024) Kat:3, Licht: 2,173646,3,2,2,04,23,4,0,2,0,1,0,0,0,0
"POINT (7.425734523000074 51.522928099000069)",Unfall 173698 (2024) Kat:3, Licht: 0,173698,3,6,2,04,15,3,0,0,0,1,0,0,0,0
"POINT (7.519721186000027 51.519959883000070)",Unfall 173699 (2024) Kat:3, Licht: 0,173699,3,3,0,04,07,3,1,0,0,1,0,0,0,0
"POINT (7.377134755000043 51.563476236000042)",Unfall 173702 (2024) Kat:3, Licht: 2,173702,3,2,5,04,21,3,1,2,0,1,0,1,0,0
"POINT (7.411222783000028 51.533421169000064)",Unfall 173703 (2024) Kat:3, Licht: 0,173703,3,4,6,04,13,3,0,0,0,1,1,0,0,0
"POINT (7.470330820000072 51.511204850000070)",Unfall 173704 (2024) Kat:3, Licht: 0,173704,3,1,6,04,09,3,1,0,0,1,1,0,0,0
"POINT (7.464801568000041 51.520418153000037)",Unfall 173792 (2024) Kat:3, Licht: 0,173792,3,7,1,04,16,2,0,0,1,1,0,0,0,0
"POINT (7.466380522000065 51.522941611000078)",Unfall 173793 (2024) Kat:3, Licht: 0,173793,3,3,0,04,14,2,0,0,1,0,0,0,0,1
"POINT (7.446690525000065 51.472612426000069)",Unfall 173794 (2024) Kat:3, Licht: 0,173794,3,3,5,04,17,2,0,0,1,1,0,0,0,0
"POINT (7.544015353000020 51.459268654000027)",Unfall 173795 (2024) Kat:2, Licht: 0,173795,2,1,0,04,18,2,0,0,1,0,0,0,0,0
"POINT (7.433315133000065 51.475555903000043)",Unfall 173827 (2024) Kat:2, Licht: 0,173827,2,4,6,04,15,1,0,0,0,1,1,0,0,0
"POINT (7.460497875000044 51.533722181000030)",Unfall 173839 (2024) Kat:3, Licht: 0,173839,3,5,1,04,18,1,0,0,1,1,0,0,0,0
"POINT (7.415872894000074 51.493331296000065)",Unfall 173840 (2024) Kat:3, Licht: 2,173840,3,7,0,04,02,1,0,2,0,1,0,1,0,0
"POINT (7.416676610000025 51.524020909000058)",Unfall 173912 (2024) Kat:3, Licht: 0,173912,3,7,5,04,11,7,0,0,1,1,0,0,0,0
"POINT (7.430555259000073 51.537407752000036)",Unfall 173965 (2024) Kat:3, Licht: 0,173965,3,3,5,04,14,6,1,0,0,1,0,0,0,0
"POINT (7.460021516000040 51.505663479000077)",Unfall 173966 (2024) Kat:3, Licht: 0,173966,3,6,3,04,07,6,1,0,0,1,0,1,0,0
"POINT (7.364549533000059 51.556092416000070)",Unfall 174013 (2024) Kat:3, Licht: 0,174013,3,7,2,04,13,5,1,0,0,1,0,1,0,0
"POINT (7.477280821000022 51.512688184000069)",Unfall 174014 (2024) Kat:3, Licht: 0,174014,3,3,5,04,14,5,0,0,1,1,0,0,0,0
"POINT (7.463463465000075 51.523349615000029)",Unfall 174123 (2024) Kat:3, Licht: 2,174123,3,7,0,04,19,2,1,2,0,1,0,0,0,1
"POINT (7.466682057000071 51.535098802000050)",Unfall 174162 (2024) Kat:2, Licht: 2,174162,2,2,6,03,19,1,1,2,0,1,1,0,0,0
"POINT (7.491340198000046 51.465562793000061)",Unfall 174181 (2024) Kat:3, Licht: 0,174181,3,5,1,04,15,3,0,0,0,1,0,0,0,0
"POINT (7.463371317000053 51.522160325000073)",Unfall 174197 (2024) Kat:3, Licht: 0,174197,3,2,0,03,18,7,0,0,0,1,1,0,0,0
"POINT (7.484937334000051 51.462301574000037)",Unfall 174199 (2024) Kat:3, Licht: 0,174199,3,3,5,03,13,7,0,0,0,1,0,0,0,0
"POINT (7.518028125000058 51.525915704000056)",Unfall 174354 (2024) Kat:3, Licht: 0,174354,3,2,5,03,15,3,0,0,0,1,0,0,0,0
"POINT (7.512280062000059 51.493216091000079)",Unfall 174356 (2024) Kat:3, Licht: 0,174356,3,5,1,03,09,3,0,0,0,1,0,1,0,0
"POINT (7.617392548000055 51.534106450000081)",Unfall 174413 (2024) Kat:3, Licht: 0,174413,3,3,5,03,09,2,0,0,0,1,0,0,0,0
"POINT (7.537719511000034 51.498326129000077)",Unfall 174442 (2024) Kat:2, Licht: 0,174442,2,3,6,05,07,5,0,0,0,1,1,0,0,0
"POINT (7.452264118000073 51.525691499000061)",Unfall 174444 (2024) Kat:2, Licht: 0,174444,2,7,0,05,15,5,0,0,0,1,0,0,0,0