WKT,Name,OBJECTID,UKATEGORIE,UTYP1,UART,UMONAT,USTUNDE,UWOCHENTAG,STRZUSTAND,ULICHTVERH,ISTRAD,ISTPKW,ISTFUSS,ISTKRAD,ISTGKFZ,ISTSONSTIG
"POINT (7.505638285000032 51.496482378000053)",Unfall 185416 (2024) Kat:2, Licht: 1,185416,2,2,5,09,07,6,0,1,1,1,0,0,0,0
"POINT (7.482034223000028 51.512459850000027)",Unfall 185418 (2024) Kat:3, Licht: 0,185418,3,7,1,09,18,6,0,0,0,1,0,0,0,0
"POINT (7.374045177000028 51.496135781000078)",Unfall 185502 (2024) Kat:3, Licht: 0,185502,3,7,2,09,12,5,0,0,0,1,0,0,0,0
"POINT (7.487689572000022 51.554978671000072)",Unfall 185503 (2024) Kat:3, Licht: 0,185503,3,1,0,09,16,5,0,0,0,0,0,1,0,0
"POINT (7.438265219000073 51.512194544000067)",Unfall 185578 (2024) Kat:3, Licht: 0,185578,3,5,1,09,14,4,0,0,0,1,0,0,0,0
"POINT (7.477339784000037 51.504766401000040)",Unfall 185579 (2024) Kat:3, Licht: 0,185579,3,7,1,09,14,4,0,0,0,1,0,1,0,0
"POINT (7.466553493000049 51.529204358000072)",Unfall 185648 (2024) Kat:3, Licht: 0,185648,3,3,5,09,13,3,0,0,0,1,0,0,1,0
"POINT (7.498702288000061 51.481715855000061)",Unfall 185649 (2024) Kat:3, Licht: 0,185649,3,4,6,09,10,3,0,0,0,1,1,0,0,0
"POINT (7.444508810000059 51.504302912000071)",Unfall 185715 (2024) Kat:3, Licht: 2,185715,3,7,0,09,05,2,0,2,0,1,0,0,0,0
"POINT (7.551387428000055 51.539503029000059)",Unfall 185762 (2024) Kat:3, Licht: 0,185762,3,7,0,09,13,1,0,0,0,1,0,1,0,0
"POINT (7.501124384000036 51.491677598000081)",Unfall 185781 (2024) Kat:2, Licht: 0,185781,2,7,6,09,14,7,0,0,0,1,1,0,0,1
"POINT (7.551493446000052 51.500233236000042)",Unfall 185806 (2024) Kat:3, Licht: 2,185806,3,6,2,10,21,5,0,2,0,1,0,1,0,0
"POINT (7.383020322000050 51.567497763000063)",Unfall 185807 (2024) Kat:3, Licht: 0,185807,3,7,0,10,09,5,0,0,0,1,0,0,0,1
"POINT (7.474539975000027 51.520563067000069)",Unfall 185808 (2024) Kat:3, Licht: 0,185808,3,1,0,10,09,5,1,0,1,0,0,0,0,0
"POINT (7.473554603000025 51.574386303000040)",Unfall 185889 (2024) Kat:3, Licht: 0,185889,3,6,8,10,17,3,0,0,1,1,0,0,0,0
"POINT (7.497665646000030 51.507519117000072)",Unfall 185890 (2024) Kat:3, Licht: 0,185890,3,7,0,10,11,3,1,0,0,0,0,0,0,1
"POINT (7.474847794000027 51.543830032000074)",Unfall 185959 (2024) Kat:3, Licht: 2,185959,3,5,1,10,02,1,1,2,0,1,0,0,0,1
"POINT (7.464513520000025 51.519965980000052)",Unfall 186011 (2024) Kat:3, Licht: 2,186011,3,1,0,10,22,7,0,2,1,0,1,0,0,0
"POINT (7.453544191000049 51.518937962000052)",Unfall 186012 (2024) Kat:3, Licht: 0,186012,3,1,0,10,17,7,0,0,0,0,0,1,0,0
"POINT (7.466696430000070 51.517340316000059)",Unfall 186013 (2024) Kat:3, Licht: 2,186013,3,7,6,10,03,7,0,2,0,1,1,0,0,0
"POINT (7.383396431000051 51.569751991000032)",Unfall 186083 (2024) Kat:3, Licht: 0,186083,3,2,4,10,10,6,0,0,0,1,0,0,0,0
"POINT (7.440591978000043 51.530574910000041)",Unfall 186084 (2024) Kat:3, Licht: 0,186084,3,3,0,10,14,6,0,0,1,1,0,0,0,0
"POINT (7.474786851000033 51.557242718000055)",Unfall 186139 (2024) Kat:3, Licht: 0,186139,3,1,7,10,08,5,1,0,1,0,0,0,0,0
"POINT (7.451443952000034 51.530294163000065)",Unfall 186140 (2024) Kat:3, Licht: 1,186140,3,3,3,10,18,5,0,1,1,0,0,0,0,1
"POINT (7.449123173000032 51.515401526000062)",Unfall 186141 (2024) Kat:3, Licht: 0,186141,3,3,5,10,14,5,1,0,0,1,0,1,0,0
"POINT (7.453460661000065 51.519381932000044)",Unfall 186208 (2024) Kat:3, Licht: 2,186208,3,3,5,10,21,4,1,2,0,1,0,0,0,0
"POINT (7.487537711000073 51.504780958000026)",Unfall 186209 (2024) Kat:3, Licht: 1,186209,3,6,2,10,18,4,1,1,0,1,0,1,0,0
"POINT (7.381734744000028 51.529757431000064)",Unfall 186303 (2024) Kat:2, Licht: 0,186303,2,7,6,10,11,3,0,0,0,1,1,0,0,0
"POINT (7.452560966000021 51.524535572000048)",Unfall 186389 (2024) Kat:3, Licht: 0,186389,3,3,5,10,18,2,0,0,0,1,0,1,0,0
"POINT (7.451423501000022 51.512853910000047)",Unfall 186390 (2024) Kat:3, Licht: 0,186390,3,6,0,10,07,2,0,0,1,0,0,0,0,0
"POINT (7.452831986000035 51.514149975000066)",Unfall 186391 (2024) Kat:3, Licht: 0,186391,3,7,6,10,08,2,0,0,0,1,1,0,0,0
"POINT (7.512104120000060 51.501676015000044)",Unfall 186393 (2024) Kat:3, Licht: 0,186393,3,7,5,10,12,5,1,0,0,1,0,0,0,0
"POINT (7.487268304000054 51.526829468000074)",Unfall 186427 (2024) Kat:3, Licht: 2,186427,3,4,6,10,19,1,0,2,0,1,1,0,0,0
"POINT (7.351316293000025 51.485588992000032)",Unfall 186487 (2024) Kat:3, Licht: 2,186487,3,7,8,10,00,7,0,2,0,1,0,0,0,0
"POINT (7.463131162000025 51.527530255000045)",Unfall 186488 (2024) Kat:3, Licht: 2,186488,3,1,0,10,21,7,0,2,0,0,0,1,0,0
"POINT (7.452126783000040 51.526465331000054)",Unfall 186489 (2024) Kat:3, Licht: 0,186489,3,2,6,10,14,7,0,0,0,1,1,0,0,0
"POINT (7.510462002000054 51.495651934000080)",Unfall 186490 (2024) Kat:3, Licht: 0,186490,3,3,5,10,14,7,0,0,0,1,0,1,0,0
"POINT (7.433315528000037 51.475374535000071)",Unfall 186540 (2024) Kat:3, Licht: 1,186540,3,2,6,10,07,6,0,1,0,1,1,0,0,0
"POINT (7.507071786000040 51.515169982000032)",Unfall 186623 (2024) Kat:3, Licht: 0,186623,3,2,6,10,07,4,1,0,0,1,1,0,0,0
"POINT (7.423561815000028 51.513090003000059)",Unfall 186625 (2024) Kat:3, Licht: 1,186625,3,1,0,10,19,4,1,1,0,0,0,1,0,0
"POINT (7.433575903000076 51.484708882000064)",Unfall 186627 (2024) Kat:3, Licht: 0,186627,3,7,0,10,07,4,1,0,1,0,0,0,0,0
"POINT (7.477281386000072 51.512670742000068)",Unfall 186628 (2024) Kat:3, Licht: 0,186628,3,3,5,10,16,4,1,0,1,1,0,0,0,0
"POINT (7.450953117000040 51.532380335000028)",Unfall 186675 (2024) Kat:3, Licht: 0,186675,3,6,4,10,13,1,0,0,0,1,0,1,0,0
"POINT (7.531211693000046 51.545338735000030)",Unfall 186706 (2024) Kat:3, Licht: 0,186706,3,3,5,10,07,3,1,0,1,1,0,0,0,0
"POINT (7.456851235000045 51.550477827000066)",Unfall 186709 (2024) Kat:3, Licht: 0,186709,3,3,5,10,13,3,1,0,0,0,0,0,0,1
"POINT (7.551494664000074 51.525856589000057)",Unfall 186797 (2024) Kat:3, Licht: 0,186797,3,3,5,09,08,2,0,0,1,1,0,0,0,0
"POINT (7.466878927000039 51.535831526000038)",Unfall 186855 (2024) Kat:3, Licht: 0,186855,3,6,2,11,17,3,0,0,0,1,0,1,0,0
"POINT (7.437779786000021 51.475544629000069)",Unfall 186856 (2024) Kat:3, Licht: 0,186856,3,4,6,11,15,3,0,0,0,0,1,0,0,1
"POINT (7.482201909000025 51.487565415000063)",Unfall 186857 (2024) Kat:3, Licht: 0,186857,3,3,5,11,12,3,0,0,0,1,0,0,0,0
"POINT (7.514302633000057 51.494621298000027)",Unfall 186926 (2024) Kat:3, Licht: 0,186926,3,1,6,11,15,2,0,0,0,0,1,0,0,1
"POINT (7.409808527000052 51.463293141000065)",Unfall 186959 (2024) Kat:1, Licht: 2,186959,1,1,9,11,03,1,0,2,0,1,0,0,0,0
"POINT (7.396876153000051 51.554879592000077)",Unfall 186960 (2024) Kat:3, Licht: 0,186960,3,3,5,11,14,1,0,0,0,1,0,1,0,0
"POINT (7.449102929000048 51.522732148000046)",Unfall 186961 (2024) Kat:3, Licht: 0,186961,3,5,1,11,14,1,0,0,1,1,0,0,0,0
"POINT (7.368785824000042 51.490019652000058)",Unfall 187003 (2024) Kat:3, Licht: 0,187003,3,6,2,11,15,7,0,0,0,1,0,0,0,0
"POINT (7.457578212000044 51.521810041000037)",Unfall 187005 (2024) Kat:3, Licht: 2,187005,3,7,6,11,21,7,1,2,0,1,1,0,0,0
"POINT (7.442696015000024 51.471506345000080)",Unfall 187006 (2024) Kat:3, Licht: 0,187006,3,6,2,11,13,7,0,0,1,1,0,0,0,0
"POINT (7.549949562000052 51.482923606000043)",Unfall 187025 (2024) Kat:3, Licht: 0,187025,3,3,5,11,11,6,0,0,0,1,0,0,0,0
"POINT (7.477225815000054 51.501915124000050)",Unfall 187026 (2024) Kat:3, Licht: 0,187026,3,2,0,11,15,6,1,0,0,1,0,0,0,0
"POINT (7.360760078000055 51.500071995000042)",Unfall 187084 (2024) Kat:3, Licht: 2,187084,3,7,0,10,23,5,0,2,0,1,1,0,0,0
"POINT (7.460714217000032 51.446097636000047)",Unfall 187143 (2024) Kat:3, Licht: 1,187143,3,3,0,10,07,4,1,1,0,1,0,1,0,0
"POINT (7.508608242000037 51.512059611000041)",Unfall 187235 (2024) Kat:3, Licht: 0,187235,3,3,5,10,16,3,1,0,1,1,0,0,0,0
"POINT (7.456849734000059 51.550534675000051)",Unfall 187236 (2024) Kat:3, Licht: 2,187236,3,2,6,10,18,3,1,2,0,1,1,0,0,0
"POINT (7.460779586000058 51.549190841000041)",Unfall 187366 (2024) Kat:3, Licht: 0,187366,3,3,5,10,15,7,0,0,0,1,0,0,0,0
"POINT (7.464168282000060 51.514283858000056)",Unfall 187367 (2024) Kat:3, Licht: 0,187367,3,1,6,10,16,7,0,0,1,0,1,0,0,0
"POINT (7.474152347000029 51.543837514000074)",Unfall 187434 (2024) Kat:2, Licht: 0,187434,2,6,4,10,16,6,0,0,0,1,0,0,0,0
"POINT (7.467390323000075 51.520782440000062)",Unfall 187435 (2024) Kat:3, Licht: 2,187435,3,2,5,10,18,6,0,2,0,1,0,0,0,1
"POINT (7.480941737000023 51.504539976000046)",Unfall 187436 (2024) Kat:3, Licht: 0,187436,3,3,5,10,09,6,0,0,1,1,0,0,0,0
"POINT (7.515211299000043 51.525294457000030)",Unfall 187471 (2024) Kat:3, Licht: 2,187471,3,7,1,11,19,1,0,2,0,1,0,0,0,0
"POINT (7.456866299000069 51.549274159000049)",Unfall 187482 (2024) Kat:3, Licht: 2,187482,3,6,2,10,19,5,0,2,0,1,0,0,0,1
"POINT (7.556586896000056 51.490791176000073)",Unfall 187549 (2024) Kat:3, Licht: 0,187549,3,3,5,10,16,4,0,0,1,1,0,0,0,0
"POINT (7.531136301000060 51.494041950000053)",Unfall 187603 (2024) Kat:3, Licht: 1,187603,3,4,6,10,07,3,0,1,0,1,1,0,0,0
"POINT (7.518100852000032 51.525930112000026)",Unfall 187604 (2024) Kat:3, Licht: 2,187604,3,3,5,10,20,3,0,2,0,0,0,1,1,0
"POINT (7.401403087000062 51.526677842000026)",Unfall 187606 (2024) Kat:3, Licht: 0,187606,3,5,1,10,15,3,0,0,0,1,0,0,0,1
"POINT (7.514456629000051 51.503045982000060)",Unfall 187805 (2024) Kat:3, Licht: 2,187805,3,4,6,10,23,6,0,2,0,1,1,0,0,0
"POINT (7.475711399000033 51.506995376000077)",Unfall 187806 (2024) Kat:3, Licht: 0,187806,3,3,5,10,11,6,0,0,0,1,0,0,0,0
"POINT (7.391519863000042 51.570860089000064)",Unfall 187956 (2024) Kat:3, Licht: 2,187956,3,6,2,11,06,6,2,2,0,1,0,0,0,0
"POINT (7.465991861000020 51.549549530000036)",Unfall 188018 (2024) Kat:3, Licht: 2,188018,3,7,0,11,17,5,0,2,0,0,0,0,0,1
"POINT (7.474469524000028 51.554890064000062)",Unfall 188019 (2024) Kat:3, Licht: 2,188019,3,2,6,11,06,5,0,2,0,1,1,0,0,0
"POINT (7.459053150000045 51.519033123000042)",Unfall 188020 (2024) Kat:3, Licht: 0,188020,3,4,6,11,14,5,0,0,0,1,1,0,0,0
"POINT (7.538885863000075 51.496979741000075)",Unfall 188072 (2024) Kat:3, Licht: 2,188072,3,3,5,11,17,4,1,2,1,1,0,0,0,0
"POINT (7.446475037000027 51.516987190000066)",Unfall 188142 (2024) Kat:3, Licht: 1,188142,3,3,5,11,15,3,1,1,0,1,0,0,0,0
"POINT (7.457986630000050 51.519924516000060)",Unfall 188143 (2024) Kat:3, Licht: 2,188143,3,2,6,11,06,3,1,2,0,0,1,0,0,1
"POINT (7.494892948000029 51.461243995000075)",Unfall 188144 (2024) Kat:3, Licht: 2,188144,3,3,5,11,19,3,1,2,0,1,0,0,0,0
"POINT (7.500020984000059 51.505412580000041)",Unfall 188207 (2024) Kat:3, Licht: 0,188207,3,2,0,11,08,2,0,0,1,1,0,0,0,0
"POINT (7.411032152000075 51.533600519000061)",Unfall 188208 (2024) Kat:3, Licht: 0,188208,3,6,2,11,07,2,1,0,1,1,0,0,0,0
"POINT (7.465018802000031 51.514882052000075)",Unfall 188233 (2024) Kat:2, Licht: 2,188233,2,1,6,11,01,1,1,2,0,0,1,0,0,1
"POINT (7.386367815000028 51.526450701000044)",Unfall 188263 (2024) Kat:3, Licht: 2,188263,3,4,6,11,17,7,0,2,0,1,1,0,0,0
"POINT (7.613779294000039 51.537994331000050)",Unfall 188317 (2024) Kat:3, Licht: 1,188317,3,1,0,11,07,6,1,1,1,0,0,0,0,0
"POINT (7.468566803000044 51.539629258000048)",Unfall 188318 (2024) Kat:2, Licht: 0,188318,2,7,0,11,19,6,0,0,1,1,0,0,0,0
"POINT (7.460171482000021 51.550616126000079)",Unfall 188395 (2024) Kat:3, Licht: 0,188395,3,5,0,11,16,5,1,0,0,1,0,1,0,0
"POINT (7.443435692000037 51.521901179000054)",Unfall 188396 (2024) Kat:3, Licht: 2,188396,3,6,2,11,17,5,0,2,0,1,0,0,0,1
"POINT (7.464271283000073 51.504911338000056)",Unfall 188405 (2024) Kat:3, Licht: 2,188405,3,2,6,11,16,6,1,2,0,1,1,0,0,0
"POINT (7.416001773000062 51.518416769000055)",Unfall 188455 (2024) Kat:3, Licht: 0,188455,3,7,0,11,13,4,1,0,0,0,0,0,0,1
"POINT (7.474638352000056 51.554931129000067)",Unfall 188456 (2024) Kat:3, Licht: 2,188456,3,3,5,11,18,4,1,2,0,1,0,0,0,1
"POINT (7.448210400000050 51.507393660000048)",Unfall 188457 (2024) Kat:3, Licht: 0,188457,3,4,6,11,14,4,1,0,0,1,1,0,0,0
"POINT (7.404921276000039 51.462081525000031)",Unfall 188521 (2024) Kat:3, Licht: 0,188521,3,1,0,11,08,3,1,0,0,0,0,1,0,0
"POINT (7.447294306000060 51.553554445000032)",Unfall 188596 (2024) Kat:3, Licht: 0,188596,3,1,0,11,13,2,1,0,0,0,0,1,0,0
"POINT (7.497609828000066 51.533642156000042)",Unfall 188597 (2024) Kat:3, Licht: 0,188597,3,6,2,11,15,2,1,0,0,1,0,0,0,0
"POINT (7.456955399000037 51.536970190000034)",Unfall 188598 (2024) Kat:3, Licht: 0,188598,3,1,2,11,14,2,0,0,0,1,0,0,0,0
"POINT (7.421171022000067 51.512850856000057)",Unfall 188599 (2024) Kat:2, Licht: 0,188599,2,7,0,11,15,2,1,0,1,0,0,0,0,0
"POINT (7.456213648000073 51.503418926000052)",Unfall 188600 (2024) Kat:3, Licht: 2,188600,3,2,6,11,19,2,1,2,0,1,1,0,0,0
"POINT (7.486215322000021 51.512683274000040)",Unfall 188601 (2024) Kat:3, Licht: 1,188601,3,3,3,11,07,2,1,1,1,1,0,0,0,0
"POINT (7.482025970000052 51.510390295000036)",Unfall 188675 (2024) Kat:3, Licht: 0,188675,3,3,5,11,13,7,0,0,1,1,0,0,0,0
"POINT (7.450385379000068 51.502425610000046)",Unfall 188785 (2024) Kat:2, Licht: 0,188785,2,5,0,11,10,5,1,0,1,1,0,0,0,0
"POINT (7.517244582000046 51.526773854000055)",Unfall 188912 (2024) Kat:3, Licht: 2,188912,3,3,5,12,21,7,1,2,0,1,0,0,0,0
"POINT (7.469927979000033 51.552463353000064)",Unfall 188913 (2024) Kat:2, Licht: 2,188913,2,5,8,12,00,7,0,2,0,1,0,0,0,0
"POINT (7.458949888000063 51.514125818000082)",Unfall 188957 (2024) Kat:3, Licht: 2,188957,3,3,0,12,06,6,0,2,1,0,0,0,0,1
"POINT (7.543654462000063 51.557445359000042)",Unfall 189002 (2024) Kat:3, Licht: 2,189002,3,7,6,12,16,5,0,2,0,1,1,0,0,0
"POINT (7.528268818000072 51.545705025000075)",Unfall 189003 (2024) Kat:3, Licht: 0,189003,3,7,0,12,10,5,0,0,0,1,0,0,1,1
"POINT (7.453540117000045 51.545738218000054)",Unfall 189050 (2024) Kat:3, Licht: 0,189050,3,2,2,12,15,4,0,0,0,1,0,0,0,0
"POINT (7.392989026000066 51.459641827000041)",Unfall 189097 (2024) Kat:3, Licht: 2,189097,3,6,2,12,16,3,0,2,0,1,0,0,0,0
"POINT (7.547843333000060 51.554906759000062)",Unfall 189098 (2024) Kat:3, Licht: 1,189098,3,4,6,12,07,3,0,1,0,1,1,0,0,0
"POINT (7.511390384000038 51.512020363000033)",Unfall 189099 (2024) Kat:3, Licht: 0,189099,3,1,0,12,07,3,1,0,1,0,0,0,0,0
"POINT (7.488597318000075 51.527545357000065)",Unfall 189100 (2024) Kat:3, Licht: 1,189100,3,5,1,12,15,3,0,1,1,1,0,0,0,0
"POINT (7.499186818000055 51.491248717000076)",Unfall 189101 (2024) Kat:3, Licht: 2,189101,3,7,0,12,19,3,0,2,1,0,0,0,0,0
"POINT (7.458073298000045 51.504231715000060)",Unfall 189102 (2024) Kat:3, Licht: 0,189102,3,2,5,12,09,3,1,0,0,1,0,0,0,0
"POINT (7.518820518000041 51.525032222000050)",Unfall 189171 (2024) Kat:3, Licht: 2,189171,3,7,0,12,07,2,1,2,0,1,0,0,0,1
"POINT (7.452265338000075 51.525684650000073)",Unfall 189172 (2024) Kat:3, Licht: 2,189172,3,2,5,12,20,2,1,2,0,1,0,0,0,0
"POINT (7.474853034000034 51.556087558000058)",Unfall 189190 (2024) Kat:2, Licht: 2,189190,2,6,6,12,22,1,1,2,0,1,1,0,0,0
"POINT (7.377842501000032 51.504531560000032)",Unfall 189192 (2024) Kat:3, Licht: 2,189192,3,1,8,12,17,1,0,2,0,1,0,0,0,0
"POINT (7.479312581000045 51.556108674000029)",Unfall 189265 (2024) Kat:3, Licht: 0,189265,3,3,5,12,12,6,0,0,0,1,0,0,0,0
"POINT (7.523756310000067 51.511049388000060)",Unfall 189345 (2024) Kat:3, Licht: 1,189345,3,3,5,12,06,5,0,1,0,1,0,0,0,0
"POINT (7.465751806000071 51.549517671000046)",Unfall 189347 (2024) Kat:3, Licht: 0,189347,3,3,5,12,11,5,0,0,0,1,0,1,0,0
"POINT (7.585985724000068 51.533529963000035)",Unfall 189382 (2024) Kat:3, Licht: 0,189382,3,2,5,12,11,6,1,0,1,0,0,0,0,1
"POINT (7.460961309000027 51.515061811000066)",Unfall 189405 (2024) Kat:3, Licht: 2,189405,3,7,6,12,18,4,0,2,0,1,1,0,0,0
"POINT (7.492869043000042 51.503162523000071)",Unfall 189406 (2024) Kat:3, Licht: 0,189406,3,2,2,12,16,4,0,0,0,1,0,0,0,0
"POINT (7.489390344000071 51.507632528000045)",Unfall 189474 (2024) Kat:3, Licht: 0,189474,3,6,2,12,11,3,0,0,0,1,0,0,0,0
"POINT (7.565375160000031 51.526410419000058)",Unfall 189538 (2024) Kat:3, Licht: 1,189538,3,2,6,12,17,2,0,1,0,0,1,0,0,1
"POINT (7.404936853000038 51.462086467000063)",Unfall 189567 (2024) Kat:3, Licht: 0,189567,3,6,2,12,13,1,0,0,0,1,0,0,0,0
"POINT (7.407803845000046 51.507294301000059)",Unfall 189568 (2024) Kat:2, Licht: 0,189568,2,7,0,12,00,1,0,0,0,1,0,0,0,0
"POINT (7.536083555000062 51.506195515000059)",Unfall 189616 (2024) Kat:3, Licht: 2,189616,3,2,4,11,21,7,0,2,0,1,0,0,0,0
"POINT (7.379394387000048 51.531529904000081)",Unfall 189617 (2024) Kat:3, Licht: 0,189617,3,3,5,11,19,7,0,0,0,1,0,0,0,0
"POINT (7.508918610000023 51.511442201000079)",Unfall 189827 (2024) Kat:3, Licht: 2,189827,3,1,4,11,17,4,1,2,0,1,0,0,0,0
"POINT (7.335906816000033 51.500166573000058)",Unfall 189828 (2024) Kat:3, Licht: 0,189828,3,4,6,11,09,4,1,0,0,1,1,0,0,0
"POINT (7.499179573000049 51.507555466000042)",Unfall 189840 (2024) Kat:3, Licht: 2,189840,3,2,6,11,06,4,1,2,0,1,1,0,0,0
"POINT (7.515228346000072 51.493232730000045)",Unfall 189902 (2024) Kat:3, Licht: 2,189902,3,6,3,11,16,3,0,2,1,1,0,0,0,0
"POINT (7.449325451000050 51.505214097000078)",Unfall 189904 (2024) Kat:2, Licht: 0,189904,2,3,5,11,13,3,0,0,1,0,0,0,1,0
"POINT (7.380445420000058 51.506488653000076)",Unfall 189961 (2024) Kat:3, Licht: 1,189961,3,6,3,11,15,2,1,1,1,1,0,0,0,0
"POINT (7.552250526000023 51.493824208000035)",Unfall 190329 (2024) Kat:3, Licht: 0,190329,3,5,1,12,10,2,0,0,0,1,0,0,0,0
"POINT (7.497196627000051 51.495481105000067)",Unfall 190391 (2024) Kat:3, Licht: 0,190391,3,3,5,12,14,7,0,0,1,1,0,0,0,0
"POINT (7.542248078000057 51.551525817000027)",Unfall 190430 (2024) Kat:2, Licht: 0,190430,2,7,0,12,16,6,0,0,0,0,0,0,0,1
"POINT (7.564919562000057 51.483475300000066)",Unfall 190431 (2024) Kat:3, Licht: 0,190431,3,2,0,12,13,6,0,0,1,1,0,0,0,0
"POINT (7.467396750000034 51.511786010000037)",Unfall 190453 (2024) Kat:3, Licht: 0,190453,3,7,0,12,13,5,0,0,0,1,1,0,0,0
"POINT (7.454514273000029 51.525915510000061)",Unfall 190492 (2024) Kat:3, Licht: 0,190492,3,3,5,12,15,3,0,0,1,1,0,0,0,0
"POINT (7.525769328000024 51.463402208000048)",Unfall 190526 (2024) Kat:3, Licht: 0,190526,3,4,6,12,13,2,0,0,0,1,1,0,0,0
"POINT (7.511024007000060 51.475168136000036)",Unfall 190528 (2024) Kat:3, Licht: 2,190528,3,1,6,12,07,2,1,2,0,1,1,0,0,0
"POINT (7.477215751000074 51.512670314000047)",Unfall 190604 (2024) Kat:3, Licht: 0,190604,3,3,5,12,10,7,1,0,1,1,0,0,0,0
"POINT (7.518940912000062 51.573627172000045)",Unfall 190669 (2024) Kat:3, Licht: 2,190669,3,7,0,12,18,6,0,2,0,0,0,0,0,1
"POINT (7.433552034000058 51.532751690000055)",Unfall 190670 (2024) Kat:3, Licht: 0,190670,3,2,4,12,13,6,0,0,0,1,0,0,0,1
"POINT (7.453518067000061 51.519342664000078)",Unfall 190750 (2024) Kat:3, Licht: 0,190750,3,2,4,12,08,5,1,0,1,1,0,0,0,0
"POINT (7.458943276000070 51.511006653000038)",Unfall 190751 (2024) Kat:3, Licht: 2,190751,3,2,6,12,17,5,1,2,0,1,1,0,0,0
"POINT (7.501330164000024 51.529901761000076)",Unfall 190752 (2024) Kat:3, Licht: 2,190752,3,4,6,12,06,5,0,2,0,1,1,0,0,0
"POINT (7.366524484000024 51.581545117000076)",Unfall 190805 (2024) Kat:2, Licht: 0,190805,2,6,2,12,15,4,0,0,0,1,0,0,1,0
"POINT (7.562047004000021 51.582129858000030)",Unfall 190806 (2024) Kat:3, Licht: 0,190806,3,7,6,12,13,4,0,0,0,1,1,0,0,0
"POINT (7.487207840000053 51.489074386000027)",Unfall 190861 (2024) Kat:3, Licht: 2,190861,3,7,0,12,17,3,0,2,1,1,0,0,0,0
"POINT (7.466650302000062 51.512920758000064)",Unfall 190862 (2024) Kat:3, Licht: 0,190862,3,5,1,12,13,3,0,0,1,1,0,0,0,0
"POINT (7.524214602000029 51.576935727000034)",Unfall 190946 (2024) Kat:3, Licht: 1,190946,3,5,0,12,07,2,1,1,0,1,0,0,0,0
"POINT (7.319474978000073 51.511787015000039)",Unfall 190948 (2024) Kat:3, Licht: 2,190948,3,1,0,12,06,2,1,2,0,0,0,1,0,0
"POINT (7.463463231000048 51.480548488000068)",Unfall 262936 (2024) Kat:2, Licht: 0,262936,2,1,0,01,08,6,1,0,1,0,0,0,0,0
"POINT (7.467643067000040 51.476291797000044)",Unfall 262949 (2024) Kat:2, Licht: 0,262949,2,7,0,02,15,2,0,0,1,0,1,0,0,0
"POINT (7.584079405000068 51.528108411000062)",Unfall 263129 (2024) Kat:3, Licht: 0,263129,3,7,4,04,14,7,0,0,1,1,0,0,0,0
"POINT (7.431081782000035 51.497549676000062)",Unfall 263224 (2024) Kat:3, Licht: 0,263224,3,7,0,05,12,6,0,0,1,0,0,0,0,0
"POINT (7.365608124000062 51.581143762000067)",Unfall 263381 (2024) Kat:2, Licht: 0,263381,2,7,0,06,12,5,0,0,1,0,0,0,0,0
"POINT (7.617111644000033 51.530951090000030)",Unfall 263403 (2024) Kat:3, Licht: 0,263403,3,5,5,06,16,4,0,0,1,1,0,0,0,0
"POINT (7.498553458000060 51.419960340000046)",Unfall 263437 (2024) Kat:3, Licht: 0,263437,3,3,4,06,06,2,0,0,1,0,0,0,0,0
"POINT (7.571319760000051 51.518849262000060)",Unfall 263438 (2024) Kat:3, Licht: 0,263438,3,7,0,06,15,2,0,0,1,0,0,0,0,0
"POINT (7.489963243000034 51.516329414000040)",Unfall 263443 (2024) Kat:3, Licht: 0,263443,3,2,5,06,17,3,0,0,1,0,0,0,0,1
"POINT (7.597286016000055 51.562265162000074)",Unfall 263486 (2024) Kat:3, Licht: 0,263486,3,7,0,07,13,2,1,0,1,0,0,0,0,1
"POINT (7.369897515000048 51.556416884000043)",Unfall 263524 (2024) Kat:3, Licht: 0,263524,3,1,0,07,11,3,0,0,1,0,0,0,0,0
"POINT (7.433890294000037 51.473014908000039)",Unfall 263586 (2024) Kat:3, Licht: 0,263586,3,1,0,07,13,6,0,0,1,0,0,0,0,0
"POINT (7.446801567000023 51.467117214000041)",Unfall 263775 (2024) Kat:3, Licht: 0,263775,3,7,0,08,16,2,0,0,1,0,0,0,0,0
"POINT (7.418383646000052 51.469880766000074)",Unfall 263844 (2024) Kat:3, Licht: 0,263844,3,7,6,08,12,7,0,0,1,0,1,0,0,0
"POINT (7.406039912000040 51.462136611000062)",Unfall 264033 (2024) Kat:3, Licht: 0,264033,3,7,0,10,14,1,0,0,1,0,0,0,0,1
"POINT (7.490860020000071 51.491432420000081)",Unfall 264117 (2024) Kat:3, Licht: 2,264117,3,1,0,11,06,2,0,2,1,0,0,0,0,0
"POINT (7.487907028000052 51.490033427000071)",Unfall 264143 (2024) Kat:3, Licht: 0,264143,3,7,0,12,13,6,0,0,1,0,0,0,0,1